Product_ID,Product_Name,Category,Store_ID,Store_Name,Region,Current_Price,Competitor_Price,Unit_Cost,Price_Adjustment_Percent,Candidate_Price,Predicted_Demand,Expected_Revenue,Expected_Profit,Price_Change_Percent,Competitor_Gap_Percent,Guardrail_Status,Is_Feasible
PROD_01,Wireless Noise-Canceling Headphones,Electronics,STORE_01,Delhi Flagship Metro,North,2999.0,3257.52,1753.43,-15,2549.15,80.36,204850.1,63944.18,-15.0,-21.75,VIOLATED: Exceeds max price decrease limit (-10.0%),False
PROD_01,Wireless Noise-Canceling Headphones,Electronics,STORE_01,Delhi Flagship Metro,North,2999.0,3257.52,1753.43,-14,2579.14,80.36,207260.11,66354.19,-14.0,-20.83,VIOLATED: Exceeds max price decrease limit (-10.0%),False
PROD_01,Wireless Noise-Canceling Headphones,Electronics,STORE_01,Delhi Flagship Metro,North,2999.0,3257.52,1753.43,-13,2609.13,81.09,211580.35,69390.68,-13.0,-19.9,VIOLATED: Exceeds max price decrease limit (-10.0%),False
PROD_01,Wireless Noise-Canceling Headphones,Electronics,STORE_01,Delhi Flagship Metro,North,2999.0,3257.52,1753.43,-12,2639.12,81.09,214012.31,71822.64,-12.0,-18.98,VIOLATED: Exceeds max price decrease limit (-10.0%),False
PROD_01,Wireless Noise-Canceling Headphones,Electronics,STORE_01,Delhi Flagship Metro,North,2999.0,3257.52,1753.43,-11,2669.11,80.6,215124.32,73801.77,-11.0,-18.06,VIOLATED: Exceeds max price decrease limit (-10.0%),False
PROD_01,Wireless Noise-Canceling Headphones,Electronics,STORE_01,Delhi Flagship Metro,North,2999.0,3257.52,1753.43,-10,2699.1,80.36,216907.98,75996.95,-10.0,-17.14,VIOLATED: Exceeds max price decrease limit (-10.0%),False
PROD_01,Wireless Noise-Canceling Headphones,Electronics,STORE_01,Delhi Flagship Metro,North,2999.0,3257.52,1753.43,-9,2729.09,80.36,219318.07,78407.04,-9.0,-16.22,PASSED,True
PROD_01,Wireless Noise-Canceling Headphones,Electronics,STORE_01,Delhi Flagship Metro,North,2999.0,3257.52,1753.43,-8,2759.08,78.95,217815.61,79391.05,-8.0,-15.3,PASSED,True
PROD_01,Wireless Noise-Canceling Headphones,Electronics,STORE_01,Delhi Flagship Metro,North,2999.0,3257.52,1753.43,-7,2789.07,78.95,220183.17,81758.61,-7.0,-14.38,PASSED,True
PROD_01,Wireless Noise-Canceling Headphones,Electronics,STORE_01,Delhi Flagship Metro,North,2999.0,3257.52,1753.43,-6,2819.06,78.55,221434.59,83704.26,-6.0,-13.46,PASSED,True
PROD_01,Wireless Noise-Canceling Headphones,Electronics,STORE_01,Delhi Flagship Metro,North,2999.0,3257.52,1753.43,-5,2849.05,78.55,223790.28,86059.95,-5.0,-12.54,PASSED,True
PROD_01,Wireless Noise-Canceling Headphones,Electronics,STORE_01,Delhi Flagship Metro,North,2999.0,3257.52,1753.43,-4,2879.04,78.74,226681.28,88624.93,-4.0,-11.62,PASSED,True
PROD_01,Wireless Noise-Canceling Headphones,Electronics,STORE_01,Delhi Flagship Metro,North,2999.0,3257.52,1753.43,-3,2909.03,78.74,229042.55,90986.2,-3.0,-10.7,PASSED,True
PROD_01,Wireless Noise-Canceling Headphones,Electronics,STORE_01,Delhi Flagship Metro,North,2999.0,3257.52,1753.43,-2,2939.02,77.27,227102.53,91612.34,-2.0,-9.78,PASSED,True
PROD_01,Wireless Noise-Canceling Headphones,Electronics,STORE_01,Delhi Flagship Metro,North,2999.0,3257.52,1753.43,-1,2969.01,76.98,228554.97,93575.59,-1.0,-8.86,PASSED,True
PROD_01,Wireless Noise-Canceling Headphones,Electronics,STORE_01,Delhi Flagship Metro,North,2999.0,3257.52,1753.43,0,2999.0,76.98,230863.6,95884.22,0.0,-7.94,PASSED,True
PROD_01,Wireless Noise-Canceling Headphones,Electronics,STORE_01,Delhi Flagship Metro,North,2999.0,3257.52,1753.43,1,3028.99,75.28,228032.44,96028.4,1.0,-7.02,PASSED,True
PROD_01,Wireless Noise-Canceling Headphones,Electronics,STORE_01,Delhi Flagship Metro,North,2999.0,3257.52,1753.43,2,3058.98,75.28,230290.19,98286.15,2.0,-6.09,PASSED,True
PROD_01,Wireless Noise-Canceling Headphones,Electronics,STORE_01,Delhi Flagship Metro,North,2999.0,3257.52,1753.43,3,3088.97,75.28,232547.93,100543.89,3.0,-5.17,PASSED,True
PROD_01,Wireless Noise-Canceling Headphones,Electronics,STORE_01,Delhi Flagship Metro,North,2999.0,3257.52,1753.43,4,3118.96,74.65,232816.88,101930.91,4.0,-4.25,PASSED,True
PROD_01,Wireless Noise-Canceling Headphones,Electronics,STORE_01,Delhi Flagship Metro,North,2999.0,3257.52,1753.43,5,3148.95,74.65,235055.5,104169.53,5.0,-3.33,PASSED,True
PROD_01,Wireless Noise-Canceling Headphones,Electronics,STORE_01,Delhi Flagship Metro,North,2999.0,3257.52,1753.43,6,3178.94,74.5,236835.15,106202.34,6.0,-2.41,PASSED,True
PROD_01,Wireless Noise-Canceling Headphones,Electronics,STORE_01,Delhi Flagship Metro,North,2999.0,3257.52,1753.43,7,3208.93,72.99,234218.74,106236.46,7.0,-1.49,PASSED,True
PROD_01,Wireless Noise-Canceling Headphones,Electronics,STORE_01,Delhi Flagship Metro,North,2999.0,3257.52,1753.43,8,3238.92,73.18,237016.53,108704.66,8.0,-0.57,PASSED,True
PROD_01,Wireless Noise-Canceling Headphones,Electronics,STORE_01,Delhi Flagship Metro,North,2999.0,3257.52,1753.43,9,3268.91,73.18,239211.13,110899.26,9.0,0.35,PASSED,True
PROD_01,Wireless Noise-Canceling Headphones,Electronics,STORE_01,Delhi Flagship Metro,North,2999.0,3257.52,1753.43,10,3298.9,72.72,239910.89,112393.55,10.0,1.27,VIOLATED: Exceeds max price increase limit (+10.0%),False
PROD_01,Wireless Noise-Canceling Headphones,Electronics,STORE_01,Delhi Flagship Metro,North,2999.0,3257.52,1753.43,11,3328.89,72.72,242091.89,114574.55,11.0,2.19,VIOLATED: Exceeds max price increase limit (+10.0%),False
PROD_01,Wireless Noise-Canceling Headphones,Electronics,STORE_01,Delhi Flagship Metro,North,2999.0,3257.52,1753.43,12,3358.88,72.62,243905.68,116580.04,12.0,3.11,VIOLATED: Exceeds max price increase limit (+10.0%),False
PROD_01,Wireless Noise-Canceling Headphones,Electronics,STORE_01,Delhi Flagship Metro,North,2999.0,3257.52,1753.43,13,3388.87,72.62,246083.41,118757.77,13.0,4.03,VIOLATED: Exceeds max price increase limit (+10.0%),False
PROD_01,Wireless Noise-Canceling Headphones,Electronics,STORE_01,Delhi Flagship Metro,North,2999.0,3257.52,1753.43,14,3418.86,71.98,246103.74,119884.57,14.0,4.95,VIOLATED: Exceeds max price increase limit (+10.0%),False
PROD_01,Wireless Noise-Canceling Headphones,Electronics,STORE_01,Delhi Flagship Metro,North,2999.0,3257.52,1753.43,15,3448.85,71.67,247187.34,121514.81,15.0,5.87,VIOLATED: Exceeds max price increase limit (+10.0%); Exceeds max competitor premium (+5.0%),False
PROD_01,Wireless Noise-Canceling Headphones,Electronics,STORE_02,Bengaluru Tech Park Store,South,2999.0,2950.15,1753.43,-15,2549.15,68.39,174326.37,54416.17,-15.0,-13.59,VIOLATED: Exceeds max price decrease limit (-10.0%),False
PROD_01,Wireless Noise-Canceling Headphones,Electronics,STORE_02,Bengaluru Tech Park Store,South,2999.0,2950.15,1753.43,-14,2579.14,68.39,176377.27,56467.07,-14.0,-12.58,VIOLATED: Exceeds max price decrease limit (-10.0%),False
PROD_01,Wireless Noise-Canceling Headphones,Electronics,STORE_02,Bengaluru Tech Park Store,South,2999.0,2950.15,1753.43,-13,2609.13,68.57,178913.3,58677.07,-13.0,-11.56,VIOLATED: Exceeds max price decrease limit (-10.0%),False
PROD_01,Wireless Noise-Canceling Headphones,Electronics,STORE_02,Bengaluru Tech Park Store,South,2999.0,2950.15,1753.43,-12,2639.12,67.69,178648.28,59954.45,-12.0,-10.54,VIOLATED: Exceeds max price decrease limit (-10.0%),False
PROD_01,Wireless Noise-Canceling Headphones,Electronics,STORE_02,Bengaluru Tech Park Store,South,2999.0,2950.15,1753.43,-11,2669.11,67.9,181228.34,62173.22,-11.0,-9.53,VIOLATED: Exceeds max price decrease limit (-10.0%),False
PROD_01,Wireless Noise-Canceling Headphones,Electronics,STORE_02,Bengaluru Tech Park Store,South,2999.0,2950.15,1753.43,-10,2699.1,67.4,181922.17,63739.15,-10.0,-8.51,VIOLATED: Exceeds max price decrease limit (-10.0%),False
PROD_01,Wireless Noise-Canceling Headphones,Electronics,STORE_02,Bengaluru Tech Park Store,South,2999.0,2950.15,1753.43,-9,2729.09,67.13,183202.35,65495.54,-9.0,-7.49,PASSED,True
PROD_01,Wireless Noise-Canceling Headphones,Electronics,STORE_02,Bengaluru Tech Park Store,South,2999.0,2950.15,1753.43,-8,2759.08,67.0,184855.96,67377.68,-8.0,-6.48,PASSED,True
PROD_01,Wireless Noise-Canceling Headphones,Electronics,STORE_02,Bengaluru Tech Park Store,South,2999.0,2950.15,1753.43,-7,2789.07,67.0,186865.26,69386.98,-7.0,-5.46,PASSED,True
PROD_01,Wireless Noise-Canceling Headphones,Electronics,STORE_02,Bengaluru Tech Park Store,South,2999.0,2950.15,1753.43,-6,2819.06,66.97,188802.28,71368.96,-6.0,-4.44,PASSED,True
PROD_01,Wireless Noise-Canceling Headphones,Electronics,STORE_02,Bengaluru Tech Park Store,South,2999.0,2950.15,1753.43,-5,2849.05,66.97,190810.82,73377.5,-5.0,-3.43,PASSED,True
PROD_01,Wireless Noise-Canceling Headphones,Electronics,STORE_02,Bengaluru Tech Park Store,South,2999.0,2950.15,1753.43,-4,2879.04,66.83,192403.68,75223.52,-4.0,-2.41,PASSED,True
PROD_01,Wireless Noise-Canceling Headphones,Electronics,STORE_02,Bengaluru Tech Park Store,South,2999.0,2950.15,1753.43,-3,2909.03,66.43,193243.93,76765.34,-3.0,-1.39,PASSED,True
PROD_01,Wireless Noise-Canceling Headphones,Electronics,STORE_02,Bengaluru Tech Park Store,South,2999.0,2950.15,1753.43,-2,2939.02,66.62,195788.6,78980.41,-2.0,-0.38,PASSED,True
PROD_01,Wireless Noise-Canceling Headphones,Electronics,STORE_02,Bengaluru Tech Park Store,South,2999.0,2950.15,1753.43,-1,2969.01,66.62,197786.44,80978.25,-1.0,0.64,PASSED,True
PROD_01,Wireless Noise-Canceling Headphones,Electronics,STORE_02,Bengaluru Tech Park Store,South,2999.0,2950.15,1753.43,0,2999.0,66.44,199255.63,82756.53,0.0,1.66,PASSED,True
PROD_01,Wireless Noise-Canceling Headphones,Electronics,STORE_02,Bengaluru Tech Park Store,South,2999.0,2950.15,1753.43,1,3028.99,65.54,198529.07,83604.02,1.0,2.67,PASSED,True
PROD_01,Wireless Noise-Canceling Headphones,Electronics,STORE_02,Bengaluru Tech Park Store,South,2999.0,2950.15,1753.43,2,3058.98,65.26,199620.22,85196.43,2.0,3.69,PASSED,True
PROD_01,Wireless Noise-Canceling Headphones,Electronics,STORE_02,Bengaluru Tech Park Store,South,2999.0,2950.15,1753.43,3,3088.97,65.26,201577.28,87153.49,3.0,4.71,PASSED,True
PROD_01,Wireless Noise-Canceling Headphones,Electronics,STORE_02,Bengaluru Tech Park Store,South,2999.0,2950.15,1753.43,4,3118.96,64.85,202260.74,88552.95,4.0,5.72,VIOLATED: Exceeds max competitor premium (+5.0%),False
PROD_01,Wireless Noise-Canceling Headphones,Electronics,STORE_02,Bengaluru Tech Park Store,South,2999.0,2950.15,1753.43,5,3148.95,64.85,204205.56,90497.77,5.0,6.74,VIOLATED: Exceeds max competitor premium (+5.0%),False
PROD_01,Wireless Noise-Canceling Headphones,Electronics,STORE_02,Bengaluru Tech Park Store,South,2999.0,2950.15,1753.43,6,3178.94,64.85,206150.37,92442.58,6.0,7.76,VIOLATED: Exceeds max competitor premium (+5.0%),False
PROD_01,Wireless Noise-Canceling Headphones,Electronics,STORE_02,Bengaluru Tech Park Store,South,2999.0,2950.15,1753.43,7,3208.93,63.7,204399.5,92711.11,7.0,8.77,VIOLATED: Exceeds max competitor premium (+5.0%),False
PROD_01,Wireless Noise-Canceling Headphones,Electronics,STORE_02,Bengaluru Tech Park Store,South,2999.0,2950.15,1753.43,8,3238.92,63.4,205355.29,94183.62,8.0,9.79,VIOLATED: Exceeds max competitor premium (+5.0%),False
PROD_01,Wireless Noise-Canceling Headphones,Electronics,STORE_02,Bengaluru Tech Park Store,South,2999.0,2950.15,1753.43,9,3268.91,62.89,205578.36,95306.97,9.0,10.8,VIOLATED: Exceeds max competitor premium (+5.0%),False
PROD_01,Wireless Noise-Canceling Headphones,Electronics,STORE_02,Bengaluru Tech Park Store,South,2999.0,2950.15,1753.43,10,3298.9,62.89,207464.4,97193.01,10.0,11.82,VIOLATED: Exceeds max price increase limit (+10.0%); Exceeds max competitor premium (+5.0%),False
PROD_01,Wireless Noise-Canceling Headphones,Electronics,STORE_02,Bengaluru Tech Park Store,South,2999.0,2950.15,1753.43,11,3328.89,62.89,209350.44,99079.05,11.0,12.84,VIOLATED: Exceeds max price increase limit (+10.0%); Exceeds max competitor premium (+5.0%),False
PROD_01,Wireless Noise-Canceling Headphones,Electronics,STORE_02,Bengaluru Tech Park Store,South,2999.0,2950.15,1753.43,12,3358.88,62.89,211236.48,100965.09,12.0,13.85,VIOLATED: Exceeds max price increase limit (+10.0%); Exceeds max competitor premium (+5.0%),False
PROD_01,Wireless Noise-Canceling Headphones,Electronics,STORE_02,Bengaluru Tech Park Store,South,2999.0,2950.15,1753.43,13,3388.87,62.89,213122.52,102851.13,13.0,14.87,VIOLATED: Exceeds max price increase limit (+10.0%); Exceeds max competitor premium (+5.0%),False
PROD_01,Wireless Noise-Canceling Headphones,Electronics,STORE_02,Bengaluru Tech Park Store,South,2999.0,2950.15,1753.43,14,3418.86,62.62,214086.15,104287.83,14.0,15.89,VIOLATED: Exceeds max price increase limit (+10.0%); Exceeds max competitor premium (+5.0%),False
PROD_01,Wireless Noise-Canceling Headphones,Electronics,STORE_02,Bengaluru Tech Park Store,South,2999.0,2950.15,1753.43,15,3448.85,62.62,215964.1,106165.78,15.0,16.9,VIOLATED: Exceeds max price increase limit (+10.0%); Exceeds max competitor premium (+5.0%),False
PROD_01,Wireless Noise-Canceling Headphones,Electronics,STORE_03,Mumbai High Street Mall,West,2999.0,3192.84,1753.43,-15,2549.15,86.82,221308.47,69081.68,-15.0,-20.16,VIOLATED: Exceeds max price decrease limit (-10.0%),False
PROD_01,Wireless Noise-Canceling Headphones,Electronics,STORE_03,Mumbai High Street Mall,West,2999.0,3192.84,1753.43,-14,2579.14,87.16,224799.35,71969.37,-14.0,-19.22,VIOLATED: Exceeds max price decrease limit (-10.0%),False
PROD_01,Wireless Noise-Canceling Headphones,Electronics,STORE_03,Mumbai High Street Mall,West,2999.0,3192.84,1753.43,-13,2609.13,87.16,227413.29,74583.31,-13.0,-18.28,VIOLATED: Exceeds max price decrease limit (-10.0%),False
PROD_01,Wireless Noise-Canceling Headphones,Electronics,STORE_03,Mumbai High Street Mall,West,2999.0,3192.84,1753.43,-12,2639.12,87.16,230027.24,77197.26,-12.0,-17.34,VIOLATED: Exceeds max price decrease limit (-10.0%),False
PROD_01,Wireless Noise-Canceling Headphones,Electronics,STORE_03,Mumbai High Street Mall,West,2999.0,3192.84,1753.43,-11,2669.11,87.16,232641.19,79811.21,-11.0,-16.4,VIOLATED: Exceeds max price decrease limit (-10.0%),False
PROD_01,Wireless Noise-Canceling Headphones,Electronics,STORE_03,Mumbai High Street Mall,West,2999.0,3192.84,1753.43,-10,2699.1,86.7,234017.36,81991.48,-10.0,-15.46,VIOLATED: Exceeds max price decrease limit (-10.0%),False
PROD_01,Wireless Noise-Canceling Headphones,Electronics,STORE_03,Mumbai High Street Mall,West,2999.0,3192.84,1753.43,-9,2729.09,86.97,237360.89,84857.42,-9.0,-14.52,PASSED,True
PROD_01,Wireless Noise-Canceling Headphones,Electronics,STORE_03,Mumbai High Street Mall,West,2999.0,3192.84,1753.43,-8,2759.08,86.97,239969.25,87465.78,-8.0,-13.59,PASSED,True
PROD_01,Wireless Noise-Canceling Headphones,Electronics,STORE_03,Mumbai High Street Mall,West,2999.0,3192.84,1753.43,-7,2789.07,86.97,242577.61,90074.14,-7.0,-12.65,PASSED,True
PROD_01,Wireless Noise-Canceling Headphones,Electronics,STORE_03,Mumbai High Street Mall,West,2999.0,3192.84,1753.43,-6,2819.06,84.19,237328.28,89712.22,-6.0,-11.71,PASSED,True
PROD_01,Wireless Noise-Canceling Headphones,Electronics,STORE_03,Mumbai High Street Mall,West,2999.0,3192.84,1753.43,-5,2849.05,84.19,239853.05,92236.99,-5.0,-10.77,PASSED,True
PROD_01,Wireless Noise-Canceling Headphones,Electronics,STORE_03,Mumbai High Street Mall,West,2999.0,3192.84,1753.43,-4,2879.04,84.19,242377.82,94761.76,-4.0,-9.83,PASSED,True
PROD_01,Wireless Noise-Canceling Headphones,Electronics,STORE_03,Mumbai High Street Mall,West,2999.0,3192.84,1753.43,-3,2909.03,84.39,245501.98,97524.63,-3.0,-8.89,PASSED,True
PROD_01,Wireless Noise-Canceling Headphones,Electronics,STORE_03,Mumbai High Street Mall,West,2999.0,3192.84,1753.43,-2,2939.02,84.39,248032.93,100055.58,-2.0,-7.95,PASSED,True
PROD_01,Wireless Noise-Canceling Headphones,Electronics,STORE_03,Mumbai High Street Mall,West,2999.0,3192.84,1753.43,-1,2969.01,84.26,250176.92,102428.1,-1.0,-7.01,PASSED,True
PROD_01,Wireless Noise-Canceling Headphones,Electronics,STORE_03,Mumbai High Street Mall,West,2999.0,3192.84,1753.43,0,2999.0,84.26,252703.96,104955.14,0.0,-6.07,PASSED,True
PROD_01,Wireless Noise-Canceling Headphones,Electronics,STORE_03,Mumbai High Street Mall,West,2999.0,3192.84,1753.43,1,3028.99,83.8,253835.7,106894.6,1.0,-5.13,PASSED,True
PROD_01,Wireless Noise-Canceling Headphones,Electronics,STORE_03,Mumbai High Street Mall,West,2999.0,3192.84,1753.43,2,3058.98,83.47,255329.68,108972.82,2.0,-4.19,PASSED,True
PROD_01,Wireless Noise-Canceling Headphones,Electronics,STORE_03,Mumbai High Street Mall,West,2999.0,3192.84,1753.43,3,3088.97,83.01,256423.35,110866.61,3.0,-3.25,PASSED,True
PROD_01,Wireless Noise-Canceling Headphones,Electronics,STORE_03,Mumbai High Street Mall,West,2999.0,3192.84,1753.43,4,3118.96,83.01,258912.9,113356.16,4.0,-2.31,PASSED,True
PROD_01,Wireless Noise-Canceling Headphones,Electronics,STORE_03,Mumbai High Street Mall,West,2999.0,3192.84,1753.43,5,3148.95,83.01,261402.44,115845.7,5.0,-1.37,PASSED,True
PROD_01,Wireless Noise-Canceling Headphones,Electronics,STORE_03,Mumbai High Street Mall,West,2999.0,3192.84,1753.43,6,3178.94,83.01,263891.99,118335.25,6.0,-0.44,PASSED,True
PROD_01,Wireless Noise-Canceling Headphones,Electronics,STORE_03,Mumbai High Street Mall,West,2999.0,3192.84,1753.43,7,3208.93,82.51,264763.85,120091.05,7.0,0.5,PASSED,True
PROD_01,Wireless Noise-Canceling Headphones,Electronics,STORE_03,Mumbai High Street Mall,West,2999.0,3192.84,1753.43,8,3238.92,81.96,265474.24,121756.43,8.0,1.44,PASSED,True
PROD_01,Wireless Noise-Canceling Headphones,Electronics,STORE_03,Mumbai High Street Mall,West,2999.0,3192.84,1753.43,9,3268.91,81.96,267932.33,124214.52,9.0,2.38,PASSED,True
PROD_01,Wireless Noise-Canceling Headphones,Electronics,STORE_03,Mumbai High Street Mall,West,2999.0,3192.84,1753.43,10,3298.9,81.85,270029.76,126503.65,10.0,3.32,VIOLATED: Exceeds max price increase limit (+10.0%),False
PROD_01,Wireless Noise-Canceling Headphones,Electronics,STORE_03,Mumbai High Street Mall,West,2999.0,3192.84,1753.43,11,3328.89,82.44,274447.03,129887.23,11.0,4.26,VIOLATED: Exceeds max price increase limit (+10.0%),False
PROD_01,Wireless Noise-Canceling Headphones,Electronics,STORE_03,Mumbai High Street Mall,West,2999.0,3192.84,1753.43,12,3358.88,82.41,276802.16,132303.63,12.0,5.2,VIOLATED: Exceeds max price increase limit (+10.0%); Exceeds max competitor premium (+5.0%),False
PROD_01,Wireless Noise-Canceling Headphones,Electronics,STORE_03,Mumbai High Street Mall,West,2999.0,3192.84,1753.43,13,3388.87,81.71,276892.9,133626.17,13.0,6.14,VIOLATED: Exceeds max price increase limit (+10.0%); Exceeds max competitor premium (+5.0%),False
PROD_01,Wireless Noise-Canceling Headphones,Electronics,STORE_03,Mumbai High Street Mall,West,2999.0,3192.84,1753.43,14,3418.86,81.45,278476.52,135654.33,14.0,7.08,VIOLATED: Exceeds max price increase limit (+10.0%); Exceeds max competitor premium (+5.0%),False
PROD_01,Wireless Noise-Canceling Headphones,Electronics,STORE_03,Mumbai High Street Mall,West,2999.0,3192.84,1753.43,15,3448.85,81.45,280919.29,138097.1,15.0,8.02,VIOLATED: Exceeds max price increase limit (+10.0%); Exceeds max competitor premium (+5.0%),False
PROD_01,Wireless Noise-Canceling Headphones,Electronics,STORE_04,Kolkata City Center,East,2699.1,3211.16,1753.43,-15,2294.23,91.83,210668.28,49659.11,-15.0,-28.55,VIOLATED: Exceeds max price decrease limit (-10.0%),False
PROD_01,Wireless Noise-Canceling Headphones,Electronics,STORE_04,Kolkata City Center,East,2699.1,3211.16,1753.43,-14,2321.23,91.83,213147.56,52138.39,-14.0,-27.71,VIOLATED: Exceeds max price decrease limit (-10.0%),False
PROD_01,Wireless Noise-Canceling Headphones,Electronics,STORE_04,Kolkata City Center,East,2699.1,3211.16,1753.43,-13,2348.22,91.83,215625.92,54616.75,-13.0,-26.87,VIOLATED: Exceeds max price decrease limit (-10.0%),False
PROD_01,Wireless Noise-Canceling Headphones,Electronics,STORE_04,Kolkata City Center,East,2699.1,3211.16,1753.43,-12,2375.21,91.83,218104.29,57095.12,-12.0,-26.03,VIOLATED: Exceeds max price decrease limit (-10.0%),False
PROD_01,Wireless Noise-Canceling Headphones,Electronics,STORE_04,Kolkata City Center,East,2699.1,3211.16,1753.43,-11,2402.2,92.47,222139.21,59993.86,-11.0,-25.19,VIOLATED: Exceeds max price decrease limit (-10.0%),False
PROD_01,Wireless Noise-Canceling Headphones,Electronics,STORE_04,Kolkata City Center,East,2699.1,3211.16,1753.43,-10,2429.19,92.47,224635.06,62489.71,-10.0,-24.35,PASSED,True
PROD_01,Wireless Noise-Canceling Headphones,Electronics,STORE_04,Kolkata City Center,East,2699.1,3211.16,1753.43,-9,2456.18,92.47,227130.91,64985.56,-9.0,-23.51,PASSED,True
PROD_01,Wireless Noise-Canceling Headphones,Electronics,STORE_04,Kolkata City Center,East,2699.1,3211.16,1753.43,-8,2483.17,89.52,222299.09,65328.0,-8.0,-22.67,PASSED,True
PROD_01,Wireless Noise-Canceling Headphones,Electronics,STORE_04,Kolkata City Center,East,2699.1,3211.16,1753.43,-7,2510.16,89.52,224715.3,67744.21,-7.0,-21.83,PASSED,True
PROD_01,Wireless Noise-Canceling Headphones,Electronics,STORE_04,Kolkata City Center,East,2699.1,3211.16,1753.43,-6,2537.15,84.34,213990.95,66101.33,-6.0,-20.99,PASSED,True
PROD_01,Wireless Noise-Canceling Headphones,Electronics,STORE_04,Kolkata City Center,East,2699.1,3211.16,1753.43,-5,2564.14,84.34,216267.36,68377.74,-5.0,-20.15,PASSED,True
PROD_01,Wireless Noise-Canceling Headphones,Electronics,STORE_04,Kolkata City Center,East,2699.1,3211.16,1753.43,-4,2591.14,84.69,219436.0,70943.19,-4.0,-19.31,PASSED,True
PROD_01,Wireless Noise-Canceling Headphones,Electronics,STORE_04,Kolkata City Center,East,2699.1,3211.16,1753.43,-3,2618.13,84.19,220426.96,72801.27,-3.0,-18.47,PASSED,True
PROD_01,Wireless Noise-Canceling Headphones,Electronics,STORE_04,Kolkata City Center,East,2699.1,3211.16,1753.43,-2,2645.12,83.34,220454.76,74316.97,-2.0,-17.63,PASSED,True
PROD_01,Wireless Noise-Canceling Headphones,Electronics,STORE_04,Kolkata City Center,East,2699.1,3211.16,1753.43,-1,2672.11,82.41,220196.97,75704.42,-1.0,-16.79,PASSED,True
PROD_01,Wireless Noise-Canceling Headphones,Electronics,STORE_04,Kolkata City Center,East,2699.1,3211.16,1753.43,0,2699.1,82.41,222421.1,77928.55,0.0,-15.95,PASSED,True
PROD_01,Wireless Noise-Canceling Headphones,Electronics,STORE_04,Kolkata City Center,East,2699.1,3211.16,1753.43,1,2726.09,83.34,227182.45,81057.95,1.0,-15.11,PASSED,True
PROD_01,Wireless Noise-Canceling Headphones,Electronics,STORE_04,Kolkata City Center,East,2699.1,3211.16,1753.43,2,2753.08,83.35,229481.17,83325.17,2.0,-14.27,PASSED,True
PROD_01,Wireless Noise-Canceling Headphones,Electronics,STORE_04,Kolkata City Center,East,2699.1,3211.16,1753.43,3,2780.07,83.35,231730.9,85574.9,3.0,-13.42,PASSED,True
PROD_01,Wireless Noise-Canceling Headphones,Electronics,STORE_04,Kolkata City Center,East,2699.1,3211.16,1753.43,4,2807.06,83.35,233980.63,87824.63,4.0,-12.58,PASSED,True
PROD_01,Wireless Noise-Canceling Headphones,Electronics,STORE_04,Kolkata City Center,East,2699.1,3211.16,1753.43,5,2834.06,82.56,233980.09,89216.85,5.0,-11.74,PASSED,True
PROD_01,Wireless Noise-Canceling Headphones,Electronics,STORE_04,Kolkata City Center,East,2699.1,3211.16,1753.43,6,2861.05,82.56,236208.39,91445.15,6.0,-10.9,PASSED,True
PROD_01,Wireless Noise-Canceling Headphones,Electronics,STORE_04,Kolkata City Center,East,2699.1,3211.16,1753.43,7,2888.04,81.68,235896.23,92675.38,7.0,-10.06,PASSED,True
PROD_01,Wireless Noise-Canceling Headphones,Electronics,STORE_04,Kolkata City Center,East,2699.1,3211.16,1753.43,8,2915.03,81.66,238048.08,94858.94,8.0,-9.22,PASSED,True
PROD_01,Wireless Noise-Canceling Headphones,Electronics,STORE_04,Kolkata City Center,East,2699.1,3211.16,1753.43,9,2942.02,81.57,239977.74,96952.14,9.0,-8.38,PASSED,True
PROD_01,Wireless Noise-Canceling Headphones,Electronics,STORE_04,Kolkata City Center,East,2699.1,3211.16,1753.43,10,2969.01,81.3,241372.96,98823.56,10.0,-7.54,VIOLATED: Exceeds max price increase limit (+10.0%),False
PROD_01,Wireless Noise-Canceling Headphones,Electronics,STORE_04,Kolkata City Center,East,2699.1,3211.16,1753.43,11,2996.0,81.17,243176.7,100855.83,11.0,-6.7,VIOLATED: Exceeds max price increase limit (+10.0%),False
PROD_01,Wireless Noise-Canceling Headphones,Electronics,STORE_04,Kolkata City Center,East,2699.1,3211.16,1753.43,12,3022.99,81.17,245367.4,103046.53,12.0,-5.86,VIOLATED: Exceeds max price increase limit (+10.0%),False
PROD_01,Wireless Noise-Canceling Headphones,Electronics,STORE_04,Kolkata City Center,East,2699.1,3211.16,1753.43,13,3049.98,81.17,247558.1,105237.23,13.0,-5.02,VIOLATED: Exceeds max price increase limit (+10.0%),False
PROD_01,Wireless Noise-Canceling Headphones,Electronics,STORE_04,Kolkata City Center,East,2699.1,3211.16,1753.43,14,3076.97,80.54,247812.83,106595.19,14.0,-4.18,VIOLATED: Exceeds max price increase limit (+10.0%),False
PROD_01,Wireless Noise-Canceling Headphones,Electronics,STORE_04,Kolkata City Center,East,2699.1,3211.16,1753.43,15,3103.96,80.54,249986.55,108768.91,15.0,-3.34,VIOLATED: Exceeds max price increase limit (+10.0%),False
PROD_02,Smart Fitness Watch,Electronics,STORE_01,Delhi Flagship Metro,North,4274.05,4515.92,2577.31,-15,3632.94,67.66,245787.05,71418.79,-15.0,-19.55,VIOLATED: Exceeds max price decrease limit (-10.0%),False
PROD_02,Smart Fitness Watch,Electronics,STORE_01,Delhi Flagship Metro,North,4274.05,4515.92,2577.31,-14,3675.68,67.16,246860.9,73767.2,-14.0,-18.61,VIOLATED: Exceeds max price decrease limit (-10.0%),False
PROD_02,Smart Fitness Watch,Electronics,STORE_01,Delhi Flagship Metro,North,4274.05,4515.92,2577.31,-13,3718.42,67.16,249731.34,76637.64,-13.0,-17.66,VIOLATED: Exceeds max price decrease limit (-10.0%),False
PROD_02,Smart Fitness Watch,Electronics,STORE_01,Delhi Flagship Metro,North,4274.05,4515.92,2577.31,-12,3761.16,67.16,252601.79,79508.09,-12.0,-16.71,VIOLATED: Exceeds max price decrease limit (-10.0%),False
PROD_02,Smart Fitness Watch,Electronics,STORE_01,Delhi Flagship Metro,North,4274.05,4515.92,2577.31,-11,3803.9,65.77,250188.03,80674.6,-11.0,-15.77,VIOLATED: Exceeds max price decrease limit (-10.0%),False
PROD_02,Smart Fitness Watch,Electronics,STORE_01,Delhi Flagship Metro,North,4274.05,4515.92,2577.31,-10,3846.65,64.37,247598.63,81704.04,-10.0,-14.82,PASSED,True
PROD_02,Smart Fitness Watch,Electronics,STORE_01,Delhi Flagship Metro,North,4274.05,4515.92,2577.31,-9,3889.39,64.37,250349.69,84455.1,-9.0,-13.87,PASSED,True
PROD_02,Smart Fitness Watch,Electronics,STORE_01,Delhi Flagship Metro,North,4274.05,4515.92,2577.31,-8,3932.13,64.14,252200.19,86895.87,-8.0,-12.93,PASSED,True
PROD_02,Smart Fitness Watch,Electronics,STORE_01,Delhi Flagship Metro,North,4274.05,4515.92,2577.31,-7,3974.87,63.03,250528.23,88085.46,-7.0,-11.98,PASSED,True
PROD_02,Smart Fitness Watch,Electronics,STORE_01,Delhi Flagship Metro,North,4274.05,4515.92,2577.31,-6,4017.61,63.03,253222.05,90779.28,-6.0,-11.03,PASSED,True
PROD_02,Smart Fitness Watch,Electronics,STORE_01,Delhi Flagship Metro,North,4274.05,4515.92,2577.31,-5,4060.35,62.27,252843.94,92351.07,-5.0,-10.09,PASSED,True
PROD_02,Smart Fitness Watch,Electronics,STORE_01,Delhi Flagship Metro,North,4274.05,4515.92,2577.31,-4,4103.09,62.11,254843.74,94766.5,-4.0,-9.14,PASSED,True
PROD_02,Smart Fitness Watch,Electronics,STORE_01,Delhi Flagship Metro,North,4274.05,4515.92,2577.31,-3,4145.83,62.11,257498.33,97421.09,-3.0,-8.2,PASSED,True
PROD_02,Smart Fitness Watch,Electronics,STORE_01,Delhi Flagship Metro,North,4274.05,4515.92,2577.31,-2,4188.57,61.59,257993.49,99244.99,-2.0,-7.25,PASSED,True
PROD_02,Smart Fitness Watch,Electronics,STORE_01,Delhi Flagship Metro,North,4274.05,4515.92,2577.31,-1,4231.31,61.59,260626.04,101877.54,-1.0,-6.3,PASSED,True
PROD_02,Smart Fitness Watch,Electronics,STORE_01,Delhi Flagship Metro,North,4274.05,4515.92,2577.31,0,4274.05,61.59,263258.6,104510.1,0.0,-5.36,PASSED,True
PROD_02,Smart Fitness Watch,Electronics,STORE_01,Delhi Flagship Metro,North,4274.05,4515.92,2577.31,1,4316.79,61.46,265323.76,106914.02,1.0,-4.41,PASSED,True
PROD_02,Smart Fitness Watch,Electronics,STORE_01,Delhi Flagship Metro,North,4274.05,4515.92,2577.31,2,4359.53,61.46,267950.7,109540.96,2.0,-3.46,PASSED,True
PROD_02,Smart Fitness Watch,Electronics,STORE_01,Delhi Flagship Metro,North,4274.05,4515.92,2577.31,3,4402.27,61.46,270577.63,112167.89,3.0,-2.52,PASSED,True
PROD_02,Smart Fitness Watch,Electronics,STORE_01,Delhi Flagship Metro,North,4274.05,4515.92,2577.31,4,4445.01,61.46,273204.57,114794.83,4.0,-1.57,PASSED,True
PROD_02,Smart Fitness Watch,Electronics,STORE_01,Delhi Flagship Metro,North,4274.05,4515.92,2577.31,5,4487.75,61.46,275831.51,117421.77,5.0,-0.62,PASSED,True
PROD_02,Smart Fitness Watch,Electronics,STORE_01,Delhi Flagship Metro,North,4274.05,4515.92,2577.31,6,4530.49,61.7,279542.63,120516.12,6.0,0.32,PASSED,True
PROD_02,Smart Fitness Watch,Electronics,STORE_01,Delhi Flagship Metro,North,4274.05,4515.92,2577.31,7,4573.23,61.43,280954.35,122618.46,7.0,1.27,PASSED,True
PROD_02,Smart Fitness Watch,Electronics,STORE_01,Delhi Flagship Metro,North,4274.05,4515.92,2577.31,8,4615.97,61.25,282745.84,124875.73,8.0,2.22,PASSED,True
PROD_02,Smart Fitness Watch,Electronics,STORE_01,Delhi Flagship Metro,North,4274.05,4515.92,2577.31,9,4658.71,61.47,286368.19,127942.45,9.0,3.16,PASSED,True
PROD_02,Smart Fitness Watch,Electronics,STORE_01,Delhi Flagship Metro,North,4274.05,4515.92,2577.31,10,4701.46,61.47,288996.01,130570.27,10.0,4.11,VIOLATED: Exceeds max price increase limit (+10.0%),False
PROD_02,Smart Fitness Watch,Electronics,STORE_01,Delhi Flagship Metro,North,4274.05,4515.92,2577.31,11,4744.2,61.48,291662.97,133215.63,11.0,5.06,VIOLATED: Exceeds max price increase limit (+10.0%); Exceeds max competitor premium (+5.0%),False
PROD_02,Smart Fitness Watch,Electronics,STORE_01,Delhi Flagship Metro,North,4274.05,4515.92,2577.31,12,4786.94,61.02,292090.64,134827.72,12.0,6.0,VIOLATED: Exceeds max price increase limit (+10.0%); Exceeds max competitor premium (+5.0%),False
PROD_02,Smart Fitness Watch,Electronics,STORE_01,Delhi Flagship Metro,North,4274.05,4515.92,2577.31,13,4829.68,61.02,294698.56,137435.64,13.0,6.95,VIOLATED: Exceeds max price increase limit (+10.0%); Exceeds max competitor premium (+5.0%),False
PROD_02,Smart Fitness Watch,Electronics,STORE_01,Delhi Flagship Metro,North,4274.05,4515.92,2577.31,14,4872.42,61.02,297306.48,140043.56,14.0,7.89,VIOLATED: Exceeds max price increase limit (+10.0%); Exceeds max competitor premium (+5.0%),False
PROD_02,Smart Fitness Watch,Electronics,STORE_01,Delhi Flagship Metro,North,4274.05,4515.92,2577.31,15,4915.16,61.02,299914.4,142651.48,15.0,8.84,VIOLATED: Exceeds max price increase limit (+10.0%); Exceeds max competitor premium (+5.0%),False
PROD_02,Smart Fitness Watch,Electronics,STORE_02,Bengaluru Tech Park Store,South,4049.1,4424.25,2577.31,-15,3441.73,77.94,268234.13,67369.3,-15.0,-22.21,VIOLATED: Exceeds max price decrease limit (-10.0%),False
PROD_02,Smart Fitness Watch,Electronics,STORE_02,Bengaluru Tech Park Store,South,4049.1,4424.25,2577.31,-14,3482.23,70.86,246761.55,64125.42,-14.0,-21.29,VIOLATED: Exceeds max price decrease limit (-10.0%),False
PROD_02,Smart Fitness Watch,Electronics,STORE_02,Bengaluru Tech Park Store,South,4049.1,4424.25,2577.31,-13,3522.72,70.86,249630.8,66994.67,-13.0,-20.38,VIOLATED: Exceeds max price decrease limit (-10.0%),False
PROD_02,Smart Fitness Watch,Electronics,STORE_02,Bengaluru Tech Park Store,South,4049.1,4424.25,2577.31,-12,3563.21,71.21,253725.82,70203.07,-12.0,-19.46,VIOLATED: Exceeds max price decrease limit (-10.0%),False
PROD_02,Smart Fitness Watch,Electronics,STORE_02,Bengaluru Tech Park Store,South,4049.1,4424.25,2577.31,-11,3603.7,71.13,256335.52,73008.36,-11.0,-18.55,VIOLATED: Exceeds max price decrease limit (-10.0%),False
PROD_02,Smart Fitness Watch,Electronics,STORE_02,Bengaluru Tech Park Store,South,4049.1,4424.25,2577.31,-10,3644.19,71.13,259215.62,75888.46,-10.0,-17.63,PASSED,True
PROD_02,Smart Fitness Watch,Electronics,STORE_02,Bengaluru Tech Park Store,South,4049.1,4424.25,2577.31,-9,3684.68,71.13,262095.72,78768.56,-9.0,-16.72,PASSED,True
PROD_02,Smart Fitness Watch,Electronics,STORE_02,Bengaluru Tech Park Store,South,4049.1,4424.25,2577.31,-8,3725.17,69.74,259800.99,80054.11,-8.0,-15.8,PASSED,True
PROD_02,Smart Fitness Watch,Electronics,STORE_02,Bengaluru Tech Park Store,South,4049.1,4424.25,2577.31,-7,3765.66,68.72,258772.02,81662.11,-7.0,-14.89,PASSED,True
PROD_02,Smart Fitness Watch,Electronics,STORE_02,Bengaluru Tech Park Store,South,4049.1,4424.25,2577.31,-6,3806.15,68.69,261456.04,84412.76,-6.0,-13.97,PASSED,True
PROD_02,Smart Fitness Watch,Electronics,STORE_02,Bengaluru Tech Park Store,South,4049.1,4424.25,2577.31,-5,3846.64,67.58,259936.74,85774.99,-5.0,-13.06,PASSED,True
PROD_02,Smart Fitness Watch,Electronics,STORE_02,Bengaluru Tech Park Store,South,4049.1,4424.25,2577.31,-4,3887.14,66.99,260391.82,87742.92,-4.0,-12.14,PASSED,True
PROD_02,Smart Fitness Watch,Electronics,STORE_02,Bengaluru Tech Park Store,South,4049.1,4424.25,2577.31,-3,3927.63,66.89,262722.37,90324.0,-3.0,-11.22,PASSED,True
PROD_02,Smart Fitness Watch,Electronics,STORE_02,Bengaluru Tech Park Store,South,4049.1,4424.25,2577.31,-2,3968.12,65.87,261374.66,91610.76,-2.0,-10.31,PASSED,True
PROD_02,Smart Fitness Watch,Electronics,STORE_02,Bengaluru Tech Park Store,South,4049.1,4424.25,2577.31,-1,4008.61,65.71,263395.27,94046.98,-1.0,-9.39,PASSED,True
PROD_02,Smart Fitness Watch,Electronics,STORE_02,Bengaluru Tech Park Store,South,4049.1,4424.25,2577.31,0,4049.1,65.71,266055.76,96707.47,0.0,-8.48,PASSED,True
PROD_02,Smart Fitness Watch,Electronics,STORE_02,Bengaluru Tech Park Store,South,4049.1,4424.25,2577.31,1,4089.59,65.71,268716.25,99367.96,1.0,-7.56,PASSED,True
PROD_02,Smart Fitness Watch,Electronics,STORE_02,Bengaluru Tech Park Store,South,4049.1,4424.25,2577.31,2,4130.08,65.58,270838.46,101826.08,2.0,-6.65,PASSED,True
PROD_02,Smart Fitness Watch,Electronics,STORE_02,Bengaluru Tech Park Store,South,4049.1,4424.25,2577.31,3,4170.57,65.58,273493.67,104481.29,3.0,-5.73,PASSED,True
PROD_02,Smart Fitness Watch,Electronics,STORE_02,Bengaluru Tech Park Store,South,4049.1,4424.25,2577.31,4,4211.06,65.58,276148.89,107136.51,4.0,-4.82,PASSED,True
PROD_02,Smart Fitness Watch,Electronics,STORE_02,Bengaluru Tech Park Store,South,4049.1,4424.25,2577.31,5,4251.56,65.45,278245.94,109572.31,5.0,-3.9,PASSED,True
PROD_02,Smart Fitness Watch,Electronics,STORE_02,Bengaluru Tech Park Store,South,4049.1,4424.25,2577.31,6,4292.05,65.45,280895.83,112222.2,6.0,-2.99,PASSED,True
PROD_02,Smart Fitness Watch,Electronics,STORE_02,Bengaluru Tech Park Store,South,4049.1,4424.25,2577.31,7,4332.54,65.36,283180.54,114724.16,7.0,-2.07,PASSED,True
PROD_02,Smart Fitness Watch,Electronics,STORE_02,Bengaluru Tech Park Store,South,4049.1,4424.25,2577.31,8,4373.03,65.36,285827.02,117370.64,8.0,-1.16,PASSED,True
PROD_02,Smart Fitness Watch,Electronics,STORE_02,Bengaluru Tech Park Store,South,4049.1,4424.25,2577.31,9,4413.52,65.36,288473.5,120017.12,9.0,-0.24,PASSED,True
PROD_02,Smart Fitness Watch,Electronics,STORE_02,Bengaluru Tech Park Store,South,4049.1,4424.25,2577.31,10,4454.01,65.1,289953.5,122172.1,10.0,0.67,VIOLATED: Exceeds max price increase limit (+10.0%),False
PROD_02,Smart Fitness Watch,Electronics,STORE_02,Bengaluru Tech Park Store,South,4049.1,4424.25,2577.31,11,4494.5,64.92,291777.07,124461.47,11.0,1.59,VIOLATED: Exceeds max price increase limit (+10.0%),False
PROD_02,Smart Fitness Watch,Electronics,STORE_02,Bengaluru Tech Park Store,South,4049.1,4424.25,2577.31,12,4534.99,65.2,295668.77,127635.3,12.0,2.5,VIOLATED: Exceeds max price increase limit (+10.0%),False
PROD_02,Smart Fitness Watch,Electronics,STORE_02,Bengaluru Tech Park Store,South,4049.1,4424.25,2577.31,13,4575.48,65.2,298308.61,130275.14,13.0,3.42,VIOLATED: Exceeds max price increase limit (+10.0%),False
PROD_02,Smart Fitness Watch,Electronics,STORE_02,Bengaluru Tech Park Store,South,4049.1,4424.25,2577.31,14,4615.97,65.2,300948.45,132914.98,14.0,4.33,VIOLATED: Exceeds max price increase limit (+10.0%),False
PROD_02,Smart Fitness Watch,Electronics,STORE_02,Bengaluru Tech Park Store,South,4049.1,4424.25,2577.31,15,4656.46,65.17,303483.34,135507.96,15.0,5.25,VIOLATED: Exceeds max price increase limit (+10.0%); Exceeds max competitor premium (+5.0%),False
PROD_02,Smart Fitness Watch,Electronics,STORE_03,Mumbai High Street Mall,West,4499.0,4556.85,2577.31,-15,3824.15,56.31,215336.75,70209.19,-15.0,-16.08,VIOLATED: Exceeds max price decrease limit (-10.0%),False
PROD_02,Smart Fitness Watch,Electronics,STORE_03,Mumbai High Street Mall,West,4499.0,4556.85,2577.31,-14,3869.14,53.81,208203.9,69515.2,-14.0,-15.09,VIOLATED: Exceeds max price decrease limit (-10.0%),False
PROD_02,Smart Fitness Watch,Electronics,STORE_03,Mumbai High Street Mall,West,4499.0,4556.85,2577.31,-13,3914.13,53.81,210624.88,71936.18,-13.0,-14.1,VIOLATED: Exceeds max price decrease limit (-10.0%),False
PROD_02,Smart Fitness Watch,Electronics,STORE_03,Mumbai High Street Mall,West,4499.0,4556.85,2577.31,-12,3959.12,52.49,207807.33,72528.81,-12.0,-13.12,VIOLATED: Exceeds max price decrease limit (-10.0%),False
PROD_02,Smart Fitness Watch,Electronics,STORE_03,Mumbai High Street Mall,West,4499.0,4556.85,2577.31,-11,4004.11,52.49,210168.78,74890.26,-11.0,-12.13,VIOLATED: Exceeds max price decrease limit (-10.0%),False
PROD_02,Smart Fitness Watch,Electronics,STORE_03,Mumbai High Street Mall,West,4499.0,4556.85,2577.31,-10,4049.1,52.44,212340.1,77182.59,-10.0,-11.14,VIOLATED: Exceeds max price decrease limit (-10.0%),False
PROD_02,Smart Fitness Watch,Electronics,STORE_03,Mumbai High Street Mall,West,4499.0,4556.85,2577.31,-9,4094.09,51.68,211601.97,78394.38,-9.0,-10.16,PASSED,True
PROD_02,Smart Fitness Watch,Electronics,STORE_03,Mumbai High Street Mall,West,4499.0,4556.85,2577.31,-8,4139.08,51.52,213259.77,80467.81,-8.0,-9.17,PASSED,True
PROD_02,Smart Fitness Watch,Electronics,STORE_03,Mumbai High Street Mall,West,4499.0,4556.85,2577.31,-7,4184.07,51.52,215577.81,82785.85,-7.0,-8.18,PASSED,True
PROD_02,Smart Fitness Watch,Electronics,STORE_03,Mumbai High Street Mall,West,4499.0,4556.85,2577.31,-6,4229.06,51.12,216196.12,84440.02,-6.0,-7.19,PASSED,True
PROD_02,Smart Fitness Watch,Electronics,STORE_03,Mumbai High Street Mall,West,4499.0,4556.85,2577.31,-5,4274.05,51.12,218496.08,86739.98,-5.0,-6.21,PASSED,True
PROD_02,Smart Fitness Watch,Electronics,STORE_03,Mumbai High Street Mall,West,4499.0,4556.85,2577.31,-4,4319.04,51.12,220796.04,89039.94,-4.0,-5.22,PASSED,True
PROD_02,Smart Fitness Watch,Electronics,STORE_03,Mumbai High Street Mall,West,4499.0,4556.85,2577.31,-3,4364.03,50.99,222522.4,91105.06,-3.0,-4.23,PASSED,True
PROD_02,Smart Fitness Watch,Electronics,STORE_03,Mumbai High Street Mall,West,4499.0,4556.85,2577.31,-2,4409.02,50.99,224816.44,93399.1,-2.0,-3.24,PASSED,True
PROD_02,Smart Fitness Watch,Electronics,STORE_03,Mumbai High Street Mall,West,4499.0,4556.85,2577.31,-1,4454.01,50.99,227110.49,95693.15,-1.0,-2.26,PASSED,True
PROD_02,Smart Fitness Watch,Electronics,STORE_03,Mumbai High Street Mall,West,4499.0,4556.85,2577.31,0,4499.0,51.23,230481.18,98447.07,0.0,-1.27,PASSED,True
PROD_02,Smart Fitness Watch,Electronics,STORE_03,Mumbai High Street Mall,West,4499.0,4556.85,2577.31,1,4543.99,51.23,232785.99,100751.88,1.0,-0.28,PASSED,True
PROD_02,Smart Fitness Watch,Electronics,STORE_03,Mumbai High Street Mall,West,4499.0,4556.85,2577.31,2,4588.98,51.06,234304.92,102712.19,2.0,0.71,PASSED,True
PROD_02,Smart Fitness Watch,Electronics,STORE_03,Mumbai High Street Mall,West,4499.0,4556.85,2577.31,3,4633.97,50.68,234854.2,104233.57,3.0,1.69,PASSED,True
PROD_02,Smart Fitness Watch,Electronics,STORE_03,Mumbai High Street Mall,West,4499.0,4556.85,2577.31,4,4678.96,50.38,235717.78,105877.43,4.0,2.68,PASSED,True
PROD_02,Smart Fitness Watch,Electronics,STORE_03,Mumbai High Street Mall,West,4499.0,4556.85,2577.31,5,4723.95,50.38,237984.3,108143.95,5.0,3.67,PASSED,True
PROD_02,Smart Fitness Watch,Electronics,STORE_03,Mumbai High Street Mall,West,4499.0,4556.85,2577.31,6,4768.94,50.31,239947.03,110270.86,6.0,4.65,PASSED,True
PROD_02,Smart Fitness Watch,Electronics,STORE_03,Mumbai High Street Mall,West,4499.0,4556.85,2577.31,7,4813.93,50.02,240806.92,111882.3,7.0,5.64,VIOLATED: Exceeds max competitor premium (+5.0%),False
PROD_02,Smart Fitness Watch,Electronics,STORE_03,Mumbai High Street Mall,West,4499.0,4556.85,2577.31,8,4858.92,49.98,242833.45,114027.65,8.0,6.63,VIOLATED: Exceeds max competitor premium (+5.0%),False
PROD_02,Smart Fitness Watch,Electronics,STORE_03,Mumbai High Street Mall,West,4499.0,4556.85,2577.31,9,4903.91,49.98,245081.91,116276.11,9.0,7.62,VIOLATED: Exceeds max competitor premium (+5.0%),False
PROD_02,Smart Fitness Watch,Electronics,STORE_03,Mumbai High Street Mall,West,4499.0,4556.85,2577.31,10,4948.9,49.98,247330.37,118524.57,10.0,8.6,VIOLATED: Exceeds max competitor premium (+5.0%),False
PROD_02,Smart Fitness Watch,Electronics,STORE_03,Mumbai High Street Mall,West,4499.0,4556.85,2577.31,11,4993.89,49.68,248107.2,120060.89,11.0,9.59,VIOLATED: Exceeds max price increase limit (+10.0%); Exceeds max competitor premium (+5.0%),False
PROD_02,Smart Fitness Watch,Electronics,STORE_03,Mumbai High Street Mall,West,4499.0,4556.85,2577.31,12,5038.88,49.17,247755.18,121032.19,12.0,10.58,VIOLATED: Exceeds max price increase limit (+10.0%); Exceeds max competitor premium (+5.0%),False
PROD_02,Smart Fitness Watch,Electronics,STORE_03,Mumbai High Street Mall,West,4499.0,4556.85,2577.31,13,5083.87,49.17,249967.28,123244.29,13.0,11.57,VIOLATED: Exceeds max price increase limit (+10.0%); Exceeds max competitor premium (+5.0%),False
PROD_02,Smart Fitness Watch,Electronics,STORE_03,Mumbai High Street Mall,West,4499.0,4556.85,2577.31,14,5128.86,49.17,252179.38,125456.39,14.0,12.55,VIOLATED: Exceeds max price increase limit (+10.0%); Exceeds max competitor premium (+5.0%),False
PROD_02,Smart Fitness Watch,Electronics,STORE_03,Mumbai High Street Mall,West,4499.0,4556.85,2577.31,15,5173.85,49.17,254391.48,127668.49,15.0,13.54,VIOLATED: Exceeds max price increase limit (+10.0%); Exceeds max competitor premium (+5.0%),False
PROD_02,Smart Fitness Watch,Electronics,STORE_04,Kolkata City Center,East,4274.05,4654.81,2577.31,-15,3632.94,53.66,194939.96,56644.06,-15.0,-21.95,VIOLATED: Exceeds max price decrease limit (-10.0%),False
PROD_02,Smart Fitness Watch,Electronics,STORE_04,Kolkata City Center,East,4274.05,4654.81,2577.31,-14,3675.68,50.15,184337.12,55083.78,-14.0,-21.03,VIOLATED: Exceeds max price decrease limit (-10.0%),False
PROD_02,Smart Fitness Watch,Electronics,STORE_04,Kolkata City Center,East,4274.05,4654.81,2577.31,-13,3718.42,50.15,186480.56,57227.22,-13.0,-20.12,VIOLATED: Exceeds max price decrease limit (-10.0%),False
PROD_02,Smart Fitness Watch,Electronics,STORE_04,Kolkata City Center,East,4274.05,4654.81,2577.31,-12,3761.16,50.49,189917.85,59777.9,-12.0,-19.2,VIOLATED: Exceeds max price decrease limit (-10.0%),False
PROD_02,Smart Fitness Watch,Electronics,STORE_04,Kolkata City Center,East,4274.05,4654.81,2577.31,-11,3803.9,50.42,191802.88,61847.97,-11.0,-18.28,VIOLATED: Exceeds max price decrease limit (-10.0%),False
PROD_02,Smart Fitness Watch,Electronics,STORE_04,Kolkata City Center,East,4274.05,4654.81,2577.31,-10,3846.65,50.42,193958.45,64003.54,-10.0,-17.36,PASSED,True
PROD_02,Smart Fitness Watch,Electronics,STORE_04,Kolkata City Center,East,4274.05,4654.81,2577.31,-9,3889.39,50.42,196113.51,66158.6,-9.0,-16.44,PASSED,True
PROD_02,Smart Fitness Watch,Electronics,STORE_04,Kolkata City Center,East,4274.05,4654.81,2577.31,-8,3932.13,50.33,197886.19,68181.92,-8.0,-15.53,PASSED,True
PROD_02,Smart Fitness Watch,Electronics,STORE_04,Kolkata City Center,East,4274.05,4654.81,2577.31,-7,3974.87,50.06,198977.87,69960.4,-7.0,-14.61,PASSED,True
PROD_02,Smart Fitness Watch,Electronics,STORE_04,Kolkata City Center,East,4274.05,4654.81,2577.31,-6,4017.61,50.08,201189.56,72125.79,-6.0,-13.69,PASSED,True
PROD_02,Smart Fitness Watch,Electronics,STORE_04,Kolkata City Center,East,4274.05,4654.81,2577.31,-5,4060.35,50.08,203329.85,74266.08,-5.0,-12.77,PASSED,True
PROD_02,Smart Fitness Watch,Electronics,STORE_04,Kolkata City Center,East,4274.05,4654.81,2577.31,-4,4103.09,50.24,206130.77,76652.04,-4.0,-11.85,PASSED,True
PROD_02,Smart Fitness Watch,Electronics,STORE_04,Kolkata City Center,East,4274.05,4654.81,2577.31,-3,4145.83,48.21,199891.12,75626.17,-3.0,-10.93,PASSED,True
PROD_02,Smart Fitness Watch,Electronics,STORE_04,Kolkata City Center,East,4274.05,4654.81,2577.31,-2,4188.57,48.21,201951.82,77686.87,-2.0,-10.02,PASSED,True
PROD_02,Smart Fitness Watch,Electronics,STORE_04,Kolkata City Center,East,4274.05,4654.81,2577.31,-1,4231.31,48.05,203330.16,79480.84,-1.0,-9.1,PASSED,True
PROD_02,Smart Fitness Watch,Electronics,STORE_04,Kolkata City Center,East,4274.05,4654.81,2577.31,0,4274.05,48.05,205383.98,81534.66,0.0,-8.18,PASSED,True
PROD_02,Smart Fitness Watch,Electronics,STORE_04,Kolkata City Center,East,4274.05,4654.81,2577.31,1,4316.79,47.85,206565.56,83237.0,1.0,-7.26,PASSED,True
PROD_02,Smart Fitness Watch,Electronics,STORE_04,Kolkata City Center,East,4274.05,4654.81,2577.31,2,4359.53,47.85,208610.74,85282.18,2.0,-6.34,PASSED,True
PROD_02,Smart Fitness Watch,Electronics,STORE_04,Kolkata City Center,East,4274.05,4654.81,2577.31,3,4402.27,47.85,210655.92,87327.36,3.0,-5.43,PASSED,True
PROD_02,Smart Fitness Watch,Electronics,STORE_04,Kolkata City Center,East,4274.05,4654.81,2577.31,4,4445.01,47.73,212180.84,89153.94,4.0,-4.51,PASSED,True
PROD_02,Smart Fitness Watch,Electronics,STORE_04,Kolkata City Center,East,4274.05,4654.81,2577.31,5,4487.75,47.73,214221.02,91194.12,5.0,-3.59,PASSED,True
PROD_02,Smart Fitness Watch,Electronics,STORE_04,Kolkata City Center,East,4274.05,4654.81,2577.31,6,4530.49,47.73,216261.2,93234.3,6.0,-2.67,PASSED,True
PROD_02,Smart Fitness Watch,Electronics,STORE_04,Kolkata City Center,East,4274.05,4654.81,2577.31,7,4573.23,47.65,217915.9,95106.24,7.0,-1.75,PASSED,True
PROD_02,Smart Fitness Watch,Electronics,STORE_04,Kolkata City Center,East,4274.05,4654.81,2577.31,8,4615.97,47.65,219952.47,97142.81,8.0,-0.83,PASSED,True
PROD_02,Smart Fitness Watch,Electronics,STORE_04,Kolkata City Center,East,4274.05,4654.81,2577.31,9,4658.71,47.65,221989.05,99179.39,9.0,0.08,PASSED,True
PROD_02,Smart Fitness Watch,Electronics,STORE_04,Kolkata City Center,East,4274.05,4654.81,2577.31,10,4701.46,47.67,224135.54,101265.89,10.0,1.0,VIOLATED: Exceeds max price increase limit (+10.0%),False
PROD_02,Smart Fitness Watch,Electronics,STORE_04,Kolkata City Center,East,4274.05,4654.81,2577.31,11,4744.2,47.6,225831.93,103147.62,11.0,1.92,VIOLATED: Exceeds max price increase limit (+10.0%),False
PROD_02,Smart Fitness Watch,Electronics,STORE_04,Kolkata City Center,East,4274.05,4654.81,2577.31,12,4786.94,47.76,228605.09,105523.08,12.0,2.84,VIOLATED: Exceeds max price increase limit (+10.0%),False
PROD_02,Smart Fitness Watch,Electronics,STORE_04,Kolkata City Center,East,4274.05,4654.81,2577.31,13,4829.68,47.76,230646.18,107564.17,13.0,3.76,VIOLATED: Exceeds max price increase limit (+10.0%),False
PROD_02,Smart Fitness Watch,Electronics,STORE_04,Kolkata City Center,East,4274.05,4654.81,2577.31,14,4872.42,47.76,232687.27,109605.26,14.0,4.67,VIOLATED: Exceeds max price increase limit (+10.0%),False
PROD_02,Smart Fitness Watch,Electronics,STORE_04,Kolkata City Center,East,4274.05,4654.81,2577.31,15,4915.16,47.59,233921.28,111262.48,15.0,5.59,VIOLATED: Exceeds max price increase limit (+10.0%); Exceeds max competitor premium (+5.0%),False
PROD_03,Portable Bluetooth Speaker,Electronics,STORE_01,Delhi Flagship Metro,North,1499.0,1443.26,850.55,-15,1274.15,101.72,129600.35,43086.54,-15.0,-11.72,VIOLATED: Exceeds max price decrease limit (-10.0%),False
PROD_03,Portable Bluetooth Speaker,Electronics,STORE_01,Delhi Flagship Metro,North,1499.0,1443.26,850.55,-14,1289.14,101.17,130423.97,44372.72,-14.0,-10.68,VIOLATED: Exceeds max price decrease limit (-10.0%),False
PROD_03,Portable Bluetooth Speaker,Electronics,STORE_01,Delhi Flagship Metro,North,1499.0,1443.26,850.55,-13,1304.13,101.1,131842.26,45855.1,-13.0,-9.64,VIOLATED: Exceeds max price decrease limit (-10.0%),False
PROD_03,Portable Bluetooth Speaker,Electronics,STORE_01,Delhi Flagship Metro,North,1499.0,1443.26,850.55,-12,1319.12,101.1,133357.69,47370.53,-12.0,-8.6,VIOLATED: Exceeds max price decrease limit (-10.0%),False
PROD_03,Portable Bluetooth Speaker,Electronics,STORE_01,Delhi Flagship Metro,North,1499.0,1443.26,850.55,-11,1334.11,101.14,134933.54,48907.86,-11.0,-7.56,VIOLATED: Exceeds max price decrease limit (-10.0%),False
PROD_03,Portable Bluetooth Speaker,Electronics,STORE_01,Delhi Flagship Metro,North,1499.0,1443.26,850.55,-10,1349.1,100.54,135636.7,50123.54,-10.0,-6.52,VIOLATED: Exceeds max price decrease limit (-10.0%),False
PROD_03,Portable Bluetooth Speaker,Electronics,STORE_01,Delhi Flagship Metro,North,1499.0,1443.26,850.55,-9,1364.09,100.54,137143.78,51630.62,-9.0,-5.49,PASSED,True
PROD_03,Portable Bluetooth Speaker,Electronics,STORE_01,Delhi Flagship Metro,North,1499.0,1443.26,850.55,-8,1379.08,99.87,137726.66,52783.5,-8.0,-4.45,PASSED,True
PROD_03,Portable Bluetooth Speaker,Electronics,STORE_01,Delhi Flagship Metro,North,1499.0,1443.26,850.55,-7,1394.07,99.47,138668.71,54064.16,-7.0,-3.41,PASSED,True
PROD_03,Portable Bluetooth Speaker,Electronics,STORE_01,Delhi Flagship Metro,North,1499.0,1443.26,850.55,-6,1409.06,99.33,139956.33,55474.58,-6.0,-2.37,PASSED,True
PROD_03,Portable Bluetooth Speaker,Electronics,STORE_01,Delhi Flagship Metro,North,1499.0,1443.26,850.55,-5,1424.05,98.98,140959.12,56767.71,-5.0,-1.33,PASSED,True
PROD_03,Portable Bluetooth Speaker,Electronics,STORE_01,Delhi Flagship Metro,North,1499.0,1443.26,850.55,-4,1439.04,98.98,142442.9,58251.49,-4.0,-0.29,PASSED,True
PROD_03,Portable Bluetooth Speaker,Electronics,STORE_01,Delhi Flagship Metro,North,1499.0,1443.26,850.55,-3,1454.03,98.98,143926.68,59735.27,-3.0,0.75,PASSED,True
PROD_03,Portable Bluetooth Speaker,Electronics,STORE_01,Delhi Flagship Metro,North,1499.0,1443.26,850.55,-2,1469.02,99.59,146295.08,61591.48,-2.0,1.78,PASSED,True
PROD_03,Portable Bluetooth Speaker,Electronics,STORE_01,Delhi Flagship Metro,North,1499.0,1443.26,850.55,-1,1484.01,98.82,146644.72,62596.32,-1.0,2.82,PASSED,True
PROD_03,Portable Bluetooth Speaker,Electronics,STORE_01,Delhi Flagship Metro,North,1499.0,1443.26,850.55,0,1499.0,99.03,148448.44,64217.07,0.0,3.86,PASSED,True
PROD_03,Portable Bluetooth Speaker,Electronics,STORE_01,Delhi Flagship Metro,North,1499.0,1443.26,850.55,1,1513.99,99.14,150094.52,65772.37,1.0,4.9,PASSED,True
PROD_03,Portable Bluetooth Speaker,Electronics,STORE_01,Delhi Flagship Metro,North,1499.0,1443.26,850.55,2,1528.98,98.54,150670.96,66854.83,2.0,5.94,VIOLATED: Exceeds max competitor premium (+5.0%),False
PROD_03,Portable Bluetooth Speaker,Electronics,STORE_01,Delhi Flagship Metro,North,1499.0,1443.26,850.55,3,1543.97,98.5,152083.42,68302.93,3.0,6.98,VIOLATED: Exceeds max competitor premium (+5.0%),False
PROD_03,Portable Bluetooth Speaker,Electronics,STORE_01,Delhi Flagship Metro,North,1499.0,1443.26,850.55,4,1558.96,98.5,153559.96,69779.47,4.0,8.02,VIOLATED: Exceeds max competitor premium (+5.0%),False
PROD_03,Portable Bluetooth Speaker,Electronics,STORE_01,Delhi Flagship Metro,North,1499.0,1443.26,850.55,5,1573.95,98.5,155036.5,71256.01,5.0,9.06,VIOLATED: Exceeds max competitor premium (+5.0%),False
PROD_03,Portable Bluetooth Speaker,Electronics,STORE_01,Delhi Flagship Metro,North,1499.0,1443.26,850.55,6,1588.94,97.69,155228.96,72135.83,6.0,10.09,VIOLATED: Exceeds max competitor premium (+5.0%),False
PROD_03,Portable Bluetooth Speaker,Electronics,STORE_01,Delhi Flagship Metro,North,1499.0,1443.26,850.55,7,1603.93,97.33,156111.31,73326.86,7.0,11.13,VIOLATED: Exceeds max competitor premium (+5.0%),False
PROD_03,Portable Bluetooth Speaker,Electronics,STORE_01,Delhi Flagship Metro,North,1499.0,1443.26,850.55,8,1618.92,97.33,157570.29,74785.84,8.0,12.17,VIOLATED: Exceeds max competitor premium (+5.0%),False
PROD_03,Portable Bluetooth Speaker,Electronics,STORE_01,Delhi Flagship Metro,North,1499.0,1443.26,850.55,9,1633.91,97.33,159029.27,76244.82,9.0,13.21,VIOLATED: Exceeds max competitor premium (+5.0%),False
PROD_03,Portable Bluetooth Speaker,Electronics,STORE_01,Delhi Flagship Metro,North,1499.0,1443.26,850.55,10,1648.9,97.33,160488.26,77703.81,10.0,14.25,VIOLATED: Exceeds max price increase limit (+10.0%); Exceeds max competitor premium (+5.0%),False
PROD_03,Portable Bluetooth Speaker,Electronics,STORE_01,Delhi Flagship Metro,North,1499.0,1443.26,850.55,11,1663.89,97.33,161947.24,79162.79,11.0,15.29,VIOLATED: Exceeds max price increase limit (+10.0%); Exceeds max competitor premium (+5.0%),False
PROD_03,Portable Bluetooth Speaker,Electronics,STORE_01,Delhi Flagship Metro,North,1499.0,1443.26,850.55,12,1678.88,97.33,163406.23,80621.78,12.0,16.33,VIOLATED: Exceeds max price increase limit (+10.0%); Exceeds max competitor premium (+5.0%),False
PROD_03,Portable Bluetooth Speaker,Electronics,STORE_01,Delhi Flagship Metro,North,1499.0,1443.26,850.55,13,1693.87,97.33,164865.21,82080.76,13.0,17.36,VIOLATED: Exceeds max price increase limit (+10.0%); Exceeds max competitor premium (+5.0%),False
PROD_03,Portable Bluetooth Speaker,Electronics,STORE_01,Delhi Flagship Metro,North,1499.0,1443.26,850.55,14,1708.86,97.33,166324.19,83539.74,14.0,18.4,VIOLATED: Exceeds max price increase limit (+10.0%); Exceeds max competitor premium (+5.0%),False
PROD_03,Portable Bluetooth Speaker,Electronics,STORE_01,Delhi Flagship Metro,North,1499.0,1443.26,850.55,15,1723.85,97.33,167783.18,84998.73,15.0,19.44,VIOLATED: Exceeds max price increase limit (+10.0%); Exceeds max competitor premium (+5.0%),False
PROD_03,Portable Bluetooth Speaker,Electronics,STORE_02,Bengaluru Tech Park Store,South,1499.0,1489.29,850.55,-15,1274.15,89.03,113438.17,37713.31,-15.0,-14.45,VIOLATED: Exceeds max price decrease limit (-10.0%),False
PROD_03,Portable Bluetooth Speaker,Electronics,STORE_02,Bengaluru Tech Park Store,South,1499.0,1489.29,850.55,-14,1289.14,89.03,114772.73,39047.87,-14.0,-13.44,VIOLATED: Exceeds max price decrease limit (-10.0%),False
PROD_03,Portable Bluetooth Speaker,Electronics,STORE_02,Bengaluru Tech Park Store,South,1499.0,1489.29,850.55,-13,1304.13,85.66,111712.16,38853.8,-13.0,-12.43,VIOLATED: Exceeds max price decrease limit (-10.0%),False
PROD_03,Portable Bluetooth Speaker,Electronics,STORE_02,Bengaluru Tech Park Store,South,1499.0,1489.29,850.55,-12,1319.12,85.85,113241.48,40224.97,-12.0,-11.43,VIOLATED: Exceeds max price decrease limit (-10.0%),False
PROD_03,Portable Bluetooth Speaker,Electronics,STORE_02,Bengaluru Tech Park Store,South,1499.0,1489.29,850.55,-11,1334.11,85.85,114528.31,41511.8,-11.0,-10.42,VIOLATED: Exceeds max price decrease limit (-10.0%),False
PROD_03,Portable Bluetooth Speaker,Electronics,STORE_02,Bengaluru Tech Park Store,South,1499.0,1489.29,850.55,-10,1349.1,85.77,115713.49,42761.07,-10.0,-9.41,VIOLATED: Exceeds max price decrease limit (-10.0%),False
PROD_03,Portable Bluetooth Speaker,Electronics,STORE_02,Bengaluru Tech Park Store,South,1499.0,1489.29,850.55,-9,1364.09,85.77,116999.19,44046.77,-9.0,-8.41,PASSED,True
PROD_03,Portable Bluetooth Speaker,Electronics,STORE_02,Bengaluru Tech Park Store,South,1499.0,1489.29,850.55,-8,1379.08,85.1,117366.36,44980.46,-8.0,-7.4,PASSED,True
PROD_03,Portable Bluetooth Speaker,Electronics,STORE_02,Bengaluru Tech Park Store,South,1499.0,1489.29,850.55,-7,1394.07,84.75,118142.15,46061.26,-7.0,-6.39,PASSED,True
PROD_03,Portable Bluetooth Speaker,Electronics,STORE_02,Bengaluru Tech Park Store,South,1499.0,1489.29,850.55,-6,1409.06,84.75,119412.49,47331.6,-6.0,-5.39,PASSED,True
PROD_03,Portable Bluetooth Speaker,Electronics,STORE_02,Bengaluru Tech Park Store,South,1499.0,1489.29,850.55,-5,1424.05,83.64,119102.3,47965.43,-5.0,-4.38,PASSED,True
PROD_03,Portable Bluetooth Speaker,Electronics,STORE_02,Bengaluru Tech Park Store,South,1499.0,1489.29,850.55,-4,1439.04,83.67,120400.62,49237.38,-4.0,-3.37,PASSED,True
PROD_03,Portable Bluetooth Speaker,Electronics,STORE_02,Bengaluru Tech Park Store,South,1499.0,1489.29,850.55,-3,1454.03,83.52,121444.86,50404.42,-3.0,-2.37,PASSED,True
PROD_03,Portable Bluetooth Speaker,Electronics,STORE_02,Bengaluru Tech Park Store,South,1499.0,1489.29,850.55,-2,1469.02,83.45,122587.88,51610.55,-2.0,-1.36,PASSED,True
PROD_03,Portable Bluetooth Speaker,Electronics,STORE_02,Bengaluru Tech Park Store,South,1499.0,1489.29,850.55,-1,1484.01,83.56,123999.65,52930.11,-1.0,-0.35,PASSED,True
PROD_03,Portable Bluetooth Speaker,Electronics,STORE_02,Bengaluru Tech Park Store,South,1499.0,1489.29,850.55,0,1499.0,83.12,124596.11,53898.83,0.0,0.65,PASSED,True
PROD_03,Portable Bluetooth Speaker,Electronics,STORE_02,Bengaluru Tech Park Store,South,1499.0,1489.29,850.55,1,1513.99,81.9,123994.62,54335.23,1.0,1.66,PASSED,True
PROD_03,Portable Bluetooth Speaker,Electronics,STORE_02,Bengaluru Tech Park Store,South,1499.0,1489.29,850.55,2,1528.98,81.7,124922.5,55429.87,2.0,2.67,PASSED,True
PROD_03,Portable Bluetooth Speaker,Electronics,STORE_02,Bengaluru Tech Park Store,South,1499.0,1489.29,850.55,3,1543.97,81.58,125957.9,56569.58,3.0,3.67,PASSED,True
PROD_03,Portable Bluetooth Speaker,Electronics,STORE_02,Bengaluru Tech Park Store,South,1499.0,1489.29,850.55,4,1558.96,81.5,127057.13,57736.27,4.0,4.68,PASSED,True
PROD_03,Portable Bluetooth Speaker,Electronics,STORE_02,Bengaluru Tech Park Store,South,1499.0,1489.29,850.55,5,1573.95,80.7,127018.49,58378.71,5.0,5.68,VIOLATED: Exceeds max competitor premium (+5.0%),False
PROD_03,Portable Bluetooth Speaker,Electronics,STORE_02,Bengaluru Tech Park Store,South,1499.0,1489.29,850.55,6,1588.94,81.11,128872.11,59887.65,6.0,6.69,VIOLATED: Exceeds max competitor premium (+5.0%),False
PROD_03,Portable Bluetooth Speaker,Electronics,STORE_02,Bengaluru Tech Park Store,South,1499.0,1489.29,850.55,7,1603.93,80.74,129505.81,60830.02,7.0,7.7,VIOLATED: Exceeds max competitor premium (+5.0%),False
PROD_03,Portable Bluetooth Speaker,Electronics,STORE_02,Bengaluru Tech Park Store,South,1499.0,1489.29,850.55,8,1618.92,80.74,130716.14,62040.35,8.0,8.7,VIOLATED: Exceeds max competitor premium (+5.0%),False
PROD_03,Portable Bluetooth Speaker,Electronics,STORE_02,Bengaluru Tech Park Store,South,1499.0,1489.29,850.55,9,1633.91,80.45,131444.99,63019.84,9.0,9.71,VIOLATED: Exceeds max competitor premium (+5.0%),False
PROD_03,Portable Bluetooth Speaker,Electronics,STORE_02,Bengaluru Tech Park Store,South,1499.0,1489.29,850.55,10,1648.9,79.93,131804.28,63815.85,10.0,10.72,VIOLATED: Exceeds max price increase limit (+10.0%); Exceeds max competitor premium (+5.0%),False
PROD_03,Portable Bluetooth Speaker,Electronics,STORE_02,Bengaluru Tech Park Store,South,1499.0,1489.29,850.55,11,1663.89,79.93,133002.5,65014.07,11.0,11.72,VIOLATED: Exceeds max price increase limit (+10.0%); Exceeds max competitor premium (+5.0%),False
PROD_03,Portable Bluetooth Speaker,Electronics,STORE_02,Bengaluru Tech Park Store,South,1499.0,1489.29,850.55,12,1678.88,79.93,134200.72,66212.29,12.0,12.73,VIOLATED: Exceeds max price increase limit (+10.0%); Exceeds max competitor premium (+5.0%),False
PROD_03,Portable Bluetooth Speaker,Electronics,STORE_02,Bengaluru Tech Park Store,South,1499.0,1489.29,850.55,13,1693.87,79.93,135398.94,67410.51,13.0,13.74,VIOLATED: Exceeds max price increase limit (+10.0%); Exceeds max competitor premium (+5.0%),False
PROD_03,Portable Bluetooth Speaker,Electronics,STORE_02,Bengaluru Tech Park Store,South,1499.0,1489.29,850.55,14,1708.86,79.93,136597.16,68608.73,14.0,14.74,VIOLATED: Exceeds max price increase limit (+10.0%); Exceeds max competitor premium (+5.0%),False
PROD_03,Portable Bluetooth Speaker,Electronics,STORE_02,Bengaluru Tech Park Store,South,1499.0,1489.29,850.55,15,1723.85,79.93,137795.38,69806.95,15.0,15.75,VIOLATED: Exceeds max price increase limit (+10.0%); Exceeds max competitor premium (+5.0%),False
PROD_03,Portable Bluetooth Speaker,Electronics,STORE_03,Mumbai High Street Mall,West,1499.0,1561.2,850.55,-15,1274.15,110.02,140177.49,46602.98,-15.0,-18.39,VIOLATED: Exceeds max price decrease limit (-10.0%),False
PROD_03,Portable Bluetooth Speaker,Electronics,STORE_03,Mumbai High Street Mall,West,1499.0,1561.2,850.55,-14,1289.14,110.02,141826.63,48252.12,-14.0,-17.43,VIOLATED: Exceeds max price decrease limit (-10.0%),False
PROD_03,Portable Bluetooth Speaker,Electronics,STORE_03,Mumbai High Street Mall,West,1499.0,1561.2,850.55,-13,1304.13,110.02,143475.78,49901.27,-13.0,-16.47,VIOLATED: Exceeds max price decrease limit (-10.0%),False
PROD_03,Portable Bluetooth Speaker,Electronics,STORE_03,Mumbai High Street Mall,West,1499.0,1561.2,850.55,-12,1319.12,109.55,144510.24,51332.07,-12.0,-15.51,VIOLATED: Exceeds max price decrease limit (-10.0%),False
PROD_03,Portable Bluetooth Speaker,Electronics,STORE_03,Mumbai High Street Mall,West,1499.0,1561.2,850.55,-11,1334.11,107.42,143316.09,51946.19,-11.0,-14.55,VIOLATED: Exceeds max price decrease limit (-10.0%),False
PROD_03,Portable Bluetooth Speaker,Electronics,STORE_03,Mumbai High Street Mall,West,1499.0,1561.2,850.55,-10,1349.1,105.64,142523.66,52668.57,-10.0,-13.59,VIOLATED: Exceeds max price decrease limit (-10.0%),False
PROD_03,Portable Bluetooth Speaker,Electronics,STORE_03,Mumbai High Street Mall,West,1499.0,1561.2,850.55,-9,1364.09,105.64,144107.25,54252.16,-9.0,-12.63,PASSED,True
PROD_03,Portable Bluetooth Speaker,Electronics,STORE_03,Mumbai High Street Mall,West,1499.0,1561.2,850.55,-8,1379.08,104.89,144652.68,55437.89,-8.0,-11.67,PASSED,True
PROD_03,Portable Bluetooth Speaker,Electronics,STORE_03,Mumbai High Street Mall,West,1499.0,1561.2,850.55,-7,1394.07,104.89,146224.99,57010.2,-7.0,-10.71,PASSED,True
PROD_03,Portable Bluetooth Speaker,Electronics,STORE_03,Mumbai High Street Mall,West,1499.0,1561.2,850.55,-6,1409.06,104.89,147797.3,58582.51,-6.0,-9.75,PASSED,True
PROD_03,Portable Bluetooth Speaker,Electronics,STORE_03,Mumbai High Street Mall,West,1499.0,1561.2,850.55,-5,1424.05,104.82,149262.3,60111.6,-5.0,-8.78,PASSED,True
PROD_03,Portable Bluetooth Speaker,Electronics,STORE_03,Mumbai High Street Mall,West,1499.0,1561.2,850.55,-4,1439.04,104.82,150833.49,61682.79,-4.0,-7.82,PASSED,True
PROD_03,Portable Bluetooth Speaker,Electronics,STORE_03,Mumbai High Street Mall,West,1499.0,1561.2,850.55,-3,1454.03,104.56,152030.64,63098.73,-3.0,-6.86,PASSED,True
PROD_03,Portable Bluetooth Speaker,Electronics,STORE_03,Mumbai High Street Mall,West,1499.0,1561.2,850.55,-2,1469.02,104.56,153597.97,64666.06,-2.0,-5.9,PASSED,True
PROD_03,Portable Bluetooth Speaker,Electronics,STORE_03,Mumbai High Street Mall,West,1499.0,1561.2,850.55,-1,1484.01,104.56,155165.3,66233.39,-1.0,-4.94,PASSED,True
PROD_03,Portable Bluetooth Speaker,Electronics,STORE_03,Mumbai High Street Mall,West,1499.0,1561.2,850.55,0,1499.0,103.59,155288.79,67176.13,0.0,-3.98,PASSED,True
PROD_03,Portable Bluetooth Speaker,Electronics,STORE_03,Mumbai High Street Mall,West,1499.0,1561.2,850.55,1,1513.99,102.84,155704.52,68230.7,1.0,-3.02,PASSED,True
PROD_03,Portable Bluetooth Speaker,Electronics,STORE_03,Mumbai High Street Mall,West,1499.0,1561.2,850.55,2,1528.98,102.64,156936.55,69634.96,2.0,-2.06,PASSED,True
PROD_03,Portable Bluetooth Speaker,Electronics,STORE_03,Mumbai High Street Mall,West,1499.0,1561.2,850.55,3,1543.97,102.64,158475.14,71173.55,3.0,-1.1,PASSED,True
PROD_03,Portable Bluetooth Speaker,Electronics,STORE_03,Mumbai High Street Mall,West,1499.0,1561.2,850.55,4,1558.96,102.64,160013.73,72712.14,4.0,-0.14,PASSED,True
PROD_03,Portable Bluetooth Speaker,Electronics,STORE_03,Mumbai High Street Mall,West,1499.0,1561.2,850.55,5,1573.95,102.64,161552.33,74250.74,5.0,0.82,PASSED,True
PROD_03,Portable Bluetooth Speaker,Electronics,STORE_03,Mumbai High Street Mall,West,1499.0,1561.2,850.55,6,1588.94,102.15,162317.34,75429.85,6.0,1.78,PASSED,True
PROD_03,Portable Bluetooth Speaker,Electronics,STORE_03,Mumbai High Street Mall,West,1499.0,1561.2,850.55,7,1603.93,101.16,162248.52,76209.55,7.0,2.74,PASSED,True
PROD_03,Portable Bluetooth Speaker,Electronics,STORE_03,Mumbai High Street Mall,West,1499.0,1561.2,850.55,8,1618.92,101.16,163764.86,77725.89,8.0,3.7,PASSED,True
PROD_03,Portable Bluetooth Speaker,Electronics,STORE_03,Mumbai High Street Mall,West,1499.0,1561.2,850.55,9,1633.91,100.94,164925.57,79071.73,9.0,4.66,PASSED,True
PROD_03,Portable Bluetooth Speaker,Electronics,STORE_03,Mumbai High Street Mall,West,1499.0,1561.2,850.55,10,1648.9,99.82,164598.82,79694.02,10.0,5.62,VIOLATED: Exceeds max price increase limit (+10.0%); Exceeds max competitor premium (+5.0%),False
PROD_03,Portable Bluetooth Speaker,Electronics,STORE_03,Mumbai High Street Mall,West,1499.0,1561.2,850.55,11,1663.89,100.05,166469.11,81373.16,11.0,6.58,VIOLATED: Exceeds max price increase limit (+10.0%); Exceeds max competitor premium (+5.0%),False
PROD_03,Portable Bluetooth Speaker,Electronics,STORE_03,Mumbai High Street Mall,West,1499.0,1561.2,850.55,12,1678.88,100.05,167968.84,82872.89,12.0,7.54,VIOLATED: Exceeds max price increase limit (+10.0%); Exceeds max competitor premium (+5.0%),False
PROD_03,Portable Bluetooth Speaker,Electronics,STORE_03,Mumbai High Street Mall,West,1499.0,1561.2,850.55,13,1693.87,100.05,169468.56,84372.61,13.0,8.5,VIOLATED: Exceeds max price increase limit (+10.0%); Exceeds max competitor premium (+5.0%),False
PROD_03,Portable Bluetooth Speaker,Electronics,STORE_03,Mumbai High Street Mall,West,1499.0,1561.2,850.55,14,1708.86,100.05,170968.28,85872.33,14.0,9.46,VIOLATED: Exceeds max price increase limit (+10.0%); Exceeds max competitor premium (+5.0%),False
PROD_03,Portable Bluetooth Speaker,Electronics,STORE_03,Mumbai High Street Mall,West,1499.0,1561.2,850.55,15,1723.85,99.24,171074.9,86666.31,15.0,10.42,VIOLATED: Exceeds max price increase limit (+10.0%); Exceeds max competitor premium (+5.0%),False
PROD_03,Portable Bluetooth Speaker,Electronics,STORE_04,Kolkata City Center,East,1499.0,1572.18,850.55,-15,1274.15,76.6,97593.87,32445.76,-15.0,-18.96,VIOLATED: Exceeds max price decrease limit (-10.0%),False
PROD_03,Portable Bluetooth Speaker,Electronics,STORE_04,Kolkata City Center,East,1499.0,1572.18,850.55,-14,1289.14,76.1,98104.52,33377.03,-14.0,-18.0,VIOLATED: Exceeds max price decrease limit (-10.0%),False
PROD_03,Portable Bluetooth Speaker,Electronics,STORE_04,Kolkata City Center,East,1499.0,1572.18,850.55,-13,1304.13,75.87,98939.19,34411.32,-13.0,-17.05,VIOLATED: Exceeds max price decrease limit (-10.0%),False
PROD_03,Portable Bluetooth Speaker,Electronics,STORE_04,Kolkata City Center,East,1499.0,1572.18,850.55,-12,1319.12,75.31,99342.17,35287.74,-12.0,-16.1,VIOLATED: Exceeds max price decrease limit (-10.0%),False
PROD_03,Portable Bluetooth Speaker,Electronics,STORE_04,Kolkata City Center,East,1499.0,1572.18,850.55,-11,1334.11,74.48,99367.03,36016.46,-11.0,-15.14,VIOLATED: Exceeds max price decrease limit (-10.0%),False
PROD_03,Portable Bluetooth Speaker,Electronics,STORE_04,Kolkata City Center,East,1499.0,1572.18,850.55,-10,1349.1,74.15,100034.17,36966.89,-10.0,-14.19,VIOLATED: Exceeds max price decrease limit (-10.0%),False
PROD_03,Portable Bluetooth Speaker,Electronics,STORE_04,Kolkata City Center,East,1499.0,1572.18,850.55,-9,1364.09,74.15,101145.66,38078.38,-9.0,-13.24,PASSED,True
PROD_03,Portable Bluetooth Speaker,Electronics,STORE_04,Kolkata City Center,East,1499.0,1572.18,850.55,-8,1379.08,74.15,102257.15,39189.87,-8.0,-12.28,PASSED,True
PROD_03,Portable Bluetooth Speaker,Electronics,STORE_04,Kolkata City Center,East,1499.0,1572.18,850.55,-7,1394.07,74.15,103368.64,40301.36,-7.0,-11.33,PASSED,True
PROD_03,Portable Bluetooth Speaker,Electronics,STORE_04,Kolkata City Center,East,1499.0,1572.18,850.55,-6,1409.06,72.49,102148.82,40488.79,-6.0,-10.38,PASSED,True
PROD_03,Portable Bluetooth Speaker,Electronics,STORE_04,Kolkata City Center,East,1499.0,1572.18,850.55,-5,1424.05,72.7,103528.93,41693.65,-5.0,-9.42,PASSED,True
PROD_03,Portable Bluetooth Speaker,Electronics,STORE_04,Kolkata City Center,East,1499.0,1572.18,850.55,-4,1439.04,72.2,103902.98,42490.74,-4.0,-8.47,PASSED,True
PROD_03,Portable Bluetooth Speaker,Electronics,STORE_04,Kolkata City Center,East,1499.0,1572.18,850.55,-3,1454.03,71.73,104295.82,43286.89,-3.0,-7.52,PASSED,True
PROD_03,Portable Bluetooth Speaker,Electronics,STORE_04,Kolkata City Center,East,1499.0,1572.18,850.55,-2,1469.02,71.07,104401.59,43953.96,-2.0,-6.56,PASSED,True
PROD_03,Portable Bluetooth Speaker,Electronics,STORE_04,Kolkata City Center,East,1499.0,1572.18,850.55,-1,1484.01,71.07,105466.91,45019.28,-1.0,-5.61,PASSED,True
PROD_03,Portable Bluetooth Speaker,Electronics,STORE_04,Kolkata City Center,East,1499.0,1572.18,850.55,0,1499.0,70.42,105553.23,45661.1,0.0,-4.65,PASSED,True
PROD_03,Portable Bluetooth Speaker,Electronics,STORE_04,Kolkata City Center,East,1499.0,1572.18,850.55,1,1513.99,68.67,103962.31,45556.94,1.0,-3.7,PASSED,True
PROD_03,Portable Bluetooth Speaker,Electronics,STORE_04,Kolkata City Center,East,1499.0,1572.18,850.55,2,1528.98,68.52,104770.88,46488.32,2.0,-2.75,PASSED,True
PROD_03,Portable Bluetooth Speaker,Electronics,STORE_04,Kolkata City Center,East,1499.0,1572.18,850.55,3,1543.97,68.44,105667.91,47457.04,3.0,-1.79,PASSED,True
PROD_03,Portable Bluetooth Speaker,Electronics,STORE_04,Kolkata City Center,East,1499.0,1572.18,850.55,4,1558.96,68.44,106693.81,48482.94,4.0,-0.84,PASSED,True
PROD_03,Portable Bluetooth Speaker,Electronics,STORE_04,Kolkata City Center,East,1499.0,1572.18,850.55,5,1573.95,68.44,107719.71,49508.84,5.0,0.11,PASSED,True
PROD_03,Portable Bluetooth Speaker,Electronics,STORE_04,Kolkata City Center,East,1499.0,1572.18,850.55,6,1588.94,68.44,108745.61,50534.74,6.0,1.07,PASSED,True
PROD_03,Portable Bluetooth Speaker,Electronics,STORE_04,Kolkata City Center,East,1499.0,1572.18,850.55,7,1603.93,68.38,109677.12,51516.31,7.0,2.02,PASSED,True
PROD_03,Portable Bluetooth Speaker,Electronics,STORE_04,Kolkata City Center,East,1499.0,1572.18,850.55,8,1618.92,68.19,110394.47,52395.3,8.0,2.97,PASSED,True
PROD_03,Portable Bluetooth Speaker,Electronics,STORE_04,Kolkata City Center,East,1499.0,1572.18,850.55,9,1633.91,68.19,111416.64,53417.47,9.0,3.93,PASSED,True
PROD_03,Portable Bluetooth Speaker,Electronics,STORE_04,Kolkata City Center,East,1499.0,1572.18,850.55,10,1648.9,68.05,112207.22,54327.51,10.0,4.88,VIOLATED: Exceeds max price increase limit (+10.0%),False
PROD_03,Portable Bluetooth Speaker,Electronics,STORE_04,Kolkata City Center,East,1499.0,1572.18,850.55,11,1663.89,67.79,112789.24,55133.45,11.0,5.83,VIOLATED: Exceeds max price increase limit (+10.0%); Exceeds max competitor premium (+5.0%),False
PROD_03,Portable Bluetooth Speaker,Electronics,STORE_04,Kolkata City Center,East,1499.0,1572.18,850.55,12,1678.88,67.79,113805.36,56149.57,12.0,6.79,VIOLATED: Exceeds max price increase limit (+10.0%); Exceeds max competitor premium (+5.0%),False
PROD_03,Portable Bluetooth Speaker,Electronics,STORE_04,Kolkata City Center,East,1499.0,1572.18,850.55,13,1693.87,67.79,114821.48,57165.69,13.0,7.74,VIOLATED: Exceeds max price increase limit (+10.0%); Exceeds max competitor premium (+5.0%),False
PROD_03,Portable Bluetooth Speaker,Electronics,STORE_04,Kolkata City Center,East,1499.0,1572.18,850.55,14,1708.86,67.79,115837.6,58181.81,14.0,8.69,VIOLATED: Exceeds max price increase limit (+10.0%); Exceeds max competitor premium (+5.0%),False
PROD_03,Portable Bluetooth Speaker,Electronics,STORE_04,Kolkata City Center,East,1499.0,1572.18,850.55,15,1723.85,67.49,116345.72,58940.58,15.0,9.65,VIOLATED: Exceeds max price increase limit (+10.0%); Exceeds max competitor premium (+5.0%),False
PROD_04,Fast-Charging 20000mAh Power Bank,Electronics,STORE_01,Delhi Flagship Metro,North,959.04,1087.81,554.5,-15,815.18,141.28,115168.37,36828.79,-15.0,-25.06,VIOLATED: Exceeds max price decrease limit (-10.0%),False
PROD_04,Fast-Charging 20000mAh Power Bank,Electronics,STORE_01,Delhi Flagship Metro,North,959.04,1087.81,554.5,-14,824.77,141.38,116603.75,38210.04,-14.0,-24.18,VIOLATED: Exceeds max price decrease limit (-10.0%),False
PROD_04,Fast-Charging 20000mAh Power Bank,Electronics,STORE_01,Delhi Flagship Metro,North,959.04,1087.81,554.5,-13,834.36,141.38,117959.55,39565.84,-13.0,-23.3,VIOLATED: Exceeds max price decrease limit (-10.0%),False
PROD_04,Fast-Charging 20000mAh Power Bank,Electronics,STORE_01,Delhi Flagship Metro,North,959.04,1087.81,554.5,-12,843.96,140.19,118318.6,40580.71,-12.0,-22.42,VIOLATED: Exceeds max price decrease limit (-10.0%),False
PROD_04,Fast-Charging 20000mAh Power Bank,Electronics,STORE_01,Delhi Flagship Metro,North,959.04,1087.81,554.5,-11,853.55,140.19,119663.07,41925.18,-11.0,-21.54,VIOLATED: Exceeds max price decrease limit (-10.0%),False
PROD_04,Fast-Charging 20000mAh Power Bank,Electronics,STORE_01,Delhi Flagship Metro,North,959.04,1087.81,554.5,-10,863.14,140.19,121007.54,43269.65,-10.0,-20.65,PASSED,True
PROD_04,Fast-Charging 20000mAh Power Bank,Electronics,STORE_01,Delhi Flagship Metro,North,959.04,1087.81,554.5,-9,872.73,140.54,122652.23,44723.59,-9.0,-19.77,PASSED,True
PROD_04,Fast-Charging 20000mAh Power Bank,Electronics,STORE_01,Delhi Flagship Metro,North,959.04,1087.81,554.5,-8,882.32,140.22,123721.38,45967.84,-8.0,-18.89,PASSED,True
PROD_04,Fast-Charging 20000mAh Power Bank,Electronics,STORE_01,Delhi Flagship Metro,North,959.04,1087.81,554.5,-7,891.91,141.2,125940.55,47643.37,-7.0,-18.01,PASSED,True
PROD_04,Fast-Charging 20000mAh Power Bank,Electronics,STORE_01,Delhi Flagship Metro,North,959.04,1087.81,554.5,-6,901.5,138.32,124698.98,47998.39,-6.0,-17.13,PASSED,True
PROD_04,Fast-Charging 20000mAh Power Bank,Electronics,STORE_01,Delhi Flagship Metro,North,959.04,1087.81,554.5,-5,911.09,138.32,126025.51,49324.92,-5.0,-16.25,PASSED,True
PROD_04,Fast-Charging 20000mAh Power Bank,Electronics,STORE_01,Delhi Flagship Metro,North,959.04,1087.81,554.5,-4,920.68,137.86,126923.01,50480.81,-4.0,-15.36,PASSED,True
PROD_04,Fast-Charging 20000mAh Power Bank,Electronics,STORE_01,Delhi Flagship Metro,North,959.04,1087.81,554.5,-3,930.27,138.73,129054.03,52129.63,-3.0,-14.48,PASSED,True
PROD_04,Fast-Charging 20000mAh Power Bank,Electronics,STORE_01,Delhi Flagship Metro,North,959.04,1087.81,554.5,-2,939.86,137.83,129541.29,53114.33,-2.0,-13.6,PASSED,True
PROD_04,Fast-Charging 20000mAh Power Bank,Electronics,STORE_01,Delhi Flagship Metro,North,959.04,1087.81,554.5,-1,949.45,135.24,128406.14,53414.08,-1.0,-12.72,PASSED,True
PROD_04,Fast-Charging 20000mAh Power Bank,Electronics,STORE_01,Delhi Flagship Metro,North,959.04,1087.81,554.5,0,959.04,134.9,129374.61,54572.5,0.0,-11.84,PASSED,True
PROD_04,Fast-Charging 20000mAh Power Bank,Electronics,STORE_01,Delhi Flagship Metro,North,959.04,1087.81,554.5,1,968.63,134.59,130366.13,55736.99,1.0,-10.96,PASSED,True
PROD_04,Fast-Charging 20000mAh Power Bank,Electronics,STORE_01,Delhi Flagship Metro,North,959.04,1087.81,554.5,2,978.22,134.09,131172.92,56818.09,2.0,-10.07,PASSED,True
PROD_04,Fast-Charging 20000mAh Power Bank,Electronics,STORE_01,Delhi Flagship Metro,North,959.04,1087.81,554.5,3,987.81,134.3,132662.4,58193.32,3.0,-9.19,PASSED,True
PROD_04,Fast-Charging 20000mAh Power Bank,Electronics,STORE_01,Delhi Flagship Metro,North,959.04,1087.81,554.5,4,997.4,134.87,134514.63,59731.83,4.0,-8.31,PASSED,True
PROD_04,Fast-Charging 20000mAh Power Bank,Electronics,STORE_01,Delhi Flagship Metro,North,959.04,1087.81,554.5,5,1006.99,134.37,135304.25,60798.84,5.0,-7.43,PASSED,True
PROD_04,Fast-Charging 20000mAh Power Bank,Electronics,STORE_01,Delhi Flagship Metro,North,959.04,1087.81,554.5,6,1016.58,133.73,135944.97,61792.92,6.0,-6.55,PASSED,True
PROD_04,Fast-Charging 20000mAh Power Bank,Electronics,STORE_01,Delhi Flagship Metro,North,959.04,1087.81,554.5,7,1026.17,133.73,137227.42,63075.37,7.0,-5.67,PASSED,True
PROD_04,Fast-Charging 20000mAh Power Bank,Electronics,STORE_01,Delhi Flagship Metro,North,959.04,1087.81,554.5,8,1035.76,130.86,135543.0,62979.29,8.0,-4.78,PASSED,True
PROD_04,Fast-Charging 20000mAh Power Bank,Electronics,STORE_01,Delhi Flagship Metro,North,959.04,1087.81,554.5,9,1045.35,131.0,136935.73,64298.95,9.0,-3.9,PASSED,True
PROD_04,Fast-Charging 20000mAh Power Bank,Electronics,STORE_01,Delhi Flagship Metro,North,959.04,1087.81,554.5,10,1054.94,131.09,138288.93,65601.19,10.0,-3.02,PASSED,True
PROD_04,Fast-Charging 20000mAh Power Bank,Electronics,STORE_01,Delhi Flagship Metro,North,959.04,1087.81,554.5,11,1064.53,131.09,139546.05,66858.31,11.0,-2.14,VIOLATED: Exceeds max price increase limit (+10.0%),False
PROD_04,Fast-Charging 20000mAh Power Bank,Electronics,STORE_01,Delhi Flagship Metro,North,959.04,1087.81,554.5,12,1074.12,131.09,140803.17,68115.43,12.0,-1.26,VIOLATED: Exceeds max price increase limit (+10.0%),False
PROD_04,Fast-Charging 20000mAh Power Bank,Electronics,STORE_01,Delhi Flagship Metro,North,959.04,1087.81,554.5,13,1083.72,131.09,142061.61,69373.87,13.0,-0.38,VIOLATED: Exceeds max price increase limit (+10.0%),False
PROD_04,Fast-Charging 20000mAh Power Bank,Electronics,STORE_01,Delhi Flagship Metro,North,959.04,1087.81,554.5,14,1093.31,131.46,143721.82,70829.64,14.0,0.51,VIOLATED: Exceeds max price increase limit (+10.0%),False
PROD_04,Fast-Charging 20000mAh Power Bank,Electronics,STORE_01,Delhi Flagship Metro,North,959.04,1087.81,554.5,15,1102.9,131.46,144982.48,72090.3,15.0,1.39,VIOLATED: Exceeds max price increase limit (+10.0%),False
PROD_04,Fast-Charging 20000mAh Power Bank,Electronics,STORE_02,Bengaluru Tech Park Store,South,899.1,938.72,554.5,-15,764.24,182.16,139212.83,38205.93,-15.0,-18.59,VIOLATED: Exceeds max price decrease limit (-10.0%),False
PROD_04,Fast-Charging 20000mAh Power Bank,Electronics,STORE_02,Bengaluru Tech Park Store,South,899.1,938.72,554.5,-14,773.23,182.16,140850.44,39843.54,-14.0,-17.63,VIOLATED: Exceeds max price decrease limit (-10.0%),False
PROD_04,Fast-Charging 20000mAh Power Bank,Electronics,STORE_02,Bengaluru Tech Park Store,South,899.1,938.72,554.5,-13,782.22,181.73,142156.57,41384.64,-13.0,-16.67,VIOLATED: Exceeds max price decrease limit (-10.0%),False
PROD_04,Fast-Charging 20000mAh Power Bank,Electronics,STORE_02,Bengaluru Tech Park Store,South,899.1,938.72,554.5,-12,791.21,179.76,142225.55,42550.28,-12.0,-15.71,VIOLATED: Exceeds max price decrease limit (-10.0%),False
PROD_04,Fast-Charging 20000mAh Power Bank,Electronics,STORE_02,Bengaluru Tech Park Store,South,899.1,938.72,554.5,-11,800.2,179.56,143681.07,44117.02,-11.0,-14.76,VIOLATED: Exceeds max price decrease limit (-10.0%),False
PROD_04,Fast-Charging 20000mAh Power Bank,Electronics,STORE_02,Bengaluru Tech Park Store,South,899.1,938.72,554.5,-10,809.19,176.63,142927.41,44985.95,-10.0,-13.8,PASSED,True
PROD_04,Fast-Charging 20000mAh Power Bank,Electronics,STORE_02,Bengaluru Tech Park Store,South,899.1,938.72,554.5,-9,818.18,172.55,141175.69,45497.58,-9.0,-12.84,PASSED,True
PROD_04,Fast-Charging 20000mAh Power Bank,Electronics,STORE_02,Bengaluru Tech Park Store,South,899.1,938.72,554.5,-8,827.17,169.25,139997.0,46148.9,-8.0,-11.88,PASSED,True
PROD_04,Fast-Charging 20000mAh Power Bank,Electronics,STORE_02,Bengaluru Tech Park Store,South,899.1,938.72,554.5,-7,836.16,167.98,140458.68,47313.43,-7.0,-10.93,PASSED,True
PROD_04,Fast-Charging 20000mAh Power Bank,Electronics,STORE_02,Bengaluru Tech Park Store,South,899.1,938.72,554.5,-6,845.15,167.98,141968.82,48823.57,-6.0,-9.97,PASSED,True
PROD_04,Fast-Charging 20000mAh Power Bank,Electronics,STORE_02,Bengaluru Tech Park Store,South,899.1,938.72,554.5,-5,854.14,168.19,143654.95,50395.45,-5.0,-9.01,PASSED,True
PROD_04,Fast-Charging 20000mAh Power Bank,Electronics,STORE_02,Bengaluru Tech Park Store,South,899.1,938.72,554.5,-4,863.14,168.19,145168.63,51909.13,-4.0,-8.05,PASSED,True
PROD_04,Fast-Charging 20000mAh Power Bank,Electronics,STORE_02,Bengaluru Tech Park Store,South,899.1,938.72,554.5,-3,872.13,168.06,146566.97,53379.73,-3.0,-7.09,PASSED,True
PROD_04,Fast-Charging 20000mAh Power Bank,Electronics,STORE_02,Bengaluru Tech Park Store,South,899.1,938.72,554.5,-2,881.12,167.28,147396.62,54638.06,-2.0,-6.14,PASSED,True
PROD_04,Fast-Charging 20000mAh Power Bank,Electronics,STORE_02,Bengaluru Tech Park Store,South,899.1,938.72,554.5,-1,890.11,167.15,148779.53,56096.32,-1.0,-5.18,PASSED,True
PROD_04,Fast-Charging 20000mAh Power Bank,Electronics,STORE_02,Bengaluru Tech Park Store,South,899.1,938.72,554.5,0,899.1,164.86,148229.14,56812.1,0.0,-4.22,PASSED,True
PROD_04,Fast-Charging 20000mAh Power Bank,Electronics,STORE_02,Bengaluru Tech Park Store,South,899.1,938.72,554.5,1,908.09,164.96,149794.72,58326.72,1.0,-3.26,PASSED,True
PROD_04,Fast-Charging 20000mAh Power Bank,Electronics,STORE_02,Bengaluru Tech Park Store,South,899.1,938.72,554.5,2,917.08,164.96,151277.67,59809.67,2.0,-2.31,PASSED,True
PROD_04,Fast-Charging 20000mAh Power Bank,Electronics,STORE_02,Bengaluru Tech Park Store,South,899.1,938.72,554.5,3,926.07,164.57,152407.3,61150.86,3.0,-1.35,PASSED,True
PROD_04,Fast-Charging 20000mAh Power Bank,Electronics,STORE_02,Bengaluru Tech Park Store,South,899.1,938.72,554.5,4,935.06,164.57,153886.83,62630.39,4.0,-0.39,PASSED,True
PROD_04,Fast-Charging 20000mAh Power Bank,Electronics,STORE_02,Bengaluru Tech Park Store,South,899.1,938.72,554.5,5,944.06,163.31,154175.24,63619.37,5.0,0.57,PASSED,True
PROD_04,Fast-Charging 20000mAh Power Bank,Electronics,STORE_02,Bengaluru Tech Park Store,South,899.1,938.72,554.5,6,953.05,159.99,152473.95,63762.12,6.0,1.53,PASSED,True
PROD_04,Fast-Charging 20000mAh Power Bank,Electronics,STORE_02,Bengaluru Tech Park Store,South,899.1,938.72,554.5,7,962.04,160.18,154101.06,65280.39,7.0,2.48,PASSED,True
PROD_04,Fast-Charging 20000mAh Power Bank,Electronics,STORE_02,Bengaluru Tech Park Store,South,899.1,938.72,554.5,8,971.03,159.8,155175.28,66563.5,8.0,3.44,PASSED,True
PROD_04,Fast-Charging 20000mAh Power Bank,Electronics,STORE_02,Bengaluru Tech Park Store,South,899.1,938.72,554.5,9,980.02,159.89,156696.16,68036.72,9.0,4.4,PASSED,True
PROD_04,Fast-Charging 20000mAh Power Bank,Electronics,STORE_02,Bengaluru Tech Park Store,South,899.1,938.72,554.5,10,989.01,159.82,158068.44,69445.52,10.0,5.36,VIOLATED: Exceeds max competitor premium (+5.0%),False
PROD_04,Fast-Charging 20000mAh Power Bank,Electronics,STORE_02,Bengaluru Tech Park Store,South,899.1,938.72,554.5,11,998.0,160.16,159843.84,71032.81,11.0,6.31,VIOLATED: Exceeds max price increase limit (+10.0%); Exceeds max competitor premium (+5.0%),False
PROD_04,Fast-Charging 20000mAh Power Bank,Electronics,STORE_02,Bengaluru Tech Park Store,South,899.1,938.72,554.5,12,1006.99,160.16,161283.72,72472.69,12.0,7.27,VIOLATED: Exceeds max price increase limit (+10.0%); Exceeds max competitor premium (+5.0%),False
PROD_04,Fast-Charging 20000mAh Power Bank,Electronics,STORE_02,Bengaluru Tech Park Store,South,899.1,938.72,554.5,13,1015.98,159.94,162495.12,73808.79,13.0,8.23,VIOLATED: Exceeds max price increase limit (+10.0%); Exceeds max competitor premium (+5.0%),False
PROD_04,Fast-Charging 20000mAh Power Bank,Electronics,STORE_02,Bengaluru Tech Park Store,South,899.1,938.72,554.5,14,1024.97,159.94,163932.97,75246.64,14.0,9.19,VIOLATED: Exceeds max price increase limit (+10.0%); Exceeds max competitor premium (+5.0%),False
PROD_04,Fast-Charging 20000mAh Power Bank,Electronics,STORE_02,Bengaluru Tech Park Store,South,899.1,938.72,554.5,15,1033.96,159.94,165370.82,76684.49,15.0,10.15,VIOLATED: Exceeds max price increase limit (+10.0%); Exceeds max competitor premium (+5.0%),False
PROD_04,Fast-Charging 20000mAh Power Bank,Electronics,STORE_03,Mumbai High Street Mall,West,999.0,963.53,554.5,-15,849.15,130.38,110713.18,38416.82,-15.0,-11.87,VIOLATED: Exceeds max price decrease limit (-10.0%),False
PROD_04,Fast-Charging 20000mAh Power Bank,Electronics,STORE_03,Mumbai High Street Mall,West,999.0,963.53,554.5,-14,859.14,127.22,109300.25,38756.46,-14.0,-10.83,VIOLATED: Exceeds max price decrease limit (-10.0%),False
PROD_04,Fast-Charging 20000mAh Power Bank,Electronics,STORE_03,Mumbai High Street Mall,West,999.0,963.53,554.5,-13,869.13,127.22,110571.18,40027.39,-13.0,-9.8,VIOLATED: Exceeds max price decrease limit (-10.0%),False
PROD_04,Fast-Charging 20000mAh Power Bank,Electronics,STORE_03,Mumbai High Street Mall,West,999.0,963.53,554.5,-12,879.12,126.34,111065.52,41011.57,-12.0,-8.76,VIOLATED: Exceeds max price decrease limit (-10.0%),False
PROD_04,Fast-Charging 20000mAh Power Bank,Electronics,STORE_03,Mumbai High Street Mall,West,999.0,963.53,554.5,-11,889.11,126.34,112327.63,42273.68,-11.0,-7.72,VIOLATED: Exceeds max price decrease limit (-10.0%),False
PROD_04,Fast-Charging 20000mAh Power Bank,Electronics,STORE_03,Mumbai High Street Mall,West,999.0,963.53,554.5,-10,899.1,125.25,112615.57,43162.41,-10.0,-6.69,PASSED,True
PROD_04,Fast-Charging 20000mAh Power Bank,Electronics,STORE_03,Mumbai High Street Mall,West,999.0,963.53,554.5,-9,909.09,124.57,113243.01,44170.37,-9.0,-5.65,PASSED,True
PROD_04,Fast-Charging 20000mAh Power Bank,Electronics,STORE_03,Mumbai High Street Mall,West,999.0,963.53,554.5,-8,919.08,122.64,112714.17,44711.38,-8.0,-4.61,PASSED,True
PROD_04,Fast-Charging 20000mAh Power Bank,Electronics,STORE_03,Mumbai High Street Mall,West,999.0,963.53,554.5,-7,929.07,122.73,114024.71,45970.96,-7.0,-3.58,PASSED,True
PROD_04,Fast-Charging 20000mAh Power Bank,Electronics,STORE_03,Mumbai High Street Mall,West,999.0,963.53,554.5,-6,939.06,122.73,115250.78,47197.03,-6.0,-2.54,PASSED,True
PROD_04,Fast-Charging 20000mAh Power Bank,Electronics,STORE_03,Mumbai High Street Mall,West,999.0,963.53,554.5,-5,949.05,120.13,114011.16,47398.04,-5.0,-1.5,PASSED,True
PROD_04,Fast-Charging 20000mAh Power Bank,Electronics,STORE_03,Mumbai High Street Mall,West,999.0,963.53,554.5,-4,959.04,120.13,115211.27,48598.15,-4.0,-0.47,PASSED,True
PROD_04,Fast-Charging 20000mAh Power Bank,Electronics,STORE_03,Mumbai High Street Mall,West,999.0,963.53,554.5,-3,969.03,120.13,116411.39,49798.27,-3.0,0.57,PASSED,True
PROD_04,Fast-Charging 20000mAh Power Bank,Electronics,STORE_03,Mumbai High Street Mall,West,999.0,963.53,554.5,-2,979.02,119.79,117278.5,50853.98,-2.0,1.61,PASSED,True
PROD_04,Fast-Charging 20000mAh Power Bank,Electronics,STORE_03,Mumbai High Street Mall,West,999.0,963.53,554.5,-1,989.01,119.21,117895.01,51795.8,-1.0,2.64,PASSED,True
PROD_04,Fast-Charging 20000mAh Power Bank,Electronics,STORE_03,Mumbai High Street Mall,West,999.0,963.53,554.5,0,999.0,118.55,118434.02,52696.62,0.0,3.68,PASSED,True
PROD_04,Fast-Charging 20000mAh Power Bank,Electronics,STORE_03,Mumbai High Street Mall,West,999.0,963.53,554.5,1,1008.99,119.68,120751.14,54391.21,1.0,4.72,PASSED,True
PROD_04,Fast-Charging 20000mAh Power Bank,Electronics,STORE_03,Mumbai High Street Mall,West,999.0,963.53,554.5,2,1018.98,118.48,120731.5,55032.84,2.0,5.75,VIOLATED: Exceeds max competitor premium (+5.0%),False
PROD_04,Fast-Charging 20000mAh Power Bank,Electronics,STORE_03,Mumbai High Street Mall,West,999.0,963.53,554.5,3,1028.97,119.03,122473.33,56473.87,3.0,6.79,VIOLATED: Exceeds max competitor premium (+5.0%),False
PROD_04,Fast-Charging 20000mAh Power Bank,Electronics,STORE_03,Mumbai High Street Mall,West,999.0,963.53,554.5,4,1038.96,119.03,123662.39,57662.93,4.0,7.83,VIOLATED: Exceeds max competitor premium (+5.0%),False
PROD_04,Fast-Charging 20000mAh Power Bank,Electronics,STORE_03,Mumbai High Street Mall,West,999.0,963.53,554.5,5,1048.95,119.77,125632.62,59220.22,5.0,8.87,VIOLATED: Exceeds max competitor premium (+5.0%),False
PROD_04,Fast-Charging 20000mAh Power Bank,Electronics,STORE_03,Mumbai High Street Mall,West,999.0,963.53,554.5,6,1058.94,119.77,126829.12,60416.72,6.0,9.9,VIOLATED: Exceeds max competitor premium (+5.0%),False
PROD_04,Fast-Charging 20000mAh Power Bank,Electronics,STORE_03,Mumbai High Street Mall,West,999.0,963.53,554.5,7,1068.93,119.59,127832.67,61520.36,7.0,10.94,VIOLATED: Exceeds max competitor premium (+5.0%),False
PROD_04,Fast-Charging 20000mAh Power Bank,Electronics,STORE_03,Mumbai High Street Mall,West,999.0,963.53,554.5,8,1078.92,119.59,129027.36,62715.05,8.0,11.98,VIOLATED: Exceeds max competitor premium (+5.0%),False
PROD_04,Fast-Charging 20000mAh Power Bank,Electronics,STORE_03,Mumbai High Street Mall,West,999.0,963.53,554.5,9,1088.91,119.59,130222.06,63909.75,9.0,13.01,VIOLATED: Exceeds max competitor premium (+5.0%),False
PROD_04,Fast-Charging 20000mAh Power Bank,Electronics,STORE_03,Mumbai High Street Mall,West,999.0,963.53,554.5,10,1098.9,119.59,131416.76,65104.45,10.0,14.05,VIOLATED: Exceeds max price increase limit (+10.0%); Exceeds max competitor premium (+5.0%),False
PROD_04,Fast-Charging 20000mAh Power Bank,Electronics,STORE_03,Mumbai High Street Mall,West,999.0,963.53,554.5,11,1108.89,119.59,132611.46,66299.15,11.0,15.09,VIOLATED: Exceeds max price increase limit (+10.0%); Exceeds max competitor premium (+5.0%),False
PROD_04,Fast-Charging 20000mAh Power Bank,Electronics,STORE_03,Mumbai High Street Mall,West,999.0,963.53,554.5,12,1118.88,119.59,133806.16,67493.85,12.0,16.12,VIOLATED: Exceeds max price increase limit (+10.0%); Exceeds max competitor premium (+5.0%),False
PROD_04,Fast-Charging 20000mAh Power Bank,Electronics,STORE_03,Mumbai High Street Mall,West,999.0,963.53,554.5,13,1128.87,119.59,135000.85,68688.54,13.0,17.16,VIOLATED: Exceeds max price increase limit (+10.0%); Exceeds max competitor premium (+5.0%),False
PROD_04,Fast-Charging 20000mAh Power Bank,Electronics,STORE_03,Mumbai High Street Mall,West,999.0,963.53,554.5,14,1138.86,119.59,136195.55,69883.24,14.0,18.2,VIOLATED: Exceeds max price increase limit (+10.0%); Exceeds max competitor premium (+5.0%),False
PROD_04,Fast-Charging 20000mAh Power Bank,Electronics,STORE_03,Mumbai High Street Mall,West,999.0,963.53,554.5,15,1148.85,119.59,137390.25,71077.94,15.0,19.23,VIOLATED: Exceeds max price increase limit (+10.0%); Exceeds max competitor premium (+5.0%),False
PROD_04,Fast-Charging 20000mAh Power Bank,Electronics,STORE_04,Kolkata City Center,East,999.0,1021.0,554.5,-15,849.15,106.46,90397.61,31367.43,-15.0,-16.83,VIOLATED: Exceeds max price decrease limit (-10.0%),False
PROD_04,Fast-Charging 20000mAh Power Bank,Electronics,STORE_04,Kolkata City Center,East,999.0,1021.0,554.5,-14,859.14,105.99,91060.77,32288.98,-14.0,-15.85,VIOLATED: Exceeds max price decrease limit (-10.0%),False
PROD_04,Fast-Charging 20000mAh Power Bank,Electronics,STORE_04,Kolkata City Center,East,999.0,1021.0,554.5,-13,869.13,105.99,92119.62,33347.83,-13.0,-14.87,VIOLATED: Exceeds max price decrease limit (-10.0%),False
PROD_04,Fast-Charging 20000mAh Power Bank,Electronics,STORE_04,Kolkata City Center,East,999.0,1021.0,554.5,-12,879.12,106.26,93413.76,34493.56,-12.0,-13.9,VIOLATED: Exceeds max price decrease limit (-10.0%),False
PROD_04,Fast-Charging 20000mAh Power Bank,Electronics,STORE_04,Kolkata City Center,East,999.0,1021.0,554.5,-11,889.11,105.8,94065.81,35400.97,-11.0,-12.92,VIOLATED: Exceeds max price decrease limit (-10.0%),False
PROD_04,Fast-Charging 20000mAh Power Bank,Electronics,STORE_04,Kolkata City Center,East,999.0,1021.0,554.5,-10,899.1,102.2,91888.29,35218.22,-10.0,-11.94,PASSED,True
PROD_04,Fast-Charging 20000mAh Power Bank,Electronics,STORE_04,Kolkata City Center,East,999.0,1021.0,554.5,-9,909.09,102.25,92950.45,36255.27,-9.0,-10.96,PASSED,True
PROD_04,Fast-Charging 20000mAh Power Bank,Electronics,STORE_04,Kolkata City Center,East,999.0,1021.0,554.5,-8,919.08,102.25,93971.88,37276.7,-8.0,-9.98,PASSED,True
PROD_04,Fast-Charging 20000mAh Power Bank,Electronics,STORE_04,Kolkata City Center,East,999.0,1021.0,554.5,-7,929.07,102.45,95184.75,38375.31,-7.0,-9.0,PASSED,True
PROD_04,Fast-Charging 20000mAh Power Bank,Electronics,STORE_04,Kolkata City Center,East,999.0,1021.0,554.5,-6,939.06,102.91,96641.4,39576.19,-6.0,-8.03,PASSED,True
PROD_04,Fast-Charging 20000mAh Power Bank,Electronics,STORE_04,Kolkata City Center,East,999.0,1021.0,554.5,-5,949.05,100.39,95271.57,39607.39,-5.0,-7.05,PASSED,True
PROD_04,Fast-Charging 20000mAh Power Bank,Electronics,STORE_04,Kolkata City Center,East,999.0,1021.0,554.5,-4,959.04,100.39,96274.43,40610.25,-4.0,-6.07,PASSED,True
PROD_04,Fast-Charging 20000mAh Power Bank,Electronics,STORE_04,Kolkata City Center,East,999.0,1021.0,554.5,-3,969.03,100.39,97277.29,41613.11,-3.0,-5.09,PASSED,True
PROD_04,Fast-Charging 20000mAh Power Bank,Electronics,STORE_04,Kolkata City Center,East,999.0,1021.0,554.5,-2,979.02,97.29,95252.2,41303.0,-2.0,-4.11,PASSED,True
PROD_04,Fast-Charging 20000mAh Power Bank,Electronics,STORE_04,Kolkata City Center,East,999.0,1021.0,554.5,-1,989.01,96.1,95047.08,41757.82,-1.0,-3.13,PASSED,True
PROD_04,Fast-Charging 20000mAh Power Bank,Electronics,STORE_04,Kolkata City Center,East,999.0,1021.0,554.5,0,999.0,95.95,95857.03,42651.1,0.0,-2.15,PASSED,True
PROD_04,Fast-Charging 20000mAh Power Bank,Electronics,STORE_04,Kolkata City Center,East,999.0,1021.0,554.5,1,1008.99,95.95,96815.61,43609.68,1.0,-1.18,PASSED,True
PROD_04,Fast-Charging 20000mAh Power Bank,Electronics,STORE_04,Kolkata City Center,East,999.0,1021.0,554.5,2,1018.98,95.95,97774.18,44568.25,2.0,-0.2,PASSED,True
PROD_04,Fast-Charging 20000mAh Power Bank,Electronics,STORE_04,Kolkata City Center,East,999.0,1021.0,554.5,3,1028.97,95.95,98732.75,45526.82,3.0,0.78,PASSED,True
PROD_04,Fast-Charging 20000mAh Power Bank,Electronics,STORE_04,Kolkata City Center,East,999.0,1021.0,554.5,4,1038.96,95.95,99691.32,46485.39,4.0,1.76,PASSED,True
PROD_04,Fast-Charging 20000mAh Power Bank,Electronics,STORE_04,Kolkata City Center,East,999.0,1021.0,554.5,5,1048.95,93.4,97969.07,46180.28,5.0,2.74,PASSED,True
PROD_04,Fast-Charging 20000mAh Power Bank,Electronics,STORE_04,Kolkata City Center,East,999.0,1021.0,554.5,6,1058.94,93.92,99458.07,47378.16,6.0,3.72,PASSED,True
PROD_04,Fast-Charging 20000mAh Power Bank,Electronics,STORE_04,Kolkata City Center,East,999.0,1021.0,554.5,7,1068.93,94.17,100656.8,48441.79,7.0,4.69,PASSED,True
PROD_04,Fast-Charging 20000mAh Power Bank,Electronics,STORE_04,Kolkata City Center,East,999.0,1021.0,554.5,8,1078.92,94.17,101599.44,49383.44,8.0,5.67,VIOLATED: Exceeds max competitor premium (+5.0%),False
PROD_04,Fast-Charging 20000mAh Power Bank,Electronics,STORE_04,Kolkata City Center,East,999.0,1021.0,554.5,9,1088.91,94.29,102673.46,50389.59,9.0,6.65,VIOLATED: Exceeds max competitor premium (+5.0%),False
PROD_04,Fast-Charging 20000mAh Power Bank,Electronics,STORE_04,Kolkata City Center,East,999.0,1021.0,554.5,10,1098.9,94.29,103615.42,51331.55,10.0,7.63,VIOLATED: Exceeds max price increase limit (+10.0%); Exceeds max competitor premium (+5.0%),False
PROD_04,Fast-Charging 20000mAh Power Bank,Electronics,STORE_04,Kolkata City Center,East,999.0,1021.0,554.5,11,1108.89,93.89,104110.34,52050.01,11.0,8.61,VIOLATED: Exceeds max price increase limit (+10.0%); Exceeds max competitor premium (+5.0%),False
PROD_04,Fast-Charging 20000mAh Power Bank,Electronics,STORE_04,Kolkata City Center,East,999.0,1021.0,554.5,12,1118.88,93.89,105048.27,52987.94,12.0,9.59,VIOLATED: Exceeds max price increase limit (+10.0%); Exceeds max competitor premium (+5.0%),False
PROD_04,Fast-Charging 20000mAh Power Bank,Electronics,STORE_04,Kolkata City Center,East,999.0,1021.0,554.5,13,1128.87,93.89,105986.2,53925.87,13.0,10.57,VIOLATED: Exceeds max price increase limit (+10.0%); Exceeds max competitor premium (+5.0%),False
PROD_04,Fast-Charging 20000mAh Power Bank,Electronics,STORE_04,Kolkata City Center,East,999.0,1021.0,554.5,14,1138.86,93.89,106924.13,54863.8,14.0,11.54,VIOLATED: Exceeds max price increase limit (+10.0%); Exceeds max competitor premium (+5.0%),False
PROD_04,Fast-Charging 20000mAh Power Bank,Electronics,STORE_04,Kolkata City Center,East,999.0,1021.0,554.5,15,1148.85,93.89,107862.06,55801.73,15.0,12.52,VIOLATED: Exceeds max price increase limit (+10.0%); Exceeds max competitor premium (+5.0%),False
PROD_05,Organic Basmati Rice 5kg,Groceries,STORE_01,Delhi Flagship Metro,North,450.0,453.93,334.08,-15,382.5,180.96,69218.32,8762.23,-15.0,-15.74,VIOLATED: Exceeds max price decrease limit (-10.0%),False
PROD_05,Organic Basmati Rice 5kg,Groceries,STORE_01,Delhi Flagship Metro,North,450.0,453.93,334.08,-14,387.0,181.3,70161.27,9594.15,-14.0,-14.74,VIOLATED: Exceeds max price decrease limit (-10.0%),False
PROD_05,Organic Basmati Rice 5kg,Groceries,STORE_01,Delhi Flagship Metro,North,450.0,453.93,334.08,-13,391.5,181.3,70977.1,10409.98,-13.0,-13.75,VIOLATED: Exceeds max price decrease limit (-10.0%),False
PROD_05,Organic Basmati Rice 5kg,Groceries,STORE_01,Delhi Flagship Metro,North,450.0,453.93,334.08,-12,396.0,181.89,72029.58,11262.81,-12.0,-12.76,VIOLATED: Exceeds max price decrease limit (-10.0%),False
PROD_05,Organic Basmati Rice 5kg,Groceries,STORE_01,Delhi Flagship Metro,North,450.0,453.93,334.08,-11,400.5,184.09,73729.17,12227.44,-11.0,-11.77,VIOLATED: Exceeds max price decrease limit (-10.0%),False
PROD_05,Organic Basmati Rice 5kg,Groceries,STORE_01,Delhi Flagship Metro,North,450.0,453.93,334.08,-10,405.0,184.21,74606.8,13064.48,-10.0,-10.78,PASSED,True
PROD_05,Organic Basmati Rice 5kg,Groceries,STORE_01,Delhi Flagship Metro,North,450.0,453.93,334.08,-9,409.5,183.12,74987.49,13810.88,-9.0,-9.79,PASSED,True
PROD_05,Organic Basmati Rice 5kg,Groceries,STORE_01,Delhi Flagship Metro,North,450.0,453.93,334.08,-8,414.0,187.84,77766.99,15012.41,-8.0,-8.8,PASSED,True
PROD_05,Organic Basmati Rice 5kg,Groceries,STORE_01,Delhi Flagship Metro,North,450.0,453.93,334.08,-7,418.5,185.07,77449.87,15623.22,-7.0,-7.81,PASSED,True
PROD_05,Organic Basmati Rice 5kg,Groceries,STORE_01,Delhi Flagship Metro,North,450.0,453.93,334.08,-6,423.0,182.23,77082.71,16203.77,-6.0,-6.81,PASSED,True
PROD_05,Organic Basmati Rice 5kg,Groceries,STORE_01,Delhi Flagship Metro,North,450.0,453.93,334.08,-5,427.5,184.04,78677.53,17193.11,-5.0,-5.82,PASSED,True
PROD_05,Organic Basmati Rice 5kg,Groceries,STORE_01,Delhi Flagship Metro,North,450.0,453.93,334.08,-4,432.0,184.15,79552.59,18031.92,-4.0,-4.83,PASSED,True
PROD_05,Organic Basmati Rice 5kg,Groceries,STORE_01,Delhi Flagship Metro,North,450.0,453.93,334.08,-3,436.5,182.93,79848.17,18735.51,-3.0,-3.84,PASSED,True
PROD_05,Organic Basmati Rice 5kg,Groceries,STORE_01,Delhi Flagship Metro,North,450.0,453.93,334.08,-2,441.0,182.93,80671.35,19558.69,-2.0,-2.85,PASSED,True
PROD_05,Organic Basmati Rice 5kg,Groceries,STORE_01,Delhi Flagship Metro,North,450.0,453.93,334.08,-1,445.5,183.7,81839.46,20468.13,-1.0,-1.86,PASSED,True
PROD_05,Organic Basmati Rice 5kg,Groceries,STORE_01,Delhi Flagship Metro,North,450.0,453.93,334.08,0,450.0,183.65,82644.23,21289.16,0.0,-0.87,PASSED,True
PROD_05,Organic Basmati Rice 5kg,Groceries,STORE_01,Delhi Flagship Metro,North,450.0,453.93,334.08,1,454.5,183.54,83417.96,22101.63,1.0,0.13,PASSED,True
PROD_05,Organic Basmati Rice 5kg,Groceries,STORE_01,Delhi Flagship Metro,North,450.0,453.93,334.08,2,459.0,184.09,84496.97,22996.43,2.0,1.12,PASSED,True
PROD_05,Organic Basmati Rice 5kg,Groceries,STORE_01,Delhi Flagship Metro,North,450.0,453.93,334.08,3,463.5,184.09,85325.37,23824.83,3.0,2.11,PASSED,True
PROD_05,Organic Basmati Rice 5kg,Groceries,STORE_01,Delhi Flagship Metro,North,450.0,453.93,334.08,4,468.0,184.25,86228.77,24674.69,4.0,3.1,PASSED,True
PROD_05,Organic Basmati Rice 5kg,Groceries,STORE_01,Delhi Flagship Metro,North,450.0,453.93,334.08,5,472.5,183.3,86607.13,25371.76,5.0,4.09,PASSED,True
PROD_05,Organic Basmati Rice 5kg,Groceries,STORE_01,Delhi Flagship Metro,North,450.0,453.93,334.08,6,477.0,182.44,87025.4,26074.78,6.0,5.08,VIOLATED: Exceeds max competitor premium (+5.0%),False
PROD_05,Organic Basmati Rice 5kg,Groceries,STORE_01,Delhi Flagship Metro,North,450.0,453.93,334.08,7,481.5,182.68,87959.85,26930.51,7.0,6.07,VIOLATED: Exceeds max competitor premium (+5.0%),False
PROD_05,Organic Basmati Rice 5kg,Groceries,STORE_01,Delhi Flagship Metro,North,450.0,453.93,334.08,8,486.0,188.63,91671.94,28655.97,8.0,7.06,VIOLATED: Exceeds max competitor premium (+5.0%),False
PROD_05,Organic Basmati Rice 5kg,Groceries,STORE_01,Delhi Flagship Metro,North,450.0,453.93,334.08,9,490.5,190.02,93204.45,29722.81,9.0,8.06,VIOLATED: Exceeds max competitor premium (+5.0%),False
PROD_05,Organic Basmati Rice 5kg,Groceries,STORE_01,Delhi Flagship Metro,North,450.0,453.93,334.08,10,495.0,189.82,93962.79,30546.45,10.0,9.05,VIOLATED: Exceeds max competitor premium (+5.0%),False
PROD_05,Organic Basmati Rice 5kg,Groceries,STORE_01,Delhi Flagship Metro,North,450.0,453.93,334.08,11,499.5,191.51,95656.83,31678.79,11.0,10.04,VIOLATED: Exceeds max price increase limit (+10.0%); Exceeds max competitor premium (+5.0%),False
PROD_05,Organic Basmati Rice 5kg,Groceries,STORE_01,Delhi Flagship Metro,North,450.0,453.93,334.08,12,504.0,191.51,96518.6,32540.56,12.0,11.03,VIOLATED: Exceeds max price increase limit (+10.0%); Exceeds max competitor premium (+5.0%),False
PROD_05,Organic Basmati Rice 5kg,Groceries,STORE_01,Delhi Flagship Metro,North,450.0,453.93,334.08,13,508.5,191.51,97380.37,33402.33,13.0,12.02,VIOLATED: Exceeds max price increase limit (+10.0%); Exceeds max competitor premium (+5.0%),False
PROD_05,Organic Basmati Rice 5kg,Groceries,STORE_01,Delhi Flagship Metro,North,450.0,453.93,334.08,14,513.0,190.62,97788.75,34105.97,14.0,13.01,VIOLATED: Exceeds max price increase limit (+10.0%); Exceeds max competitor premium (+5.0%),False
PROD_05,Organic Basmati Rice 5kg,Groceries,STORE_01,Delhi Flagship Metro,North,450.0,453.93,334.08,15,517.5,190.62,98646.54,34963.76,15.0,14.0,VIOLATED: Exceeds max price increase limit (+10.0%); Exceeds max competitor premium (+5.0%),False
PROD_05,Organic Basmati Rice 5kg,Groceries,STORE_02,Bengaluru Tech Park Store,South,427.5,446.53,334.08,-15,363.38,232.41,84451.95,6809.52,-15.0,-18.62,VIOLATED: Exceeds max price decrease limit (-10.0%),False
PROD_05,Organic Basmati Rice 5kg,Groceries,STORE_02,Bengaluru Tech Park Store,South,427.5,446.53,334.08,-14,367.65,232.41,85444.33,7801.9,-14.0,-17.67,VIOLATED: Exceeds max price decrease limit (-10.0%),False
PROD_05,Organic Basmati Rice 5kg,Groceries,STORE_02,Bengaluru Tech Park Store,South,427.5,446.53,334.08,-13,371.92,232.41,86436.7,8794.27,-13.0,-16.71,VIOLATED: Exceeds max price decrease limit (-10.0%),False
PROD_05,Organic Basmati Rice 5kg,Groceries,STORE_02,Bengaluru Tech Park Store,South,427.5,446.53,334.08,-12,376.2,232.41,87431.4,9788.97,-12.0,-15.75,VIOLATED: Exceeds max price decrease limit (-10.0%),False
PROD_05,Organic Basmati Rice 5kg,Groceries,STORE_02,Bengaluru Tech Park Store,South,427.5,446.53,334.08,-11,380.48,232.65,88520.16,10795.14,-11.0,-14.79,VIOLATED: Exceeds max price decrease limit (-10.0%),False
PROD_05,Organic Basmati Rice 5kg,Groceries,STORE_02,Bengaluru Tech Park Store,South,427.5,446.53,334.08,-10,384.75,232.65,89513.59,11788.57,-10.0,-13.84,PASSED,True
PROD_05,Organic Basmati Rice 5kg,Groceries,STORE_02,Bengaluru Tech Park Store,South,427.5,446.53,334.08,-9,389.02,233.25,90739.51,12814.84,-9.0,-12.88,PASSED,True
PROD_05,Organic Basmati Rice 5kg,Groceries,STORE_02,Bengaluru Tech Park Store,South,427.5,446.53,334.08,-8,393.3,233.14,91694.92,13806.7,-8.0,-11.92,PASSED,True
PROD_05,Organic Basmati Rice 5kg,Groceries,STORE_02,Bengaluru Tech Park Store,South,427.5,446.53,334.08,-7,397.58,231.72,92125.45,14713.94,-7.0,-10.96,PASSED,True
PROD_05,Organic Basmati Rice 5kg,Groceries,STORE_02,Bengaluru Tech Park Store,South,427.5,446.53,334.08,-6,401.85,230.62,92674.98,15629.17,-6.0,-10.01,PASSED,True
PROD_05,Organic Basmati Rice 5kg,Groceries,STORE_02,Bengaluru Tech Park Store,South,427.5,446.53,334.08,-5,406.12,233.23,94719.49,16801.91,-5.0,-9.05,PASSED,True
PROD_05,Organic Basmati Rice 5kg,Groceries,STORE_02,Bengaluru Tech Park Store,South,427.5,446.53,334.08,-4,410.4,232.42,95386.81,17738.6,-4.0,-8.09,PASSED,True
PROD_05,Organic Basmati Rice 5kg,Groceries,STORE_02,Bengaluru Tech Park Store,South,427.5,446.53,334.08,-3,414.68,231.05,95811.13,18622.5,-3.0,-7.13,PASSED,True
PROD_05,Organic Basmati Rice 5kg,Groceries,STORE_02,Bengaluru Tech Park Store,South,427.5,446.53,334.08,-2,418.95,231.16,96845.58,19618.77,-2.0,-6.18,PASSED,True
PROD_05,Organic Basmati Rice 5kg,Groceries,STORE_02,Bengaluru Tech Park Store,South,427.5,446.53,334.08,-1,423.22,230.39,97504.64,20536.75,-1.0,-5.22,PASSED,True
PROD_05,Organic Basmati Rice 5kg,Groceries,STORE_02,Bengaluru Tech Park Store,South,427.5,446.53,334.08,0,427.5,230.33,98466.84,21517.6,0.0,-4.26,PASSED,True
PROD_05,Organic Basmati Rice 5kg,Groceries,STORE_02,Bengaluru Tech Park Store,South,427.5,446.53,334.08,1,431.78,230.46,99508.36,22516.02,1.0,-3.3,PASSED,True
PROD_05,Organic Basmati Rice 5kg,Groceries,STORE_02,Bengaluru Tech Park Store,South,427.5,446.53,334.08,2,436.05,230.46,100492.43,23500.09,2.0,-2.35,PASSED,True
PROD_05,Organic Basmati Rice 5kg,Groceries,STORE_02,Bengaluru Tech Park Store,South,427.5,446.53,334.08,3,440.32,231.12,101766.34,24554.09,3.0,-1.39,PASSED,True
PROD_05,Organic Basmati Rice 5kg,Groceries,STORE_02,Bengaluru Tech Park Store,South,427.5,446.53,334.08,4,444.6,230.02,102264.92,25421.32,4.0,-0.43,PASSED,True
PROD_05,Organic Basmati Rice 5kg,Groceries,STORE_02,Bengaluru Tech Park Store,South,427.5,446.53,334.08,5,448.88,231.01,103697.92,26520.5,5.0,0.53,PASSED,True
PROD_05,Organic Basmati Rice 5kg,Groceries,STORE_02,Bengaluru Tech Park Store,South,427.5,446.53,334.08,6,453.15,231.01,104684.36,27506.94,6.0,1.48,PASSED,True
PROD_05,Organic Basmati Rice 5kg,Groceries,STORE_02,Bengaluru Tech Park Store,South,427.5,446.53,334.08,7,457.42,233.32,106726.72,28778.09,7.0,2.44,PASSED,True
PROD_05,Organic Basmati Rice 5kg,Groceries,STORE_02,Bengaluru Tech Park Store,South,427.5,446.53,334.08,8,461.7,233.32,107725.35,29776.72,8.0,3.4,PASSED,True
PROD_05,Organic Basmati Rice 5kg,Groceries,STORE_02,Bengaluru Tech Park Store,South,427.5,446.53,334.08,9,465.98,232.67,108421.61,30689.75,9.0,4.36,PASSED,True
PROD_05,Organic Basmati Rice 5kg,Groceries,STORE_02,Bengaluru Tech Park Store,South,427.5,446.53,334.08,10,470.25,231.37,108801.49,31505.58,10.0,5.31,VIOLATED: Exceeds max competitor premium (+5.0%),False
PROD_05,Organic Basmati Rice 5kg,Groceries,STORE_02,Bengaluru Tech Park Store,South,427.5,446.53,334.08,11,474.52,228.29,108329.86,32061.55,11.0,6.27,VIOLATED: Exceeds max price increase limit (+10.0%); Exceeds max competitor premium (+5.0%),False
PROD_05,Organic Basmati Rice 5kg,Groceries,STORE_02,Bengaluru Tech Park Store,South,427.5,446.53,334.08,12,478.8,234.26,112162.03,33901.6,12.0,7.23,VIOLATED: Exceeds max price increase limit (+10.0%); Exceeds max competitor premium (+5.0%),False
PROD_05,Organic Basmati Rice 5kg,Groceries,STORE_02,Bengaluru Tech Park Store,South,427.5,446.53,334.08,13,483.07,234.03,113053.67,34868.37,13.0,8.18,VIOLATED: Exceeds max price increase limit (+10.0%); Exceeds max competitor premium (+5.0%),False
PROD_05,Organic Basmati Rice 5kg,Groceries,STORE_02,Bengaluru Tech Park Store,South,427.5,446.53,334.08,14,487.35,232.67,113392.21,35661.48,14.0,9.14,VIOLATED: Exceeds max price increase limit (+10.0%); Exceeds max competitor premium (+5.0%),False
PROD_05,Organic Basmati Rice 5kg,Groceries,STORE_02,Bengaluru Tech Park Store,South,427.5,446.53,334.08,15,491.62,232.25,114178.64,36588.63,15.0,10.1,VIOLATED: Exceeds max price increase limit (+10.0%); Exceeds max competitor premium (+5.0%),False
PROD_05,Organic Basmati Rice 5kg,Groceries,STORE_03,Mumbai High Street Mall,West,405.0,470.28,334.08,-15,344.25,254.55,87629.07,2588.78,-15.0,-26.8,VIOLATED: Exceeds max price decrease limit (-10.0%),False
PROD_05,Organic Basmati Rice 5kg,Groceries,STORE_03,Mumbai High Street Mall,West,405.0,470.28,334.08,-14,348.3,253.66,88349.94,3607.05,-14.0,-25.94,VIOLATED: Exceeds max price decrease limit (-10.0%),False
PROD_05,Organic Basmati Rice 5kg,Groceries,STORE_03,Mumbai High Street Mall,West,405.0,470.28,334.08,-13,352.35,253.66,89377.27,4634.38,-13.0,-25.08,VIOLATED: Exceeds max price decrease limit (-10.0%),False
PROD_05,Organic Basmati Rice 5kg,Groceries,STORE_03,Mumbai High Street Mall,West,405.0,470.28,334.08,-12,356.4,253.41,90316.83,5656.2,-12.0,-24.22,VIOLATED: Exceeds max price decrease limit (-10.0%),False
PROD_05,Organic Basmati Rice 5kg,Groceries,STORE_03,Mumbai High Street Mall,West,405.0,470.28,334.08,-11,360.45,252.78,91113.88,6665.76,-11.0,-23.35,VIOLATED: Exceeds max price decrease limit (-10.0%),False
PROD_05,Organic Basmati Rice 5kg,Groceries,STORE_03,Mumbai High Street Mall,West,405.0,470.28,334.08,-10,364.5,252.9,92181.0,7693.13,-10.0,-22.49,PASSED,True
PROD_05,Organic Basmati Rice 5kg,Groceries,STORE_03,Mumbai High Street Mall,West,405.0,470.28,334.08,-9,368.55,254.09,93645.81,8758.57,-9.0,-21.63,PASSED,True
PROD_05,Organic Basmati Rice 5kg,Groceries,STORE_03,Mumbai High Street Mall,West,405.0,470.28,334.08,-8,372.6,254.09,94674.88,9787.64,-8.0,-20.77,PASSED,True
PROD_05,Organic Basmati Rice 5kg,Groceries,STORE_03,Mumbai High Street Mall,West,405.0,470.28,334.08,-7,376.65,254.44,95833.53,10831.37,-7.0,-19.91,PASSED,True
PROD_05,Organic Basmati Rice 5kg,Groceries,STORE_03,Mumbai High Street Mall,West,405.0,470.28,334.08,-6,380.7,254.6,96925.18,11869.32,-6.0,-19.05,PASSED,True
PROD_05,Organic Basmati Rice 5kg,Groceries,STORE_03,Mumbai High Street Mall,West,405.0,470.28,334.08,-5,384.75,254.6,97956.3,12900.44,-5.0,-18.19,PASSED,True
PROD_05,Organic Basmati Rice 5kg,Groceries,STORE_03,Mumbai High Street Mall,West,405.0,470.28,334.08,-4,388.8,250.55,97414.34,13710.17,-4.0,-17.33,PASSED,True
PROD_05,Organic Basmati Rice 5kg,Groceries,STORE_03,Mumbai High Street Mall,West,405.0,470.28,334.08,-3,392.85,250.55,98429.07,14724.9,-3.0,-16.46,PASSED,True
PROD_05,Organic Basmati Rice 5kg,Groceries,STORE_03,Mumbai High Street Mall,West,405.0,470.28,334.08,-2,396.9,250.55,99443.8,15739.63,-2.0,-15.6,PASSED,True
PROD_05,Organic Basmati Rice 5kg,Groceries,STORE_03,Mumbai High Street Mall,West,405.0,470.28,334.08,-1,400.95,250.55,100458.54,16754.37,-1.0,-14.74,PASSED,True
PROD_05,Organic Basmati Rice 5kg,Groceries,STORE_03,Mumbai High Street Mall,West,405.0,470.28,334.08,0,405.0,252.57,102290.38,17912.18,0.0,-13.88,PASSED,True
PROD_05,Organic Basmati Rice 5kg,Groceries,STORE_03,Mumbai High Street Mall,West,405.0,470.28,334.08,1,409.05,253.69,103771.02,19018.98,1.0,-13.02,PASSED,True
PROD_05,Organic Basmati Rice 5kg,Groceries,STORE_03,Mumbai High Street Mall,West,405.0,470.28,334.08,2,413.1,249.58,103101.39,19721.79,2.0,-12.16,PASSED,True
PROD_05,Organic Basmati Rice 5kg,Groceries,STORE_03,Mumbai High Street Mall,West,405.0,470.28,334.08,3,417.15,249.52,104087.7,20727.72,3.0,-11.3,PASSED,True
PROD_05,Organic Basmati Rice 5kg,Groceries,STORE_03,Mumbai High Street Mall,West,405.0,470.28,334.08,4,421.2,249.33,105016.99,21721.47,4.0,-10.44,PASSED,True
PROD_05,Organic Basmati Rice 5kg,Groceries,STORE_03,Mumbai High Street Mall,West,405.0,470.28,334.08,5,425.25,248.13,105517.01,22621.96,5.0,-9.58,PASSED,True
PROD_05,Organic Basmati Rice 5kg,Groceries,STORE_03,Mumbai High Street Mall,West,405.0,470.28,334.08,6,429.3,251.76,108079.41,23972.33,6.0,-8.71,PASSED,True
PROD_05,Organic Basmati Rice 5kg,Groceries,STORE_03,Mumbai High Street Mall,West,405.0,470.28,334.08,7,433.35,250.93,108738.97,24909.47,7.0,-7.85,PASSED,True
PROD_05,Organic Basmati Rice 5kg,Groceries,STORE_03,Mumbai High Street Mall,West,405.0,470.28,334.08,8,437.4,249.05,108934.54,25731.86,8.0,-6.99,PASSED,True
PROD_05,Organic Basmati Rice 5kg,Groceries,STORE_03,Mumbai High Street Mall,West,405.0,470.28,334.08,9,441.45,249.03,109933.18,26738.08,9.0,-6.13,PASSED,True
PROD_05,Organic Basmati Rice 5kg,Groceries,STORE_03,Mumbai High Street Mall,West,405.0,470.28,334.08,10,445.5,248.55,110730.57,27693.83,10.0,-5.27,PASSED,True
PROD_05,Organic Basmati Rice 5kg,Groceries,STORE_03,Mumbai High Street Mall,West,405.0,470.28,334.08,11,449.55,248.44,111687.78,28687.77,11.0,-4.41,VIOLATED: Exceeds max price increase limit (+10.0%),False
PROD_05,Organic Basmati Rice 5kg,Groceries,STORE_03,Mumbai High Street Mall,West,405.0,470.28,334.08,12,453.6,248.14,112556.89,29657.85,12.0,-3.55,VIOLATED: Exceeds max price increase limit (+10.0%),False
PROD_05,Organic Basmati Rice 5kg,Groceries,STORE_03,Mumbai High Street Mall,West,405.0,470.28,334.08,13,457.65,248.14,113561.86,30662.82,13.0,-2.69,VIOLATED: Exceeds max price increase limit (+10.0%),False
PROD_05,Organic Basmati Rice 5kg,Groceries,STORE_03,Mumbai High Street Mall,West,405.0,470.28,334.08,14,461.7,248.14,114566.83,31667.79,14.0,-1.82,VIOLATED: Exceeds max price increase limit (+10.0%),False
PROD_05,Organic Basmati Rice 5kg,Groceries,STORE_03,Mumbai High Street Mall,West,405.0,470.28,334.08,15,465.75,245.36,114274.63,32306.05,15.0,-0.96,VIOLATED: Exceeds max price increase limit (+10.0%),False
PROD_05,Organic Basmati Rice 5kg,Groceries,STORE_04,Kolkata City Center,East,441.0,432.53,334.08,-15,374.85,130.76,49016.09,5331.16,-15.0,-13.34,VIOLATED: Exceeds max price decrease limit (-10.0%),False
PROD_05,Organic Basmati Rice 5kg,Groceries,STORE_04,Kolkata City Center,East,441.0,432.53,334.08,-14,379.26,131.73,49961.2,5951.72,-14.0,-12.32,VIOLATED: Exceeds max price decrease limit (-10.0%),False
PROD_05,Organic Basmati Rice 5kg,Groceries,STORE_04,Kolkata City Center,East,441.0,432.53,334.08,-13,383.67,129.12,49538.16,6402.89,-13.0,-11.3,VIOLATED: Exceeds max price decrease limit (-10.0%),False
PROD_05,Organic Basmati Rice 5kg,Groceries,STORE_04,Kolkata City Center,East,441.0,432.53,334.08,-12,388.08,128.83,49997.96,6957.04,-12.0,-10.28,VIOLATED: Exceeds max price decrease limit (-10.0%),False
PROD_05,Organic Basmati Rice 5kg,Groceries,STORE_04,Kolkata City Center,East,441.0,432.53,334.08,-11,392.49,129.68,50897.61,7574.54,-11.0,-9.26,VIOLATED: Exceeds max price decrease limit (-10.0%),False
PROD_05,Organic Basmati Rice 5kg,Groceries,STORE_04,Kolkata City Center,East,441.0,432.53,334.08,-10,396.9,131.53,52202.29,8262.4,-10.0,-8.24,VIOLATED: Exceeds max price decrease limit (-10.0%),False
PROD_05,Organic Basmati Rice 5kg,Groceries,STORE_04,Kolkata City Center,East,441.0,432.53,334.08,-9,401.31,130.27,52279.92,8758.26,-9.0,-7.22,PASSED,True
PROD_05,Organic Basmati Rice 5kg,Groceries,STORE_04,Kolkata City Center,East,441.0,432.53,334.08,-8,405.72,129.93,52715.87,9308.31,-8.0,-6.2,PASSED,True
PROD_05,Organic Basmati Rice 5kg,Groceries,STORE_04,Kolkata City Center,East,441.0,432.53,334.08,-7,410.13,129.42,53077.27,9842.06,-7.0,-5.18,PASSED,True
PROD_05,Organic Basmati Rice 5kg,Groceries,STORE_04,Kolkata City Center,East,441.0,432.53,334.08,-6,414.54,129.69,53763.42,10435.19,-6.0,-4.16,PASSED,True
PROD_05,Organic Basmati Rice 5kg,Groceries,STORE_04,Kolkata City Center,East,441.0,432.53,334.08,-5,418.95,129.82,54389.42,11018.1,-5.0,-3.14,PASSED,True
PROD_05,Organic Basmati Rice 5kg,Groceries,STORE_04,Kolkata City Center,East,441.0,432.53,334.08,-4,423.36,129.37,54771.59,11550.47,-4.0,-2.12,PASSED,True
PROD_05,Organic Basmati Rice 5kg,Groceries,STORE_04,Kolkata City Center,East,441.0,432.53,334.08,-3,427.77,129.72,55491.23,12153.67,-3.0,-1.1,PASSED,True
PROD_05,Organic Basmati Rice 5kg,Groceries,STORE_04,Kolkata City Center,East,441.0,432.53,334.08,-2,432.18,129.72,56063.3,12725.74,-2.0,-0.08,PASSED,True
PROD_05,Organic Basmati Rice 5kg,Groceries,STORE_04,Kolkata City Center,East,441.0,432.53,334.08,-1,436.59,130.09,56796.34,13335.61,-1.0,0.94,PASSED,True
PROD_05,Organic Basmati Rice 5kg,Groceries,STORE_04,Kolkata City Center,East,441.0,432.53,334.08,0,441.0,131.43,57960.76,14052.53,0.0,1.96,PASSED,True
PROD_05,Organic Basmati Rice 5kg,Groceries,STORE_04,Kolkata City Center,East,441.0,432.53,334.08,1,445.41,130.67,58202.21,14547.61,1.0,2.98,PASSED,True
PROD_05,Organic Basmati Rice 5kg,Groceries,STORE_04,Kolkata City Center,East,441.0,432.53,334.08,2,449.82,128.02,57587.05,14817.32,2.0,4.0,PASSED,True
PROD_05,Organic Basmati Rice 5kg,Groceries,STORE_04,Kolkata City Center,East,441.0,432.53,334.08,3,454.23,126.16,57304.1,15157.71,3.0,5.02,VIOLATED: Exceeds max competitor premium (+5.0%),False
PROD_05,Organic Basmati Rice 5kg,Groceries,STORE_04,Kolkata City Center,East,441.0,432.53,334.08,4,458.64,124.81,57242.8,15546.31,4.0,6.04,VIOLATED: Exceeds max competitor premium (+5.0%),False
PROD_05,Organic Basmati Rice 5kg,Groceries,STORE_04,Kolkata City Center,East,441.0,432.53,334.08,5,463.05,130.44,60400.13,16822.82,5.0,7.06,VIOLATED: Exceeds max competitor premium (+5.0%),False
PROD_05,Organic Basmati Rice 5kg,Groceries,STORE_04,Kolkata City Center,East,441.0,432.53,334.08,6,467.46,132.4,61889.95,17659.01,6.0,8.08,VIOLATED: Exceeds max competitor premium (+5.0%),False
PROD_05,Organic Basmati Rice 5kg,Groceries,STORE_04,Kolkata City Center,East,441.0,432.53,334.08,7,471.87,132.4,62473.81,18242.87,7.0,9.1,VIOLATED: Exceeds max competitor premium (+5.0%),False
PROD_05,Organic Basmati Rice 5kg,Groceries,STORE_04,Kolkata City Center,East,441.0,432.53,334.08,8,476.28,132.41,63064.08,18828.65,8.0,10.11,VIOLATED: Exceeds max competitor premium (+5.0%),False
PROD_05,Organic Basmati Rice 5kg,Groceries,STORE_04,Kolkata City Center,East,441.0,432.53,334.08,9,480.69,131.59,63252.35,19291.91,9.0,11.13,VIOLATED: Exceeds max competitor premium (+5.0%),False
PROD_05,Organic Basmati Rice 5kg,Groceries,STORE_04,Kolkata City Center,East,441.0,432.53,334.08,10,485.1,131.59,63832.65,19872.21,10.0,12.15,VIOLATED: Exceeds max price increase limit (+10.0%); Exceeds max competitor premium (+5.0%),False
PROD_05,Organic Basmati Rice 5kg,Groceries,STORE_04,Kolkata City Center,East,441.0,432.53,334.08,11,489.51,131.59,64412.95,20452.51,11.0,13.17,VIOLATED: Exceeds max price increase limit (+10.0%); Exceeds max competitor premium (+5.0%),False
PROD_05,Organic Basmati Rice 5kg,Groceries,STORE_04,Kolkata City Center,East,441.0,432.53,334.08,12,493.92,131.59,64993.24,21032.8,12.0,14.19,VIOLATED: Exceeds max price increase limit (+10.0%); Exceeds max competitor premium (+5.0%),False
PROD_05,Organic Basmati Rice 5kg,Groceries,STORE_04,Kolkata City Center,East,441.0,432.53,334.08,13,498.33,131.59,65573.54,21613.1,13.0,15.21,VIOLATED: Exceeds max price increase limit (+10.0%); Exceeds max competitor premium (+5.0%),False
PROD_05,Organic Basmati Rice 5kg,Groceries,STORE_04,Kolkata City Center,East,441.0,432.53,334.08,14,502.74,131.59,66153.84,22193.4,14.0,16.23,VIOLATED: Exceeds max price increase limit (+10.0%); Exceeds max competitor premium (+5.0%),False
PROD_05,Organic Basmati Rice 5kg,Groceries,STORE_04,Kolkata City Center,East,441.0,432.53,334.08,15,507.15,131.59,66734.13,22773.69,15.0,17.25,VIOLATED: Exceeds max price increase limit (+10.0%); Exceeds max competitor premium (+5.0%),False
PROD_06,Extra Virgin Olive Oil 1L,Groceries,STORE_01,Delhi Flagship Metro,North,850.0,819.0,606.79,-15,722.5,78.98,57062.14,9138.63,-15.0,-11.78,VIOLATED: Exceeds max price decrease limit (-10.0%),False
PROD_06,Extra Virgin Olive Oil 1L,Groceries,STORE_01,Delhi Flagship Metro,North,850.0,819.0,606.79,-14,731.0,79.91,58415.68,9925.87,-14.0,-10.74,VIOLATED: Exceeds max price decrease limit (-10.0%),False
PROD_06,Extra Virgin Olive Oil 1L,Groceries,STORE_01,Delhi Flagship Metro,North,850.0,819.0,606.79,-13,739.5,79.46,58764.33,10545.8,-13.0,-9.71,VIOLATED: Exceeds max price decrease limit (-10.0%),False
PROD_06,Extra Virgin Olive Oil 1L,Groceries,STORE_01,Delhi Flagship Metro,North,850.0,819.0,606.79,-12,748.0,79.17,59218.31,11179.43,-12.0,-8.67,VIOLATED: Exceeds max price decrease limit (-10.0%),False
PROD_06,Extra Virgin Olive Oil 1L,Groceries,STORE_01,Delhi Flagship Metro,North,850.0,819.0,606.79,-11,756.5,80.1,60598.78,11992.39,-11.0,-7.63,VIOLATED: Exceeds max price decrease limit (-10.0%),False
PROD_06,Extra Virgin Olive Oil 1L,Groceries,STORE_01,Delhi Flagship Metro,North,850.0,819.0,606.79,-10,765.0,79.72,60989.53,12613.27,-10.0,-6.59,PASSED,True
PROD_06,Extra Virgin Olive Oil 1L,Groceries,STORE_01,Delhi Flagship Metro,North,850.0,819.0,606.79,-9,773.5,79.72,61667.19,13290.93,-9.0,-5.56,PASSED,True
PROD_06,Extra Virgin Olive Oil 1L,Groceries,STORE_01,Delhi Flagship Metro,North,850.0,819.0,606.79,-8,782.0,79.58,62233.04,13943.55,-8.0,-4.52,PASSED,True
PROD_06,Extra Virgin Olive Oil 1L,Groceries,STORE_01,Delhi Flagship Metro,North,850.0,819.0,606.79,-7,790.5,79.58,62909.48,14619.99,-7.0,-3.48,PASSED,True
PROD_06,Extra Virgin Olive Oil 1L,Groceries,STORE_01,Delhi Flagship Metro,North,850.0,819.0,606.79,-6,799.0,79.58,63585.93,15296.44,-6.0,-2.44,PASSED,True
PROD_06,Extra Virgin Olive Oil 1L,Groceries,STORE_01,Delhi Flagship Metro,North,850.0,819.0,606.79,-5,807.5,80.02,64616.4,16060.88,-5.0,-1.4,PASSED,True
PROD_06,Extra Virgin Olive Oil 1L,Groceries,STORE_01,Delhi Flagship Metro,North,850.0,819.0,606.79,-4,816.0,79.94,65233.03,16724.76,-4.0,-0.37,PASSED,True
PROD_06,Extra Virgin Olive Oil 1L,Groceries,STORE_01,Delhi Flagship Metro,North,850.0,819.0,606.79,-3,824.5,79.94,65912.54,17404.27,-3.0,0.67,PASSED,True
PROD_06,Extra Virgin Olive Oil 1L,Groceries,STORE_01,Delhi Flagship Metro,North,850.0,819.0,606.79,-2,833.0,79.94,66592.05,18083.78,-2.0,1.71,PASSED,True
PROD_06,Extra Virgin Olive Oil 1L,Groceries,STORE_01,Delhi Flagship Metro,North,850.0,819.0,606.79,-1,841.5,79.96,67289.98,18768.43,-1.0,2.75,PASSED,True
PROD_06,Extra Virgin Olive Oil 1L,Groceries,STORE_01,Delhi Flagship Metro,North,850.0,819.0,606.79,0,850.0,80.77,68655.75,19644.43,0.0,3.79,PASSED,True
PROD_06,Extra Virgin Olive Oil 1L,Groceries,STORE_01,Delhi Flagship Metro,North,850.0,819.0,606.79,1,858.5,80.23,68875.37,20194.08,1.0,4.82,PASSED,True
PROD_06,Extra Virgin Olive Oil 1L,Groceries,STORE_01,Delhi Flagship Metro,North,850.0,819.0,606.79,2,867.0,80.32,69638.45,20900.37,2.0,5.86,VIOLATED: Exceeds max competitor premium (+5.0%),False
PROD_06,Extra Virgin Olive Oil 1L,Groceries,STORE_01,Delhi Flagship Metro,North,850.0,819.0,606.79,3,875.5,80.32,70321.18,21583.1,3.0,6.9,VIOLATED: Exceeds max competitor premium (+5.0%),False
PROD_06,Extra Virgin Olive Oil 1L,Groceries,STORE_01,Delhi Flagship Metro,North,850.0,819.0,606.79,4,884.0,80.5,71165.76,22316.58,4.0,7.94,VIOLATED: Exceeds max competitor premium (+5.0%),False
PROD_06,Extra Virgin Olive Oil 1L,Groceries,STORE_01,Delhi Flagship Metro,North,850.0,819.0,606.79,5,892.5,80.5,71850.05,23000.87,5.0,8.97,VIOLATED: Exceeds max competitor premium (+5.0%),False
PROD_06,Extra Virgin Olive Oil 1L,Groceries,STORE_01,Delhi Flagship Metro,North,850.0,819.0,606.79,6,901.0,80.21,72268.82,23598.45,6.0,10.01,VIOLATED: Exceeds max competitor premium (+5.0%),False
PROD_06,Extra Virgin Olive Oil 1L,Groceries,STORE_01,Delhi Flagship Metro,North,850.0,819.0,606.79,7,909.5,80.21,72950.61,24280.24,7.0,11.05,VIOLATED: Exceeds max competitor premium (+5.0%),False
PROD_06,Extra Virgin Olive Oil 1L,Groceries,STORE_01,Delhi Flagship Metro,North,850.0,819.0,606.79,8,918.0,80.21,73632.39,24962.02,8.0,12.09,VIOLATED: Exceeds max competitor premium (+5.0%),False
PROD_06,Extra Virgin Olive Oil 1L,Groceries,STORE_01,Delhi Flagship Metro,North,850.0,819.0,606.79,9,926.5,80.17,74275.34,25630.4,9.0,13.13,VIOLATED: Exceeds max competitor premium (+5.0%),False
PROD_06,Extra Virgin Olive Oil 1L,Groceries,STORE_01,Delhi Flagship Metro,North,850.0,819.0,606.79,10,935.0,80.17,74956.77,26311.83,10.0,14.16,VIOLATED: Exceeds max competitor premium (+5.0%),False
PROD_06,Extra Virgin Olive Oil 1L,Groceries,STORE_01,Delhi Flagship Metro,North,850.0,819.0,606.79,11,943.5,80.17,75638.19,26993.25,11.0,15.2,VIOLATED: Exceeds max price increase limit (+10.0%); Exceeds max competitor premium (+5.0%),False
PROD_06,Extra Virgin Olive Oil 1L,Groceries,STORE_01,Delhi Flagship Metro,North,850.0,819.0,606.79,12,952.0,80.17,76319.62,27674.68,12.0,16.24,VIOLATED: Exceeds max price increase limit (+10.0%); Exceeds max competitor premium (+5.0%),False
PROD_06,Extra Virgin Olive Oil 1L,Groceries,STORE_01,Delhi Flagship Metro,North,850.0,819.0,606.79,13,960.5,80.17,77001.04,28356.1,13.0,17.28,VIOLATED: Exceeds max price increase limit (+10.0%); Exceeds max competitor premium (+5.0%),False
PROD_06,Extra Virgin Olive Oil 1L,Groceries,STORE_01,Delhi Flagship Metro,North,850.0,819.0,606.79,14,969.0,80.17,77682.47,29037.53,14.0,18.32,VIOLATED: Exceeds max price increase limit (+10.0%); Exceeds max competitor premium (+5.0%),False
PROD_06,Extra Virgin Olive Oil 1L,Groceries,STORE_01,Delhi Flagship Metro,North,850.0,819.0,606.79,15,977.5,80.17,78363.89,29718.95,15.0,19.35,VIOLATED: Exceeds max price increase limit (+10.0%); Exceeds max competitor premium (+5.0%),False
PROD_06,Extra Virgin Olive Oil 1L,Groceries,STORE_02,Bengaluru Tech Park Store,South,816.0,892.76,606.79,-15,693.6,76.46,53035.5,6637.85,-15.0,-22.31,VIOLATED: Exceeds max price decrease limit (-10.0%),False
PROD_06,Extra Virgin Olive Oil 1L,Groceries,STORE_02,Bengaluru Tech Park Store,South,816.0,892.76,606.79,-14,701.76,76.46,53659.44,7261.79,-14.0,-21.39,VIOLATED: Exceeds max price decrease limit (-10.0%),False
PROD_06,Extra Virgin Olive Oil 1L,Groceries,STORE_02,Bengaluru Tech Park Store,South,816.0,892.76,606.79,-13,709.92,75.97,53935.12,7835.15,-13.0,-20.48,VIOLATED: Exceeds max price decrease limit (-10.0%),False
PROD_06,Extra Virgin Olive Oil 1L,Groceries,STORE_02,Bengaluru Tech Park Store,South,816.0,892.76,606.79,-12,718.08,75.15,53960.16,8362.9,-12.0,-19.57,VIOLATED: Exceeds max price decrease limit (-10.0%),False
PROD_06,Extra Virgin Olive Oil 1L,Groceries,STORE_02,Bengaluru Tech Park Store,South,816.0,892.76,606.79,-11,726.24,75.15,54573.34,8976.08,-11.0,-18.65,VIOLATED: Exceeds max price decrease limit (-10.0%),False
PROD_06,Extra Virgin Olive Oil 1L,Groceries,STORE_02,Bengaluru Tech Park Store,South,816.0,892.76,606.79,-10,734.4,74.12,54431.82,9458.12,-10.0,-17.74,VIOLATED: Exceeds max price decrease limit (-10.0%),False
PROD_06,Extra Virgin Olive Oil 1L,Groceries,STORE_02,Bengaluru Tech Park Store,South,816.0,892.76,606.79,-9,742.56,73.69,54721.96,10005.39,-9.0,-16.82,PASSED,True
PROD_06,Extra Virgin Olive Oil 1L,Groceries,STORE_02,Bengaluru Tech Park Store,South,816.0,892.76,606.79,-8,750.72,73.95,55516.7,10643.81,-8.0,-15.91,PASSED,True
PROD_06,Extra Virgin Olive Oil 1L,Groceries,STORE_02,Bengaluru Tech Park Store,South,816.0,892.76,606.79,-7,758.88,73.75,55967.93,11216.74,-7.0,-15.0,PASSED,True
PROD_06,Extra Virgin Olive Oil 1L,Groceries,STORE_02,Bengaluru Tech Park Store,South,816.0,892.76,606.79,-6,767.04,73.75,56569.74,11818.55,-6.0,-14.08,PASSED,True
PROD_06,Extra Virgin Olive Oil 1L,Groceries,STORE_02,Bengaluru Tech Park Store,South,816.0,892.76,606.79,-5,775.2,74.35,57634.82,12521.0,-5.0,-13.17,PASSED,True
PROD_06,Extra Virgin Olive Oil 1L,Groceries,STORE_02,Bengaluru Tech Park Store,South,816.0,892.76,606.79,-4,783.36,74.54,58392.56,13161.73,-4.0,-12.25,PASSED,True
PROD_06,Extra Virgin Olive Oil 1L,Groceries,STORE_02,Bengaluru Tech Park Store,South,816.0,892.76,606.79,-3,791.52,74.49,58963.66,13761.32,-3.0,-11.34,PASSED,True
PROD_06,Extra Virgin Olive Oil 1L,Groceries,STORE_02,Bengaluru Tech Park Store,South,816.0,892.76,606.79,-2,799.68,73.77,58990.27,14228.98,-2.0,-10.43,PASSED,True
PROD_06,Extra Virgin Olive Oil 1L,Groceries,STORE_02,Bengaluru Tech Park Store,South,816.0,892.76,606.79,-1,807.84,73.95,59741.32,14868.03,-1.0,-9.51,PASSED,True
PROD_06,Extra Virgin Olive Oil 1L,Groceries,STORE_02,Bengaluru Tech Park Store,South,816.0,892.76,606.79,0,816.0,74.65,60917.74,15618.38,0.0,-8.6,PASSED,True
PROD_06,Extra Virgin Olive Oil 1L,Groceries,STORE_02,Bengaluru Tech Park Store,South,816.0,892.76,606.79,1,824.16,74.87,61707.46,16275.18,1.0,-7.68,PASSED,True
PROD_06,Extra Virgin Olive Oil 1L,Groceries,STORE_02,Bengaluru Tech Park Store,South,816.0,892.76,606.79,2,832.32,74.87,62318.42,16886.14,2.0,-6.77,PASSED,True
PROD_06,Extra Virgin Olive Oil 1L,Groceries,STORE_02,Bengaluru Tech Park Store,South,816.0,892.76,606.79,3,840.48,74.87,62929.39,17497.11,3.0,-5.86,PASSED,True
PROD_06,Extra Virgin Olive Oil 1L,Groceries,STORE_02,Bengaluru Tech Park Store,South,816.0,892.76,606.79,4,848.64,74.87,63540.35,18108.07,4.0,-4.94,PASSED,True
PROD_06,Extra Virgin Olive Oil 1L,Groceries,STORE_02,Bengaluru Tech Park Store,South,816.0,892.76,606.79,5,856.8,74.42,63766.34,18606.71,5.0,-4.03,PASSED,True
PROD_06,Extra Virgin Olive Oil 1L,Groceries,STORE_02,Bengaluru Tech Park Store,South,816.0,892.76,606.79,6,864.96,74.42,64373.63,19214.0,6.0,-3.11,PASSED,True
PROD_06,Extra Virgin Olive Oil 1L,Groceries,STORE_02,Bengaluru Tech Park Store,South,816.0,892.76,606.79,7,873.12,74.41,64967.38,19817.17,7.0,-2.2,PASSED,True
PROD_06,Extra Virgin Olive Oil 1L,Groceries,STORE_02,Bengaluru Tech Park Store,South,816.0,892.76,606.79,8,881.28,74.41,65574.55,20424.34,8.0,-1.29,PASSED,True
PROD_06,Extra Virgin Olive Oil 1L,Groceries,STORE_02,Bengaluru Tech Park Store,South,816.0,892.76,606.79,9,889.44,74.41,66181.72,21031.51,9.0,-0.37,PASSED,True
PROD_06,Extra Virgin Olive Oil 1L,Groceries,STORE_02,Bengaluru Tech Park Store,South,816.0,892.76,606.79,10,897.6,74.41,66788.89,21638.68,10.0,0.54,VIOLATED: Exceeds max price increase limit (+10.0%),False
PROD_06,Extra Virgin Olive Oil 1L,Groceries,STORE_02,Bengaluru Tech Park Store,South,816.0,892.76,606.79,11,905.76,74.41,67396.06,22245.85,11.0,1.46,VIOLATED: Exceeds max price increase limit (+10.0%),False
PROD_06,Extra Virgin Olive Oil 1L,Groceries,STORE_02,Bengaluru Tech Park Store,South,816.0,892.76,606.79,12,913.92,74.41,68003.24,22853.03,12.0,2.37,VIOLATED: Exceeds max price increase limit (+10.0%),False
PROD_06,Extra Virgin Olive Oil 1L,Groceries,STORE_02,Bengaluru Tech Park Store,South,816.0,892.76,606.79,13,922.08,74.22,68433.99,23399.87,13.0,3.28,VIOLATED: Exceeds max price increase limit (+10.0%),False
PROD_06,Extra Virgin Olive Oil 1L,Groceries,STORE_02,Bengaluru Tech Park Store,South,816.0,892.76,606.79,14,930.24,74.22,69039.6,24005.48,14.0,4.2,VIOLATED: Exceeds max price increase limit (+10.0%),False
PROD_06,Extra Virgin Olive Oil 1L,Groceries,STORE_02,Bengaluru Tech Park Store,South,816.0,892.76,606.79,15,938.4,74.18,69609.0,24598.29,15.0,5.11,VIOLATED: Exceeds max price increase limit (+10.0%); Exceeds max competitor premium (+5.0%),False
PROD_06,Extra Virgin Olive Oil 1L,Groceries,STORE_03,Mumbai High Street Mall,West,850.0,847.61,606.79,-15,722.5,83.99,60682.58,9718.46,-15.0,-14.76,VIOLATED: Exceeds max price decrease limit (-10.0%),False
PROD_06,Extra Virgin Olive Oil 1L,Groceries,STORE_03,Mumbai High Street Mall,West,850.0,847.61,606.79,-14,731.0,83.99,61396.49,10432.37,-14.0,-13.76,VIOLATED: Exceeds max price decrease limit (-10.0%),False
PROD_06,Extra Virgin Olive Oil 1L,Groceries,STORE_03,Mumbai High Street Mall,West,850.0,847.61,606.79,-13,739.5,83.99,62110.4,11146.28,-13.0,-12.75,VIOLATED: Exceeds max price decrease limit (-10.0%),False
PROD_06,Extra Virgin Olive Oil 1L,Groceries,STORE_03,Mumbai High Street Mall,West,850.0,847.61,606.79,-12,748.0,84.14,62933.44,11880.79,-12.0,-11.75,VIOLATED: Exceeds max price decrease limit (-10.0%),False
PROD_06,Extra Virgin Olive Oil 1L,Groceries,STORE_03,Mumbai High Street Mall,West,850.0,847.61,606.79,-11,756.5,84.85,64190.4,12703.16,-11.0,-10.75,VIOLATED: Exceeds max price decrease limit (-10.0%),False
PROD_06,Extra Virgin Olive Oil 1L,Groceries,STORE_03,Mumbai High Street Mall,West,850.0,847.61,606.79,-10,765.0,84.12,64355.58,13309.4,-10.0,-9.75,PASSED,True
PROD_06,Extra Virgin Olive Oil 1L,Groceries,STORE_03,Mumbai High Street Mall,West,850.0,847.61,606.79,-9,773.5,84.61,65445.0,14105.16,-9.0,-8.74,PASSED,True
PROD_06,Extra Virgin Olive Oil 1L,Groceries,STORE_03,Mumbai High Street Mall,West,850.0,847.61,606.79,-8,782.0,84.83,66335.48,14862.71,-8.0,-7.74,PASSED,True
PROD_06,Extra Virgin Olive Oil 1L,Groceries,STORE_03,Mumbai High Street Mall,West,850.0,847.61,606.79,-7,790.5,85.44,67539.1,15695.9,-7.0,-6.74,PASSED,True
PROD_06,Extra Virgin Olive Oil 1L,Groceries,STORE_03,Mumbai High Street Mall,West,850.0,847.61,606.79,-6,799.0,85.44,68265.33,16422.13,-6.0,-5.73,PASSED,True
PROD_06,Extra Virgin Olive Oil 1L,Groceries,STORE_03,Mumbai High Street Mall,West,850.0,847.61,606.79,-5,807.5,85.54,69074.57,17168.99,-5.0,-4.73,PASSED,True
PROD_06,Extra Virgin Olive Oil 1L,Groceries,STORE_03,Mumbai High Street Mall,West,850.0,847.61,606.79,-4,816.0,85.1,69445.29,17804.72,-4.0,-3.73,PASSED,True
PROD_06,Extra Virgin Olive Oil 1L,Groceries,STORE_03,Mumbai High Street Mall,West,850.0,847.61,606.79,-3,824.5,85.1,70168.68,18528.11,-3.0,-2.73,PASSED,True
PROD_06,Extra Virgin Olive Oil 1L,Groceries,STORE_03,Mumbai High Street Mall,West,850.0,847.61,606.79,-2,833.0,85.13,70912.59,19257.06,-2.0,-1.72,PASSED,True
PROD_06,Extra Virgin Olive Oil 1L,Groceries,STORE_03,Mumbai High Street Mall,West,850.0,847.61,606.79,-1,841.5,85.02,71547.56,19955.95,-1.0,-0.72,PASSED,True
PROD_06,Extra Virgin Olive Oil 1L,Groceries,STORE_03,Mumbai High Street Mall,West,850.0,847.61,606.79,0,850.0,85.82,72947.37,20872.39,0.0,0.28,PASSED,True
PROD_06,Extra Virgin Olive Oil 1L,Groceries,STORE_03,Mumbai High Street Mall,West,850.0,847.61,606.79,1,858.5,85.82,73676.84,21601.86,1.0,1.28,PASSED,True
PROD_06,Extra Virgin Olive Oil 1L,Groceries,STORE_03,Mumbai High Street Mall,West,850.0,847.61,606.79,2,867.0,85.82,74406.32,22331.34,2.0,2.29,PASSED,True
PROD_06,Extra Virgin Olive Oil 1L,Groceries,STORE_03,Mumbai High Street Mall,West,850.0,847.61,606.79,3,875.5,86.67,75882.74,23290.07,3.0,3.29,PASSED,True
PROD_06,Extra Virgin Olive Oil 1L,Groceries,STORE_03,Mumbai High Street Mall,West,850.0,847.61,606.79,4,884.0,86.61,76563.3,24009.18,4.0,4.29,PASSED,True
PROD_06,Extra Virgin Olive Oil 1L,Groceries,STORE_03,Mumbai High Street Mall,West,850.0,847.61,606.79,5,892.5,85.94,76704.61,24554.93,5.0,5.3,VIOLATED: Exceeds max competitor premium (+5.0%),False
PROD_06,Extra Virgin Olive Oil 1L,Groceries,STORE_03,Mumbai High Street Mall,West,850.0,847.61,606.79,6,901.0,85.61,77132.67,25186.68,6.0,6.3,VIOLATED: Exceeds max competitor premium (+5.0%),False
PROD_06,Extra Virgin Olive Oil 1L,Groceries,STORE_03,Mumbai High Street Mall,West,850.0,847.61,606.79,7,909.5,85.61,77860.34,25914.35,7.0,7.3,VIOLATED: Exceeds max competitor premium (+5.0%),False
PROD_06,Extra Virgin Olive Oil 1L,Groceries,STORE_03,Mumbai High Street Mall,West,850.0,847.61,606.79,8,918.0,85.61,78588.01,26642.02,8.0,8.3,VIOLATED: Exceeds max competitor premium (+5.0%),False
PROD_06,Extra Virgin Olive Oil 1L,Groceries,STORE_03,Mumbai High Street Mall,West,850.0,847.61,606.79,9,926.5,85.61,79315.67,27369.68,9.0,9.31,VIOLATED: Exceeds max competitor premium (+5.0%),False
PROD_06,Extra Virgin Olive Oil 1L,Groceries,STORE_03,Mumbai High Street Mall,West,850.0,847.61,606.79,10,935.0,85.31,79767.81,28000.64,10.0,10.31,VIOLATED: Exceeds max competitor premium (+5.0%),False
PROD_06,Extra Virgin Olive Oil 1L,Groceries,STORE_03,Mumbai High Street Mall,West,850.0,847.61,606.79,11,943.5,85.31,80492.97,28725.8,11.0,11.31,VIOLATED: Exceeds max price increase limit (+10.0%); Exceeds max competitor premium (+5.0%),False
PROD_06,Extra Virgin Olive Oil 1L,Groceries,STORE_03,Mumbai High Street Mall,West,850.0,847.61,606.79,12,952.0,85.27,81178.24,29436.49,12.0,12.32,VIOLATED: Exceeds max price increase limit (+10.0%); Exceeds max competitor premium (+5.0%),False
PROD_06,Extra Virgin Olive Oil 1L,Groceries,STORE_03,Mumbai High Street Mall,West,850.0,847.61,606.79,13,960.5,85.27,81903.04,30161.29,13.0,13.32,VIOLATED: Exceeds max price increase limit (+10.0%); Exceeds max competitor premium (+5.0%),False
PROD_06,Extra Virgin Olive Oil 1L,Groceries,STORE_03,Mumbai High Street Mall,West,850.0,847.61,606.79,14,969.0,85.27,82627.85,30886.1,14.0,14.32,VIOLATED: Exceeds max price increase limit (+10.0%); Exceeds max competitor premium (+5.0%),False
PROD_06,Extra Virgin Olive Oil 1L,Groceries,STORE_03,Mumbai High Street Mall,West,850.0,847.61,606.79,15,977.5,85.27,83352.65,31610.9,15.0,15.32,VIOLATED: Exceeds max price increase limit (+10.0%); Exceeds max competitor premium (+5.0%),False
PROD_06,Extra Virgin Olive Oil 1L,Groceries,STORE_04,Kolkata City Center,East,850.0,881.8,606.79,-15,722.5,54.92,39678.72,6354.64,-15.0,-18.07,VIOLATED: Exceeds max price decrease limit (-10.0%),False
PROD_06,Extra Virgin Olive Oil 1L,Groceries,STORE_04,Kolkata City Center,East,850.0,881.8,606.79,-14,731.0,54.92,40145.53,6821.45,-14.0,-17.1,VIOLATED: Exceeds max price decrease limit (-10.0%),False
PROD_06,Extra Virgin Olive Oil 1L,Groceries,STORE_04,Kolkata City Center,East,850.0,881.8,606.79,-13,739.5,54.92,40612.34,7288.26,-13.0,-16.14,VIOLATED: Exceeds max price decrease limit (-10.0%),False
PROD_06,Extra Virgin Olive Oil 1L,Groceries,STORE_04,Kolkata City Center,East,850.0,881.8,606.79,-12,748.0,55.01,41150.26,7768.48,-12.0,-15.17,VIOLATED: Exceeds max price decrease limit (-10.0%),False
PROD_06,Extra Virgin Olive Oil 1L,Groceries,STORE_04,Kolkata City Center,East,850.0,881.8,606.79,-11,756.5,55.03,41631.47,8238.79,-11.0,-14.21,VIOLATED: Exceeds max price decrease limit (-10.0%),False
PROD_06,Extra Virgin Olive Oil 1L,Groceries,STORE_04,Kolkata City Center,East,850.0,881.8,606.79,-10,765.0,55.03,42099.24,8706.56,-10.0,-13.25,PASSED,True
PROD_06,Extra Virgin Olive Oil 1L,Groceries,STORE_04,Kolkata City Center,East,850.0,881.8,606.79,-9,773.5,55.03,42567.01,9174.33,-9.0,-12.28,PASSED,True
PROD_06,Extra Virgin Olive Oil 1L,Groceries,STORE_04,Kolkata City Center,East,850.0,881.8,606.79,-8,782.0,55.03,43034.78,9642.1,-8.0,-11.32,PASSED,True
PROD_06,Extra Virgin Olive Oil 1L,Groceries,STORE_04,Kolkata City Center,East,850.0,881.8,606.79,-7,790.5,54.9,43398.38,10085.66,-7.0,-10.35,PASSED,True
PROD_06,Extra Virgin Olive Oil 1L,Groceries,STORE_04,Kolkata City Center,East,850.0,881.8,606.79,-6,799.0,55.11,44029.65,10591.91,-6.0,-9.39,PASSED,True
PROD_06,Extra Virgin Olive Oil 1L,Groceries,STORE_04,Kolkata City Center,East,850.0,881.8,606.79,-5,807.5,55.28,44641.32,11095.92,-5.0,-8.43,PASSED,True
PROD_06,Extra Virgin Olive Oil 1L,Groceries,STORE_04,Kolkata City Center,East,850.0,881.8,606.79,-4,816.0,56.08,45757.84,11731.61,-4.0,-7.46,PASSED,True
PROD_06,Extra Virgin Olive Oil 1L,Groceries,STORE_04,Kolkata City Center,East,850.0,881.8,606.79,-3,824.5,56.08,46234.49,12208.26,-3.0,-6.5,PASSED,True
PROD_06,Extra Virgin Olive Oil 1L,Groceries,STORE_04,Kolkata City Center,East,850.0,881.8,606.79,-2,833.0,55.89,46557.1,12643.07,-2.0,-5.53,PASSED,True
PROD_06,Extra Virgin Olive Oil 1L,Groceries,STORE_04,Kolkata City Center,East,850.0,881.8,606.79,-1,841.5,55.93,47062.08,13126.49,-1.0,-4.57,PASSED,True
PROD_06,Extra Virgin Olive Oil 1L,Groceries,STORE_04,Kolkata City Center,East,850.0,881.8,606.79,0,850.0,55.93,47537.46,13601.87,0.0,-3.61,PASSED,True
PROD_06,Extra Virgin Olive Oil 1L,Groceries,STORE_04,Kolkata City Center,East,850.0,881.8,606.79,1,858.5,55.93,48012.83,14077.24,1.0,-2.64,PASSED,True
PROD_06,Extra Virgin Olive Oil 1L,Groceries,STORE_04,Kolkata City Center,East,850.0,881.8,606.79,2,867.0,55.87,48436.49,14537.09,2.0,-1.68,PASSED,True
PROD_06,Extra Virgin Olive Oil 1L,Groceries,STORE_04,Kolkata City Center,East,850.0,881.8,606.79,3,875.5,55.87,48911.36,15011.96,3.0,-0.71,PASSED,True
PROD_06,Extra Virgin Olive Oil 1L,Groceries,STORE_04,Kolkata City Center,East,850.0,881.8,606.79,4,884.0,55.87,49386.23,15486.83,4.0,0.25,PASSED,True
PROD_06,Extra Virgin Olive Oil 1L,Groceries,STORE_04,Kolkata City Center,East,850.0,881.8,606.79,5,892.5,55.87,49861.1,15961.7,5.0,1.21,PASSED,True
PROD_06,Extra Virgin Olive Oil 1L,Groceries,STORE_04,Kolkata City Center,East,850.0,881.8,606.79,6,901.0,55.87,50335.96,16436.56,6.0,2.18,PASSED,True
PROD_06,Extra Virgin Olive Oil 1L,Groceries,STORE_04,Kolkata City Center,East,850.0,881.8,606.79,7,909.5,55.88,50818.51,16913.98,7.0,3.14,PASSED,True
PROD_06,Extra Virgin Olive Oil 1L,Groceries,STORE_04,Kolkata City Center,East,850.0,881.8,606.79,8,918.0,55.88,51293.45,17388.92,8.0,4.11,PASSED,True
PROD_06,Extra Virgin Olive Oil 1L,Groceries,STORE_04,Kolkata City Center,East,850.0,881.8,606.79,9,926.5,55.9,51791.02,17871.68,9.0,5.07,VIOLATED: Exceeds max competitor premium (+5.0%),False
PROD_06,Extra Virgin Olive Oil 1L,Groceries,STORE_04,Kolkata City Center,East,850.0,881.8,606.79,10,935.0,55.69,52070.46,18278.12,10.0,6.03,VIOLATED: Exceeds max competitor premium (+5.0%),False
PROD_06,Extra Virgin Olive Oil 1L,Groceries,STORE_04,Kolkata City Center,East,850.0,881.8,606.79,11,943.5,55.69,52543.83,18751.49,11.0,7.0,VIOLATED: Exceeds max price increase limit (+10.0%); Exceeds max competitor premium (+5.0%),False
PROD_06,Extra Virgin Olive Oil 1L,Groceries,STORE_04,Kolkata City Center,East,850.0,881.8,606.79,12,952.0,55.87,53191.34,19288.01,12.0,7.96,VIOLATED: Exceeds max price increase limit (+10.0%); Exceeds max competitor premium (+5.0%),False
PROD_06,Extra Virgin Olive Oil 1L,Groceries,STORE_04,Kolkata City Center,East,850.0,881.8,606.79,13,960.5,55.87,53666.26,19762.93,13.0,8.92,VIOLATED: Exceeds max price increase limit (+10.0%); Exceeds max competitor premium (+5.0%),False
PROD_06,Extra Virgin Olive Oil 1L,Groceries,STORE_04,Kolkata City Center,East,850.0,881.8,606.79,14,969.0,55.58,53855.64,20131.12,14.0,9.89,VIOLATED: Exceeds max price increase limit (+10.0%); Exceeds max competitor premium (+5.0%),False
PROD_06,Extra Virgin Olive Oil 1L,Groceries,STORE_04,Kolkata City Center,East,850.0,881.8,606.79,15,977.5,55.58,54328.05,20603.53,15.0,10.85,VIOLATED: Exceeds max price increase limit (+10.0%); Exceeds max competitor premium (+5.0%),False
PROD_07,Premium Arabica Coffee Beans 500g,Groceries,STORE_01,Delhi Flagship Metro,North,599.0,588.34,407.89,-15,509.15,115.47,58789.55,11692.1,-15.0,-13.46,VIOLATED: Exceeds max price decrease limit (-10.0%),False
PROD_07,Premium Arabica Coffee Beans 500g,Groceries,STORE_01,Delhi Flagship Metro,North,599.0,588.34,407.89,-14,515.14,113.23,58327.04,12143.45,-14.0,-12.44,VIOLATED: Exceeds max price decrease limit (-10.0%),False
PROD_07,Premium Arabica Coffee Beans 500g,Groceries,STORE_01,Delhi Flagship Metro,North,599.0,588.34,407.89,-13,521.13,113.61,59204.4,12864.94,-13.0,-11.42,VIOLATED: Exceeds max price decrease limit (-10.0%),False
PROD_07,Premium Arabica Coffee Beans 500g,Groceries,STORE_01,Delhi Flagship Metro,North,599.0,588.34,407.89,-12,527.12,113.61,59884.91,13545.45,-12.0,-10.41,VIOLATED: Exceeds max price decrease limit (-10.0%),False
PROD_07,Premium Arabica Coffee Beans 500g,Groceries,STORE_01,Delhi Flagship Metro,North,599.0,588.34,407.89,-11,533.11,114.28,60925.77,14310.6,-11.0,-9.39,VIOLATED: Exceeds max price decrease limit (-10.0%),False
PROD_07,Premium Arabica Coffee Beans 500g,Groceries,STORE_01,Delhi Flagship Metro,North,599.0,588.34,407.89,-10,539.1,114.28,61610.33,14995.16,-10.0,-8.37,PASSED,True
PROD_07,Premium Arabica Coffee Beans 500g,Groceries,STORE_01,Delhi Flagship Metro,North,599.0,588.34,407.89,-9,545.09,113.34,61781.18,15550.42,-9.0,-7.35,PASSED,True
PROD_07,Premium Arabica Coffee Beans 500g,Groceries,STORE_01,Delhi Flagship Metro,North,599.0,588.34,407.89,-8,551.08,113.13,62344.04,16199.18,-8.0,-6.33,PASSED,True
PROD_07,Premium Arabica Coffee Beans 500g,Groceries,STORE_01,Delhi Flagship Metro,North,599.0,588.34,407.89,-7,557.07,113.13,63021.69,16876.83,-7.0,-5.31,PASSED,True
PROD_07,Premium Arabica Coffee Beans 500g,Groceries,STORE_01,Delhi Flagship Metro,North,599.0,588.34,407.89,-6,563.06,113.18,63729.38,17562.76,-6.0,-4.3,PASSED,True
PROD_07,Premium Arabica Coffee Beans 500g,Groceries,STORE_01,Delhi Flagship Metro,North,599.0,588.34,407.89,-5,569.05,111.99,63726.52,18047.91,-5.0,-3.28,PASSED,True
PROD_07,Premium Arabica Coffee Beans 500g,Groceries,STORE_01,Delhi Flagship Metro,North,599.0,588.34,407.89,-4,575.04,111.94,64371.96,18711.35,-4.0,-2.26,PASSED,True
PROD_07,Premium Arabica Coffee Beans 500g,Groceries,STORE_01,Delhi Flagship Metro,North,599.0,588.34,407.89,-3,581.03,111.94,65042.5,19381.89,-3.0,-1.24,PASSED,True
PROD_07,Premium Arabica Coffee Beans 500g,Groceries,STORE_01,Delhi Flagship Metro,North,599.0,588.34,407.89,-2,587.02,111.94,65713.04,20052.43,-2.0,-0.22,PASSED,True
PROD_07,Premium Arabica Coffee Beans 500g,Groceries,STORE_01,Delhi Flagship Metro,North,599.0,588.34,407.89,-1,593.01,111.94,66383.58,20722.97,-1.0,0.79,PASSED,True
PROD_07,Premium Arabica Coffee Beans 500g,Groceries,STORE_01,Delhi Flagship Metro,North,599.0,588.34,407.89,0,599.0,111.89,67024.34,21384.01,0.0,1.81,PASSED,True
PROD_07,Premium Arabica Coffee Beans 500g,Groceries,STORE_01,Delhi Flagship Metro,North,599.0,588.34,407.89,1,604.99,112.05,67791.53,22085.84,1.0,2.83,PASSED,True
PROD_07,Premium Arabica Coffee Beans 500g,Groceries,STORE_01,Delhi Flagship Metro,North,599.0,588.34,407.89,2,610.98,111.77,68286.87,22698.58,2.0,3.85,PASSED,True
PROD_07,Premium Arabica Coffee Beans 500g,Groceries,STORE_01,Delhi Flagship Metro,North,599.0,588.34,407.89,3,616.97,111.1,68545.54,23228.85,3.0,4.87,PASSED,True
PROD_07,Premium Arabica Coffee Beans 500g,Groceries,STORE_01,Delhi Flagship Metro,North,599.0,588.34,407.89,4,622.96,112.44,70046.49,24182.77,4.0,5.88,VIOLATED: Exceeds max competitor premium (+5.0%),False
PROD_07,Premium Arabica Coffee Beans 500g,Groceries,STORE_01,Delhi Flagship Metro,North,599.0,588.34,407.89,5,628.95,112.45,70728.47,24859.27,5.0,6.9,VIOLATED: Exceeds max competitor premium (+5.0%),False
PROD_07,Premium Arabica Coffee Beans 500g,Groceries,STORE_01,Delhi Flagship Metro,North,599.0,588.34,407.89,6,634.94,112.71,71565.11,25591.17,6.0,7.92,VIOLATED: Exceeds max competitor premium (+5.0%),False
PROD_07,Premium Arabica Coffee Beans 500g,Groceries,STORE_01,Delhi Flagship Metro,North,599.0,588.34,407.89,7,640.93,112.71,72240.25,26266.31,7.0,8.94,VIOLATED: Exceeds max competitor premium (+5.0%),False
PROD_07,Premium Arabica Coffee Beans 500g,Groceries,STORE_01,Delhi Flagship Metro,North,599.0,588.34,407.89,8,646.92,112.71,72915.39,26941.45,8.0,9.96,VIOLATED: Exceeds max competitor premium (+5.0%),False
PROD_07,Premium Arabica Coffee Beans 500g,Groceries,STORE_01,Delhi Flagship Metro,North,599.0,588.34,407.89,9,652.91,112.71,73590.54,27616.6,9.0,10.97,VIOLATED: Exceeds max competitor premium (+5.0%),False
PROD_07,Premium Arabica Coffee Beans 500g,Groceries,STORE_01,Delhi Flagship Metro,North,599.0,588.34,407.89,10,658.9,112.71,74265.68,28291.74,10.0,11.99,VIOLATED: Exceeds max competitor premium (+5.0%),False
PROD_07,Premium Arabica Coffee Beans 500g,Groceries,STORE_01,Delhi Flagship Metro,North,599.0,588.34,407.89,11,664.89,112.71,74940.82,28966.88,11.0,13.01,VIOLATED: Exceeds max price increase limit (+10.0%); Exceeds max competitor premium (+5.0%),False
PROD_07,Premium Arabica Coffee Beans 500g,Groceries,STORE_01,Delhi Flagship Metro,North,599.0,588.34,407.89,12,670.88,112.71,75615.96,29642.02,12.0,14.03,VIOLATED: Exceeds max price increase limit (+10.0%); Exceeds max competitor premium (+5.0%),False
PROD_07,Premium Arabica Coffee Beans 500g,Groceries,STORE_01,Delhi Flagship Metro,North,599.0,588.34,407.89,13,676.87,112.71,76291.11,30317.17,13.0,15.05,VIOLATED: Exceeds max price increase limit (+10.0%); Exceeds max competitor premium (+5.0%),False
PROD_07,Premium Arabica Coffee Beans 500g,Groceries,STORE_01,Delhi Flagship Metro,North,599.0,588.34,407.89,14,682.86,112.71,76966.25,30992.31,14.0,16.07,VIOLATED: Exceeds max price increase limit (+10.0%); Exceeds max competitor premium (+5.0%),False
PROD_07,Premium Arabica Coffee Beans 500g,Groceries,STORE_01,Delhi Flagship Metro,North,599.0,588.34,407.89,15,688.85,112.71,77641.39,31667.45,15.0,17.08,VIOLATED: Exceeds max price increase limit (+10.0%); Exceeds max competitor premium (+5.0%),False
PROD_07,Premium Arabica Coffee Beans 500g,Groceries,STORE_02,Bengaluru Tech Park Store,South,509.15,625.95,407.89,-15,432.78,172.1,74479.82,4283.47,-15.0,-30.86,VIOLATED: Exceeds max price decrease limit (-10.0%),False
PROD_07,Premium Arabica Coffee Beans 500g,Groceries,STORE_02,Bengaluru Tech Park Store,South,509.15,625.95,407.89,-14,437.87,172.1,75355.79,5159.44,-14.0,-30.05,VIOLATED: Exceeds max price decrease limit (-10.0%),False
PROD_07,Premium Arabica Coffee Beans 500g,Groceries,STORE_02,Bengaluru Tech Park Store,South,509.15,625.95,407.89,-13,442.96,172.1,76231.76,6035.41,-13.0,-29.23,VIOLATED: Exceeds max price decrease limit (-10.0%),False
PROD_07,Premium Arabica Coffee Beans 500g,Groceries,STORE_02,Bengaluru Tech Park Store,South,509.15,625.95,407.89,-12,448.05,172.1,77107.73,6911.38,-12.0,-28.42,VIOLATED: Exceeds max price decrease limit (-10.0%),False
PROD_07,Premium Arabica Coffee Beans 500g,Groceries,STORE_02,Bengaluru Tech Park Store,South,509.15,625.95,407.89,-11,453.14,171.92,77903.89,7779.39,-11.0,-27.61,VIOLATED: Exceeds max price decrease limit (-10.0%),False
PROD_07,Premium Arabica Coffee Beans 500g,Groceries,STORE_02,Bengaluru Tech Park Store,South,509.15,625.95,407.89,-10,458.24,171.92,78780.68,8656.18,-10.0,-26.79,PASSED,True
PROD_07,Premium Arabica Coffee Beans 500g,Groceries,STORE_02,Bengaluru Tech Park Store,South,509.15,625.95,407.89,-9,463.33,171.92,79655.76,9531.26,-9.0,-25.98,PASSED,True
PROD_07,Premium Arabica Coffee Beans 500g,Groceries,STORE_02,Bengaluru Tech Park Store,South,509.15,625.95,407.89,-8,468.42,171.24,80212.29,10365.16,-8.0,-25.17,PASSED,True
PROD_07,Premium Arabica Coffee Beans 500g,Groceries,STORE_02,Bengaluru Tech Park Store,South,509.15,625.95,407.89,-7,473.51,171.24,81083.91,11236.78,-7.0,-24.35,PASSED,True
PROD_07,Premium Arabica Coffee Beans 500g,Groceries,STORE_02,Bengaluru Tech Park Store,South,509.15,625.95,407.89,-6,478.6,169.73,81231.99,12001.49,-6.0,-23.54,PASSED,True
PROD_07,Premium Arabica Coffee Beans 500g,Groceries,STORE_02,Bengaluru Tech Park Store,South,509.15,625.95,407.89,-5,483.69,169.73,82095.9,12865.4,-5.0,-22.73,PASSED,True
PROD_07,Premium Arabica Coffee Beans 500g,Groceries,STORE_02,Bengaluru Tech Park Store,South,509.15,625.95,407.89,-4,488.78,169.73,82959.82,13729.32,-4.0,-21.91,PASSED,True
PROD_07,Premium Arabica Coffee Beans 500g,Groceries,STORE_02,Bengaluru Tech Park Store,South,509.15,625.95,407.89,-3,493.88,168.59,83265.41,14497.43,-3.0,-21.1,PASSED,True
PROD_07,Premium Arabica Coffee Beans 500g,Groceries,STORE_02,Bengaluru Tech Park Store,South,509.15,625.95,407.89,-2,498.97,167.9,83778.41,15292.58,-2.0,-20.29,PASSED,True
PROD_07,Premium Arabica Coffee Beans 500g,Groceries,STORE_02,Bengaluru Tech Park Store,South,509.15,625.95,407.89,-1,504.06,168.0,84684.53,16157.03,-1.0,-19.47,PASSED,True
PROD_07,Premium Arabica Coffee Beans 500g,Groceries,STORE_02,Bengaluru Tech Park Store,South,509.15,625.95,407.89,0,509.15,167.72,85394.03,16983.2,0.0,-18.66,PASSED,True
PROD_07,Premium Arabica Coffee Beans 500g,Groceries,STORE_02,Bengaluru Tech Park Store,South,509.15,625.95,407.89,1,514.24,167.72,86247.72,17836.89,1.0,-17.85,PASSED,True
PROD_07,Premium Arabica Coffee Beans 500g,Groceries,STORE_02,Bengaluru Tech Park Store,South,509.15,625.95,407.89,2,519.33,166.93,86691.26,18602.57,2.0,-17.03,PASSED,True
PROD_07,Premium Arabica Coffee Beans 500g,Groceries,STORE_02,Bengaluru Tech Park Store,South,509.15,625.95,407.89,3,524.42,166.51,87318.71,19402.87,3.0,-16.22,PASSED,True
PROD_07,Premium Arabica Coffee Beans 500g,Groceries,STORE_02,Bengaluru Tech Park Store,South,509.15,625.95,407.89,4,529.52,166.51,88167.88,20252.04,4.0,-15.41,PASSED,True
PROD_07,Premium Arabica Coffee Beans 500g,Groceries,STORE_02,Bengaluru Tech Park Store,South,509.15,625.95,407.89,5,534.61,166.3,88908.17,21074.14,5.0,-14.59,PASSED,True
PROD_07,Premium Arabica Coffee Beans 500g,Groceries,STORE_02,Bengaluru Tech Park Store,South,509.15,625.95,407.89,6,539.7,165.69,89421.75,21839.32,6.0,-13.78,PASSED,True
PROD_07,Premium Arabica Coffee Beans 500g,Groceries,STORE_02,Bengaluru Tech Park Store,South,509.15,625.95,407.89,7,544.79,163.78,89223.62,22420.96,7.0,-12.97,PASSED,True
PROD_07,Premium Arabica Coffee Beans 500g,Groceries,STORE_02,Bengaluru Tech Park Store,South,509.15,625.95,407.89,8,549.88,163.78,90057.24,23254.58,8.0,-12.15,PASSED,True
PROD_07,Premium Arabica Coffee Beans 500g,Groceries,STORE_02,Bengaluru Tech Park Store,South,509.15,625.95,407.89,9,554.97,158.61,88021.34,23327.71,9.0,-11.34,PASSED,True
PROD_07,Premium Arabica Coffee Beans 500g,Groceries,STORE_02,Bengaluru Tech Park Store,South,509.15,625.95,407.89,10,560.07,158.61,88830.22,24136.59,10.0,-10.52,VIOLATED: Exceeds max price increase limit (+10.0%),False
PROD_07,Premium Arabica Coffee Beans 500g,Groceries,STORE_02,Bengaluru Tech Park Store,South,509.15,625.95,407.89,11,565.16,158.61,89637.53,24943.9,11.0,-9.71,VIOLATED: Exceeds max price increase limit (+10.0%),False
PROD_07,Premium Arabica Coffee Beans 500g,Groceries,STORE_02,Bengaluru Tech Park Store,South,509.15,625.95,407.89,12,570.25,158.55,90411.35,25741.67,12.0,-8.9,VIOLATED: Exceeds max price increase limit (+10.0%),False
PROD_07,Premium Arabica Coffee Beans 500g,Groceries,STORE_02,Bengaluru Tech Park Store,South,509.15,625.95,407.89,13,575.34,159.76,91914.21,26751.2,13.0,-8.09,VIOLATED: Exceeds max price increase limit (+10.0%),False
PROD_07,Premium Arabica Coffee Beans 500g,Groceries,STORE_02,Bengaluru Tech Park Store,South,509.15,625.95,407.89,14,580.43,159.8,92752.88,27571.94,14.0,-7.27,VIOLATED: Exceeds max price increase limit (+10.0%),False
PROD_07,Premium Arabica Coffee Beans 500g,Groceries,STORE_02,Bengaluru Tech Park Store,South,509.15,625.95,407.89,15,585.52,159.97,93665.01,28415.28,15.0,-6.46,VIOLATED: Exceeds max price increase limit (+10.0%),False
PROD_07,Premium Arabica Coffee Beans 500g,Groceries,STORE_03,Mumbai High Street Mall,West,599.0,621.76,407.89,-15,509.15,113.74,57910.57,11517.28,-15.0,-18.11,VIOLATED: Exceeds max price decrease limit (-10.0%),False
PROD_07,Premium Arabica Coffee Beans 500g,Groceries,STORE_03,Mumbai High Street Mall,West,599.0,621.76,407.89,-14,515.14,113.74,58591.87,12198.58,-14.0,-17.15,VIOLATED: Exceeds max price decrease limit (-10.0%),False
PROD_07,Premium Arabica Coffee Beans 500g,Groceries,STORE_03,Mumbai High Street Mall,West,599.0,621.76,407.89,-13,521.13,111.57,58143.79,12634.47,-13.0,-16.18,VIOLATED: Exceeds max price decrease limit (-10.0%),False
PROD_07,Premium Arabica Coffee Beans 500g,Groceries,STORE_03,Mumbai High Street Mall,West,599.0,621.76,407.89,-12,527.12,111.37,58706.39,13278.88,-12.0,-15.22,VIOLATED: Exceeds max price decrease limit (-10.0%),False
PROD_07,Premium Arabica Coffee Beans 500g,Groceries,STORE_03,Mumbai High Street Mall,West,599.0,621.76,407.89,-11,533.11,110.76,59044.66,13868.75,-11.0,-14.26,VIOLATED: Exceeds max price decrease limit (-10.0%),False
PROD_07,Premium Arabica Coffee Beans 500g,Groceries,STORE_03,Mumbai High Street Mall,West,599.0,621.76,407.89,-10,539.1,110.76,59708.08,14532.17,-10.0,-13.29,PASSED,True
PROD_07,Premium Arabica Coffee Beans 500g,Groceries,STORE_03,Mumbai High Street Mall,West,599.0,621.76,407.89,-9,545.09,110.76,60371.51,15195.6,-9.0,-12.33,PASSED,True
PROD_07,Premium Arabica Coffee Beans 500g,Groceries,STORE_03,Mumbai High Street Mall,West,599.0,621.76,407.89,-8,551.08,110.82,61068.24,15867.68,-8.0,-11.37,PASSED,True
PROD_07,Premium Arabica Coffee Beans 500g,Groceries,STORE_03,Mumbai High Street Mall,West,599.0,621.76,407.89,-7,557.07,110.82,61732.02,16531.46,-7.0,-10.4,PASSED,True
PROD_07,Premium Arabica Coffee Beans 500g,Groceries,STORE_03,Mumbai High Street Mall,West,599.0,621.76,407.89,-6,563.06,111.02,62511.83,17227.23,-6.0,-9.44,PASSED,True
PROD_07,Premium Arabica Coffee Beans 500g,Groceries,STORE_03,Mumbai High Street Mall,West,599.0,621.76,407.89,-5,569.05,111.5,63450.57,17969.76,-5.0,-8.48,PASSED,True
PROD_07,Premium Arabica Coffee Beans 500g,Groceries,STORE_03,Mumbai High Street Mall,West,599.0,621.76,407.89,-4,575.04,112.37,64619.71,18783.36,-4.0,-7.51,PASSED,True
PROD_07,Premium Arabica Coffee Beans 500g,Groceries,STORE_03,Mumbai High Street Mall,West,599.0,621.76,407.89,-3,581.03,112.54,65390.19,19485.5,-3.0,-6.55,PASSED,True
PROD_07,Premium Arabica Coffee Beans 500g,Groceries,STORE_03,Mumbai High Street Mall,West,599.0,621.76,407.89,-2,587.02,112.0,65749.1,20063.43,-2.0,-5.59,PASSED,True
PROD_07,Premium Arabica Coffee Beans 500g,Groceries,STORE_03,Mumbai High Street Mall,West,599.0,621.76,407.89,-1,593.01,112.89,66942.98,20897.59,-1.0,-4.62,PASSED,True
PROD_07,Premium Arabica Coffee Beans 500g,Groceries,STORE_03,Mumbai High Street Mall,West,599.0,621.76,407.89,0,599.0,112.32,67280.25,21465.66,0.0,-3.66,PASSED,True
PROD_07,Premium Arabica Coffee Beans 500g,Groceries,STORE_03,Mumbai High Street Mall,West,599.0,621.76,407.89,1,604.99,112.32,67953.05,22138.46,1.0,-2.7,PASSED,True
PROD_07,Premium Arabica Coffee Beans 500g,Groceries,STORE_03,Mumbai High Street Mall,West,599.0,621.76,407.89,2,610.98,111.75,68277.12,22695.34,2.0,-1.73,PASSED,True
PROD_07,Premium Arabica Coffee Beans 500g,Groceries,STORE_03,Mumbai High Street Mall,West,599.0,621.76,407.89,3,616.97,111.75,68946.5,23364.72,3.0,-0.77,PASSED,True
PROD_07,Premium Arabica Coffee Beans 500g,Groceries,STORE_03,Mumbai High Street Mall,West,599.0,621.76,407.89,4,622.96,111.75,69615.88,24034.1,4.0,0.19,PASSED,True
PROD_07,Premium Arabica Coffee Beans 500g,Groceries,STORE_03,Mumbai High Street Mall,West,599.0,621.76,407.89,5,628.95,111.75,70285.27,24703.49,5.0,1.16,PASSED,True
PROD_07,Premium Arabica Coffee Beans 500g,Groceries,STORE_03,Mumbai High Street Mall,West,599.0,621.76,407.89,6,634.94,111.41,70738.68,25295.64,6.0,2.12,PASSED,True
PROD_07,Premium Arabica Coffee Beans 500g,Groceries,STORE_03,Mumbai High Street Mall,West,599.0,621.76,407.89,7,640.93,111.85,71689.29,26065.99,7.0,3.08,PASSED,True
PROD_07,Premium Arabica Coffee Beans 500g,Groceries,STORE_03,Mumbai High Street Mall,West,599.0,621.76,407.89,8,646.92,110.79,71671.72,26481.93,8.0,4.05,PASSED,True
PROD_07,Premium Arabica Coffee Beans 500g,Groceries,STORE_03,Mumbai High Street Mall,West,599.0,621.76,407.89,9,652.91,110.31,72024.34,27028.85,9.0,5.01,VIOLATED: Exceeds max competitor premium (+5.0%),False
PROD_07,Premium Arabica Coffee Beans 500g,Groceries,STORE_03,Mumbai High Street Mall,West,599.0,621.76,407.89,10,658.9,110.33,72694.81,27693.31,10.0,5.97,VIOLATED: Exceeds max competitor premium (+5.0%),False
PROD_07,Premium Arabica Coffee Beans 500g,Groceries,STORE_03,Mumbai High Street Mall,West,599.0,621.76,407.89,11,664.89,110.34,73364.61,28357.63,11.0,6.94,VIOLATED: Exceeds max price increase limit (+10.0%); Exceeds max competitor premium (+5.0%),False
PROD_07,Premium Arabica Coffee Beans 500g,Groceries,STORE_03,Mumbai High Street Mall,West,599.0,621.76,407.89,12,670.88,109.85,73698.21,28890.25,12.0,7.9,VIOLATED: Exceeds max price increase limit (+10.0%); Exceeds max competitor premium (+5.0%),False
PROD_07,Premium Arabica Coffee Beans 500g,Groceries,STORE_03,Mumbai High Street Mall,West,599.0,621.76,407.89,13,676.87,109.85,74356.23,29548.27,13.0,8.86,VIOLATED: Exceeds max price increase limit (+10.0%); Exceeds max competitor premium (+5.0%),False
PROD_07,Premium Arabica Coffee Beans 500g,Groceries,STORE_03,Mumbai High Street Mall,West,599.0,621.76,407.89,14,682.86,109.85,75014.25,30206.29,14.0,9.83,VIOLATED: Exceeds max price increase limit (+10.0%); Exceeds max competitor premium (+5.0%),False
PROD_07,Premium Arabica Coffee Beans 500g,Groceries,STORE_03,Mumbai High Street Mall,West,599.0,621.76,407.89,15,688.85,109.85,75672.27,30864.31,15.0,10.79,VIOLATED: Exceeds max price increase limit (+10.0%); Exceeds max competitor premium (+5.0%),False
PROD_07,Premium Arabica Coffee Beans 500g,Groceries,STORE_04,Kolkata City Center,East,599.0,578.7,407.89,-15,509.15,81.97,41733.27,8299.93,-15.0,-12.02,VIOLATED: Exceeds max price decrease limit (-10.0%),False
PROD_07,Premium Arabica Coffee Beans 500g,Groceries,STORE_04,Kolkata City Center,East,599.0,578.7,407.89,-14,515.14,81.97,42224.25,8790.91,-14.0,-10.98,VIOLATED: Exceeds max price decrease limit (-10.0%),False
PROD_07,Premium Arabica Coffee Beans 500g,Groceries,STORE_04,Kolkata City Center,East,599.0,578.7,407.89,-13,521.13,81.28,42358.03,9204.27,-13.0,-9.95,VIOLATED: Exceeds max price decrease limit (-10.0%),False
PROD_07,Premium Arabica Coffee Beans 500g,Groceries,STORE_04,Kolkata City Center,East,599.0,578.7,407.89,-12,527.12,80.99,42688.84,9655.85,-12.0,-8.91,VIOLATED: Exceeds max price decrease limit (-10.0%),False
PROD_07,Premium Arabica Coffee Beans 500g,Groceries,STORE_04,Kolkata City Center,East,599.0,578.7,407.89,-11,533.11,80.83,43089.85,10121.2,-11.0,-7.88,VIOLATED: Exceeds max price decrease limit (-10.0%),False
PROD_07,Premium Arabica Coffee Beans 500g,Groceries,STORE_04,Kolkata City Center,East,599.0,578.7,407.89,-10,539.1,80.82,43567.99,10603.89,-10.0,-6.84,PASSED,True
PROD_07,Premium Arabica Coffee Beans 500g,Groceries,STORE_04,Kolkata City Center,East,599.0,578.7,407.89,-9,545.09,80.82,44052.08,11087.98,-9.0,-5.81,PASSED,True
PROD_07,Premium Arabica Coffee Beans 500g,Groceries,STORE_04,Kolkata City Center,East,599.0,578.7,407.89,-8,551.08,80.9,44579.9,11583.43,-8.0,-4.77,PASSED,True
PROD_07,Premium Arabica Coffee Beans 500g,Groceries,STORE_04,Kolkata City Center,East,599.0,578.7,407.89,-7,557.07,82.61,46017.35,12323.17,-7.0,-3.74,PASSED,True
PROD_07,Premium Arabica Coffee Beans 500g,Groceries,STORE_04,Kolkata City Center,East,599.0,578.7,407.89,-6,563.06,80.9,45548.82,12552.5,-6.0,-2.7,PASSED,True
PROD_07,Premium Arabica Coffee Beans 500g,Groceries,STORE_04,Kolkata City Center,East,599.0,578.7,407.89,-5,569.05,80.46,45786.93,12967.27,-5.0,-1.67,PASSED,True
PROD_07,Premium Arabica Coffee Beans 500g,Groceries,STORE_04,Kolkata City Center,East,599.0,578.7,407.89,-4,575.04,80.46,46268.89,13449.23,-4.0,-0.63,PASSED,True
PROD_07,Premium Arabica Coffee Beans 500g,Groceries,STORE_04,Kolkata City Center,East,599.0,578.7,407.89,-3,581.03,80.46,46750.86,13931.2,-3.0,0.4,PASSED,True
PROD_07,Premium Arabica Coffee Beans 500g,Groceries,STORE_04,Kolkata City Center,East,599.0,578.7,407.89,-2,587.02,80.46,47232.83,14413.17,-2.0,1.44,PASSED,True
PROD_07,Premium Arabica Coffee Beans 500g,Groceries,STORE_04,Kolkata City Center,East,599.0,578.7,407.89,-1,593.01,80.48,47727.78,14899.19,-1.0,2.47,PASSED,True
PROD_07,Premium Arabica Coffee Beans 500g,Groceries,STORE_04,Kolkata City Center,East,599.0,578.7,407.89,0,599.0,80.03,47935.58,15293.77,0.0,3.51,PASSED,True
PROD_07,Premium Arabica Coffee Beans 500g,Groceries,STORE_04,Kolkata City Center,East,599.0,578.7,407.89,1,604.99,79.3,47975.39,15629.92,1.0,4.54,PASSED,True
PROD_07,Premium Arabica Coffee Beans 500g,Groceries,STORE_04,Kolkata City Center,East,599.0,578.7,407.89,2,610.98,79.06,48301.85,16055.55,2.0,5.58,VIOLATED: Exceeds max competitor premium (+5.0%),False
PROD_07,Premium Arabica Coffee Beans 500g,Groceries,STORE_04,Kolkata City Center,East,599.0,578.7,407.89,3,616.97,79.58,49100.65,16639.32,3.0,6.61,VIOLATED: Exceeds max competitor premium (+5.0%),False
PROD_07,Premium Arabica Coffee Beans 500g,Groceries,STORE_04,Kolkata City Center,East,599.0,578.7,407.89,4,622.96,79.13,49292.48,17017.68,4.0,7.65,VIOLATED: Exceeds max competitor premium (+5.0%),False
PROD_07,Premium Arabica Coffee Beans 500g,Groceries,STORE_04,Kolkata City Center,East,599.0,578.7,407.89,5,628.95,79.12,49763.05,17490.45,5.0,8.68,VIOLATED: Exceeds max competitor premium (+5.0%),False
PROD_07,Premium Arabica Coffee Beans 500g,Groceries,STORE_04,Kolkata City Center,East,599.0,578.7,407.89,6,634.94,79.12,50236.99,17964.39,6.0,9.72,VIOLATED: Exceeds max competitor premium (+5.0%),False
PROD_07,Premium Arabica Coffee Beans 500g,Groceries,STORE_04,Kolkata City Center,East,599.0,578.7,407.89,7,640.93,79.04,50656.76,18418.63,7.0,10.75,VIOLATED: Exceeds max competitor premium (+5.0%),False
PROD_07,Premium Arabica Coffee Beans 500g,Groceries,STORE_04,Kolkata City Center,East,599.0,578.7,407.89,8,646.92,79.04,51130.19,18892.06,8.0,11.79,VIOLATED: Exceeds max competitor premium (+5.0%),False
PROD_07,Premium Arabica Coffee Beans 500g,Groceries,STORE_04,Kolkata City Center,East,599.0,578.7,407.89,9,652.91,79.04,51603.62,19365.49,9.0,12.82,VIOLATED: Exceeds max competitor premium (+5.0%),False
PROD_07,Premium Arabica Coffee Beans 500g,Groceries,STORE_04,Kolkata City Center,East,599.0,578.7,407.89,10,658.9,79.04,52077.04,19838.91,10.0,13.86,VIOLATED: Exceeds max competitor premium (+5.0%),False
PROD_07,Premium Arabica Coffee Beans 500g,Groceries,STORE_04,Kolkata City Center,East,599.0,578.7,407.89,11,664.89,79.04,52550.47,20312.34,11.0,14.89,VIOLATED: Exceeds max price increase limit (+10.0%); Exceeds max competitor premium (+5.0%),False
PROD_07,Premium Arabica Coffee Beans 500g,Groceries,STORE_04,Kolkata City Center,East,599.0,578.7,407.89,12,670.88,79.04,53023.9,20785.77,12.0,15.93,VIOLATED: Exceeds max price increase limit (+10.0%); Exceeds max competitor premium (+5.0%),False
PROD_07,Premium Arabica Coffee Beans 500g,Groceries,STORE_04,Kolkata City Center,East,599.0,578.7,407.89,13,676.87,79.04,53497.33,21259.2,13.0,16.96,VIOLATED: Exceeds max price increase limit (+10.0%); Exceeds max competitor premium (+5.0%),False
PROD_07,Premium Arabica Coffee Beans 500g,Groceries,STORE_04,Kolkata City Center,East,599.0,578.7,407.89,14,682.86,79.04,53970.75,21732.62,14.0,18.0,VIOLATED: Exceeds max price increase limit (+10.0%); Exceeds max competitor premium (+5.0%),False
PROD_07,Premium Arabica Coffee Beans 500g,Groceries,STORE_04,Kolkata City Center,East,599.0,578.7,407.89,15,688.85,79.04,54444.18,22206.05,15.0,19.03,VIOLATED: Exceeds max price increase limit (+10.0%); Exceeds max competitor premium (+5.0%),False
PROD_08,Almond & Oat Milk 1L Pack of 3,Groceries,STORE_01,Delhi Flagship Metro,North,323.0,386.62,268.46,-15,274.55,182.81,50190.86,1113.32,-15.0,-28.99,VIOLATED: Exceeds max price decrease limit (-10.0%),False
PROD_08,Almond & Oat Milk 1L Pack of 3,Groceries,STORE_01,Delhi Flagship Metro,North,323.0,386.62,268.46,-14,277.78,182.81,50781.34,1703.8,-14.0,-28.15,VIOLATED: Exceeds max price decrease limit (-10.0%),False
PROD_08,Almond & Oat Milk 1L Pack of 3,Groceries,STORE_01,Delhi Flagship Metro,North,323.0,386.62,268.46,-13,281.01,182.81,51371.82,2294.28,-13.0,-27.32,VIOLATED: Exceeds max price decrease limit (-10.0%),False
PROD_08,Almond & Oat Milk 1L Pack of 3,Groceries,STORE_01,Delhi Flagship Metro,North,323.0,386.62,268.46,-12,284.24,182.81,51962.3,2884.76,-12.0,-26.48,VIOLATED: Exceeds max price decrease limit (-10.0%),False
PROD_08,Almond & Oat Milk 1L Pack of 3,Groceries,STORE_01,Delhi Flagship Metro,North,323.0,386.62,268.46,-11,287.47,182.81,52552.78,3475.24,-11.0,-25.65,VIOLATED: Exceeds max price decrease limit (-10.0%),False
PROD_08,Almond & Oat Milk 1L Pack of 3,Groceries,STORE_01,Delhi Flagship Metro,North,323.0,386.62,268.46,-10,290.7,182.13,52945.58,4050.6,-10.0,-24.81,VIOLATED: Exceeds max price decrease limit (-10.0%),False
PROD_08,Almond & Oat Milk 1L Pack of 3,Groceries,STORE_01,Delhi Flagship Metro,North,323.0,386.62,268.46,-9,293.93,183.34,53889.59,4669.71,-9.0,-23.97,PASSED,True
PROD_08,Almond & Oat Milk 1L Pack of 3,Groceries,STORE_01,Delhi Flagship Metro,North,323.0,386.62,268.46,-8,297.16,182.16,54130.32,5227.96,-8.0,-23.14,PASSED,True
PROD_08,Almond & Oat Milk 1L Pack of 3,Groceries,STORE_01,Delhi Flagship Metro,North,323.0,386.62,268.46,-7,300.39,181.66,54568.43,5800.36,-7.0,-22.3,PASSED,True
PROD_08,Almond & Oat Milk 1L Pack of 3,Groceries,STORE_01,Delhi Flagship Metro,North,323.0,386.62,268.46,-6,303.62,181.66,55155.18,6387.11,-6.0,-21.47,PASSED,True
PROD_08,Almond & Oat Milk 1L Pack of 3,Groceries,STORE_01,Delhi Flagship Metro,North,323.0,386.62,268.46,-5,306.85,181.66,55741.94,6973.87,-5.0,-20.63,PASSED,True
PROD_08,Almond & Oat Milk 1L Pack of 3,Groceries,STORE_01,Delhi Flagship Metro,North,323.0,386.62,268.46,-4,310.08,182.25,56512.99,7585.37,-4.0,-19.8,PASSED,True
PROD_08,Almond & Oat Milk 1L Pack of 3,Groceries,STORE_01,Delhi Flagship Metro,North,323.0,386.62,268.46,-3,313.31,182.25,57101.67,8174.05,-3.0,-18.96,PASSED,True
PROD_08,Almond & Oat Milk 1L Pack of 3,Groceries,STORE_01,Delhi Flagship Metro,North,323.0,386.62,268.46,-2,316.54,182.54,57780.28,8776.38,-2.0,-18.13,PASSED,True
PROD_08,Almond & Oat Milk 1L Pack of 3,Groceries,STORE_01,Delhi Flagship Metro,North,323.0,386.62,268.46,-1,319.77,182.54,58369.88,9365.98,-1.0,-17.29,PASSED,True
PROD_08,Almond & Oat Milk 1L Pack of 3,Groceries,STORE_01,Delhi Flagship Metro,North,323.0,386.62,268.46,0,323.0,184.26,59517.59,10049.81,0.0,-16.46,PASSED,True
PROD_08,Almond & Oat Milk 1L Pack of 3,Groceries,STORE_01,Delhi Flagship Metro,North,323.0,386.62,268.46,1,326.23,184.26,60112.77,10644.99,1.0,-15.62,PASSED,True
PROD_08,Almond & Oat Milk 1L Pack of 3,Groceries,STORE_01,Delhi Flagship Metro,North,323.0,386.62,268.46,2,329.46,184.8,60884.94,11272.93,2.0,-14.78,PASSED,True
PROD_08,Almond & Oat Milk 1L Pack of 3,Groceries,STORE_01,Delhi Flagship Metro,North,323.0,386.62,268.46,3,332.69,184.8,61481.85,11869.84,3.0,-13.95,PASSED,True
PROD_08,Almond & Oat Milk 1L Pack of 3,Groceries,STORE_01,Delhi Flagship Metro,North,323.0,386.62,268.46,4,335.92,185.92,62454.67,12542.25,4.0,-13.11,PASSED,True
PROD_08,Almond & Oat Milk 1L Pack of 3,Groceries,STORE_01,Delhi Flagship Metro,North,323.0,386.62,268.46,5,339.15,186.17,63139.43,13160.33,5.0,-12.28,PASSED,True
PROD_08,Almond & Oat Milk 1L Pack of 3,Groceries,STORE_01,Delhi Flagship Metro,North,323.0,386.62,268.46,6,342.38,178.45,61096.86,13190.84,6.0,-11.44,PASSED,True
PROD_08,Almond & Oat Milk 1L Pack of 3,Groceries,STORE_01,Delhi Flagship Metro,North,323.0,386.62,268.46,7,345.61,182.72,63151.18,14097.14,7.0,-10.61,PASSED,True
PROD_08,Almond & Oat Milk 1L Pack of 3,Groceries,STORE_01,Delhi Flagship Metro,North,323.0,386.62,268.46,8,348.84,182.44,63641.65,14664.36,8.0,-9.77,PASSED,True
PROD_08,Almond & Oat Milk 1L Pack of 3,Groceries,STORE_01,Delhi Flagship Metro,North,323.0,386.62,268.46,9,352.07,183.11,64468.9,15310.15,9.0,-8.94,PASSED,True
PROD_08,Almond & Oat Milk 1L Pack of 3,Groceries,STORE_01,Delhi Flagship Metro,North,323.0,386.62,268.46,10,355.3,183.11,65060.35,15901.6,10.0,-8.1,VIOLATED: Exceeds max price increase limit (+10.0%),False
PROD_08,Almond & Oat Milk 1L Pack of 3,Groceries,STORE_01,Delhi Flagship Metro,North,323.0,386.62,268.46,11,358.53,184.06,65992.55,16578.67,11.0,-7.27,VIOLATED: Exceeds max price increase limit (+10.0%),False
PROD_08,Almond & Oat Milk 1L Pack of 3,Groceries,STORE_01,Delhi Flagship Metro,North,323.0,386.62,268.46,12,361.76,183.9,66528.1,17157.98,12.0,-6.43,VIOLATED: Exceeds max price increase limit (+10.0%),False
PROD_08,Almond & Oat Milk 1L Pack of 3,Groceries,STORE_01,Delhi Flagship Metro,North,323.0,386.62,268.46,13,364.99,182.51,66613.42,17617.45,13.0,-5.59,VIOLATED: Exceeds max price increase limit (+10.0%),False
PROD_08,Almond & Oat Milk 1L Pack of 3,Groceries,STORE_01,Delhi Flagship Metro,North,323.0,386.62,268.46,14,368.22,184.08,67782.9,18364.08,14.0,-4.76,VIOLATED: Exceeds max price increase limit (+10.0%),False
PROD_08,Almond & Oat Milk 1L Pack of 3,Groceries,STORE_01,Delhi Flagship Metro,North,323.0,386.62,268.46,15,371.45,184.09,68381.86,18959.88,15.0,-3.92,VIOLATED: Exceeds max price increase limit (+10.0%),False
PROD_08,Almond & Oat Milk 1L Pack of 3,Groceries,STORE_02,Bengaluru Tech Park Store,South,380.0,338.72,268.46,-15,323.0,128.6,41536.45,7013.62,-15.0,-4.64,VIOLATED: Exceeds max price decrease limit (-10.0%),False
PROD_08,Almond & Oat Milk 1L Pack of 3,Groceries,STORE_02,Bengaluru Tech Park Store,South,380.0,338.72,268.46,-14,326.8,128.61,42028.96,7502.97,-14.0,-3.52,VIOLATED: Exceeds max price decrease limit (-10.0%),False
PROD_08,Almond & Oat Milk 1L Pack of 3,Groceries,STORE_02,Bengaluru Tech Park Store,South,380.0,338.72,268.46,-13,330.6,128.29,42412.62,7971.93,-13.0,-2.4,VIOLATED: Exceeds max price decrease limit (-10.0%),False
PROD_08,Almond & Oat Milk 1L Pack of 3,Groceries,STORE_02,Bengaluru Tech Park Store,South,380.0,338.72,268.46,-12,334.4,127.92,42776.97,8435.15,-12.0,-1.28,VIOLATED: Exceeds max price decrease limit (-10.0%),False
PROD_08,Almond & Oat Milk 1L Pack of 3,Groceries,STORE_02,Bengaluru Tech Park Store,South,380.0,338.72,268.46,-11,338.2,126.98,42945.48,8855.76,-11.0,-0.15,VIOLATED: Exceeds max price decrease limit (-10.0%),False
PROD_08,Almond & Oat Milk 1L Pack of 3,Groceries,STORE_02,Bengaluru Tech Park Store,South,380.0,338.72,268.46,-10,342.0,126.87,43388.35,9329.77,-10.0,0.97,PASSED,True
PROD_08,Almond & Oat Milk 1L Pack of 3,Groceries,STORE_02,Bengaluru Tech Park Store,South,380.0,338.72,268.46,-9,345.8,128.24,44344.19,9917.82,-9.0,2.09,PASSED,True
PROD_08,Almond & Oat Milk 1L Pack of 3,Groceries,STORE_02,Bengaluru Tech Park Store,South,380.0,338.72,268.46,-8,349.6,128.76,45014.06,10447.48,-8.0,3.21,PASSED,True
PROD_08,Almond & Oat Milk 1L Pack of 3,Groceries,STORE_02,Bengaluru Tech Park Store,South,380.0,338.72,268.46,-7,353.4,128.81,45519.78,10940.72,-7.0,4.33,PASSED,True
PROD_08,Almond & Oat Milk 1L Pack of 3,Groceries,STORE_02,Bengaluru Tech Park Store,South,380.0,338.72,268.46,-6,357.2,128.35,45845.27,11389.44,-6.0,5.46,VIOLATED: Exceeds max competitor premium (+5.0%),False
PROD_08,Almond & Oat Milk 1L Pack of 3,Groceries,STORE_02,Bengaluru Tech Park Store,South,380.0,338.72,268.46,-5,361.0,128.69,46456.62,11908.85,-5.0,6.58,VIOLATED: Exceeds max competitor premium (+5.0%),False
PROD_08,Almond & Oat Milk 1L Pack of 3,Groceries,STORE_02,Bengaluru Tech Park Store,South,380.0,338.72,268.46,-4,364.8,128.83,46996.98,12411.43,-4.0,7.7,VIOLATED: Exceeds max competitor premium (+5.0%),False
PROD_08,Almond & Oat Milk 1L Pack of 3,Groceries,STORE_02,Bengaluru Tech Park Store,South,380.0,338.72,268.46,-3,368.6,128.39,47323.4,12856.66,-3.0,8.82,VIOLATED: Exceeds max competitor premium (+5.0%),False
PROD_08,Almond & Oat Milk 1L Pack of 3,Groceries,STORE_02,Bengaluru Tech Park Store,South,380.0,338.72,268.46,-2,372.4,130.38,48554.49,13551.97,-2.0,9.94,VIOLATED: Exceeds max competitor premium (+5.0%),False
PROD_08,Almond & Oat Milk 1L Pack of 3,Groceries,STORE_02,Bengaluru Tech Park Store,South,380.0,338.72,268.46,-1,376.2,130.38,49049.95,14047.43,-1.0,11.07,VIOLATED: Exceeds max competitor premium (+5.0%),False
PROD_08,Almond & Oat Milk 1L Pack of 3,Groceries,STORE_02,Bengaluru Tech Park Store,South,380.0,338.72,268.46,0,380.0,130.4,49550.51,14544.38,0.0,12.19,VIOLATED: Exceeds max competitor premium (+5.0%),False
PROD_08,Almond & Oat Milk 1L Pack of 3,Groceries,STORE_02,Bengaluru Tech Park Store,South,380.0,338.72,268.46,1,383.8,129.57,49730.1,14944.94,1.0,13.31,VIOLATED: Exceeds max competitor premium (+5.0%),False
PROD_08,Almond & Oat Milk 1L Pack of 3,Groceries,STORE_02,Bengaluru Tech Park Store,South,380.0,338.72,268.46,2,387.6,129.57,50222.48,15437.32,2.0,14.43,VIOLATED: Exceeds max competitor premium (+5.0%),False
PROD_08,Almond & Oat Milk 1L Pack of 3,Groceries,STORE_02,Bengaluru Tech Park Store,South,380.0,338.72,268.46,3,391.4,129.57,50714.86,15929.7,3.0,15.55,VIOLATED: Exceeds max competitor premium (+5.0%),False
PROD_08,Almond & Oat Milk 1L Pack of 3,Groceries,STORE_02,Bengaluru Tech Park Store,South,380.0,338.72,268.46,4,395.2,129.89,51333.28,16462.5,4.0,16.67,VIOLATED: Exceeds max competitor premium (+5.0%),False
PROD_08,Almond & Oat Milk 1L Pack of 3,Groceries,STORE_02,Bengaluru Tech Park Store,South,380.0,338.72,268.46,5,399.0,129.89,51826.87,16956.09,5.0,17.8,VIOLATED: Exceeds max competitor premium (+5.0%),False
PROD_08,Almond & Oat Milk 1L Pack of 3,Groceries,STORE_02,Bengaluru Tech Park Store,South,380.0,338.72,268.46,6,402.8,129.89,52320.46,17449.68,6.0,18.92,VIOLATED: Exceeds max competitor premium (+5.0%),False
PROD_08,Almond & Oat Milk 1L Pack of 3,Groceries,STORE_02,Bengaluru Tech Park Store,South,380.0,338.72,268.46,7,406.6,129.71,52740.99,17918.45,7.0,20.04,VIOLATED: Exceeds max competitor premium (+5.0%),False
PROD_08,Almond & Oat Milk 1L Pack of 3,Groceries,STORE_02,Bengaluru Tech Park Store,South,380.0,338.72,268.46,8,410.4,129.71,53233.89,18411.35,8.0,21.16,VIOLATED: Exceeds max competitor premium (+5.0%),False
PROD_08,Almond & Oat Milk 1L Pack of 3,Groceries,STORE_02,Bengaluru Tech Park Store,South,380.0,338.72,268.46,9,414.2,129.0,53433.41,18801.03,9.0,22.28,VIOLATED: Exceeds max competitor premium (+5.0%),False
PROD_08,Almond & Oat Milk 1L Pack of 3,Groceries,STORE_02,Bengaluru Tech Park Store,South,380.0,338.72,268.46,10,418.0,129.0,53923.63,19291.25,10.0,23.41,VIOLATED: Exceeds max competitor premium (+5.0%),False
PROD_08,Almond & Oat Milk 1L Pack of 3,Groceries,STORE_02,Bengaluru Tech Park Store,South,380.0,338.72,268.46,11,421.8,129.0,54413.84,19781.46,11.0,24.53,VIOLATED: Exceeds max price increase limit (+10.0%); Exceeds max competitor premium (+5.0%),False
PROD_08,Almond & Oat Milk 1L Pack of 3,Groceries,STORE_02,Bengaluru Tech Park Store,South,380.0,338.72,268.46,12,425.6,128.89,54857.1,20254.34,12.0,25.65,VIOLATED: Exceeds max price increase limit (+10.0%); Exceeds max competitor premium (+5.0%),False
PROD_08,Almond & Oat Milk 1L Pack of 3,Groceries,STORE_02,Bengaluru Tech Park Store,South,380.0,338.72,268.46,13,429.4,128.89,55346.89,20744.13,13.0,26.77,VIOLATED: Exceeds max price increase limit (+10.0%); Exceeds max competitor premium (+5.0%),False
PROD_08,Almond & Oat Milk 1L Pack of 3,Groceries,STORE_02,Bengaluru Tech Park Store,South,380.0,338.72,268.46,14,433.2,128.89,55836.69,21233.93,14.0,27.89,VIOLATED: Exceeds max price increase limit (+10.0%); Exceeds max competitor premium (+5.0%),False
PROD_08,Almond & Oat Milk 1L Pack of 3,Groceries,STORE_02,Bengaluru Tech Park Store,South,380.0,338.72,268.46,15,437.0,128.89,56326.48,21723.72,15.0,29.02,VIOLATED: Exceeds max price increase limit (+10.0%); Exceeds max competitor premium (+5.0%),False
PROD_08,Almond & Oat Milk 1L Pack of 3,Groceries,STORE_03,Mumbai High Street Mall,West,361.0,368.33,268.46,-15,306.85,184.56,56632.82,7085.34,-15.0,-16.69,VIOLATED: Exceeds max price decrease limit (-10.0%),False
PROD_08,Almond & Oat Milk 1L Pack of 3,Groceries,STORE_03,Mumbai High Street Mall,West,361.0,368.33,268.46,-14,310.46,184.56,57299.08,7751.6,-14.0,-15.71,VIOLATED: Exceeds max price decrease limit (-10.0%),False
PROD_08,Almond & Oat Milk 1L Pack of 3,Groceries,STORE_03,Mumbai High Street Mall,West,361.0,368.33,268.46,-13,314.07,184.56,57965.35,8417.87,-13.0,-14.73,VIOLATED: Exceeds max price decrease limit (-10.0%),False
PROD_08,Almond & Oat Milk 1L Pack of 3,Groceries,STORE_03,Mumbai High Street Mall,West,361.0,368.33,268.46,-12,317.68,184.85,58721.88,9098.12,-12.0,-13.75,VIOLATED: Exceeds max price decrease limit (-10.0%),False
PROD_08,Almond & Oat Milk 1L Pack of 3,Groceries,STORE_03,Mumbai High Street Mall,West,361.0,368.33,268.46,-11,321.29,186.2,59825.37,9837.14,-11.0,-12.77,VIOLATED: Exceeds max price decrease limit (-10.0%),False
PROD_08,Almond & Oat Milk 1L Pack of 3,Groceries,STORE_03,Mumbai High Street Mall,West,361.0,368.33,268.46,-10,324.9,186.83,60702.44,10544.93,-10.0,-11.79,VIOLATED: Exceeds max price decrease limit (-10.0%),False
PROD_08,Almond & Oat Milk 1L Pack of 3,Groceries,STORE_03,Mumbai High Street Mall,West,361.0,368.33,268.46,-9,328.51,178.02,58482.8,10690.37,-9.0,-10.81,PASSED,True
PROD_08,Almond & Oat Milk 1L Pack of 3,Groceries,STORE_03,Mumbai High Street Mall,West,361.0,368.33,268.46,-8,332.12,179.22,59521.71,11408.98,-8.0,-9.83,PASSED,True
PROD_08,Almond & Oat Milk 1L Pack of 3,Groceries,STORE_03,Mumbai High Street Mall,West,361.0,368.33,268.46,-7,335.73,179.89,60395.62,12101.43,-7.0,-8.85,PASSED,True
PROD_08,Almond & Oat Milk 1L Pack of 3,Groceries,STORE_03,Mumbai High Street Mall,West,361.0,368.33,268.46,-6,339.34,180.68,61310.79,12806.35,-6.0,-7.87,PASSED,True
PROD_08,Almond & Oat Milk 1L Pack of 3,Groceries,STORE_03,Mumbai High Street Mall,West,361.0,368.33,268.46,-5,342.95,180.17,61788.43,13420.67,-5.0,-6.89,PASSED,True
PROD_08,Almond & Oat Milk 1L Pack of 3,Groceries,STORE_03,Mumbai High Street Mall,West,361.0,368.33,268.46,-4,346.56,180.12,62422.41,14067.38,-4.0,-5.91,PASSED,True
PROD_08,Almond & Oat Milk 1L Pack of 3,Groceries,STORE_03,Mumbai High Street Mall,West,361.0,368.33,268.46,-3,350.17,179.36,62807.22,14655.68,-3.0,-4.93,PASSED,True
PROD_08,Almond & Oat Milk 1L Pack of 3,Groceries,STORE_03,Mumbai High Street Mall,West,361.0,368.33,268.46,-2,353.78,179.08,63353.54,15278.78,-2.0,-3.95,PASSED,True
PROD_08,Almond & Oat Milk 1L Pack of 3,Groceries,STORE_03,Mumbai High Street Mall,West,361.0,368.33,268.46,-1,357.39,179.08,64000.0,15925.24,-1.0,-2.97,PASSED,True
PROD_08,Almond & Oat Milk 1L Pack of 3,Groceries,STORE_03,Mumbai High Street Mall,West,361.0,368.33,268.46,0,361.0,180.25,65070.83,16680.48,0.0,-1.99,PASSED,True
PROD_08,Almond & Oat Milk 1L Pack of 3,Groceries,STORE_03,Mumbai High Street Mall,West,361.0,368.33,268.46,1,364.61,179.62,65490.08,17270.15,1.0,-1.01,PASSED,True
PROD_08,Almond & Oat Milk 1L Pack of 3,Groceries,STORE_03,Mumbai High Street Mall,West,361.0,368.33,268.46,2,368.22,179.62,66138.5,17918.57,2.0,-0.03,PASSED,True
PROD_08,Almond & Oat Milk 1L Pack of 3,Groceries,STORE_03,Mumbai High Street Mall,West,361.0,368.33,268.46,3,371.83,179.06,66580.14,18509.5,3.0,0.95,PASSED,True
PROD_08,Almond & Oat Milk 1L Pack of 3,Groceries,STORE_03,Mumbai High Street Mall,West,361.0,368.33,268.46,4,375.44,179.06,67226.55,19155.91,4.0,1.93,PASSED,True
PROD_08,Almond & Oat Milk 1L Pack of 3,Groceries,STORE_03,Mumbai High Street Mall,West,361.0,368.33,268.46,5,379.05,178.75,67754.2,19767.68,5.0,2.91,PASSED,True
PROD_08,Almond & Oat Milk 1L Pack of 3,Groceries,STORE_03,Mumbai High Street Mall,West,361.0,368.33,268.46,6,382.66,177.67,67988.35,20290.26,6.0,3.89,PASSED,True
PROD_08,Almond & Oat Milk 1L Pack of 3,Groceries,STORE_03,Mumbai High Street Mall,West,361.0,368.33,268.46,7,386.27,179.33,69269.56,21126.79,7.0,4.87,PASSED,True
PROD_08,Almond & Oat Milk 1L Pack of 3,Groceries,STORE_03,Mumbai High Street Mall,West,361.0,368.33,268.46,8,389.88,178.18,69470.44,21635.12,8.0,5.85,VIOLATED: Exceeds max competitor premium (+5.0%),False
PROD_08,Almond & Oat Milk 1L Pack of 3,Groceries,STORE_03,Mumbai High Street Mall,West,361.0,368.33,268.46,9,393.49,175.62,69104.86,21957.82,9.0,6.83,VIOLATED: Exceeds max competitor premium (+5.0%),False
PROD_08,Almond & Oat Milk 1L Pack of 3,Groceries,STORE_03,Mumbai High Street Mall,West,361.0,368.33,268.46,10,397.1,176.67,70155.44,22726.76,10.0,7.81,VIOLATED: Exceeds max price increase limit (+10.0%); Exceeds max competitor premium (+5.0%),False
PROD_08,Almond & Oat Milk 1L Pack of 3,Groceries,STORE_03,Mumbai High Street Mall,West,361.0,368.33,268.46,11,400.71,178.23,71420.25,23571.48,11.0,8.79,VIOLATED: Exceeds max price increase limit (+10.0%); Exceeds max competitor premium (+5.0%),False
PROD_08,Almond & Oat Milk 1L Pack of 3,Groceries,STORE_03,Mumbai High Street Mall,West,361.0,368.33,268.46,12,404.32,179.3,72494.03,24359.52,12.0,9.77,VIOLATED: Exceeds max price increase limit (+10.0%); Exceeds max competitor premium (+5.0%),False
PROD_08,Almond & Oat Milk 1L Pack of 3,Groceries,STORE_03,Mumbai High Street Mall,West,361.0,368.33,268.46,13,407.93,178.53,72826.58,24899.18,13.0,10.75,VIOLATED: Exceeds max price increase limit (+10.0%); Exceeds max competitor premium (+5.0%),False
PROD_08,Almond & Oat Milk 1L Pack of 3,Groceries,STORE_03,Mumbai High Street Mall,West,361.0,368.33,268.46,14,411.54,177.19,72919.01,25351.73,14.0,11.73,VIOLATED: Exceeds max price increase limit (+10.0%); Exceeds max competitor premium (+5.0%),False
PROD_08,Almond & Oat Milk 1L Pack of 3,Groceries,STORE_03,Mumbai High Street Mall,West,361.0,368.33,268.46,15,415.15,177.76,73799.1,26076.34,15.0,12.71,VIOLATED: Exceeds max price increase limit (+10.0%); Exceeds max competitor premium (+5.0%),False
PROD_08,Almond & Oat Milk 1L Pack of 3,Groceries,STORE_04,Kolkata City Center,East,380.0,373.01,268.46,-15,323.0,107.0,34561.5,5835.87,-15.0,-13.41,VIOLATED: Exceeds max price decrease limit (-10.0%),False
PROD_08,Almond & Oat Milk 1L Pack of 3,Groceries,STORE_04,Kolkata City Center,East,380.0,373.01,268.46,-14,326.8,105.3,34410.69,6142.96,-14.0,-12.39,VIOLATED: Exceeds max price decrease limit (-10.0%),False
PROD_08,Almond & Oat Milk 1L Pack of 3,Groceries,STORE_04,Kolkata City Center,East,380.0,373.01,268.46,-13,330.6,105.3,34810.81,6543.08,-13.0,-11.37,VIOLATED: Exceeds max price decrease limit (-10.0%),False
PROD_08,Almond & Oat Milk 1L Pack of 3,Groceries,STORE_04,Kolkata City Center,East,380.0,373.01,268.46,-12,334.4,104.78,35038.26,6909.16,-12.0,-10.35,VIOLATED: Exceeds max price decrease limit (-10.0%),False
PROD_08,Almond & Oat Milk 1L Pack of 3,Groceries,STORE_04,Kolkata City Center,East,380.0,373.01,268.46,-11,338.2,105.53,35689.87,7359.59,-11.0,-9.33,VIOLATED: Exceeds max price decrease limit (-10.0%),False
PROD_08,Almond & Oat Milk 1L Pack of 3,Groceries,STORE_04,Kolkata City Center,East,380.0,373.01,268.46,-10,342.0,104.65,35788.83,7695.65,-10.0,-8.31,PASSED,True
PROD_08,Almond & Oat Milk 1L Pack of 3,Groceries,STORE_04,Kolkata City Center,East,380.0,373.01,268.46,-9,345.8,104.65,36186.48,8093.3,-9.0,-7.29,PASSED,True
PROD_08,Almond & Oat Milk 1L Pack of 3,Groceries,STORE_04,Kolkata City Center,East,380.0,373.01,268.46,-8,349.6,105.16,36764.03,8532.71,-8.0,-6.28,PASSED,True
PROD_08,Almond & Oat Milk 1L Pack of 3,Groceries,STORE_04,Kolkata City Center,East,380.0,373.01,268.46,-7,353.4,104.54,36945.37,8879.85,-7.0,-5.26,PASSED,True
PROD_08,Almond & Oat Milk 1L Pack of 3,Groceries,STORE_04,Kolkata City Center,East,380.0,373.01,268.46,-6,357.2,104.55,37344.4,9277.56,-6.0,-4.24,PASSED,True
PROD_08,Almond & Oat Milk 1L Pack of 3,Groceries,STORE_04,Kolkata City Center,East,380.0,373.01,268.46,-5,361.0,105.04,37918.46,9720.15,-5.0,-3.22,PASSED,True
PROD_08,Almond & Oat Milk 1L Pack of 3,Groceries,STORE_04,Kolkata City Center,East,380.0,373.01,268.46,-4,364.8,104.86,38252.96,10102.22,-4.0,-2.2,PASSED,True
PROD_08,Almond & Oat Milk 1L Pack of 3,Groceries,STORE_04,Kolkata City Center,East,380.0,373.01,268.46,-3,368.6,104.86,38651.43,10500.69,-3.0,-1.18,PASSED,True
PROD_08,Almond & Oat Milk 1L Pack of 3,Groceries,STORE_04,Kolkata City Center,East,380.0,373.01,268.46,-2,372.4,104.86,39049.9,10899.16,-2.0,-0.16,PASSED,True
PROD_08,Almond & Oat Milk 1L Pack of 3,Groceries,STORE_04,Kolkata City Center,East,380.0,373.01,268.46,-1,376.2,104.86,39448.37,11297.63,-1.0,0.86,PASSED,True
PROD_08,Almond & Oat Milk 1L Pack of 3,Groceries,STORE_04,Kolkata City Center,East,380.0,373.01,268.46,0,380.0,105.11,39940.77,11723.66,0.0,1.87,PASSED,True
PROD_08,Almond & Oat Milk 1L Pack of 3,Groceries,STORE_04,Kolkata City Center,East,380.0,373.01,268.46,1,383.8,105.49,40487.52,12167.35,1.0,2.89,PASSED,True
PROD_08,Almond & Oat Milk 1L Pack of 3,Groceries,STORE_04,Kolkata City Center,East,380.0,373.01,268.46,2,387.6,105.14,40751.68,12526.2,2.0,3.91,PASSED,True
PROD_08,Almond & Oat Milk 1L Pack of 3,Groceries,STORE_04,Kolkata City Center,East,380.0,373.01,268.46,3,391.4,105.16,41158.06,12927.88,3.0,4.93,PASSED,True
PROD_08,Almond & Oat Milk 1L Pack of 3,Groceries,STORE_04,Kolkata City Center,East,380.0,373.01,268.46,4,395.2,102.51,40513.86,12992.73,4.0,5.95,VIOLATED: Exceeds max competitor premium (+5.0%),False
PROD_08,Almond & Oat Milk 1L Pack of 3,Groceries,STORE_04,Kolkata City Center,East,380.0,373.01,268.46,5,399.0,101.68,40571.26,13273.61,5.0,6.97,VIOLATED: Exceeds max competitor premium (+5.0%),False
PROD_08,Almond & Oat Milk 1L Pack of 3,Groceries,STORE_04,Kolkata City Center,East,380.0,373.01,268.46,6,402.8,101.87,41033.88,13685.43,6.0,7.99,VIOLATED: Exceeds max competitor premium (+5.0%),False
PROD_08,Almond & Oat Milk 1L Pack of 3,Groceries,STORE_04,Kolkata City Center,East,380.0,373.01,268.46,7,406.6,103.72,42170.54,14327.2,7.0,9.01,VIOLATED: Exceeds max competitor premium (+5.0%),False
PROD_08,Almond & Oat Milk 1L Pack of 3,Groceries,STORE_04,Kolkata City Center,East,380.0,373.01,268.46,8,410.4,103.72,42564.65,14721.31,8.0,10.02,VIOLATED: Exceeds max competitor premium (+5.0%),False
PROD_08,Almond & Oat Milk 1L Pack of 3,Groceries,STORE_04,Kolkata City Center,East,380.0,373.01,268.46,9,414.2,103.72,42958.77,15115.43,9.0,11.04,VIOLATED: Exceeds max competitor premium (+5.0%),False
PROD_08,Almond & Oat Milk 1L Pack of 3,Groceries,STORE_04,Kolkata City Center,East,380.0,373.01,268.46,10,418.0,102.89,43008.83,15386.46,10.0,12.06,VIOLATED: Exceeds max competitor premium (+5.0%),False
PROD_08,Almond & Oat Milk 1L Pack of 3,Groceries,STORE_04,Kolkata City Center,East,380.0,373.01,268.46,11,421.8,102.89,43399.82,15777.45,11.0,13.08,VIOLATED: Exceeds max price increase limit (+10.0%); Exceeds max competitor premium (+5.0%),False
PROD_08,Almond & Oat Milk 1L Pack of 3,Groceries,STORE_04,Kolkata City Center,East,380.0,373.01,268.46,12,425.6,102.89,43790.81,16168.44,12.0,14.1,VIOLATED: Exceeds max price increase limit (+10.0%); Exceeds max competitor premium (+5.0%),False
PROD_08,Almond & Oat Milk 1L Pack of 3,Groceries,STORE_04,Kolkata City Center,East,380.0,373.01,268.46,13,429.4,102.93,44197.61,16565.35,13.0,15.12,VIOLATED: Exceeds max price increase limit (+10.0%); Exceeds max competitor premium (+5.0%),False
PROD_08,Almond & Oat Milk 1L Pack of 3,Groceries,STORE_04,Kolkata City Center,East,380.0,373.01,268.46,14,433.2,102.93,44588.74,16956.48,14.0,16.14,VIOLATED: Exceeds max price increase limit (+10.0%); Exceeds max competitor premium (+5.0%),False
PROD_08,Almond & Oat Milk 1L Pack of 3,Groceries,STORE_04,Kolkata City Center,East,380.0,373.01,268.46,15,437.0,102.93,44979.87,17347.61,15.0,17.16,VIOLATED: Exceeds max price increase limit (+10.0%); Exceeds max competitor premium (+5.0%),False
PROD_09,Breathable Running Shoes,Apparel,STORE_01,Delhi Flagship Metro,North,2499.0,2487.49,1352.31,-15,2124.15,60.05,127554.27,46348.65,-15.0,-14.61,VIOLATED: Exceeds max price decrease limit (-10.0%),False
PROD_09,Breathable Running Shoes,Apparel,STORE_01,Delhi Flagship Metro,North,2499.0,2487.49,1352.31,-14,2149.14,59.65,128204.01,47533.81,-14.0,-13.6,VIOLATED: Exceeds max price decrease limit (-10.0%),False
PROD_09,Breathable Running Shoes,Apparel,STORE_01,Delhi Flagship Metro,North,2499.0,2487.49,1352.31,-13,2174.13,59.65,129694.75,49024.55,-13.0,-12.6,VIOLATED: Exceeds max price decrease limit (-10.0%),False
PROD_09,Breathable Running Shoes,Apparel,STORE_01,Delhi Flagship Metro,North,2499.0,2487.49,1352.31,-12,2199.12,59.61,131082.24,50475.53,-12.0,-11.59,VIOLATED: Exceeds max price decrease limit (-10.0%),False
PROD_09,Breathable Running Shoes,Apparel,STORE_01,Delhi Flagship Metro,North,2499.0,2487.49,1352.31,-11,2224.11,58.73,130615.36,51198.22,-11.0,-10.59,VIOLATED: Exceeds max price decrease limit (-10.0%),False
PROD_09,Breathable Running Shoes,Apparel,STORE_01,Delhi Flagship Metro,North,2499.0,2487.49,1352.31,-10,2249.1,58.93,132546.35,52850.58,-10.0,-9.58,VIOLATED: Exceeds max price decrease limit (-10.0%),False
PROD_09,Breathable Running Shoes,Apparel,STORE_01,Delhi Flagship Metro,North,2499.0,2487.49,1352.31,-9,2274.09,58.93,134019.09,54323.32,-9.0,-8.58,PASSED,True
PROD_09,Breathable Running Shoes,Apparel,STORE_01,Delhi Flagship Metro,North,2499.0,2487.49,1352.31,-8,2299.08,58.86,135331.27,55729.94,-8.0,-7.57,PASSED,True
PROD_09,Breathable Running Shoes,Apparel,STORE_01,Delhi Flagship Metro,North,2499.0,2487.49,1352.31,-7,2324.07,58.89,136862.21,57226.0,-7.0,-6.57,PASSED,True
PROD_09,Breathable Running Shoes,Apparel,STORE_01,Delhi Flagship Metro,North,2499.0,2487.49,1352.31,-6,2349.06,58.89,138333.85,58697.64,-6.0,-5.57,PASSED,True
PROD_09,Breathable Running Shoes,Apparel,STORE_01,Delhi Flagship Metro,North,2499.0,2487.49,1352.31,-5,2374.05,58.91,139855.69,60190.88,-5.0,-4.56,PASSED,True
PROD_09,Breathable Running Shoes,Apparel,STORE_01,Delhi Flagship Metro,North,2499.0,2487.49,1352.31,-4,2399.04,58.91,141327.86,61663.05,-4.0,-3.56,PASSED,True
PROD_09,Breathable Running Shoes,Apparel,STORE_01,Delhi Flagship Metro,North,2499.0,2487.49,1352.31,-3,2424.03,58.91,142800.02,63135.21,-3.0,-2.55,PASSED,True
PROD_09,Breathable Running Shoes,Apparel,STORE_01,Delhi Flagship Metro,North,2499.0,2487.49,1352.31,-2,2449.02,58.87,144164.14,64558.99,-2.0,-1.55,PASSED,True
PROD_09,Breathable Running Shoes,Apparel,STORE_01,Delhi Flagship Metro,North,2499.0,2487.49,1352.31,-1,2474.01,58.87,145635.21,66030.06,-1.0,-0.54,PASSED,True
PROD_09,Breathable Running Shoes,Apparel,STORE_01,Delhi Flagship Metro,North,2499.0,2487.49,1352.31,0,2499.0,58.87,147106.27,67501.12,0.0,0.46,PASSED,True
PROD_09,Breathable Running Shoes,Apparel,STORE_01,Delhi Flagship Metro,North,2499.0,2487.49,1352.31,1,2523.99,58.77,148343.09,68863.44,1.0,1.47,PASSED,True
PROD_09,Breathable Running Shoes,Apparel,STORE_01,Delhi Flagship Metro,North,2499.0,2487.49,1352.31,2,2548.98,58.78,149821.67,70336.8,2.0,2.47,PASSED,True
PROD_09,Breathable Running Shoes,Apparel,STORE_01,Delhi Flagship Metro,North,2499.0,2487.49,1352.31,3,2573.97,58.78,151290.51,71805.64,3.0,3.48,PASSED,True
PROD_09,Breathable Running Shoes,Apparel,STORE_01,Delhi Flagship Metro,North,2499.0,2487.49,1352.31,4,2598.96,58.7,152546.73,73172.49,4.0,4.48,PASSED,True
PROD_09,Breathable Running Shoes,Apparel,STORE_01,Delhi Flagship Metro,North,2499.0,2487.49,1352.31,5,2623.95,58.34,153089.49,74191.47,5.0,5.49,VIOLATED: Exceeds max competitor premium (+5.0%),False
PROD_09,Breathable Running Shoes,Apparel,STORE_01,Delhi Flagship Metro,North,2499.0,2487.49,1352.31,6,2648.94,58.3,154425.37,75589.7,6.0,6.49,VIOLATED: Exceeds max competitor premium (+5.0%),False
PROD_09,Breathable Running Shoes,Apparel,STORE_01,Delhi Flagship Metro,North,2499.0,2487.49,1352.31,7,2673.93,58.3,155882.21,77046.54,7.0,7.5,VIOLATED: Exceeds max competitor premium (+5.0%),False
PROD_09,Breathable Running Shoes,Apparel,STORE_01,Delhi Flagship Metro,North,2499.0,2487.49,1352.31,8,2698.92,58.3,157339.05,78503.38,8.0,8.5,VIOLATED: Exceeds max competitor premium (+5.0%),False
PROD_09,Breathable Running Shoes,Apparel,STORE_01,Delhi Flagship Metro,North,2499.0,2487.49,1352.31,9,2723.91,58.0,157993.2,79556.03,9.0,9.5,VIOLATED: Exceeds max competitor premium (+5.0%),False
PROD_09,Breathable Running Shoes,Apparel,STORE_01,Delhi Flagship Metro,North,2499.0,2487.49,1352.31,10,2748.9,57.49,158031.26,80288.44,10.0,10.51,VIOLATED: Exceeds max price increase limit (+10.0%); Exceeds max competitor premium (+5.0%),False
PROD_09,Breathable Running Shoes,Apparel,STORE_01,Delhi Flagship Metro,North,2499.0,2487.49,1352.31,11,2773.89,57.49,159467.9,81725.08,11.0,11.51,VIOLATED: Exceeds max price increase limit (+10.0%); Exceeds max competitor premium (+5.0%),False
PROD_09,Breathable Running Shoes,Apparel,STORE_01,Delhi Flagship Metro,North,2499.0,2487.49,1352.31,12,2798.88,57.49,160904.55,83161.73,12.0,12.52,VIOLATED: Exceeds max price increase limit (+10.0%); Exceeds max competitor premium (+5.0%),False
PROD_09,Breathable Running Shoes,Apparel,STORE_01,Delhi Flagship Metro,North,2499.0,2487.49,1352.31,13,2823.87,57.49,162341.2,84598.38,13.0,13.52,VIOLATED: Exceeds max price increase limit (+10.0%); Exceeds max competitor premium (+5.0%),False
PROD_09,Breathable Running Shoes,Apparel,STORE_01,Delhi Flagship Metro,North,2499.0,2487.49,1352.31,14,2848.86,57.49,163777.85,86035.03,14.0,14.53,VIOLATED: Exceeds max price increase limit (+10.0%); Exceeds max competitor premium (+5.0%),False
PROD_09,Breathable Running Shoes,Apparel,STORE_01,Delhi Flagship Metro,North,2499.0,2487.49,1352.31,15,2873.85,57.49,165214.49,87471.67,15.0,15.53,VIOLATED: Exceeds max price increase limit (+10.0%); Exceeds max competitor premium (+5.0%),False
PROD_09,Breathable Running Shoes,Apparel,STORE_02,Bengaluru Tech Park Store,South,2499.0,2609.32,1352.31,-15,2124.15,60.17,127815.41,46443.54,-15.0,-18.59,VIOLATED: Exceeds max price decrease limit (-10.0%),False
PROD_09,Breathable Running Shoes,Apparel,STORE_02,Bengaluru Tech Park Store,South,2499.0,2609.32,1352.31,-14,2149.14,59.16,127149.4,47142.79,-14.0,-17.64,VIOLATED: Exceeds max price decrease limit (-10.0%),False
PROD_09,Breathable Running Shoes,Apparel,STORE_02,Bengaluru Tech Park Store,South,2499.0,2609.32,1352.31,-13,2174.13,59.16,128627.88,48621.27,-13.0,-16.68,VIOLATED: Exceeds max price decrease limit (-10.0%),False
PROD_09,Breathable Running Shoes,Apparel,STORE_02,Bengaluru Tech Park Store,South,2499.0,2609.32,1352.31,-12,2199.12,59.16,130106.36,50099.75,-12.0,-15.72,VIOLATED: Exceeds max price decrease limit (-10.0%),False
PROD_09,Breathable Running Shoes,Apparel,STORE_02,Bengaluru Tech Park Store,South,2499.0,2609.32,1352.31,-11,2224.11,58.87,130938.52,51324.89,-11.0,-14.76,VIOLATED: Exceeds max price decrease limit (-10.0%),False
PROD_09,Breathable Running Shoes,Apparel,STORE_02,Bengaluru Tech Park Store,South,2499.0,2609.32,1352.31,-10,2249.1,58.87,132409.74,52796.11,-10.0,-13.81,VIOLATED: Exceeds max price decrease limit (-10.0%),False
PROD_09,Breathable Running Shoes,Apparel,STORE_02,Bengaluru Tech Park Store,South,2499.0,2609.32,1352.31,-9,2274.09,58.87,133880.96,54267.33,-9.0,-12.85,PASSED,True
PROD_09,Breathable Running Shoes,Apparel,STORE_02,Bengaluru Tech Park Store,South,2499.0,2609.32,1352.31,-8,2299.08,58.83,135244.22,55694.09,-8.0,-11.89,PASSED,True
PROD_09,Breathable Running Shoes,Apparel,STORE_02,Bengaluru Tech Park Store,South,2499.0,2609.32,1352.31,-7,2324.07,58.83,136714.27,57164.14,-7.0,-10.93,PASSED,True
PROD_09,Breathable Running Shoes,Apparel,STORE_02,Bengaluru Tech Park Store,South,2499.0,2609.32,1352.31,-6,2349.06,57.95,136117.98,57757.4,-6.0,-9.97,PASSED,True
PROD_09,Breathable Running Shoes,Apparel,STORE_02,Bengaluru Tech Park Store,South,2499.0,2609.32,1352.31,-5,2374.05,57.65,136863.13,58902.94,-5.0,-9.02,PASSED,True
PROD_09,Breathable Running Shoes,Apparel,STORE_02,Bengaluru Tech Park Store,South,2499.0,2609.32,1352.31,-4,2399.04,57.65,138303.8,60343.61,-4.0,-8.06,PASSED,True
PROD_09,Breathable Running Shoes,Apparel,STORE_02,Bengaluru Tech Park Store,South,2499.0,2609.32,1352.31,-3,2424.03,57.65,139744.46,61784.27,-3.0,-7.1,PASSED,True
PROD_09,Breathable Running Shoes,Apparel,STORE_02,Bengaluru Tech Park Store,South,2499.0,2609.32,1352.31,-2,2449.02,57.65,141185.13,63224.94,-2.0,-6.14,PASSED,True
PROD_09,Breathable Running Shoes,Apparel,STORE_02,Bengaluru Tech Park Store,South,2499.0,2609.32,1352.31,-1,2474.01,57.65,142625.79,64665.6,-1.0,-5.19,PASSED,True
PROD_09,Breathable Running Shoes,Apparel,STORE_02,Bengaluru Tech Park Store,South,2499.0,2609.32,1352.31,0,2499.0,57.71,144210.21,66172.23,0.0,-4.23,PASSED,True
PROD_09,Breathable Running Shoes,Apparel,STORE_02,Bengaluru Tech Park Store,South,2499.0,2609.32,1352.31,1,2523.99,57.71,145652.32,67614.34,1.0,-3.27,PASSED,True
PROD_09,Breathable Running Shoes,Apparel,STORE_02,Bengaluru Tech Park Store,South,2499.0,2609.32,1352.31,2,2548.98,57.71,147094.42,69056.44,2.0,-2.31,PASSED,True
PROD_09,Breathable Running Shoes,Apparel,STORE_02,Bengaluru Tech Park Store,South,2499.0,2609.32,1352.31,3,2573.97,57.67,148433.12,70449.46,3.0,-1.35,PASSED,True
PROD_09,Breathable Running Shoes,Apparel,STORE_02,Bengaluru Tech Park Store,South,2499.0,2609.32,1352.31,4,2598.96,57.67,149874.22,71890.56,4.0,-0.4,PASSED,True
PROD_09,Breathable Running Shoes,Apparel,STORE_02,Bengaluru Tech Park Store,South,2499.0,2609.32,1352.31,5,2623.95,57.67,151315.31,73331.65,5.0,0.56,PASSED,True
PROD_09,Breathable Running Shoes,Apparel,STORE_02,Bengaluru Tech Park Store,South,2499.0,2609.32,1352.31,6,2648.94,57.54,152414.25,74605.27,6.0,1.52,PASSED,True
PROD_09,Breathable Running Shoes,Apparel,STORE_02,Bengaluru Tech Park Store,South,2499.0,2609.32,1352.31,7,2673.93,57.56,153910.65,76072.07,7.0,2.48,PASSED,True
PROD_09,Breathable Running Shoes,Apparel,STORE_02,Bengaluru Tech Park Store,South,2499.0,2609.32,1352.31,8,2698.92,57.56,155349.07,77510.49,8.0,3.43,PASSED,True
PROD_09,Breathable Running Shoes,Apparel,STORE_02,Bengaluru Tech Park Store,South,2499.0,2609.32,1352.31,9,2723.91,57.2,155817.09,78460.27,9.0,4.39,PASSED,True
PROD_09,Breathable Running Shoes,Apparel,STORE_02,Bengaluru Tech Park Store,South,2499.0,2609.32,1352.31,10,2748.9,57.14,157065.55,79797.8,10.0,5.35,VIOLATED: Exceeds max price increase limit (+10.0%); Exceeds max competitor premium (+5.0%),False
PROD_09,Breathable Running Shoes,Apparel,STORE_02,Bengaluru Tech Park Store,South,2499.0,2609.32,1352.31,11,2773.89,56.45,156579.14,80244.63,11.0,6.31,VIOLATED: Exceeds max price increase limit (+10.0%); Exceeds max competitor premium (+5.0%),False
PROD_09,Breathable Running Shoes,Apparel,STORE_02,Bengaluru Tech Park Store,South,2499.0,2609.32,1352.31,12,2798.88,56.45,157989.76,81655.25,12.0,7.26,VIOLATED: Exceeds max price increase limit (+10.0%); Exceeds max competitor premium (+5.0%),False
PROD_09,Breathable Running Shoes,Apparel,STORE_02,Bengaluru Tech Park Store,South,2499.0,2609.32,1352.31,13,2823.87,56.45,159400.39,83065.88,13.0,8.22,VIOLATED: Exceeds max price increase limit (+10.0%); Exceeds max competitor premium (+5.0%),False
PROD_09,Breathable Running Shoes,Apparel,STORE_02,Bengaluru Tech Park Store,South,2499.0,2609.32,1352.31,14,2848.86,56.45,160811.01,84476.5,14.0,9.18,VIOLATED: Exceeds max price increase limit (+10.0%); Exceeds max competitor premium (+5.0%),False
PROD_09,Breathable Running Shoes,Apparel,STORE_02,Bengaluru Tech Park Store,South,2499.0,2609.32,1352.31,15,2873.85,55.64,159899.17,84657.51,15.0,10.14,VIOLATED: Exceeds max price increase limit (+10.0%); Exceeds max competitor premium (+5.0%),False
PROD_09,Breathable Running Shoes,Apparel,STORE_03,Mumbai High Street Mall,West,2399.04,2430.67,1352.31,-15,2039.18,68.38,139432.79,46966.04,-15.0,-16.11,VIOLATED: Exceeds max price decrease limit (-10.0%),False
PROD_09,Breathable Running Shoes,Apparel,STORE_03,Mumbai High Street Mall,West,2399.04,2430.67,1352.31,-14,2063.17,68.09,140473.6,48399.82,-14.0,-15.12,VIOLATED: Exceeds max price decrease limit (-10.0%),False
PROD_09,Breathable Running Shoes,Apparel,STORE_03,Mumbai High Street Mall,West,2399.04,2430.67,1352.31,-13,2087.16,68.09,142106.99,50033.21,-13.0,-14.13,VIOLATED: Exceeds max price decrease limit (-10.0%),False
PROD_09,Breathable Running Shoes,Apparel,STORE_03,Mumbai High Street Mall,West,2399.04,2430.67,1352.31,-12,2111.16,68.09,143741.06,51667.28,-12.0,-13.14,VIOLATED: Exceeds max price decrease limit (-10.0%),False
PROD_09,Breathable Running Shoes,Apparel,STORE_03,Mumbai High Street Mall,West,2399.04,2430.67,1352.31,-11,2135.15,68.28,145786.2,53451.64,-11.0,-12.16,VIOLATED: Exceeds max price decrease limit (-10.0%),False
PROD_09,Breathable Running Shoes,Apparel,STORE_03,Mumbai High Street Mall,West,2399.04,2430.67,1352.31,-10,2159.14,68.47,147825.68,55239.68,-10.0,-11.17,PASSED,True
PROD_09,Breathable Running Shoes,Apparel,STORE_03,Mumbai High Street Mall,West,2399.04,2430.67,1352.31,-9,2183.13,67.59,147547.77,56151.32,-9.0,-10.18,PASSED,True
PROD_09,Breathable Running Shoes,Apparel,STORE_03,Mumbai High Street Mall,West,2399.04,2430.67,1352.31,-8,2207.12,67.79,149623.92,57948.83,-8.0,-9.2,PASSED,True
PROD_09,Breathable Running Shoes,Apparel,STORE_03,Mumbai High Street Mall,West,2399.04,2430.67,1352.31,-7,2231.11,67.79,151250.23,59575.14,-7.0,-8.21,PASSED,True
PROD_09,Breathable Running Shoes,Apparel,STORE_03,Mumbai High Street Mall,West,2399.04,2430.67,1352.31,-6,2255.1,67.72,152719.07,61138.42,-6.0,-7.22,PASSED,True
PROD_09,Breathable Running Shoes,Apparel,STORE_03,Mumbai High Street Mall,West,2399.04,2430.67,1352.31,-5,2279.09,67.72,154343.72,62763.07,-5.0,-6.24,PASSED,True
PROD_09,Breathable Running Shoes,Apparel,STORE_03,Mumbai High Street Mall,West,2399.04,2430.67,1352.31,-4,2303.08,67.72,155968.36,64387.71,-4.0,-5.25,PASSED,True
PROD_09,Breathable Running Shoes,Apparel,STORE_03,Mumbai High Street Mall,West,2399.04,2430.67,1352.31,-3,2327.07,67.75,157651.71,66036.94,-3.0,-4.26,PASSED,True
PROD_09,Breathable Running Shoes,Apparel,STORE_03,Mumbai High Street Mall,West,2399.04,2430.67,1352.31,-2,2351.06,67.75,159276.96,67662.19,-2.0,-3.28,PASSED,True
PROD_09,Breathable Running Shoes,Apparel,STORE_03,Mumbai High Street Mall,West,2399.04,2430.67,1352.31,-1,2375.05,67.75,160902.21,69287.44,-1.0,-2.29,PASSED,True
PROD_09,Breathable Running Shoes,Apparel,STORE_03,Mumbai High Street Mall,West,2399.04,2430.67,1352.31,0,2399.04,67.75,162527.46,70912.69,0.0,-1.3,PASSED,True
PROD_09,Breathable Running Shoes,Apparel,STORE_03,Mumbai High Street Mall,West,2399.04,2430.67,1352.31,1,2423.03,67.75,164152.7,72537.93,1.0,-0.31,PASSED,True
PROD_09,Breathable Running Shoes,Apparel,STORE_03,Mumbai High Street Mall,West,2399.04,2430.67,1352.31,2,2447.02,67.75,165777.95,74163.18,2.0,0.67,PASSED,True
PROD_09,Breathable Running Shoes,Apparel,STORE_03,Mumbai High Street Mall,West,2399.04,2430.67,1352.31,3,2471.01,67.48,166733.83,75485.38,3.0,1.66,PASSED,True
PROD_09,Breathable Running Shoes,Apparel,STORE_03,Mumbai High Street Mall,West,2399.04,2430.67,1352.31,4,2495.0,67.8,169155.87,77472.03,4.0,2.65,PASSED,True
PROD_09,Breathable Running Shoes,Apparel,STORE_03,Mumbai High Street Mall,West,2399.04,2430.67,1352.31,5,2518.99,67.8,170782.34,79098.5,5.0,3.63,PASSED,True
PROD_09,Breathable Running Shoes,Apparel,STORE_03,Mumbai High Street Mall,West,2399.04,2430.67,1352.31,6,2542.98,67.74,172257.27,80654.02,6.0,4.62,PASSED,True
PROD_09,Breathable Running Shoes,Apparel,STORE_03,Mumbai High Street Mall,West,2399.04,2430.67,1352.31,7,2566.97,66.53,170772.46,80807.52,7.0,5.61,VIOLATED: Exceeds max competitor premium (+5.0%),False
PROD_09,Breathable Running Shoes,Apparel,STORE_03,Mumbai High Street Mall,West,2399.04,2430.67,1352.31,8,2590.96,66.93,173418.43,82905.46,8.0,6.59,VIOLATED: Exceeds max competitor premium (+5.0%),False
PROD_09,Breathable Running Shoes,Apparel,STORE_03,Mumbai High Street Mall,West,2399.04,2430.67,1352.31,9,2614.95,66.93,175024.13,84511.16,9.0,7.58,VIOLATED: Exceeds max competitor premium (+5.0%),False
PROD_09,Breathable Running Shoes,Apparel,STORE_03,Mumbai High Street Mall,West,2399.04,2430.67,1352.31,10,2638.94,66.93,176629.83,86116.86,10.0,8.57,VIOLATED: Exceeds max competitor premium (+5.0%),False
PROD_09,Breathable Running Shoes,Apparel,STORE_03,Mumbai High Street Mall,West,2399.04,2430.67,1352.31,11,2662.93,66.64,177450.81,87336.35,11.0,9.56,VIOLATED: Exceeds max price increase limit (+10.0%); Exceeds max competitor premium (+5.0%),False
PROD_09,Breathable Running Shoes,Apparel,STORE_03,Mumbai High Street Mall,West,2399.04,2430.67,1352.31,12,2686.92,66.12,177669.84,88249.72,12.0,10.54,VIOLATED: Exceeds max price increase limit (+10.0%); Exceeds max competitor premium (+5.0%),False
PROD_09,Breathable Running Shoes,Apparel,STORE_03,Mumbai High Street Mall,West,2399.04,2430.67,1352.31,13,2710.92,66.12,179256.81,89836.69,13.0,11.53,VIOLATED: Exceeds max price increase limit (+10.0%); Exceeds max competitor premium (+5.0%),False
PROD_09,Breathable Running Shoes,Apparel,STORE_03,Mumbai High Street Mall,West,2399.04,2430.67,1352.31,14,2734.91,66.12,180843.13,91423.01,14.0,12.52,VIOLATED: Exceeds max price increase limit (+10.0%); Exceeds max competitor premium (+5.0%),False
PROD_09,Breathable Running Shoes,Apparel,STORE_03,Mumbai High Street Mall,West,2399.04,2430.67,1352.31,15,2758.9,66.12,182429.44,93009.32,15.0,13.5,VIOLATED: Exceeds max price increase limit (+10.0%); Exceeds max competitor premium (+5.0%),False
PROD_09,Breathable Running Shoes,Apparel,STORE_04,Kolkata City Center,East,2499.0,2373.57,1352.31,-15,2124.15,42.85,91029.1,33076.71,-15.0,-10.51,VIOLATED: Exceeds max price decrease limit (-10.0%),False
PROD_09,Breathable Running Shoes,Apparel,STORE_04,Kolkata City Center,East,2499.0,2373.57,1352.31,-14,2149.14,43.06,92542.84,34311.82,-14.0,-9.46,VIOLATED: Exceeds max price decrease limit (-10.0%),False
PROD_09,Breathable Running Shoes,Apparel,STORE_04,Kolkata City Center,East,2499.0,2373.57,1352.31,-13,2174.13,43.06,93618.92,35387.9,-13.0,-8.4,VIOLATED: Exceeds max price decrease limit (-10.0%),False
PROD_09,Breathable Running Shoes,Apparel,STORE_04,Kolkata City Center,East,2499.0,2373.57,1352.31,-12,2199.12,43.06,94695.0,36463.98,-12.0,-7.35,VIOLATED: Exceeds max price decrease limit (-10.0%),False
PROD_09,Breathable Running Shoes,Apparel,STORE_04,Kolkata City Center,East,2499.0,2373.57,1352.31,-11,2224.11,43.06,95771.08,37540.06,-11.0,-6.3,VIOLATED: Exceeds max price decrease limit (-10.0%),False
PROD_09,Breathable Running Shoes,Apparel,STORE_04,Kolkata City Center,East,2499.0,2373.57,1352.31,-10,2249.1,43.06,96847.16,38616.14,-10.0,-5.24,VIOLATED: Exceeds max price decrease limit (-10.0%),False
PROD_09,Breathable Running Shoes,Apparel,STORE_04,Kolkata City Center,East,2499.0,2373.57,1352.31,-9,2274.09,43.1,98004.07,39724.98,-9.0,-4.19,PASSED,True
PROD_09,Breathable Running Shoes,Apparel,STORE_04,Kolkata City Center,East,2499.0,2373.57,1352.31,-8,2299.08,43.1,99081.04,40801.95,-8.0,-3.14,PASSED,True
PROD_09,Breathable Running Shoes,Apparel,STORE_04,Kolkata City Center,East,2499.0,2373.57,1352.31,-7,2324.07,43.01,99962.11,41797.01,-7.0,-2.09,PASSED,True
PROD_09,Breathable Running Shoes,Apparel,STORE_04,Kolkata City Center,East,2499.0,2373.57,1352.31,-6,2349.06,43.01,101036.97,42871.87,-6.0,-1.03,PASSED,True
PROD_09,Breathable Running Shoes,Apparel,STORE_04,Kolkata City Center,East,2499.0,2373.57,1352.31,-5,2374.05,43.01,102111.84,43946.74,-5.0,0.02,PASSED,True
PROD_09,Breathable Running Shoes,Apparel,STORE_04,Kolkata City Center,East,2499.0,2373.57,1352.31,-4,2399.04,42.96,103053.36,44963.42,-4.0,1.07,PASSED,True
PROD_09,Breathable Running Shoes,Apparel,STORE_04,Kolkata City Center,East,2499.0,2373.57,1352.31,-3,2424.03,42.9,104000.78,45981.16,-3.0,2.13,PASSED,True
PROD_09,Breathable Running Shoes,Apparel,STORE_04,Kolkata City Center,East,2499.0,2373.57,1352.31,-2,2449.02,42.93,105126.56,47077.34,-2.0,3.18,PASSED,True
PROD_09,Breathable Running Shoes,Apparel,STORE_04,Kolkata City Center,East,2499.0,2373.57,1352.31,-1,2474.01,42.93,106199.28,48150.06,-1.0,4.23,PASSED,True
PROD_09,Breathable Running Shoes,Apparel,STORE_04,Kolkata City Center,East,2499.0,2373.57,1352.31,0,2499.0,42.86,107108.88,49147.93,0.0,5.28,VIOLATED: Exceeds max competitor premium (+5.0%),False
PROD_09,Breathable Running Shoes,Apparel,STORE_04,Kolkata City Center,East,2499.0,2373.57,1352.31,1,2523.99,42.65,107651.66,49973.77,1.0,6.34,VIOLATED: Exceeds max competitor premium (+5.0%),False
PROD_09,Breathable Running Shoes,Apparel,STORE_04,Kolkata City Center,East,2499.0,2373.57,1352.31,2,2548.98,42.65,108717.52,51039.63,2.0,7.39,VIOLATED: Exceeds max competitor premium (+5.0%),False
PROD_09,Breathable Running Shoes,Apparel,STORE_04,Kolkata City Center,East,2499.0,2373.57,1352.31,3,2573.97,42.65,109783.38,52105.49,3.0,8.44,VIOLATED: Exceeds max competitor premium (+5.0%),False
PROD_09,Breathable Running Shoes,Apparel,STORE_04,Kolkata City Center,East,2499.0,2373.57,1352.31,4,2598.96,42.36,110083.36,52803.97,4.0,9.5,VIOLATED: Exceeds max competitor premium (+5.0%),False
PROD_09,Breathable Running Shoes,Apparel,STORE_04,Kolkata City Center,East,2499.0,2373.57,1352.31,5,2623.95,42.36,111141.86,53862.47,5.0,10.55,VIOLATED: Exceeds max competitor premium (+5.0%),False
PROD_09,Breathable Running Shoes,Apparel,STORE_04,Kolkata City Center,East,2499.0,2373.57,1352.31,6,2648.94,42.36,112200.35,54920.96,6.0,11.6,VIOLATED: Exceeds max competitor premium (+5.0%),False
PROD_09,Breathable Running Shoes,Apparel,STORE_04,Kolkata City Center,East,2499.0,2373.57,1352.31,7,2673.93,42.36,113258.84,55979.45,7.0,12.65,VIOLATED: Exceeds max competitor premium (+5.0%),False
PROD_09,Breathable Running Shoes,Apparel,STORE_04,Kolkata City Center,East,2499.0,2373.57,1352.31,8,2698.92,42.36,114317.34,57037.95,8.0,13.71,VIOLATED: Exceeds max competitor premium (+5.0%),False
PROD_09,Breathable Running Shoes,Apparel,STORE_04,Kolkata City Center,East,2499.0,2373.57,1352.31,9,2723.91,42.36,115375.83,58096.44,9.0,14.76,VIOLATED: Exceeds max competitor premium (+5.0%),False
PROD_09,Breathable Running Shoes,Apparel,STORE_04,Kolkata City Center,East,2499.0,2373.57,1352.31,10,2748.9,42.36,116434.32,59154.93,10.0,15.81,VIOLATED: Exceeds max price increase limit (+10.0%); Exceeds max competitor premium (+5.0%),False
PROD_09,Breathable Running Shoes,Apparel,STORE_04,Kolkata City Center,East,2499.0,2373.57,1352.31,11,2773.89,42.36,117492.82,60213.43,11.0,16.87,VIOLATED: Exceeds max price increase limit (+10.0%); Exceeds max competitor premium (+5.0%),False
PROD_09,Breathable Running Shoes,Apparel,STORE_04,Kolkata City Center,East,2499.0,2373.57,1352.31,12,2798.88,42.36,118551.31,61271.92,12.0,17.92,VIOLATED: Exceeds max price increase limit (+10.0%); Exceeds max competitor premium (+5.0%),False
PROD_09,Breathable Running Shoes,Apparel,STORE_04,Kolkata City Center,East,2499.0,2373.57,1352.31,13,2823.87,42.36,119609.81,62330.42,13.0,18.97,VIOLATED: Exceeds max price increase limit (+10.0%); Exceeds max competitor premium (+5.0%),False
PROD_09,Breathable Running Shoes,Apparel,STORE_04,Kolkata City Center,East,2499.0,2373.57,1352.31,14,2848.86,42.36,120668.3,63388.91,14.0,20.02,VIOLATED: Exceeds max price increase limit (+10.0%); Exceeds max competitor premium (+5.0%),False
PROD_09,Breathable Running Shoes,Apparel,STORE_04,Kolkata City Center,East,2499.0,2373.57,1352.31,15,2873.85,42.36,121726.79,64447.4,15.0,21.08,VIOLATED: Exceeds max price increase limit (+10.0%); Exceeds max competitor premium (+5.0%),False
PROD_10,Classic Denim Jacket,Apparel,STORE_01,Delhi Flagship Metro,North,1799.1,1976.3,1090.26,-15,1529.24,98.15,150096.5,43086.35,-15.0,-22.62,VIOLATED: Exceeds max price decrease limit (-10.0%),False
PROD_10,Classic Denim Jacket,Apparel,STORE_01,Delhi Flagship Metro,North,1799.1,1976.3,1090.26,-14,1547.23,98.15,151862.23,44852.08,-14.0,-21.71,VIOLATED: Exceeds max price decrease limit (-10.0%),False
PROD_10,Classic Denim Jacket,Apparel,STORE_01,Delhi Flagship Metro,North,1799.1,1976.3,1090.26,-13,1565.22,94.39,147740.34,44831.24,-13.0,-20.8,VIOLATED: Exceeds max price decrease limit (-10.0%),False
PROD_10,Classic Denim Jacket,Apparel,STORE_01,Delhi Flagship Metro,North,1799.1,1976.3,1090.26,-12,1583.21,94.73,149983.04,46698.88,-12.0,-19.89,VIOLATED: Exceeds max price decrease limit (-10.0%),False
PROD_10,Classic Denim Jacket,Apparel,STORE_01,Delhi Flagship Metro,North,1799.1,1976.3,1090.26,-11,1601.2,94.65,151555.78,48361.17,-11.0,-18.98,VIOLATED: Exceeds max price decrease limit (-10.0%),False
PROD_10,Classic Denim Jacket,Apparel,STORE_01,Delhi Flagship Metro,North,1799.1,1976.3,1090.26,-10,1619.19,93.28,151035.56,49337.78,-10.0,-18.07,PASSED,True
PROD_10,Classic Denim Jacket,Apparel,STORE_01,Delhi Flagship Metro,North,1799.1,1976.3,1090.26,-9,1637.18,90.43,148042.19,49455.3,-9.0,-17.16,PASSED,True
PROD_10,Classic Denim Jacket,Apparel,STORE_01,Delhi Flagship Metro,North,1799.1,1976.3,1090.26,-8,1655.17,89.52,148177.94,50573.18,-8.0,-16.25,PASSED,True
PROD_10,Classic Denim Jacket,Apparel,STORE_01,Delhi Flagship Metro,North,1799.1,1976.3,1090.26,-7,1673.16,89.52,149788.48,52183.72,-7.0,-15.34,PASSED,True
PROD_10,Classic Denim Jacket,Apparel,STORE_01,Delhi Flagship Metro,North,1799.1,1976.3,1090.26,-6,1691.15,89.29,151001.7,53653.08,-6.0,-14.43,PASSED,True
PROD_10,Classic Denim Jacket,Apparel,STORE_01,Delhi Flagship Metro,North,1799.1,1976.3,1090.26,-5,1709.14,88.23,150805.54,54606.72,-5.0,-13.52,PASSED,True
PROD_10,Classic Denim Jacket,Apparel,STORE_01,Delhi Flagship Metro,North,1799.1,1976.3,1090.26,-4,1727.14,87.22,150646.12,55550.51,-4.0,-12.61,PASSED,True
PROD_10,Classic Denim Jacket,Apparel,STORE_01,Delhi Flagship Metro,North,1799.1,1976.3,1090.26,-3,1745.13,87.12,152034.81,57051.93,-3.0,-11.7,PASSED,True
PROD_10,Classic Denim Jacket,Apparel,STORE_01,Delhi Flagship Metro,North,1799.1,1976.3,1090.26,-2,1763.12,87.05,153484.96,58574.51,-2.0,-10.79,PASSED,True
PROD_10,Classic Denim Jacket,Apparel,STORE_01,Delhi Flagship Metro,North,1799.1,1976.3,1090.26,-1,1781.11,86.17,153484.28,59532.88,-1.0,-9.88,PASSED,True
PROD_10,Classic Denim Jacket,Apparel,STORE_01,Delhi Flagship Metro,North,1799.1,1976.3,1090.26,0,1799.1,85.95,154631.32,60924.27,0.0,-8.97,PASSED,True
PROD_10,Classic Denim Jacket,Apparel,STORE_01,Delhi Flagship Metro,North,1799.1,1976.3,1090.26,1,1817.09,85.86,156008.06,62402.71,1.0,-8.06,PASSED,True
PROD_10,Classic Denim Jacket,Apparel,STORE_01,Delhi Flagship Metro,North,1799.1,1976.3,1090.26,2,1835.08,85.81,157471.79,63914.45,2.0,-7.15,PASSED,True
PROD_10,Classic Denim Jacket,Apparel,STORE_01,Delhi Flagship Metro,North,1799.1,1976.3,1090.26,3,1853.07,85.81,159015.55,65458.21,3.0,-6.24,PASSED,True
PROD_10,Classic Denim Jacket,Apparel,STORE_01,Delhi Flagship Metro,North,1799.1,1976.3,1090.26,4,1871.06,86.48,161808.15,67523.12,4.0,-5.33,PASSED,True
PROD_10,Classic Denim Jacket,Apparel,STORE_01,Delhi Flagship Metro,North,1799.1,1976.3,1090.26,5,1889.06,86.03,162524.66,68724.49,5.0,-4.41,PASSED,True
PROD_10,Classic Denim Jacket,Apparel,STORE_01,Delhi Flagship Metro,North,1799.1,1976.3,1090.26,6,1907.05,86.08,164159.99,70309.77,6.0,-3.5,PASSED,True
PROD_10,Classic Denim Jacket,Apparel,STORE_01,Delhi Flagship Metro,North,1799.1,1976.3,1090.26,7,1925.04,86.08,165708.58,71858.36,7.0,-2.59,PASSED,True
PROD_10,Classic Denim Jacket,Apparel,STORE_01,Delhi Flagship Metro,North,1799.1,1976.3,1090.26,8,1943.03,85.91,166927.15,73262.1,8.0,-1.68,PASSED,True
PROD_10,Classic Denim Jacket,Apparel,STORE_01,Delhi Flagship Metro,North,1799.1,1976.3,1090.26,9,1961.02,85.91,168472.69,74807.64,9.0,-0.77,PASSED,True
PROD_10,Classic Denim Jacket,Apparel,STORE_01,Delhi Flagship Metro,North,1799.1,1976.3,1090.26,10,1979.01,85.91,170018.22,76353.17,10.0,0.14,VIOLATED: Exceeds max price increase limit (+10.0%),False
PROD_10,Classic Denim Jacket,Apparel,STORE_01,Delhi Flagship Metro,North,1799.1,1976.3,1090.26,11,1997.0,85.91,171563.76,77898.71,11.0,1.05,VIOLATED: Exceeds max price increase limit (+10.0%),False
PROD_10,Classic Denim Jacket,Apparel,STORE_01,Delhi Flagship Metro,North,1799.1,1976.3,1090.26,12,2014.99,85.77,172816.46,79309.85,12.0,1.96,VIOLATED: Exceeds max price increase limit (+10.0%),False
PROD_10,Classic Denim Jacket,Apparel,STORE_01,Delhi Flagship Metro,North,1799.1,1976.3,1090.26,13,2032.98,85.96,174764.62,81040.69,13.0,2.87,VIOLATED: Exceeds max price increase limit (+10.0%),False
PROD_10,Classic Denim Jacket,Apparel,STORE_01,Delhi Flagship Metro,North,1799.1,1976.3,1090.26,14,2050.97,85.96,176311.13,82587.2,14.0,3.78,VIOLATED: Exceeds max price increase limit (+10.0%),False
PROD_10,Classic Denim Jacket,Apparel,STORE_01,Delhi Flagship Metro,North,1799.1,1976.3,1090.26,15,2068.96,85.96,177857.63,84133.7,15.0,4.69,VIOLATED: Exceeds max price increase limit (+10.0%),False
PROD_10,Classic Denim Jacket,Apparel,STORE_02,Bengaluru Tech Park Store,South,1599.2,1994.69,1090.26,-15,1359.32,99.9,135801.13,26880.1,-15.0,-31.85,VIOLATED: Exceeds max price decrease limit (-10.0%),False
PROD_10,Classic Denim Jacket,Apparel,STORE_02,Bengaluru Tech Park Store,South,1599.2,1994.69,1090.26,-14,1375.31,99.9,137398.59,28477.56,-14.0,-31.05,VIOLATED: Exceeds max price decrease limit (-10.0%),False
PROD_10,Classic Denim Jacket,Apparel,STORE_02,Bengaluru Tech Park Store,South,1599.2,1994.69,1090.26,-13,1391.3,99.9,138996.05,30075.02,-13.0,-30.25,VIOLATED: Exceeds max price decrease limit (-10.0%),False
PROD_10,Classic Denim Jacket,Apparel,STORE_02,Bengaluru Tech Park Store,South,1599.2,1994.69,1090.26,-12,1407.3,99.9,140594.51,31673.48,-12.0,-29.45,VIOLATED: Exceeds max price decrease limit (-10.0%),False
PROD_10,Classic Denim Jacket,Apparel,STORE_02,Bengaluru Tech Park Store,South,1599.2,1994.69,1090.26,-11,1423.29,99.9,142191.97,33270.94,-11.0,-28.65,VIOLATED: Exceeds max price decrease limit (-10.0%),False
PROD_10,Classic Denim Jacket,Apparel,STORE_02,Bengaluru Tech Park Store,South,1599.2,1994.69,1090.26,-10,1439.28,99.57,143303.01,34750.44,-10.0,-27.84,VIOLATED: Exceeds max price decrease limit (-10.0%),False
PROD_10,Classic Denim Jacket,Apparel,STORE_02,Bengaluru Tech Park Store,South,1599.2,1994.69,1090.26,-9,1455.27,99.57,144895.07,36342.5,-9.0,-27.04,PASSED,True
PROD_10,Classic Denim Jacket,Apparel,STORE_02,Bengaluru Tech Park Store,South,1599.2,1994.69,1090.26,-8,1471.26,99.57,146487.13,37934.56,-8.0,-26.24,PASSED,True
PROD_10,Classic Denim Jacket,Apparel,STORE_02,Bengaluru Tech Park Store,South,1599.2,1994.69,1090.26,-7,1487.26,97.64,145222.65,38764.84,-7.0,-25.44,PASSED,True
PROD_10,Classic Denim Jacket,Apparel,STORE_02,Bengaluru Tech Park Store,South,1599.2,1994.69,1090.26,-6,1503.25,97.67,146817.79,40335.46,-6.0,-24.64,PASSED,True
PROD_10,Classic Denim Jacket,Apparel,STORE_02,Bengaluru Tech Park Store,South,1599.2,1994.69,1090.26,-5,1519.24,97.67,148379.49,41897.16,-5.0,-23.84,PASSED,True
PROD_10,Classic Denim Jacket,Apparel,STORE_02,Bengaluru Tech Park Store,South,1599.2,1994.69,1090.26,-4,1535.23,96.67,148405.41,43013.72,-4.0,-23.03,PASSED,True
PROD_10,Classic Denim Jacket,Apparel,STORE_02,Bengaluru Tech Park Store,South,1599.2,1994.69,1090.26,-3,1551.22,96.67,149951.11,44559.42,-3.0,-22.23,PASSED,True
PROD_10,Classic Denim Jacket,Apparel,STORE_02,Bengaluru Tech Park Store,South,1599.2,1994.69,1090.26,-2,1567.22,96.67,151497.77,46106.08,-2.0,-21.43,PASSED,True
PROD_10,Classic Denim Jacket,Apparel,STORE_02,Bengaluru Tech Park Store,South,1599.2,1994.69,1090.26,-1,1583.21,89.75,142093.74,44242.46,-1.0,-20.63,PASSED,True
PROD_10,Classic Denim Jacket,Apparel,STORE_02,Bengaluru Tech Park Store,South,1599.2,1994.69,1090.26,0,1599.2,89.47,143081.33,45535.15,0.0,-19.83,PASSED,True
PROD_10,Classic Denim Jacket,Apparel,STORE_02,Bengaluru Tech Park Store,South,1599.2,1994.69,1090.26,1,1615.19,89.47,144511.96,46965.78,1.0,-19.03,PASSED,True
PROD_10,Classic Denim Jacket,Apparel,STORE_02,Bengaluru Tech Park Store,South,1599.2,1994.69,1090.26,2,1631.18,89.47,145942.6,48396.42,2.0,-18.22,PASSED,True
PROD_10,Classic Denim Jacket,Apparel,STORE_02,Bengaluru Tech Park Store,South,1599.2,1994.69,1090.26,3,1647.18,88.1,145112.68,49063.34,3.0,-17.42,PASSED,True
PROD_10,Classic Denim Jacket,Apparel,STORE_02,Bengaluru Tech Park Store,South,1599.2,1994.69,1090.26,4,1663.17,87.71,145878.94,50250.73,4.0,-16.62,PASSED,True
PROD_10,Classic Denim Jacket,Apparel,STORE_02,Bengaluru Tech Park Store,South,1599.2,1994.69,1090.26,5,1679.16,87.71,147281.44,51653.23,5.0,-15.82,PASSED,True
PROD_10,Classic Denim Jacket,Apparel,STORE_02,Bengaluru Tech Park Store,South,1599.2,1994.69,1090.26,6,1695.15,87.42,148191.34,52879.96,6.0,-15.02,PASSED,True
PROD_10,Classic Denim Jacket,Apparel,STORE_02,Bengaluru Tech Park Store,South,1599.2,1994.69,1090.26,7,1711.14,87.23,149268.7,54161.52,7.0,-14.22,PASSED,True
PROD_10,Classic Denim Jacket,Apparel,STORE_02,Bengaluru Tech Park Store,South,1599.2,1994.69,1090.26,8,1727.14,86.84,149980.61,55305.1,8.0,-13.41,PASSED,True
PROD_10,Classic Denim Jacket,Apparel,STORE_02,Bengaluru Tech Park Store,South,1599.2,1994.69,1090.26,9,1743.13,86.05,149990.7,56177.35,9.0,-12.61,PASSED,True
PROD_10,Classic Denim Jacket,Apparel,STORE_02,Bengaluru Tech Park Store,South,1599.2,1994.69,1090.26,10,1759.12,86.0,151284.0,57521.84,10.0,-11.81,PASSED,True
PROD_10,Classic Denim Jacket,Apparel,STORE_02,Bengaluru Tech Park Store,South,1599.2,1994.69,1090.26,11,1775.11,86.01,152671.35,58901.69,11.0,-11.01,VIOLATED: Exceeds max price increase limit (+10.0%),False
PROD_10,Classic Denim Jacket,Apparel,STORE_02,Bengaluru Tech Park Store,South,1599.2,1994.69,1090.26,12,1791.1,85.25,152691.51,59746.7,12.0,-10.21,VIOLATED: Exceeds max price increase limit (+10.0%),False
PROD_10,Classic Denim Jacket,Apparel,STORE_02,Bengaluru Tech Park Store,South,1599.2,1994.69,1090.26,13,1807.1,85.25,154055.51,61110.7,13.0,-9.4,VIOLATED: Exceeds max price increase limit (+10.0%),False
PROD_10,Classic Denim Jacket,Apparel,STORE_02,Bengaluru Tech Park Store,South,1599.2,1994.69,1090.26,14,1823.09,85.25,155418.66,62473.85,14.0,-8.6,VIOLATED: Exceeds max price increase limit (+10.0%),False
PROD_10,Classic Denim Jacket,Apparel,STORE_02,Bengaluru Tech Park Store,South,1599.2,1994.69,1090.26,15,1839.08,85.25,156781.81,63837.0,15.0,-7.8,VIOLATED: Exceeds max price increase limit (+10.0%),False
PROD_10,Classic Denim Jacket,Apparel,STORE_03,Mumbai High Street Mall,West,1499.25,1853.17,1090.26,-15,1274.36,121.67,155057.65,22400.35,-15.0,-31.23,VIOLATED: Exceeds max price decrease limit (-10.0%),False
PROD_10,Classic Denim Jacket,Apparel,STORE_03,Mumbai High Street Mall,West,1499.25,1853.17,1090.26,-14,1289.36,121.67,156882.77,24225.47,-14.0,-30.42,VIOLATED: Exceeds max price decrease limit (-10.0%),False
PROD_10,Classic Denim Jacket,Apparel,STORE_03,Mumbai High Street Mall,West,1499.25,1853.17,1090.26,-13,1304.35,121.67,158706.68,26049.38,-13.0,-29.62,VIOLATED: Exceeds max price decrease limit (-10.0%),False
PROD_10,Classic Denim Jacket,Apparel,STORE_03,Mumbai High Street Mall,West,1499.25,1853.17,1090.26,-12,1319.34,121.67,160530.59,27873.29,-12.0,-28.81,VIOLATED: Exceeds max price decrease limit (-10.0%),False
PROD_10,Classic Denim Jacket,Apparel,STORE_03,Mumbai High Street Mall,West,1499.25,1853.17,1090.26,-11,1334.33,121.67,162354.49,29697.19,-11.0,-28.0,VIOLATED: Exceeds max price decrease limit (-10.0%),False
PROD_10,Classic Denim Jacket,Apparel,STORE_03,Mumbai High Street Mall,West,1499.25,1853.17,1090.26,-10,1349.32,121.67,164178.4,31521.1,-10.0,-27.19,VIOLATED: Exceeds max price decrease limit (-10.0%),False
PROD_10,Classic Denim Jacket,Apparel,STORE_03,Mumbai High Street Mall,West,1499.25,1853.17,1090.26,-9,1364.32,121.67,166003.53,33346.23,-9.0,-26.38,PASSED,True
PROD_10,Classic Denim Jacket,Apparel,STORE_03,Mumbai High Street Mall,West,1499.25,1853.17,1090.26,-8,1379.31,121.67,167827.43,35170.13,-8.0,-25.57,PASSED,True
PROD_10,Classic Denim Jacket,Apparel,STORE_03,Mumbai High Street Mall,West,1499.25,1853.17,1090.26,-7,1394.3,119.22,166233.67,36248.79,-7.0,-24.76,PASSED,True
PROD_10,Classic Denim Jacket,Apparel,STORE_03,Mumbai High Street Mall,West,1499.25,1853.17,1090.26,-6,1409.29,119.22,168020.83,38035.95,-6.0,-23.95,PASSED,True
PROD_10,Classic Denim Jacket,Apparel,STORE_03,Mumbai High Street Mall,West,1499.25,1853.17,1090.26,-5,1424.29,117.32,167104.75,39190.05,-5.0,-23.14,PASSED,True
PROD_10,Classic Denim Jacket,Apparel,STORE_03,Mumbai High Street Mall,West,1499.25,1853.17,1090.26,-4,1439.28,116.43,167580.08,40637.54,-4.0,-22.33,PASSED,True
PROD_10,Classic Denim Jacket,Apparel,STORE_03,Mumbai High Street Mall,West,1499.25,1853.17,1090.26,-3,1454.27,116.43,169325.42,42382.88,-3.0,-21.53,PASSED,True
PROD_10,Classic Denim Jacket,Apparel,STORE_03,Mumbai High Street Mall,West,1499.25,1853.17,1090.26,-2,1469.26,113.56,166854.18,43040.53,-2.0,-20.72,PASSED,True
PROD_10,Classic Denim Jacket,Apparel,STORE_03,Mumbai High Street Mall,West,1499.25,1853.17,1090.26,-1,1484.26,113.28,168142.29,44633.73,-1.0,-19.91,PASSED,True
PROD_10,Classic Denim Jacket,Apparel,STORE_03,Mumbai High Street Mall,West,1499.25,1853.17,1090.26,0,1499.25,112.44,168575.03,45986.66,0.0,-19.1,PASSED,True
PROD_10,Classic Denim Jacket,Apparel,STORE_03,Mumbai High Street Mall,West,1499.25,1853.17,1090.26,1,1514.24,112.44,170260.5,47672.13,1.0,-18.29,PASSED,True
PROD_10,Classic Denim Jacket,Apparel,STORE_03,Mumbai High Street Mall,West,1499.25,1853.17,1090.26,2,1529.24,108.32,165653.62,47552.13,2.0,-17.48,PASSED,True
PROD_10,Classic Denim Jacket,Apparel,STORE_03,Mumbai High Street Mall,West,1499.25,1853.17,1090.26,3,1544.23,107.25,165623.25,48689.63,3.0,-16.67,PASSED,True
PROD_10,Classic Denim Jacket,Apparel,STORE_03,Mumbai High Street Mall,West,1499.25,1853.17,1090.26,4,1559.22,107.25,167230.97,50297.35,4.0,-15.86,PASSED,True
PROD_10,Classic Denim Jacket,Apparel,STORE_03,Mumbai High Street Mall,West,1499.25,1853.17,1090.26,5,1574.21,107.02,168468.85,51791.37,5.0,-15.05,PASSED,True
PROD_10,Classic Denim Jacket,Apparel,STORE_03,Mumbai High Street Mall,West,1499.25,1853.17,1090.26,6,1589.21,107.02,170074.12,53396.64,6.0,-14.24,PASSED,True
PROD_10,Classic Denim Jacket,Apparel,STORE_03,Mumbai High Street Mall,West,1499.25,1853.17,1090.26,7,1604.2,106.32,170564.91,54644.14,7.0,-13.43,PASSED,True
PROD_10,Classic Denim Jacket,Apparel,STORE_03,Mumbai High Street Mall,West,1499.25,1853.17,1090.26,8,1619.19,106.12,171828.72,56130.14,8.0,-12.63,PASSED,True
PROD_10,Classic Denim Jacket,Apparel,STORE_03,Mumbai High Street Mall,West,1499.25,1853.17,1090.26,9,1634.18,105.27,172022.19,57255.81,9.0,-11.82,PASSED,True
PROD_10,Classic Denim Jacket,Apparel,STORE_03,Mumbai High Street Mall,West,1499.25,1853.17,1090.26,10,1649.18,105.27,173601.17,58834.79,10.0,-11.01,VIOLATED: Exceeds max price increase limit (+10.0%),False
PROD_10,Classic Denim Jacket,Apparel,STORE_03,Mumbai High Street Mall,West,1499.25,1853.17,1090.26,11,1664.17,104.0,173072.42,59686.2,11.0,-10.2,VIOLATED: Exceeds max price increase limit (+10.0%),False
PROD_10,Classic Denim Jacket,Apparel,STORE_03,Mumbai High Street Mall,West,1499.25,1853.17,1090.26,12,1679.16,102.58,172248.35,60409.4,12.0,-9.39,VIOLATED: Exceeds max price increase limit (+10.0%),False
PROD_10,Classic Denim Jacket,Apparel,STORE_03,Mumbai High Street Mall,West,1499.25,1853.17,1090.26,13,1694.15,102.58,173786.03,61947.08,13.0,-8.58,VIOLATED: Exceeds max price increase limit (+10.0%),False
PROD_10,Classic Denim Jacket,Apparel,STORE_03,Mumbai High Street Mall,West,1499.25,1853.17,1090.26,14,1709.15,101.92,174198.95,63078.13,14.0,-7.77,VIOLATED: Exceeds max price increase limit (+10.0%),False
PROD_10,Classic Denim Jacket,Apparel,STORE_03,Mumbai High Street Mall,West,1499.25,1853.17,1090.26,15,1724.14,101.85,175606.34,64561.66,15.0,-6.96,VIOLATED: Exceeds max price increase limit (+10.0%),False
PROD_10,Classic Denim Jacket,Apparel,STORE_04,Kolkata City Center,East,1799.1,1859.18,1090.26,-15,1529.24,59.55,91064.09,26140.64,-15.0,-17.75,VIOLATED: Exceeds max price decrease limit (-10.0%),False
PROD_10,Classic Denim Jacket,Apparel,STORE_04,Kolkata City Center,East,1799.1,1859.18,1090.26,-14,1547.23,59.55,92135.37,27211.92,-14.0,-16.78,VIOLATED: Exceeds max price decrease limit (-10.0%),False
PROD_10,Classic Denim Jacket,Apparel,STORE_04,Kolkata City Center,East,1799.1,1859.18,1090.26,-13,1565.22,59.55,93206.65,28283.2,-13.0,-15.81,VIOLATED: Exceeds max price decrease limit (-10.0%),False
PROD_10,Classic Denim Jacket,Apparel,STORE_04,Kolkata City Center,East,1799.1,1859.18,1090.26,-12,1583.21,59.64,94428.46,29401.35,-12.0,-14.84,VIOLATED: Exceeds max price decrease limit (-10.0%),False
PROD_10,Classic Denim Jacket,Apparel,STORE_04,Kolkata City Center,East,1799.1,1859.18,1090.26,-11,1601.2,59.66,95530.21,30483.51,-11.0,-13.88,VIOLATED: Exceeds max price decrease limit (-10.0%),False
PROD_10,Classic Denim Jacket,Apparel,STORE_04,Kolkata City Center,East,1799.1,1859.18,1090.26,-10,1619.19,59.66,96603.52,31556.82,-10.0,-12.91,PASSED,True
PROD_10,Classic Denim Jacket,Apparel,STORE_04,Kolkata City Center,East,1799.1,1859.18,1090.26,-9,1637.18,59.07,96715.83,32309.11,-9.0,-11.94,PASSED,True
PROD_10,Classic Denim Jacket,Apparel,STORE_04,Kolkata City Center,East,1799.1,1859.18,1090.26,-8,1655.17,58.41,96685.85,32998.91,-8.0,-10.97,PASSED,True
PROD_10,Classic Denim Jacket,Apparel,STORE_04,Kolkata City Center,East,1799.1,1859.18,1090.26,-7,1673.16,56.91,95219.41,33172.79,-7.0,-10.01,PASSED,True
PROD_10,Classic Denim Jacket,Apparel,STORE_04,Kolkata City Center,East,1799.1,1859.18,1090.26,-6,1691.15,56.91,96243.22,34196.6,-6.0,-9.04,PASSED,True
PROD_10,Classic Denim Jacket,Apparel,STORE_04,Kolkata City Center,East,1799.1,1859.18,1090.26,-5,1709.14,56.91,97267.03,35220.41,-5.0,-8.07,PASSED,True
PROD_10,Classic Denim Jacket,Apparel,STORE_04,Kolkata City Center,East,1799.1,1859.18,1090.26,-4,1727.14,56.91,98291.41,36244.79,-4.0,-7.1,PASSED,True
PROD_10,Classic Denim Jacket,Apparel,STORE_04,Kolkata City Center,East,1799.1,1859.18,1090.26,-3,1745.13,56.91,99315.22,37268.6,-3.0,-6.13,PASSED,True
PROD_10,Classic Denim Jacket,Apparel,STORE_04,Kolkata City Center,East,1799.1,1859.18,1090.26,-2,1763.12,56.91,100339.03,38292.41,-2.0,-5.17,PASSED,True
PROD_10,Classic Denim Jacket,Apparel,STORE_04,Kolkata City Center,East,1799.1,1859.18,1090.26,-1,1781.11,56.69,100969.32,39163.58,-1.0,-4.2,PASSED,True
PROD_10,Classic Denim Jacket,Apparel,STORE_04,Kolkata City Center,East,1799.1,1859.18,1090.26,0,1799.1,56.69,101989.16,40183.42,0.0,-3.23,PASSED,True
PROD_10,Classic Denim Jacket,Apparel,STORE_04,Kolkata City Center,East,1799.1,1859.18,1090.26,1,1817.09,56.6,102855.83,41141.99,1.0,-2.26,PASSED,True
PROD_10,Classic Denim Jacket,Apparel,STORE_04,Kolkata City Center,East,1799.1,1859.18,1090.26,2,1835.08,56.6,103874.15,42160.31,2.0,-1.3,PASSED,True
PROD_10,Classic Denim Jacket,Apparel,STORE_04,Kolkata City Center,East,1799.1,1859.18,1090.26,3,1853.07,56.6,104892.47,43178.63,3.0,-0.33,PASSED,True
PROD_10,Classic Denim Jacket,Apparel,STORE_04,Kolkata City Center,East,1799.1,1859.18,1090.26,4,1871.06,56.6,105910.79,44196.95,4.0,0.64,PASSED,True
PROD_10,Classic Denim Jacket,Apparel,STORE_04,Kolkata City Center,East,1799.1,1859.18,1090.26,5,1889.06,56.63,106973.64,45234.42,5.0,1.61,PASSED,True
PROD_10,Classic Denim Jacket,Apparel,STORE_04,Kolkata City Center,East,1799.1,1859.18,1090.26,6,1907.05,56.27,107312.98,45962.18,6.0,2.57,PASSED,True
PROD_10,Classic Denim Jacket,Apparel,STORE_04,Kolkata City Center,East,1799.1,1859.18,1090.26,7,1925.04,56.27,108325.31,46974.51,7.0,3.54,PASSED,True
PROD_10,Classic Denim Jacket,Apparel,STORE_04,Kolkata City Center,East,1799.1,1859.18,1090.26,8,1943.03,56.27,109337.63,47986.83,8.0,4.51,PASSED,True
PROD_10,Classic Denim Jacket,Apparel,STORE_04,Kolkata City Center,East,1799.1,1859.18,1090.26,9,1961.02,56.17,110156.56,48913.28,9.0,5.48,VIOLATED: Exceeds max competitor premium (+5.0%),False
PROD_10,Classic Denim Jacket,Apparel,STORE_04,Kolkata City Center,East,1799.1,1859.18,1090.26,10,1979.01,56.13,111075.88,49882.86,10.0,6.45,VIOLATED: Exceeds max price increase limit (+10.0%); Exceeds max competitor premium (+5.0%),False
PROD_10,Classic Denim Jacket,Apparel,STORE_04,Kolkata City Center,East,1799.1,1859.18,1090.26,11,1997.0,56.13,112085.61,50892.59,11.0,7.41,VIOLATED: Exceeds max price increase limit (+10.0%); Exceeds max competitor premium (+5.0%),False
PROD_10,Classic Denim Jacket,Apparel,STORE_04,Kolkata City Center,East,1799.1,1859.18,1090.26,12,2014.99,55.64,112120.57,51454.97,12.0,8.38,VIOLATED: Exceeds max price increase limit (+10.0%); Exceeds max competitor premium (+5.0%),False
PROD_10,Classic Denim Jacket,Apparel,STORE_04,Kolkata City Center,East,1799.1,1859.18,1090.26,13,2032.98,55.64,113121.59,52455.99,13.0,9.35,VIOLATED: Exceeds max price increase limit (+10.0%); Exceeds max competitor premium (+5.0%),False
PROD_10,Classic Denim Jacket,Apparel,STORE_04,Kolkata City Center,East,1799.1,1859.18,1090.26,14,2050.97,54.92,112629.74,52757.73,14.0,10.32,VIOLATED: Exceeds max price increase limit (+10.0%); Exceeds max competitor premium (+5.0%),False
PROD_10,Classic Denim Jacket,Apparel,STORE_04,Kolkata City Center,East,1799.1,1859.18,1090.26,15,2068.96,54.92,113617.67,53745.66,15.0,11.28,VIOLATED: Exceeds max price increase limit (+10.0%); Exceeds max competitor premium (+5.0%),False
PROD_11,Organic Cotton Crew-Neck T-Shirt,Apparel,STORE_01,Delhi Flagship Metro,North,629.1,662.75,339.8,-15,534.74,272.52,145729.05,53125.67,-15.0,-19.31,VIOLATED: Exceeds max price decrease limit (-10.0%),False
PROD_11,Organic Cotton Crew-Neck T-Shirt,Apparel,STORE_01,Delhi Flagship Metro,North,629.1,662.75,339.8,-14,541.03,260.38,140871.68,52395.63,-14.0,-18.37,VIOLATED: Exceeds max price decrease limit (-10.0%),False
PROD_11,Organic Cotton Crew-Neck T-Shirt,Apparel,STORE_01,Delhi Flagship Metro,North,629.1,662.75,339.8,-13,547.32,257.51,140939.63,53438.2,-13.0,-17.42,VIOLATED: Exceeds max price decrease limit (-10.0%),False
PROD_11,Organic Cotton Crew-Neck T-Shirt,Apparel,STORE_01,Delhi Flagship Metro,North,629.1,662.75,339.8,-12,553.61,255.81,141618.2,54694.43,-12.0,-16.47,VIOLATED: Exceeds max price decrease limit (-10.0%),False
PROD_11,Organic Cotton Crew-Neck T-Shirt,Apparel,STORE_01,Delhi Flagship Metro,North,629.1,662.75,339.8,-11,559.9,255.87,143263.86,56317.87,-11.0,-15.52,VIOLATED: Exceeds max price decrease limit (-10.0%),False
PROD_11,Organic Cotton Crew-Neck T-Shirt,Apparel,STORE_01,Delhi Flagship Metro,North,629.1,662.75,339.8,-10,566.19,256.93,145471.42,58166.47,-10.0,-14.57,PASSED,True
PROD_11,Organic Cotton Crew-Neck T-Shirt,Apparel,STORE_01,Delhi Flagship Metro,North,629.1,662.75,339.8,-9,572.48,256.21,146677.3,59615.84,-9.0,-13.62,PASSED,True
PROD_11,Organic Cotton Crew-Neck T-Shirt,Apparel,STORE_01,Delhi Flagship Metro,North,629.1,662.75,339.8,-8,578.77,256.83,148647.01,61375.29,-8.0,-12.67,PASSED,True
PROD_11,Organic Cotton Crew-Neck T-Shirt,Apparel,STORE_01,Delhi Flagship Metro,North,629.1,662.75,339.8,-7,585.06,253.86,148526.07,62262.85,-7.0,-11.72,PASSED,True
PROD_11,Organic Cotton Crew-Neck T-Shirt,Apparel,STORE_01,Delhi Flagship Metro,North,629.1,662.75,339.8,-6,591.35,252.42,149270.75,63497.18,-6.0,-10.77,PASSED,True
PROD_11,Organic Cotton Crew-Neck T-Shirt,Apparel,STORE_01,Delhi Flagship Metro,North,629.1,662.75,339.8,-5,597.64,251.61,150373.06,64875.49,-5.0,-9.82,PASSED,True
PROD_11,Organic Cotton Crew-Neck T-Shirt,Apparel,STORE_01,Delhi Flagship Metro,North,629.1,662.75,339.8,-4,603.94,249.36,150600.11,65866.66,-4.0,-8.87,PASSED,True
PROD_11,Organic Cotton Crew-Neck T-Shirt,Apparel,STORE_01,Delhi Flagship Metro,North,629.1,662.75,339.8,-3,610.23,251.07,153212.28,67897.68,-3.0,-7.92,PASSED,True
PROD_11,Organic Cotton Crew-Neck T-Shirt,Apparel,STORE_01,Delhi Flagship Metro,North,629.1,662.75,339.8,-2,616.52,250.9,154687.35,69430.16,-2.0,-6.98,PASSED,True
PROD_11,Organic Cotton Crew-Neck T-Shirt,Apparel,STORE_01,Delhi Flagship Metro,North,629.1,662.75,339.8,-1,622.81,251.07,156370.56,71056.07,-1.0,-6.03,PASSED,True
PROD_11,Organic Cotton Crew-Neck T-Shirt,Apparel,STORE_01,Delhi Flagship Metro,North,629.1,662.75,339.8,0,629.1,248.84,156547.57,71990.48,0.0,-5.08,PASSED,True
PROD_11,Organic Cotton Crew-Neck T-Shirt,Apparel,STORE_01,Delhi Flagship Metro,North,629.1,662.75,339.8,1,635.39,248.51,157901.66,73457.49,1.0,-4.13,PASSED,True
PROD_11,Organic Cotton Crew-Neck T-Shirt,Apparel,STORE_01,Delhi Flagship Metro,North,629.1,662.75,339.8,2,641.68,247.68,158930.85,74769.43,2.0,-3.18,PASSED,True
PROD_11,Organic Cotton Crew-Neck T-Shirt,Apparel,STORE_01,Delhi Flagship Metro,North,629.1,662.75,339.8,3,647.97,246.96,160020.86,76104.8,3.0,-2.23,PASSED,True
PROD_11,Organic Cotton Crew-Neck T-Shirt,Apparel,STORE_01,Delhi Flagship Metro,North,629.1,662.75,339.8,4,654.26,246.96,161574.22,77658.16,4.0,-1.28,PASSED,True
PROD_11,Organic Cotton Crew-Neck T-Shirt,Apparel,STORE_01,Delhi Flagship Metro,North,629.1,662.75,339.8,5,660.56,246.96,163130.05,79213.99,5.0,-0.33,PASSED,True
PROD_11,Organic Cotton Crew-Neck T-Shirt,Apparel,STORE_01,Delhi Flagship Metro,North,629.1,662.75,339.8,6,666.85,247.33,164929.26,80887.93,6.0,0.62,PASSED,True
PROD_11,Organic Cotton Crew-Neck T-Shirt,Apparel,STORE_01,Delhi Flagship Metro,North,629.1,662.75,339.8,7,673.14,247.06,166308.7,82356.33,7.0,1.57,PASSED,True
PROD_11,Organic Cotton Crew-Neck T-Shirt,Apparel,STORE_01,Delhi Flagship Metro,North,629.1,662.75,339.8,8,679.43,245.33,166682.42,83320.36,8.0,2.52,PASSED,True
PROD_11,Organic Cotton Crew-Neck T-Shirt,Apparel,STORE_01,Delhi Flagship Metro,North,629.1,662.75,339.8,9,685.72,245.75,168515.32,85009.65,9.0,3.47,PASSED,True
PROD_11,Organic Cotton Crew-Neck T-Shirt,Apparel,STORE_01,Delhi Flagship Metro,North,629.1,662.75,339.8,10,692.01,244.18,168973.97,86002.11,10.0,4.41,PASSED,True
PROD_11,Organic Cotton Crew-Neck T-Shirt,Apparel,STORE_01,Delhi Flagship Metro,North,629.1,662.75,339.8,11,698.3,245.01,171087.98,87834.8,11.0,5.36,VIOLATED: Exceeds max price increase limit (+10.0%); Exceeds max competitor premium (+5.0%),False
PROD_11,Organic Cotton Crew-Neck T-Shirt,Apparel,STORE_01,Delhi Flagship Metro,North,629.1,662.75,339.8,12,704.59,243.03,171238.64,88656.02,12.0,6.31,VIOLATED: Exceeds max price increase limit (+10.0%); Exceeds max competitor premium (+5.0%),False
PROD_11,Organic Cotton Crew-Neck T-Shirt,Apparel,STORE_01,Delhi Flagship Metro,North,629.1,662.75,339.8,13,710.88,246.76,175416.32,91567.48,13.0,7.26,VIOLATED: Exceeds max price increase limit (+10.0%); Exceeds max competitor premium (+5.0%),False
PROD_11,Organic Cotton Crew-Neck T-Shirt,Apparel,STORE_01,Delhi Flagship Metro,North,629.1,662.75,339.8,14,717.17,245.77,176255.48,92744.44,14.0,8.21,VIOLATED: Exceeds max price increase limit (+10.0%); Exceeds max competitor premium (+5.0%),False
PROD_11,Organic Cotton Crew-Neck T-Shirt,Apparel,STORE_01,Delhi Flagship Metro,North,629.1,662.75,339.8,15,723.46,246.08,178032.08,94412.66,15.0,9.16,VIOLATED: Exceeds max price increase limit (+10.0%); Exceeds max competitor premium (+5.0%),False
PROD_11,Organic Cotton Crew-Neck T-Shirt,Apparel,STORE_02,Bengaluru Tech Park Store,South,699.0,698.7,339.8,-15,594.15,174.73,103812.87,44441.31,-15.0,-14.96,VIOLATED: Exceeds max price decrease limit (-10.0%),False
PROD_11,Organic Cotton Crew-Neck T-Shirt,Apparel,STORE_02,Bengaluru Tech Park Store,South,699.0,698.7,339.8,-14,601.14,174.57,104943.03,45623.0,-14.0,-13.96,VIOLATED: Exceeds max price decrease limit (-10.0%),False
PROD_11,Organic Cotton Crew-Neck T-Shirt,Apparel,STORE_02,Bengaluru Tech Park Store,South,699.0,698.7,339.8,-13,608.13,173.78,105678.89,46629.53,-13.0,-12.96,VIOLATED: Exceeds max price decrease limit (-10.0%),False
PROD_11,Organic Cotton Crew-Neck T-Shirt,Apparel,STORE_02,Bengaluru Tech Park Store,South,699.0,698.7,339.8,-12,615.12,173.87,106949.48,47869.25,-12.0,-11.96,VIOLATED: Exceeds max price decrease limit (-10.0%),False
PROD_11,Organic Cotton Crew-Neck T-Shirt,Apparel,STORE_02,Bengaluru Tech Park Store,South,699.0,698.7,339.8,-11,622.11,168.8,105013.76,47654.65,-11.0,-10.96,VIOLATED: Exceeds max price decrease limit (-10.0%),False
PROD_11,Organic Cotton Crew-Neck T-Shirt,Apparel,STORE_02,Bengaluru Tech Park Store,South,699.0,698.7,339.8,-10,629.1,168.8,106193.69,48834.58,-10.0,-9.96,PASSED,True
PROD_11,Organic Cotton Crew-Neck T-Shirt,Apparel,STORE_02,Bengaluru Tech Park Store,South,699.0,698.7,339.8,-9,636.09,169.83,108029.87,50320.19,-9.0,-8.96,PASSED,True
PROD_11,Organic Cotton Crew-Neck T-Shirt,Apparel,STORE_02,Bengaluru Tech Park Store,South,699.0,698.7,339.8,-8,643.08,170.2,109453.19,51618.72,-8.0,-7.96,PASSED,True
PROD_11,Organic Cotton Crew-Neck T-Shirt,Apparel,STORE_02,Bengaluru Tech Park Store,South,699.0,698.7,339.8,-7,650.07,169.46,110158.66,52577.3,-7.0,-6.96,PASSED,True
PROD_11,Organic Cotton Crew-Neck T-Shirt,Apparel,STORE_02,Bengaluru Tech Park Store,South,699.0,698.7,339.8,-6,657.06,168.75,110877.35,53536.89,-6.0,-5.96,PASSED,True
PROD_11,Organic Cotton Crew-Neck T-Shirt,Apparel,STORE_02,Bengaluru Tech Park Store,South,699.0,698.7,339.8,-5,664.05,167.46,111203.11,54299.54,-5.0,-4.96,PASSED,True
PROD_11,Organic Cotton Crew-Neck T-Shirt,Apparel,STORE_02,Bengaluru Tech Park Store,South,699.0,698.7,339.8,-4,671.04,165.75,111225.46,54903.31,-4.0,-3.96,PASSED,True
PROD_11,Organic Cotton Crew-Neck T-Shirt,Apparel,STORE_02,Bengaluru Tech Park Store,South,699.0,698.7,339.8,-3,678.03,163.67,110976.28,55359.65,-3.0,-2.96,PASSED,True
PROD_11,Organic Cotton Crew-Neck T-Shirt,Apparel,STORE_02,Bengaluru Tech Park Store,South,699.0,698.7,339.8,-2,685.02,162.95,111625.72,56254.46,-2.0,-1.96,PASSED,True
PROD_11,Organic Cotton Crew-Neck T-Shirt,Apparel,STORE_02,Bengaluru Tech Park Store,South,699.0,698.7,339.8,-1,692.01,160.8,111277.2,56636.38,-1.0,-0.96,PASSED,True
PROD_11,Organic Cotton Crew-Neck T-Shirt,Apparel,STORE_02,Bengaluru Tech Park Store,South,699.0,698.7,339.8,0,699.0,160.8,112401.21,57760.39,0.0,0.04,PASSED,True
PROD_11,Organic Cotton Crew-Neck T-Shirt,Apparel,STORE_02,Bengaluru Tech Park Store,South,699.0,698.7,339.8,1,705.99,160.8,113525.22,58884.4,1.0,1.04,PASSED,True
PROD_11,Organic Cotton Crew-Neck T-Shirt,Apparel,STORE_02,Bengaluru Tech Park Store,South,699.0,698.7,339.8,2,712.98,160.8,114649.23,60008.41,2.0,2.04,PASSED,True
PROD_11,Organic Cotton Crew-Neck T-Shirt,Apparel,STORE_02,Bengaluru Tech Park Store,South,699.0,698.7,339.8,3,719.97,159.29,114687.43,60559.08,3.0,3.04,PASSED,True
PROD_11,Organic Cotton Crew-Neck T-Shirt,Apparel,STORE_02,Bengaluru Tech Park Store,South,699.0,698.7,339.8,4,726.96,158.1,114930.61,61209.06,4.0,4.04,PASSED,True
PROD_11,Organic Cotton Crew-Neck T-Shirt,Apparel,STORE_02,Bengaluru Tech Park Store,South,699.0,698.7,339.8,5,733.95,157.89,115886.2,62233.87,5.0,5.05,VIOLATED: Exceeds max competitor premium (+5.0%),False
PROD_11,Organic Cotton Crew-Neck T-Shirt,Apparel,STORE_02,Bengaluru Tech Park Store,South,699.0,698.7,339.8,6,740.94,155.88,115497.37,62529.51,6.0,6.05,VIOLATED: Exceeds max competitor premium (+5.0%),False
PROD_11,Organic Cotton Crew-Neck T-Shirt,Apparel,STORE_02,Bengaluru Tech Park Store,South,699.0,698.7,339.8,7,747.93,155.33,116172.37,63392.87,7.0,7.05,VIOLATED: Exceeds max competitor premium (+5.0%),False
PROD_11,Organic Cotton Crew-Neck T-Shirt,Apparel,STORE_02,Bengaluru Tech Park Store,South,699.0,698.7,339.8,8,754.92,156.24,117946.48,64857.13,8.0,8.05,VIOLATED: Exceeds max competitor premium (+5.0%),False
PROD_11,Organic Cotton Crew-Neck T-Shirt,Apparel,STORE_02,Bengaluru Tech Park Store,South,699.0,698.7,339.8,9,761.91,156.24,119038.58,65949.23,9.0,9.05,VIOLATED: Exceeds max competitor premium (+5.0%),False
PROD_11,Organic Cotton Crew-Neck T-Shirt,Apparel,STORE_02,Bengaluru Tech Park Store,South,699.0,698.7,339.8,10,768.9,157.3,120948.93,67497.96,10.0,10.05,VIOLATED: Exceeds max competitor premium (+5.0%),False
PROD_11,Organic Cotton Crew-Neck T-Shirt,Apparel,STORE_02,Bengaluru Tech Park Store,South,699.0,698.7,339.8,11,775.89,157.3,122048.47,68597.5,11.0,11.05,VIOLATED: Exceeds max price increase limit (+10.0%); Exceeds max competitor premium (+5.0%),False
PROD_11,Organic Cotton Crew-Neck T-Shirt,Apparel,STORE_02,Bengaluru Tech Park Store,South,699.0,698.7,339.8,12,782.88,157.3,123148.01,69697.04,12.0,12.05,VIOLATED: Exceeds max price increase limit (+10.0%); Exceeds max competitor premium (+5.0%),False
PROD_11,Organic Cotton Crew-Neck T-Shirt,Apparel,STORE_02,Bengaluru Tech Park Store,South,699.0,698.7,339.8,13,789.87,157.3,124247.54,70796.57,13.0,13.05,VIOLATED: Exceeds max price increase limit (+10.0%); Exceeds max competitor premium (+5.0%),False
PROD_11,Organic Cotton Crew-Neck T-Shirt,Apparel,STORE_02,Bengaluru Tech Park Store,South,699.0,698.7,339.8,14,796.86,157.3,125347.08,71896.11,14.0,14.05,VIOLATED: Exceeds max price increase limit (+10.0%); Exceeds max competitor premium (+5.0%),False
PROD_11,Organic Cotton Crew-Neck T-Shirt,Apparel,STORE_02,Bengaluru Tech Park Store,South,699.0,698.7,339.8,15,803.85,157.3,126446.61,72995.64,15.0,15.05,VIOLATED: Exceeds max price increase limit (+10.0%); Exceeds max competitor premium (+5.0%),False
PROD_11,Organic Cotton Crew-Neck T-Shirt,Apparel,STORE_03,Mumbai High Street Mall,West,664.05,742.98,339.8,-15,564.44,281.7,159002.24,63280.89,-15.0,-24.03,VIOLATED: Exceeds max price decrease limit (-10.0%),False
PROD_11,Organic Cotton Crew-Neck T-Shirt,Apparel,STORE_03,Mumbai High Street Mall,West,664.05,742.98,339.8,-14,571.08,288.42,164711.04,66705.84,-14.0,-23.14,VIOLATED: Exceeds max price decrease limit (-10.0%),False
PROD_11,Organic Cotton Crew-Neck T-Shirt,Apparel,STORE_03,Mumbai High Street Mall,West,664.05,742.98,339.8,-13,577.72,286.55,165547.47,68176.72,-13.0,-22.24,VIOLATED: Exceeds max price decrease limit (-10.0%),False
PROD_11,Organic Cotton Crew-Neck T-Shirt,Apparel,STORE_03,Mumbai High Street Mall,West,664.05,742.98,339.8,-12,584.36,285.76,166986.81,69885.51,-12.0,-21.35,VIOLATED: Exceeds max price decrease limit (-10.0%),False
PROD_11,Organic Cotton Crew-Neck T-Shirt,Apparel,STORE_03,Mumbai High Street Mall,West,664.05,742.98,339.8,-11,591.0,279.96,165454.39,70325.12,-11.0,-20.46,VIOLATED: Exceeds max price decrease limit (-10.0%),False
PROD_11,Organic Cotton Crew-Neck T-Shirt,Apparel,STORE_03,Mumbai High Street Mall,West,664.05,742.98,339.8,-10,597.64,280.3,167518.89,72272.73,-10.0,-19.56,VIOLATED: Exceeds max price decrease limit (-10.0%),False
PROD_11,Organic Cotton Crew-Neck T-Shirt,Apparel,STORE_03,Mumbai High Street Mall,West,664.05,742.98,339.8,-9,604.29,276.29,166957.06,73074.97,-9.0,-18.67,PASSED,True
PROD_11,Organic Cotton Crew-Neck T-Shirt,Apparel,STORE_03,Mumbai High Street Mall,West,664.05,742.98,339.8,-8,610.93,274.71,167830.46,74482.96,-8.0,-17.77,PASSED,True
PROD_11,Organic Cotton Crew-Neck T-Shirt,Apparel,STORE_03,Mumbai High Street Mall,West,664.05,742.98,339.8,-7,617.57,269.5,166432.74,74857.95,-7.0,-16.88,PASSED,True
PROD_11,Organic Cotton Crew-Neck T-Shirt,Apparel,STORE_03,Mumbai High Street Mall,West,664.05,742.98,339.8,-6,624.21,264.29,164971.17,75166.13,-6.0,-15.99,PASSED,True
PROD_11,Organic Cotton Crew-Neck T-Shirt,Apparel,STORE_03,Mumbai High Street Mall,West,664.05,742.98,339.8,-5,630.85,262.77,165770.12,76479.98,-5.0,-15.09,PASSED,True
PROD_11,Organic Cotton Crew-Neck T-Shirt,Apparel,STORE_03,Mumbai High Street Mall,West,664.05,742.98,339.8,-4,637.49,260.68,166178.59,77600.75,-4.0,-14.2,PASSED,True
PROD_11,Organic Cotton Crew-Neck T-Shirt,Apparel,STORE_03,Mumbai High Street Mall,West,664.05,742.98,339.8,-3,644.13,262.3,168955.04,79825.64,-3.0,-13.3,PASSED,True
PROD_11,Organic Cotton Crew-Neck T-Shirt,Apparel,STORE_03,Mumbai High Street Mall,West,664.05,742.98,339.8,-2,650.77,262.86,171063.72,81742.68,-2.0,-12.41,PASSED,True
PROD_11,Organic Cotton Crew-Neck T-Shirt,Apparel,STORE_03,Mumbai High Street Mall,West,664.05,742.98,339.8,-1,657.41,259.71,170734.5,82485.79,-1.0,-11.52,PASSED,True
PROD_11,Organic Cotton Crew-Neck T-Shirt,Apparel,STORE_03,Mumbai High Street Mall,West,664.05,742.98,339.8,0,664.05,255.66,169772.19,82898.32,0.0,-10.62,PASSED,True
PROD_11,Organic Cotton Crew-Neck T-Shirt,Apparel,STORE_03,Mumbai High Street Mall,West,664.05,742.98,339.8,1,670.69,255.66,171469.78,84595.91,1.0,-9.73,PASSED,True
PROD_11,Organic Cotton Crew-Neck T-Shirt,Apparel,STORE_03,Mumbai High Street Mall,West,664.05,742.98,339.8,2,677.33,253.84,171936.72,85680.25,2.0,-8.84,PASSED,True
PROD_11,Organic Cotton Crew-Neck T-Shirt,Apparel,STORE_03,Mumbai High Street Mall,West,664.05,742.98,339.8,3,683.97,254.26,173907.09,87509.11,3.0,-7.94,PASSED,True
PROD_11,Organic Cotton Crew-Neck T-Shirt,Apparel,STORE_03,Mumbai High Street Mall,West,664.05,742.98,339.8,4,690.61,253.02,174737.38,88761.56,4.0,-7.05,PASSED,True
PROD_11,Organic Cotton Crew-Neck T-Shirt,Apparel,STORE_03,Mumbai High Street Mall,West,664.05,742.98,339.8,5,697.25,253.02,176417.42,90441.6,5.0,-6.15,PASSED,True
PROD_11,Organic Cotton Crew-Neck T-Shirt,Apparel,STORE_03,Mumbai High Street Mall,West,664.05,742.98,339.8,6,703.89,252.82,177955.55,92048.24,6.0,-5.26,PASSED,True
PROD_11,Organic Cotton Crew-Neck T-Shirt,Apparel,STORE_03,Mumbai High Street Mall,West,664.05,742.98,339.8,7,710.53,251.19,178475.74,93122.47,7.0,-4.37,PASSED,True
PROD_11,Organic Cotton Crew-Neck T-Shirt,Apparel,STORE_03,Mumbai High Street Mall,West,664.05,742.98,339.8,8,717.17,251.51,180377.53,94913.43,8.0,-3.47,PASSED,True
PROD_11,Organic Cotton Crew-Neck T-Shirt,Apparel,STORE_03,Mumbai High Street Mall,West,664.05,742.98,339.8,9,723.81,248.02,179516.17,95240.47,9.0,-2.58,PASSED,True
PROD_11,Organic Cotton Crew-Neck T-Shirt,Apparel,STORE_03,Mumbai High Street Mall,West,664.05,742.98,339.8,10,730.46,246.95,180389.81,96474.94,10.0,-1.69,VIOLATED: Exceeds max price increase limit (+10.0%),False
PROD_11,Organic Cotton Crew-Neck T-Shirt,Apparel,STORE_03,Mumbai High Street Mall,West,664.05,742.98,339.8,11,737.1,246.95,182029.59,98114.72,11.0,-0.79,VIOLATED: Exceeds max price increase limit (+10.0%),False
PROD_11,Organic Cotton Crew-Neck T-Shirt,Apparel,STORE_03,Mumbai High Street Mall,West,664.05,742.98,339.8,12,743.74,246.95,183669.36,99754.49,12.0,0.1,VIOLATED: Exceeds max price increase limit (+10.0%),False
PROD_11,Organic Cotton Crew-Neck T-Shirt,Apparel,STORE_03,Mumbai High Street Mall,West,664.05,742.98,339.8,13,750.38,246.95,185309.13,101394.26,13.0,1.0,VIOLATED: Exceeds max price increase limit (+10.0%),False
PROD_11,Organic Cotton Crew-Neck T-Shirt,Apparel,STORE_03,Mumbai High Street Mall,West,664.05,742.98,339.8,14,757.02,246.95,186948.91,103034.04,14.0,1.89,VIOLATED: Exceeds max price increase limit (+10.0%),False
PROD_11,Organic Cotton Crew-Neck T-Shirt,Apparel,STORE_03,Mumbai High Street Mall,West,664.05,742.98,339.8,15,763.66,246.63,188344.15,104538.08,15.0,2.78,VIOLATED: Exceeds max price increase limit (+10.0%),False
PROD_11,Organic Cotton Crew-Neck T-Shirt,Apparel,STORE_04,Kolkata City Center,East,664.05,706.29,339.8,-15,564.44,193.65,109305.8,43502.33,-15.0,-20.08,VIOLATED: Exceeds max price decrease limit (-10.0%),False
PROD_11,Organic Cotton Crew-Neck T-Shirt,Apparel,STORE_04,Kolkata City Center,East,664.05,706.29,339.8,-14,571.08,192.91,110165.06,44615.42,-14.0,-19.14,VIOLATED: Exceeds max price decrease limit (-10.0%),False
PROD_11,Organic Cotton Crew-Neck T-Shirt,Apparel,STORE_04,Kolkata City Center,East,664.05,706.29,339.8,-13,577.72,186.24,107592.57,44309.4,-13.0,-18.2,VIOLATED: Exceeds max price decrease limit (-10.0%),False
PROD_11,Organic Cotton Crew-Neck T-Shirt,Apparel,STORE_04,Kolkata City Center,East,664.05,706.29,339.8,-12,584.36,178.63,104383.73,43685.54,-12.0,-17.26,VIOLATED: Exceeds max price decrease limit (-10.0%),False
PROD_11,Organic Cotton Crew-Neck T-Shirt,Apparel,STORE_04,Kolkata City Center,East,664.05,706.29,339.8,-11,591.0,174.24,102977.1,43769.63,-11.0,-16.32,VIOLATED: Exceeds max price decrease limit (-10.0%),False
PROD_11,Organic Cotton Crew-Neck T-Shirt,Apparel,STORE_04,Kolkata City Center,East,664.05,706.29,339.8,-10,597.64,174.24,104134.06,44926.59,-10.0,-15.38,VIOLATED: Exceeds max price decrease limit (-10.0%),False
PROD_11,Organic Cotton Crew-Neck T-Shirt,Apparel,STORE_04,Kolkata City Center,East,664.05,706.29,339.8,-9,604.29,178.6,107929.07,47239.17,-9.0,-14.44,PASSED,True
PROD_11,Organic Cotton Crew-Neck T-Shirt,Apparel,STORE_04,Kolkata City Center,East,664.05,706.29,339.8,-8,610.93,178.03,108764.15,48269.4,-8.0,-13.5,PASSED,True
PROD_11,Organic Cotton Crew-Neck T-Shirt,Apparel,STORE_04,Kolkata City Center,East,664.05,706.29,339.8,-7,617.57,178.66,110332.99,49625.46,-7.0,-12.56,PASSED,True
PROD_11,Organic Cotton Crew-Neck T-Shirt,Apparel,STORE_04,Kolkata City Center,East,664.05,706.29,339.8,-6,624.21,171.23,106883.31,48699.45,-6.0,-11.62,PASSED,True
PROD_11,Organic Cotton Crew-Neck T-Shirt,Apparel,STORE_04,Kolkata City Center,East,664.05,706.29,339.8,-5,630.85,171.23,108020.28,49836.42,-5.0,-10.68,PASSED,True
PROD_11,Organic Cotton Crew-Neck T-Shirt,Apparel,STORE_04,Kolkata City Center,East,664.05,706.29,339.8,-4,637.49,171.23,109157.24,50973.38,-4.0,-9.74,PASSED,True
PROD_11,Organic Cotton Crew-Neck T-Shirt,Apparel,STORE_04,Kolkata City Center,East,664.05,706.29,339.8,-3,644.13,171.44,110426.93,52173.05,-3.0,-8.8,PASSED,True
PROD_11,Organic Cotton Crew-Neck T-Shirt,Apparel,STORE_04,Kolkata City Center,East,664.05,706.29,339.8,-2,650.77,171.8,111804.25,53425.58,-2.0,-7.86,PASSED,True
PROD_11,Organic Cotton Crew-Neck T-Shirt,Apparel,STORE_04,Kolkata City Center,East,664.05,706.29,339.8,-1,657.41,171.29,112608.45,54403.75,-1.0,-6.92,PASSED,True
PROD_11,Organic Cotton Crew-Neck T-Shirt,Apparel,STORE_04,Kolkata City Center,East,664.05,706.29,339.8,0,664.05,171.29,113745.82,55541.12,0.0,-5.98,PASSED,True
PROD_11,Organic Cotton Crew-Neck T-Shirt,Apparel,STORE_04,Kolkata City Center,East,664.05,706.29,339.8,1,670.69,172.14,115453.08,56959.65,1.0,-5.04,PASSED,True
PROD_11,Organic Cotton Crew-Neck T-Shirt,Apparel,STORE_04,Kolkata City Center,East,664.05,706.29,339.8,2,677.33,170.82,115698.29,57655.27,2.0,-4.1,PASSED,True
PROD_11,Organic Cotton Crew-Neck T-Shirt,Apparel,STORE_04,Kolkata City Center,East,664.05,706.29,339.8,3,683.97,170.22,116428.64,58586.26,3.0,-3.16,PASSED,True
PROD_11,Organic Cotton Crew-Neck T-Shirt,Apparel,STORE_04,Kolkata City Center,East,664.05,706.29,339.8,4,690.61,168.87,116624.03,59241.65,4.0,-2.22,PASSED,True
PROD_11,Organic Cotton Crew-Neck T-Shirt,Apparel,STORE_04,Kolkata City Center,East,664.05,706.29,339.8,5,697.25,169.67,118302.26,60648.47,5.0,-1.28,PASSED,True
PROD_11,Organic Cotton Crew-Neck T-Shirt,Apparel,STORE_04,Kolkata City Center,East,664.05,706.29,339.8,6,703.89,169.67,119428.86,61775.07,6.0,-0.34,PASSED,True
PROD_11,Organic Cotton Crew-Neck T-Shirt,Apparel,STORE_04,Kolkata City Center,East,664.05,706.29,339.8,7,710.53,168.41,119657.77,62433.29,7.0,0.6,PASSED,True
PROD_11,Organic Cotton Crew-Neck T-Shirt,Apparel,STORE_04,Kolkata City Center,East,664.05,706.29,339.8,8,717.17,168.41,120775.99,63551.51,8.0,1.54,PASSED,True
PROD_11,Organic Cotton Crew-Neck T-Shirt,Apparel,STORE_04,Kolkata City Center,East,664.05,706.29,339.8,9,723.81,164.96,119397.59,63345.17,9.0,2.48,PASSED,True
PROD_11,Organic Cotton Crew-Neck T-Shirt,Apparel,STORE_04,Kolkata City Center,East,664.05,706.29,339.8,10,730.46,164.73,120328.03,64353.08,10.0,3.42,VIOLATED: Exceeds max price increase limit (+10.0%),False
PROD_11,Organic Cotton Crew-Neck T-Shirt,Apparel,STORE_04,Kolkata City Center,East,664.05,706.29,339.8,11,737.1,164.66,121374.02,65421.11,11.0,4.36,VIOLATED: Exceeds max price increase limit (+10.0%),False
PROD_11,Organic Cotton Crew-Neck T-Shirt,Apparel,STORE_04,Kolkata City Center,East,664.05,706.29,339.8,12,743.74,165.05,122752.12,66669.12,12.0,5.3,VIOLATED: Exceeds max price increase limit (+10.0%); Exceeds max competitor premium (+5.0%),False
PROD_11,Organic Cotton Crew-Neck T-Shirt,Apparel,STORE_04,Kolkata City Center,East,664.05,706.29,339.8,13,750.38,163.42,122626.19,67096.48,13.0,6.24,VIOLATED: Exceeds max price increase limit (+10.0%); Exceeds max competitor premium (+5.0%),False
PROD_11,Organic Cotton Crew-Neck T-Shirt,Apparel,STORE_04,Kolkata City Center,East,664.05,706.29,339.8,14,757.02,163.42,123711.29,68181.58,14.0,7.18,VIOLATED: Exceeds max price increase limit (+10.0%); Exceeds max competitor premium (+5.0%),False
PROD_11,Organic Cotton Crew-Neck T-Shirt,Apparel,STORE_04,Kolkata City Center,East,664.05,706.29,339.8,15,763.66,163.19,124624.66,69171.37,15.0,8.12,VIOLATED: Exceeds max price increase limit (+10.0%); Exceeds max competitor premium (+5.0%),False
PROD_12,High-Waist Performance Yoga Pants,Apparel,STORE_01,Delhi Flagship Metro,North,1299.0,1332.97,715.9,-15,1104.15,100.39,110849.3,38977.71,-15.0,-17.17,VIOLATED: Exceeds max price decrease limit (-10.0%),False
PROD_12,High-Waist Performance Yoga Pants,Apparel,STORE_01,Delhi Flagship Metro,North,1299.0,1332.97,715.9,-14,1117.14,100.39,112153.41,40281.82,-14.0,-16.19,VIOLATED: Exceeds max price decrease limit (-10.0%),False
PROD_12,High-Waist Performance Yoga Pants,Apparel,STORE_01,Delhi Flagship Metro,North,1299.0,1332.97,715.9,-13,1130.13,100.1,113129.11,41465.56,-13.0,-15.22,VIOLATED: Exceeds max price decrease limit (-10.0%),False
PROD_12,High-Waist Performance Yoga Pants,Apparel,STORE_01,Delhi Flagship Metro,North,1299.0,1332.97,715.9,-12,1143.12,99.49,113724.32,42502.36,-12.0,-14.24,VIOLATED: Exceeds max price decrease limit (-10.0%),False
PROD_12,High-Waist Performance Yoga Pants,Apparel,STORE_01,Delhi Flagship Metro,North,1299.0,1332.97,715.9,-11,1156.11,99.49,115016.64,43794.68,-11.0,-13.27,VIOLATED: Exceeds max price decrease limit (-10.0%),False
PROD_12,High-Waist Performance Yoga Pants,Apparel,STORE_01,Delhi Flagship Metro,North,1299.0,1332.97,715.9,-10,1169.1,95.98,112206.45,43496.68,-10.0,-12.29,VIOLATED: Exceeds max price decrease limit (-10.0%),False
PROD_12,High-Waist Performance Yoga Pants,Apparel,STORE_01,Delhi Flagship Metro,North,1299.0,1332.97,715.9,-9,1182.09,96.16,113672.98,44830.09,-9.0,-11.32,PASSED,True
PROD_12,High-Waist Performance Yoga Pants,Apparel,STORE_01,Delhi Flagship Metro,North,1299.0,1332.97,715.9,-8,1195.08,96.16,114922.13,46079.24,-8.0,-10.34,PASSED,True
PROD_12,High-Waist Performance Yoga Pants,Apparel,STORE_01,Delhi Flagship Metro,North,1299.0,1332.97,715.9,-7,1208.07,96.37,116420.21,47429.82,-7.0,-9.37,PASSED,True
PROD_12,High-Waist Performance Yoga Pants,Apparel,STORE_01,Delhi Flagship Metro,North,1299.0,1332.97,715.9,-6,1221.06,96.37,117672.04,48681.65,-6.0,-8.4,PASSED,True
PROD_12,High-Waist Performance Yoga Pants,Apparel,STORE_01,Delhi Flagship Metro,North,1299.0,1332.97,715.9,-5,1234.05,96.29,118825.87,49892.33,-5.0,-7.42,PASSED,True
PROD_12,High-Waist Performance Yoga Pants,Apparel,STORE_01,Delhi Flagship Metro,North,1299.0,1332.97,715.9,-4,1247.04,96.32,120108.82,51156.82,-4.0,-6.45,PASSED,True
PROD_12,High-Waist Performance Yoga Pants,Apparel,STORE_01,Delhi Flagship Metro,North,1299.0,1332.97,715.9,-3,1260.03,96.32,121359.96,52407.96,-3.0,-5.47,PASSED,True
PROD_12,High-Waist Performance Yoga Pants,Apparel,STORE_01,Delhi Flagship Metro,North,1299.0,1332.97,715.9,-2,1273.02,95.02,120966.48,52939.34,-2.0,-4.5,PASSED,True
PROD_12,High-Waist Performance Yoga Pants,Apparel,STORE_01,Delhi Flagship Metro,North,1299.0,1332.97,715.9,-1,1286.01,94.96,122116.66,54136.38,-1.0,-3.52,PASSED,True
PROD_12,High-Waist Performance Yoga Pants,Apparel,STORE_01,Delhi Flagship Metro,North,1299.0,1332.97,715.9,0,1299.0,94.96,123350.16,55369.88,0.0,-2.55,PASSED,True
PROD_12,High-Waist Performance Yoga Pants,Apparel,STORE_01,Delhi Flagship Metro,North,1299.0,1332.97,715.9,1,1311.99,94.33,123760.16,56229.24,1.0,-1.57,PASSED,True
PROD_12,High-Waist Performance Yoga Pants,Apparel,STORE_01,Delhi Flagship Metro,North,1299.0,1332.97,715.9,2,1324.98,94.33,124985.51,57454.59,2.0,-0.6,PASSED,True
PROD_12,High-Waist Performance Yoga Pants,Apparel,STORE_01,Delhi Flagship Metro,North,1299.0,1332.97,715.9,3,1337.97,94.33,126210.86,58679.94,3.0,0.38,PASSED,True
PROD_12,High-Waist Performance Yoga Pants,Apparel,STORE_01,Delhi Flagship Metro,North,1299.0,1332.97,715.9,4,1350.96,94.33,127436.2,59905.28,4.0,1.35,PASSED,True
PROD_12,High-Waist Performance Yoga Pants,Apparel,STORE_01,Delhi Flagship Metro,North,1299.0,1332.97,715.9,5,1363.95,95.34,130041.32,61786.19,5.0,2.32,PASSED,True
PROD_12,High-Waist Performance Yoga Pants,Apparel,STORE_01,Delhi Flagship Metro,North,1299.0,1332.97,715.9,6,1376.94,95.36,131309.95,63039.15,6.0,3.3,PASSED,True
PROD_12,High-Waist Performance Yoga Pants,Apparel,STORE_01,Delhi Flagship Metro,North,1299.0,1332.97,715.9,7,1389.93,95.36,132548.72,64277.92,7.0,4.27,PASSED,True
PROD_12,High-Waist Performance Yoga Pants,Apparel,STORE_01,Delhi Flagship Metro,North,1299.0,1332.97,715.9,8,1402.92,95.61,134134.17,65686.47,8.0,5.25,VIOLATED: Exceeds max competitor premium (+5.0%),False
PROD_12,High-Waist Performance Yoga Pants,Apparel,STORE_01,Delhi Flagship Metro,North,1299.0,1332.97,715.9,9,1415.91,95.62,135387.07,66933.85,9.0,6.22,VIOLATED: Exceeds max competitor premium (+5.0%),False
PROD_12,High-Waist Performance Yoga Pants,Apparel,STORE_01,Delhi Flagship Metro,North,1299.0,1332.97,715.9,10,1428.9,95.62,136629.15,68175.93,10.0,7.2,VIOLATED: Exceeds max price increase limit (+10.0%); Exceeds max competitor premium (+5.0%),False
PROD_12,High-Waist Performance Yoga Pants,Apparel,STORE_01,Delhi Flagship Metro,North,1299.0,1332.97,715.9,11,1441.89,96.18,138684.75,69827.61,11.0,8.17,VIOLATED: Exceeds max price increase limit (+10.0%); Exceeds max competitor premium (+5.0%),False
PROD_12,High-Waist Performance Yoga Pants,Apparel,STORE_01,Delhi Flagship Metro,North,1299.0,1332.97,715.9,12,1454.88,96.18,139934.17,71077.03,12.0,9.15,VIOLATED: Exceeds max price increase limit (+10.0%); Exceeds max competitor premium (+5.0%),False
PROD_12,High-Waist Performance Yoga Pants,Apparel,STORE_01,Delhi Flagship Metro,North,1299.0,1332.97,715.9,13,1467.87,95.37,139997.34,71718.75,13.0,10.12,VIOLATED: Exceeds max price increase limit (+10.0%); Exceeds max competitor premium (+5.0%),False
PROD_12,High-Waist Performance Yoga Pants,Apparel,STORE_01,Delhi Flagship Metro,North,1299.0,1332.97,715.9,14,1480.86,95.37,141236.25,72957.66,14.0,11.09,VIOLATED: Exceeds max price increase limit (+10.0%); Exceeds max competitor premium (+5.0%),False
PROD_12,High-Waist Performance Yoga Pants,Apparel,STORE_01,Delhi Flagship Metro,North,1299.0,1332.97,715.9,15,1493.85,95.37,142475.17,74196.58,15.0,12.07,VIOLATED: Exceeds max price increase limit (+10.0%); Exceeds max competitor premium (+5.0%),False
PROD_12,High-Waist Performance Yoga Pants,Apparel,STORE_02,Bengaluru Tech Park Store,South,1169.1,1359.87,715.9,-15,993.73,133.4,132567.02,37063.48,-15.0,-26.92,VIOLATED: Exceeds max price decrease limit (-10.0%),False
PROD_12,High-Waist Performance Yoga Pants,Apparel,STORE_02,Bengaluru Tech Park Store,South,1169.1,1359.87,715.9,-14,1005.43,133.4,134127.84,38624.3,-14.0,-26.06,VIOLATED: Exceeds max price decrease limit (-10.0%),False
PROD_12,High-Waist Performance Yoga Pants,Apparel,STORE_02,Bengaluru Tech Park Store,South,1169.1,1359.87,715.9,-13,1017.12,131.61,133862.62,39643.4,-13.0,-25.2,VIOLATED: Exceeds max price decrease limit (-10.0%),False
PROD_12,High-Waist Performance Yoga Pants,Apparel,STORE_02,Bengaluru Tech Park Store,South,1169.1,1359.87,715.9,-12,1028.81,131.61,135401.14,41181.92,-12.0,-24.34,VIOLATED: Exceeds max price decrease limit (-10.0%),False
PROD_12,High-Waist Performance Yoga Pants,Apparel,STORE_02,Bengaluru Tech Park Store,South,1169.1,1359.87,715.9,-11,1040.5,131.61,136939.65,42720.43,-11.0,-23.49,VIOLATED: Exceeds max price decrease limit (-10.0%),False
PROD_12,High-Waist Performance Yoga Pants,Apparel,STORE_02,Bengaluru Tech Park Store,South,1169.1,1359.87,715.9,-10,1052.19,130.75,137572.12,43969.36,-10.0,-22.63,PASSED,True
PROD_12,High-Waist Performance Yoga Pants,Apparel,STORE_02,Bengaluru Tech Park Store,South,1169.1,1359.87,715.9,-9,1063.88,130.75,139100.57,45497.81,-9.0,-21.77,PASSED,True
PROD_12,High-Waist Performance Yoga Pants,Apparel,STORE_02,Bengaluru Tech Park Store,South,1169.1,1359.87,715.9,-8,1075.57,128.02,137694.05,46044.81,-8.0,-20.91,PASSED,True
PROD_12,High-Waist Performance Yoga Pants,Apparel,STORE_02,Bengaluru Tech Park Store,South,1169.1,1359.87,715.9,-7,1087.26,128.02,139190.6,47541.36,-7.0,-20.05,PASSED,True
PROD_12,High-Waist Performance Yoga Pants,Apparel,STORE_02,Bengaluru Tech Park Store,South,1169.1,1359.87,715.9,-6,1098.95,128.36,141065.2,49169.69,-6.0,-19.19,PASSED,True
PROD_12,High-Waist Performance Yoga Pants,Apparel,STORE_02,Bengaluru Tech Park Store,South,1169.1,1359.87,715.9,-5,1110.64,126.91,140946.57,50094.76,-5.0,-18.33,PASSED,True
PROD_12,High-Waist Performance Yoga Pants,Apparel,STORE_02,Bengaluru Tech Park Store,South,1169.1,1359.87,715.9,-4,1122.34,126.91,142431.37,51579.56,-4.0,-17.47,PASSED,True
PROD_12,High-Waist Performance Yoga Pants,Apparel,STORE_02,Bengaluru Tech Park Store,South,1169.1,1359.87,715.9,-3,1134.03,126.48,143434.38,52885.92,-3.0,-16.61,PASSED,True
PROD_12,High-Waist Performance Yoga Pants,Apparel,STORE_02,Bengaluru Tech Park Store,South,1169.1,1359.87,715.9,-2,1145.72,123.49,141485.76,53078.77,-2.0,-15.75,PASSED,True
PROD_12,High-Waist Performance Yoga Pants,Apparel,STORE_02,Bengaluru Tech Park Store,South,1169.1,1359.87,715.9,-1,1157.41,122.27,141516.02,53983.24,-1.0,-14.89,PASSED,True
PROD_12,High-Waist Performance Yoga Pants,Apparel,STORE_02,Bengaluru Tech Park Store,South,1169.1,1359.87,715.9,0,1169.1,123.3,144148.17,55878.84,0.0,-14.03,PASSED,True
PROD_12,High-Waist Performance Yoga Pants,Apparel,STORE_02,Bengaluru Tech Park Store,South,1169.1,1359.87,715.9,1,1180.79,121.91,143949.96,56674.68,1.0,-13.17,PASSED,True
PROD_12,High-Waist Performance Yoga Pants,Apparel,STORE_02,Bengaluru Tech Park Store,South,1169.1,1359.87,715.9,2,1192.48,119.35,142327.24,56881.72,2.0,-12.31,PASSED,True
PROD_12,High-Waist Performance Yoga Pants,Apparel,STORE_02,Bengaluru Tech Park Store,South,1169.1,1359.87,715.9,3,1204.17,119.54,143946.39,58367.76,3.0,-11.45,PASSED,True
PROD_12,High-Waist Performance Yoga Pants,Apparel,STORE_02,Bengaluru Tech Park Store,South,1169.1,1359.87,715.9,4,1215.86,119.54,145343.81,59765.18,4.0,-10.59,PASSED,True
PROD_12,High-Waist Performance Yoga Pants,Apparel,STORE_02,Bengaluru Tech Park Store,South,1169.1,1359.87,715.9,5,1227.56,119.54,146742.43,61163.8,5.0,-9.73,PASSED,True
PROD_12,High-Waist Performance Yoga Pants,Apparel,STORE_02,Bengaluru Tech Park Store,South,1169.1,1359.87,715.9,6,1239.25,120.1,148833.44,62854.13,6.0,-8.87,PASSED,True
PROD_12,High-Waist Performance Yoga Pants,Apparel,STORE_02,Bengaluru Tech Park Store,South,1169.1,1359.87,715.9,7,1250.94,120.1,150237.41,64258.1,7.0,-8.01,PASSED,True
PROD_12,High-Waist Performance Yoga Pants,Apparel,STORE_02,Bengaluru Tech Park Store,South,1169.1,1359.87,715.9,8,1262.63,120.03,151553.2,65623.88,8.0,-7.15,PASSED,True
PROD_12,High-Waist Performance Yoga Pants,Apparel,STORE_02,Bengaluru Tech Park Store,South,1169.1,1359.87,715.9,9,1274.32,120.03,152956.35,67027.03,9.0,-6.29,PASSED,True
PROD_12,High-Waist Performance Yoga Pants,Apparel,STORE_02,Bengaluru Tech Park Store,South,1169.1,1359.87,715.9,10,1286.01,120.03,154359.49,68430.17,10.0,-5.43,VIOLATED: Exceeds max price increase limit (+10.0%),False
PROD_12,High-Waist Performance Yoga Pants,Apparel,STORE_02,Bengaluru Tech Park Store,South,1169.1,1359.87,715.9,11,1297.7,119.56,155155.91,69561.31,11.0,-4.57,VIOLATED: Exceeds max price increase limit (+10.0%),False
PROD_12,High-Waist Performance Yoga Pants,Apparel,STORE_02,Bengaluru Tech Park Store,South,1169.1,1359.87,715.9,12,1309.39,119.37,156304.94,70846.28,12.0,-3.71,VIOLATED: Exceeds max price increase limit (+10.0%),False
PROD_12,High-Waist Performance Yoga Pants,Apparel,STORE_02,Bengaluru Tech Park Store,South,1169.1,1359.87,715.9,13,1321.08,119.37,157700.41,72241.75,13.0,-2.85,VIOLATED: Exceeds max price increase limit (+10.0%),False
PROD_12,High-Waist Performance Yoga Pants,Apparel,STORE_02,Bengaluru Tech Park Store,South,1169.1,1359.87,715.9,14,1332.77,119.27,158961.09,73574.83,14.0,-1.99,VIOLATED: Exceeds max price increase limit (+10.0%),False
PROD_12,High-Waist Performance Yoga Pants,Apparel,STORE_02,Bengaluru Tech Park Store,South,1169.1,1359.87,715.9,15,1344.46,119.27,160355.37,74969.11,15.0,-1.13,VIOLATED: Exceeds max price increase limit (+10.0%),False
PROD_12,High-Waist Performance Yoga Pants,Apparel,STORE_03,Mumbai High Street Mall,West,1104.15,1172.8,715.9,-15,938.53,152.35,142984.32,33917.51,-15.0,-19.98,VIOLATED: Exceeds max price decrease limit (-10.0%),False
PROD_12,High-Waist Performance Yoga Pants,Apparel,STORE_03,Mumbai High Street Mall,West,1104.15,1172.8,715.9,-14,949.57,152.69,144992.92,35679.83,-14.0,-19.03,VIOLATED: Exceeds max price decrease limit (-10.0%),False
PROD_12,High-Waist Performance Yoga Pants,Apparel,STORE_03,Mumbai High Street Mall,West,1104.15,1172.8,715.9,-13,960.61,151.53,145560.38,37080.69,-13.0,-18.09,VIOLATED: Exceeds max price decrease limit (-10.0%),False
PROD_12,High-Waist Performance Yoga Pants,Apparel,STORE_03,Mumbai High Street Mall,West,1104.15,1172.8,715.9,-12,971.65,150.6,146329.09,38515.58,-12.0,-17.15,VIOLATED: Exceeds max price decrease limit (-10.0%),False
PROD_12,High-Waist Performance Yoga Pants,Apparel,STORE_03,Mumbai High Street Mall,West,1104.15,1172.8,715.9,-11,982.69,150.53,147921.91,40159.24,-11.0,-16.21,VIOLATED: Exceeds max price decrease limit (-10.0%),False
PROD_12,High-Waist Performance Yoga Pants,Apparel,STORE_03,Mumbai High Street Mall,West,1104.15,1172.8,715.9,-10,993.74,150.24,149296.47,41741.83,-10.0,-15.27,PASSED,True
PROD_12,High-Waist Performance Yoga Pants,Apparel,STORE_03,Mumbai High Street Mall,West,1104.15,1172.8,715.9,-9,1004.78,150.24,150955.09,43400.45,-9.0,-14.33,PASSED,True
PROD_12,High-Waist Performance Yoga Pants,Apparel,STORE_03,Mumbai High Street Mall,West,1104.15,1172.8,715.9,-8,1015.82,150.24,152613.7,45059.06,-8.0,-13.39,PASSED,True
PROD_12,High-Waist Performance Yoga Pants,Apparel,STORE_03,Mumbai High Street Mall,West,1104.15,1172.8,715.9,-7,1026.86,145.93,149844.83,45376.92,-7.0,-12.44,PASSED,True
PROD_12,High-Waist Performance Yoga Pants,Apparel,STORE_03,Mumbai High Street Mall,West,1104.15,1172.8,715.9,-6,1037.9,146.11,151648.82,47047.81,-6.0,-11.5,PASSED,True
PROD_12,High-Waist Performance Yoga Pants,Apparel,STORE_03,Mumbai High Street Mall,West,1104.15,1172.8,715.9,-5,1048.94,146.11,153261.89,48660.88,-5.0,-10.56,PASSED,True
PROD_12,High-Waist Performance Yoga Pants,Apparel,STORE_03,Mumbai High Street Mall,West,1104.15,1172.8,715.9,-4,1059.98,145.8,154543.63,50166.39,-4.0,-9.62,PASSED,True
PROD_12,High-Waist Performance Yoga Pants,Apparel,STORE_03,Mumbai High Street Mall,West,1104.15,1172.8,715.9,-3,1071.03,145.8,156154.71,51777.47,-3.0,-8.68,PASSED,True
PROD_12,High-Waist Performance Yoga Pants,Apparel,STORE_03,Mumbai High Street Mall,West,1104.15,1172.8,715.9,-2,1082.07,145.73,157688.75,53361.51,-2.0,-7.74,PASSED,True
PROD_12,High-Waist Performance Yoga Pants,Apparel,STORE_03,Mumbai High Street Mall,West,1104.15,1172.8,715.9,-1,1093.11,145.73,159297.6,54970.36,-1.0,-6.79,PASSED,True
PROD_12,High-Waist Performance Yoga Pants,Apparel,STORE_03,Mumbai High Street Mall,West,1104.15,1172.8,715.9,0,1104.15,145.21,160330.21,56376.58,0.0,-5.85,PASSED,True
PROD_12,High-Waist Performance Yoga Pants,Apparel,STORE_03,Mumbai High Street Mall,West,1104.15,1172.8,715.9,1,1115.19,145.07,161781.74,57925.4,1.0,-4.91,PASSED,True
PROD_12,High-Waist Performance Yoga Pants,Apparel,STORE_03,Mumbai High Street Mall,West,1104.15,1172.8,715.9,2,1126.23,144.88,163171.01,59449.63,2.0,-3.97,PASSED,True
PROD_12,High-Waist Performance Yoga Pants,Apparel,STORE_03,Mumbai High Street Mall,West,1104.15,1172.8,715.9,3,1137.27,146.24,166311.99,61620.27,3.0,-3.03,PASSED,True
PROD_12,High-Waist Performance Yoga Pants,Apparel,STORE_03,Mumbai High Street Mall,West,1104.15,1172.8,715.9,4,1148.32,146.18,167857.92,63209.84,4.0,-2.09,PASSED,True
PROD_12,High-Waist Performance Yoga Pants,Apparel,STORE_03,Mumbai High Street Mall,West,1104.15,1172.8,715.9,5,1159.36,146.18,169471.72,64823.64,5.0,-1.15,PASSED,True
PROD_12,High-Waist Performance Yoga Pants,Apparel,STORE_03,Mumbai High Street Mall,West,1104.15,1172.8,715.9,6,1170.4,146.18,171085.51,66437.43,6.0,-0.2,PASSED,True
PROD_12,High-Waist Performance Yoga Pants,Apparel,STORE_03,Mumbai High Street Mall,West,1104.15,1172.8,715.9,7,1181.44,146.18,172699.3,68051.22,7.0,0.74,PASSED,True
PROD_12,High-Waist Performance Yoga Pants,Apparel,STORE_03,Mumbai High Street Mall,West,1104.15,1172.8,715.9,8,1192.48,146.18,174313.1,69665.02,8.0,1.68,PASSED,True
PROD_12,High-Waist Performance Yoga Pants,Apparel,STORE_03,Mumbai High Street Mall,West,1104.15,1172.8,715.9,9,1203.52,145.92,175613.32,71151.76,9.0,2.62,PASSED,True
PROD_12,High-Waist Performance Yoga Pants,Apparel,STORE_03,Mumbai High Street Mall,West,1104.15,1172.8,715.9,10,1214.57,145.79,177076.77,72702.99,10.0,3.56,VIOLATED: Exceeds max price increase limit (+10.0%),False
PROD_12,High-Waist Performance Yoga Pants,Apparel,STORE_03,Mumbai High Street Mall,West,1104.15,1172.8,715.9,11,1225.61,145.73,178608.46,74280.17,11.0,4.5,VIOLATED: Exceeds max price increase limit (+10.0%),False
PROD_12,High-Waist Performance Yoga Pants,Apparel,STORE_03,Mumbai High Street Mall,West,1104.15,1172.8,715.9,12,1236.65,145.94,180472.12,75996.33,12.0,5.44,VIOLATED: Exceeds max price increase limit (+10.0%); Exceeds max competitor premium (+5.0%),False
PROD_12,High-Waist Performance Yoga Pants,Apparel,STORE_03,Mumbai High Street Mall,West,1104.15,1172.8,715.9,13,1247.69,146.22,182440.55,77759.75,13.0,6.39,VIOLATED: Exceeds max price increase limit (+10.0%); Exceeds max competitor premium (+5.0%),False
PROD_12,High-Waist Performance Yoga Pants,Apparel,STORE_03,Mumbai High Street Mall,West,1104.15,1172.8,715.9,14,1258.73,146.22,184054.84,79374.04,14.0,7.33,VIOLATED: Exceeds max price increase limit (+10.0%); Exceeds max competitor premium (+5.0%),False
PROD_12,High-Waist Performance Yoga Pants,Apparel,STORE_03,Mumbai High Street Mall,West,1104.15,1172.8,715.9,15,1269.77,146.22,185669.14,80988.34,15.0,8.27,VIOLATED: Exceeds max price increase limit (+10.0%); Exceeds max competitor premium (+5.0%),False
PROD_12,High-Waist Performance Yoga Pants,Apparel,STORE_04,Kolkata City Center,East,1299.0,1223.87,715.9,-15,1104.15,67.79,74844.91,26317.56,-15.0,-9.78,VIOLATED: Exceeds max price decrease limit (-10.0%),False
PROD_12,High-Waist Performance Yoga Pants,Apparel,STORE_04,Kolkata City Center,East,1299.0,1223.87,715.9,-14,1117.14,67.49,75394.69,27079.3,-14.0,-8.72,VIOLATED: Exceeds max price decrease limit (-10.0%),False
PROD_12,High-Waist Performance Yoga Pants,Apparel,STORE_04,Kolkata City Center,East,1299.0,1223.87,715.9,-13,1130.13,67.49,76271.37,27955.98,-13.0,-7.66,VIOLATED: Exceeds max price decrease limit (-10.0%),False
PROD_12,High-Waist Performance Yoga Pants,Apparel,STORE_04,Kolkata City Center,East,1299.0,1223.87,715.9,-12,1143.12,67.19,76804.8,28704.38,-12.0,-6.6,VIOLATED: Exceeds max price decrease limit (-10.0%),False
PROD_12,High-Waist Performance Yoga Pants,Apparel,STORE_04,Kolkata City Center,East,1299.0,1223.87,715.9,-11,1156.11,66.95,77397.27,29470.43,-11.0,-5.54,VIOLATED: Exceeds max price decrease limit (-10.0%),False
PROD_12,High-Waist Performance Yoga Pants,Apparel,STORE_04,Kolkata City Center,East,1299.0,1223.87,715.9,-10,1169.1,66.87,78180.81,30306.69,-10.0,-4.48,VIOLATED: Exceeds max price decrease limit (-10.0%),False
PROD_12,High-Waist Performance Yoga Pants,Apparel,STORE_04,Kolkata City Center,East,1299.0,1223.87,715.9,-9,1182.09,66.96,79158.12,31218.2,-9.0,-3.41,PASSED,True
PROD_12,High-Waist Performance Yoga Pants,Apparel,STORE_04,Kolkata City Center,East,1299.0,1223.87,715.9,-8,1195.08,66.86,79899.24,32036.45,-8.0,-2.35,PASSED,True
PROD_12,High-Waist Performance Yoga Pants,Apparel,STORE_04,Kolkata City Center,East,1299.0,1223.87,715.9,-7,1208.07,66.72,80602.16,32837.47,-7.0,-1.29,PASSED,True
PROD_12,High-Waist Performance Yoga Pants,Apparel,STORE_04,Kolkata City Center,East,1299.0,1223.87,715.9,-6,1221.06,66.72,81468.85,33704.16,-6.0,-0.23,PASSED,True
PROD_12,High-Waist Performance Yoga Pants,Apparel,STORE_04,Kolkata City Center,East,1299.0,1223.87,715.9,-5,1234.05,66.39,81934.23,34402.35,-5.0,0.83,PASSED,True
PROD_12,High-Waist Performance Yoga Pants,Apparel,STORE_04,Kolkata City Center,East,1299.0,1223.87,715.9,-4,1247.04,66.19,82546.17,35158.11,-4.0,1.89,PASSED,True
PROD_12,High-Waist Performance Yoga Pants,Apparel,STORE_04,Kolkata City Center,East,1299.0,1223.87,715.9,-3,1260.03,66.4,83669.91,36131.93,-3.0,2.95,PASSED,True
PROD_12,High-Waist Performance Yoga Pants,Apparel,STORE_04,Kolkata City Center,East,1299.0,1223.87,715.9,-2,1273.02,66.23,84307.88,36896.2,-2.0,4.02,PASSED,True
PROD_12,High-Waist Performance Yoga Pants,Apparel,STORE_04,Kolkata City Center,East,1299.0,1223.87,715.9,-1,1286.01,65.73,84524.01,37470.93,-1.0,5.08,VIOLATED: Exceeds max competitor premium (+5.0%),False
PROD_12,High-Waist Performance Yoga Pants,Apparel,STORE_04,Kolkata City Center,East,1299.0,1223.87,715.9,0,1299.0,65.57,85178.25,38235.13,0.0,6.14,VIOLATED: Exceeds max competitor premium (+5.0%),False
PROD_12,High-Waist Performance Yoga Pants,Apparel,STORE_04,Kolkata City Center,East,1299.0,1223.87,715.9,1,1311.99,65.29,85658.94,38918.31,1.0,7.2,VIOLATED: Exceeds max competitor premium (+5.0%),False
PROD_12,High-Waist Performance Yoga Pants,Apparel,STORE_04,Kolkata City Center,East,1299.0,1223.87,715.9,2,1324.98,65.29,86507.05,39766.42,2.0,8.26,VIOLATED: Exceeds max competitor premium (+5.0%),False
PROD_12,High-Waist Performance Yoga Pants,Apparel,STORE_04,Kolkata City Center,East,1299.0,1223.87,715.9,3,1337.97,65.29,87355.15,40614.52,3.0,9.32,VIOLATED: Exceeds max competitor premium (+5.0%),False
PROD_12,High-Waist Performance Yoga Pants,Apparel,STORE_04,Kolkata City Center,East,1299.0,1223.87,715.9,4,1350.96,64.99,87805.15,41275.49,4.0,10.38,VIOLATED: Exceeds max competitor premium (+5.0%),False
PROD_12,High-Waist Performance Yoga Pants,Apparel,STORE_04,Kolkata City Center,East,1299.0,1223.87,715.9,5,1363.95,64.99,88649.43,42119.77,5.0,11.45,VIOLATED: Exceeds max competitor premium (+5.0%),False
PROD_12,High-Waist Performance Yoga Pants,Apparel,STORE_04,Kolkata City Center,East,1299.0,1223.87,715.9,6,1376.94,64.99,89493.71,42964.05,6.0,12.51,VIOLATED: Exceeds max competitor premium (+5.0%),False
PROD_12,High-Waist Performance Yoga Pants,Apparel,STORE_04,Kolkata City Center,East,1299.0,1223.87,715.9,7,1389.93,64.99,90338.0,43808.34,7.0,13.57,VIOLATED: Exceeds max competitor premium (+5.0%),False
PROD_12,High-Waist Performance Yoga Pants,Apparel,STORE_04,Kolkata City Center,East,1299.0,1223.87,715.9,8,1402.92,64.99,91182.28,44652.62,8.0,14.63,VIOLATED: Exceeds max competitor premium (+5.0%),False
PROD_12,High-Waist Performance Yoga Pants,Apparel,STORE_04,Kolkata City Center,East,1299.0,1223.87,715.9,9,1415.91,64.99,92026.56,45496.9,9.0,15.69,VIOLATED: Exceeds max competitor premium (+5.0%),False
PROD_12,High-Waist Performance Yoga Pants,Apparel,STORE_04,Kolkata City Center,East,1299.0,1223.87,715.9,10,1428.9,64.99,92870.84,46341.18,10.0,16.75,VIOLATED: Exceeds max price increase limit (+10.0%); Exceeds max competitor premium (+5.0%),False
PROD_12,High-Waist Performance Yoga Pants,Apparel,STORE_04,Kolkata City Center,East,1299.0,1223.87,715.9,11,1441.89,64.99,93715.12,47185.46,11.0,17.81,VIOLATED: Exceeds max price increase limit (+10.0%); Exceeds max competitor premium (+5.0%),False
PROD_12,High-Waist Performance Yoga Pants,Apparel,STORE_04,Kolkata City Center,East,1299.0,1223.87,715.9,12,1454.88,64.99,94559.4,48029.74,12.0,18.88,VIOLATED: Exceeds max price increase limit (+10.0%); Exceeds max competitor premium (+5.0%),False
PROD_12,High-Waist Performance Yoga Pants,Apparel,STORE_04,Kolkata City Center,East,1299.0,1223.87,715.9,13,1467.87,64.99,95403.68,48874.02,13.0,19.94,VIOLATED: Exceeds max price increase limit (+10.0%); Exceeds max competitor premium (+5.0%),False
PROD_12,High-Waist Performance Yoga Pants,Apparel,STORE_04,Kolkata City Center,East,1299.0,1223.87,715.9,14,1480.86,64.16,95005.02,49076.24,14.0,21.0,VIOLATED: Exceeds max price increase limit (+10.0%); Exceeds max competitor premium (+5.0%),False
PROD_12,High-Waist Performance Yoga Pants,Apparel,STORE_04,Kolkata City Center,East,1299.0,1223.87,715.9,15,1493.85,64.16,95838.4,49909.62,15.0,22.06,VIOLATED: Exceeds max price increase limit (+10.0%); Exceeds max competitor premium (+5.0%),False
PROD_13,Digital Touchscreen Air Fryer 4.5L,Home & Kitchen,STORE_01,Delhi Flagship Metro,North,3999.0,4081.31,2290.92,-15,3399.15,43.4,147538.56,48102.22,-15.0,-16.71,VIOLATED: Exceeds max price decrease limit (-10.0%),False
PROD_13,Digital Touchscreen Air Fryer 4.5L,Home & Kitchen,STORE_01,Delhi Flagship Metro,North,3999.0,4081.31,2290.92,-14,3439.14,43.4,149274.31,49837.97,-14.0,-15.73,VIOLATED: Exceeds max price decrease limit (-10.0%),False
PROD_13,Digital Touchscreen Air Fryer 4.5L,Home & Kitchen,STORE_01,Delhi Flagship Metro,North,3999.0,4081.31,2290.92,-13,3479.13,43.17,150192.63,51294.54,-13.0,-14.75,VIOLATED: Exceeds max price decrease limit (-10.0%),False
PROD_13,Digital Touchscreen Air Fryer 4.5L,Home & Kitchen,STORE_01,Delhi Flagship Metro,North,3999.0,4081.31,2290.92,-12,3519.12,43.17,151918.98,53020.89,-12.0,-13.77,VIOLATED: Exceeds max price decrease limit (-10.0%),False
PROD_13,Digital Touchscreen Air Fryer 4.5L,Home & Kitchen,STORE_01,Delhi Flagship Metro,North,3999.0,4081.31,2290.92,-11,3559.11,43.17,153645.33,54747.24,-11.0,-12.79,VIOLATED: Exceeds max price decrease limit (-10.0%),False
PROD_13,Digital Touchscreen Air Fryer 4.5L,Home & Kitchen,STORE_01,Delhi Flagship Metro,North,3999.0,4081.31,2290.92,-10,3599.1,43.12,155202.69,56412.17,-10.0,-11.82,VIOLATED: Exceeds max price decrease limit (-10.0%),False
PROD_13,Digital Touchscreen Air Fryer 4.5L,Home & Kitchen,STORE_01,Delhi Flagship Metro,North,3999.0,4081.31,2290.92,-9,3639.09,42.85,155949.42,57774.42,-9.0,-10.84,PASSED,True
PROD_13,Digital Touchscreen Air Fryer 4.5L,Home & Kitchen,STORE_01,Delhi Flagship Metro,North,3999.0,4081.31,2290.92,-8,3679.08,41.83,153902.48,58069.21,-8.0,-9.86,PASSED,True
PROD_13,Digital Touchscreen Air Fryer 4.5L,Home & Kitchen,STORE_01,Delhi Flagship Metro,North,3999.0,4081.31,2290.92,-7,3719.07,42.04,156341.61,60036.32,-7.0,-8.88,PASSED,True
PROD_13,Digital Touchscreen Air Fryer 4.5L,Home & Kitchen,STORE_01,Delhi Flagship Metro,North,3999.0,4081.31,2290.92,-6,3759.06,42.04,158022.7,61717.41,-6.0,-7.9,PASSED,True
PROD_13,Digital Touchscreen Air Fryer 4.5L,Home & Kitchen,STORE_01,Delhi Flagship Metro,North,3999.0,4081.31,2290.92,-5,3799.05,42.06,159801.79,63437.41,-5.0,-6.92,PASSED,True
PROD_13,Digital Touchscreen Air Fryer 4.5L,Home & Kitchen,STORE_01,Delhi Flagship Metro,North,3999.0,4081.31,2290.92,-4,3839.04,42.03,161367.47,65072.57,-4.0,-5.94,PASSED,True
PROD_13,Digital Touchscreen Air Fryer 4.5L,Home & Kitchen,STORE_01,Delhi Flagship Metro,North,3999.0,4081.31,2290.92,-3,3879.03,42.26,163935.05,67116.49,-3.0,-4.96,PASSED,True
PROD_13,Digital Touchscreen Air Fryer 4.5L,Home & Kitchen,STORE_01,Delhi Flagship Metro,North,3999.0,4081.31,2290.92,-2,3919.02,40.88,160199.41,66552.52,-2.0,-3.98,PASSED,True
PROD_13,Digital Touchscreen Air Fryer 4.5L,Home & Kitchen,STORE_01,Delhi Flagship Metro,North,3999.0,4081.31,2290.92,-1,3959.01,40.88,161834.09,68187.2,-1.0,-3.0,PASSED,True
PROD_13,Digital Touchscreen Air Fryer 4.5L,Home & Kitchen,STORE_01,Delhi Flagship Metro,North,3999.0,4081.31,2290.92,0,3999.0,40.88,163468.78,69821.89,0.0,-2.02,PASSED,True
PROD_13,Digital Touchscreen Air Fryer 4.5L,Home & Kitchen,STORE_01,Delhi Flagship Metro,North,3999.0,4081.31,2290.92,1,4038.99,40.88,165103.47,71456.58,1.0,-1.04,PASSED,True
PROD_13,Digital Touchscreen Air Fryer 4.5L,Home & Kitchen,STORE_01,Delhi Flagship Metro,North,3999.0,4081.31,2290.92,2,4078.98,40.88,166738.16,73091.27,2.0,-0.06,PASSED,True
PROD_13,Digital Touchscreen Air Fryer 4.5L,Home & Kitchen,STORE_01,Delhi Flagship Metro,North,3999.0,4081.31,2290.92,3,4118.97,40.78,167990.57,74556.3,3.0,0.92,PASSED,True
PROD_13,Digital Touchscreen Air Fryer 4.5L,Home & Kitchen,STORE_01,Delhi Flagship Metro,North,3999.0,4081.31,2290.92,4,4158.96,40.44,168174.47,75537.31,4.0,1.9,PASSED,True
PROD_13,Digital Touchscreen Air Fryer 4.5L,Home & Kitchen,STORE_01,Delhi Flagship Metro,North,3999.0,4081.31,2290.92,5,4198.95,40.22,168895.29,76747.11,5.0,2.88,PASSED,True
PROD_13,Digital Touchscreen Air Fryer 4.5L,Home & Kitchen,STORE_01,Delhi Flagship Metro,North,3999.0,4081.31,2290.92,6,4238.94,40.22,170503.82,78355.64,6.0,3.86,PASSED,True
PROD_13,Digital Touchscreen Air Fryer 4.5L,Home & Kitchen,STORE_01,Delhi Flagship Metro,North,3999.0,4081.31,2290.92,7,4278.93,40.23,172148.21,79980.83,7.0,4.84,PASSED,True
PROD_13,Digital Touchscreen Air Fryer 4.5L,Home & Kitchen,STORE_01,Delhi Flagship Metro,North,3999.0,4081.31,2290.92,8,4318.92,39.97,172643.63,81066.86,8.0,5.82,VIOLATED: Exceeds max competitor premium (+5.0%),False
PROD_13,Digital Touchscreen Air Fryer 4.5L,Home & Kitchen,STORE_01,Delhi Flagship Metro,North,3999.0,4081.31,2290.92,9,4358.91,39.97,174242.18,82665.41,9.0,6.8,VIOLATED: Exceeds max competitor premium (+5.0%),False
PROD_13,Digital Touchscreen Air Fryer 4.5L,Home & Kitchen,STORE_01,Delhi Flagship Metro,North,3999.0,4081.31,2290.92,10,4398.9,39.97,175840.73,84263.96,10.0,7.78,VIOLATED: Exceeds max competitor premium (+5.0%),False
PROD_13,Digital Touchscreen Air Fryer 4.5L,Home & Kitchen,STORE_01,Delhi Flagship Metro,North,3999.0,4081.31,2290.92,11,4438.89,39.97,177439.29,85862.52,11.0,8.76,VIOLATED: Exceeds max price increase limit (+10.0%); Exceeds max competitor premium (+5.0%),False
PROD_13,Digital Touchscreen Air Fryer 4.5L,Home & Kitchen,STORE_01,Delhi Flagship Metro,North,3999.0,4081.31,2290.92,12,4478.88,39.68,177717.98,86816.31,12.0,9.74,VIOLATED: Exceeds max price increase limit (+10.0%); Exceeds max competitor premium (+5.0%),False
PROD_13,Digital Touchscreen Air Fryer 4.5L,Home & Kitchen,STORE_01,Delhi Flagship Metro,North,3999.0,4081.31,2290.92,13,4518.87,39.26,177389.04,87458.57,13.0,10.72,VIOLATED: Exceeds max price increase limit (+10.0%); Exceeds max competitor premium (+5.0%),False
PROD_13,Digital Touchscreen Air Fryer 4.5L,Home & Kitchen,STORE_01,Delhi Flagship Metro,North,3999.0,4081.31,2290.92,14,4558.86,39.26,178958.85,89028.38,14.0,11.7,VIOLATED: Exceeds max price increase limit (+10.0%); Exceeds max competitor premium (+5.0%),False
PROD_13,Digital Touchscreen Air Fryer 4.5L,Home & Kitchen,STORE_01,Delhi Flagship Metro,North,3999.0,4081.31,2290.92,15,4598.85,39.26,180528.67,90598.2,15.0,12.68,VIOLATED: Exceeds max price increase limit (+10.0%); Exceeds max competitor premium (+5.0%),False
PROD_13,Digital Touchscreen Air Fryer 4.5L,Home & Kitchen,STORE_02,Bengaluru Tech Park Store,South,3999.0,3919.22,2290.92,-15,3399.15,37.59,127775.36,41658.79,-15.0,-13.27,VIOLATED: Exceeds max price decrease limit (-10.0%),False
PROD_13,Digital Touchscreen Air Fryer 4.5L,Home & Kitchen,STORE_02,Bengaluru Tech Park Store,South,3999.0,3919.22,2290.92,-14,3439.14,37.59,129278.6,43162.03,-14.0,-12.25,VIOLATED: Exceeds max price decrease limit (-10.0%),False
PROD_13,Digital Touchscreen Air Fryer 4.5L,Home & Kitchen,STORE_02,Bengaluru Tech Park Store,South,3999.0,3919.22,2290.92,-13,3479.13,37.54,130618.47,44609.47,-13.0,-11.23,VIOLATED: Exceeds max price decrease limit (-10.0%),False
PROD_13,Digital Touchscreen Air Fryer 4.5L,Home & Kitchen,STORE_02,Bengaluru Tech Park Store,South,3999.0,3919.22,2290.92,-12,3519.12,36.76,129377.64,45153.79,-12.0,-10.21,VIOLATED: Exceeds max price decrease limit (-10.0%),False
PROD_13,Digital Touchscreen Air Fryer 4.5L,Home & Kitchen,STORE_02,Bengaluru Tech Park Store,South,3999.0,3919.22,2290.92,-11,3559.11,36.97,131581.16,46885.29,-11.0,-9.19,VIOLATED: Exceeds max price decrease limit (-10.0%),False
PROD_13,Digital Touchscreen Air Fryer 4.5L,Home & Kitchen,STORE_02,Bengaluru Tech Park Store,South,3999.0,3919.22,2290.92,-10,3599.1,36.97,133059.6,48363.73,-10.0,-8.17,VIOLATED: Exceeds max price decrease limit (-10.0%),False
PROD_13,Digital Touchscreen Air Fryer 4.5L,Home & Kitchen,STORE_02,Bengaluru Tech Park Store,South,3999.0,3919.22,2290.92,-9,3639.09,36.97,134538.04,49842.17,-9.0,-7.15,PASSED,True
PROD_13,Digital Touchscreen Air Fryer 4.5L,Home & Kitchen,STORE_02,Bengaluru Tech Park Store,South,3999.0,3919.22,2290.92,-8,3679.08,36.97,136016.48,51320.61,-8.0,-6.13,PASSED,True
PROD_13,Digital Touchscreen Air Fryer 4.5L,Home & Kitchen,STORE_02,Bengaluru Tech Park Store,South,3999.0,3919.22,2290.92,-7,3719.07,36.89,137200.21,52685.88,-7.0,-5.11,PASSED,True
PROD_13,Digital Touchscreen Air Fryer 4.5L,Home & Kitchen,STORE_02,Bengaluru Tech Park Store,South,3999.0,3919.22,2290.92,-6,3759.06,36.84,138483.89,54086.33,-6.0,-4.09,PASSED,True
PROD_13,Digital Touchscreen Air Fryer 4.5L,Home & Kitchen,STORE_02,Bengaluru Tech Park Store,South,3999.0,3919.22,2290.92,-5,3799.05,36.84,139957.12,55559.56,-5.0,-3.07,PASSED,True
PROD_13,Digital Touchscreen Air Fryer 4.5L,Home & Kitchen,STORE_02,Bengaluru Tech Park Store,South,3999.0,3919.22,2290.92,-4,3839.04,36.8,141281.5,56972.76,-4.0,-2.05,PASSED,True
PROD_13,Digital Touchscreen Air Fryer 4.5L,Home & Kitchen,STORE_02,Bengaluru Tech Park Store,South,3999.0,3919.22,2290.92,-3,3879.03,36.8,142753.18,58444.44,-3.0,-1.03,PASSED,True
PROD_13,Digital Touchscreen Air Fryer 4.5L,Home & Kitchen,STORE_02,Bengaluru Tech Park Store,South,3999.0,3919.22,2290.92,-2,3919.02,36.27,142155.56,59056.46,-2.0,-0.01,PASSED,True
PROD_13,Digital Touchscreen Air Fryer 4.5L,Home & Kitchen,STORE_02,Bengaluru Tech Park Store,South,3999.0,3919.22,2290.92,-1,3959.01,36.14,143094.75,60291.57,-1.0,1.02,PASSED,True
PROD_13,Digital Touchscreen Air Fryer 4.5L,Home & Kitchen,STORE_02,Bengaluru Tech Park Store,South,3999.0,3919.22,2290.92,0,3999.0,35.9,143576.14,61325.21,0.0,2.04,PASSED,True
PROD_13,Digital Touchscreen Air Fryer 4.5L,Home & Kitchen,STORE_02,Bengaluru Tech Park Store,South,3999.0,3919.22,2290.92,1,4038.99,35.69,144149.81,62387.87,1.0,3.06,PASSED,True
PROD_13,Digital Touchscreen Air Fryer 4.5L,Home & Kitchen,STORE_02,Bengaluru Tech Park Store,South,3999.0,3919.22,2290.92,2,4078.98,35.69,145577.03,63815.09,2.0,4.08,PASSED,True
PROD_13,Digital Touchscreen Air Fryer 4.5L,Home & Kitchen,STORE_02,Bengaluru Tech Park Store,South,3999.0,3919.22,2290.92,3,4118.97,35.64,146804.61,65153.71,3.0,5.1,VIOLATED: Exceeds max competitor premium (+5.0%),False
PROD_13,Digital Touchscreen Air Fryer 4.5L,Home & Kitchen,STORE_02,Bengaluru Tech Park Store,South,3999.0,3919.22,2290.92,4,4158.96,35.38,147157.7,66097.41,4.0,6.12,VIOLATED: Exceeds max competitor premium (+5.0%),False
PROD_13,Digital Touchscreen Air Fryer 4.5L,Home & Kitchen,STORE_02,Bengaluru Tech Park Store,South,3999.0,3919.22,2290.92,5,4198.95,35.38,148572.68,67512.39,5.0,7.14,VIOLATED: Exceeds max competitor premium (+5.0%),False
PROD_13,Digital Touchscreen Air Fryer 4.5L,Home & Kitchen,STORE_02,Bengaluru Tech Park Store,South,3999.0,3919.22,2290.92,6,4238.94,35.38,149987.66,68927.37,6.0,8.16,VIOLATED: Exceeds max competitor premium (+5.0%),False
PROD_13,Digital Touchscreen Air Fryer 4.5L,Home & Kitchen,STORE_02,Bengaluru Tech Park Store,South,3999.0,3919.22,2290.92,7,4278.93,35.38,151402.63,70342.34,7.0,9.18,VIOLATED: Exceeds max competitor premium (+5.0%),False
PROD_13,Digital Touchscreen Air Fryer 4.5L,Home & Kitchen,STORE_02,Bengaluru Tech Park Store,South,3999.0,3919.22,2290.92,8,4318.92,35.08,151509.09,71142.89,8.0,10.2,VIOLATED: Exceeds max competitor premium (+5.0%),False
PROD_13,Digital Touchscreen Air Fryer 4.5L,Home & Kitchen,STORE_02,Bengaluru Tech Park Store,South,3999.0,3919.22,2290.92,9,4358.91,35.08,152911.95,72545.75,9.0,11.22,VIOLATED: Exceeds max competitor premium (+5.0%),False
PROD_13,Digital Touchscreen Air Fryer 4.5L,Home & Kitchen,STORE_02,Bengaluru Tech Park Store,South,3999.0,3919.22,2290.92,10,4398.9,35.08,154314.81,73948.61,10.0,12.24,VIOLATED: Exceeds max competitor premium (+5.0%),False
PROD_13,Digital Touchscreen Air Fryer 4.5L,Home & Kitchen,STORE_02,Bengaluru Tech Park Store,South,3999.0,3919.22,2290.92,11,4438.89,35.08,155717.67,75351.47,11.0,13.26,VIOLATED: Exceeds max price increase limit (+10.0%); Exceeds max competitor premium (+5.0%),False
PROD_13,Digital Touchscreen Air Fryer 4.5L,Home & Kitchen,STORE_02,Bengaluru Tech Park Store,South,3999.0,3919.22,2290.92,12,4478.88,35.08,157120.54,76754.34,12.0,14.28,VIOLATED: Exceeds max price increase limit (+10.0%); Exceeds max competitor premium (+5.0%),False
PROD_13,Digital Touchscreen Air Fryer 4.5L,Home & Kitchen,STORE_02,Bengaluru Tech Park Store,South,3999.0,3919.22,2290.92,13,4518.87,35.08,158523.4,78157.2,13.0,15.3,VIOLATED: Exceeds max price increase limit (+10.0%); Exceeds max competitor premium (+5.0%),False
PROD_13,Digital Touchscreen Air Fryer 4.5L,Home & Kitchen,STORE_02,Bengaluru Tech Park Store,South,3999.0,3919.22,2290.92,14,4558.86,35.08,159926.26,79560.06,14.0,16.32,VIOLATED: Exceeds max price increase limit (+10.0%); Exceeds max competitor premium (+5.0%),False
PROD_13,Digital Touchscreen Air Fryer 4.5L,Home & Kitchen,STORE_02,Bengaluru Tech Park Store,South,3999.0,3919.22,2290.92,15,4598.85,35.08,161329.12,80962.92,15.0,17.34,VIOLATED: Exceeds max price increase limit (+10.0%); Exceeds max competitor premium (+5.0%),False
PROD_13,Digital Touchscreen Air Fryer 4.5L,Home & Kitchen,STORE_03,Mumbai High Street Mall,West,3999.0,3952.36,2290.92,-15,3399.15,45.79,155652.01,50747.46,-15.0,-14.0,VIOLATED: Exceeds max price decrease limit (-10.0%),False
PROD_13,Digital Touchscreen Air Fryer 4.5L,Home & Kitchen,STORE_03,Mumbai High Street Mall,West,3999.0,3952.36,2290.92,-14,3439.14,45.79,157483.21,52578.66,-14.0,-12.99,VIOLATED: Exceeds max price decrease limit (-10.0%),False
PROD_13,Digital Touchscreen Air Fryer 4.5L,Home & Kitchen,STORE_03,Mumbai High Street Mall,West,3999.0,3952.36,2290.92,-13,3479.13,45.74,159151.05,54354.07,-13.0,-11.97,VIOLATED: Exceeds max price decrease limit (-10.0%),False
PROD_13,Digital Touchscreen Air Fryer 4.5L,Home & Kitchen,STORE_03,Mumbai High Street Mall,West,3999.0,3952.36,2290.92,-12,3519.12,45.48,160034.86,55853.4,-12.0,-10.96,VIOLATED: Exceeds max price decrease limit (-10.0%),False
PROD_13,Digital Touchscreen Air Fryer 4.5L,Home & Kitchen,STORE_03,Mumbai High Street Mall,West,3999.0,3952.36,2290.92,-11,3559.11,44.72,159160.73,56712.51,-11.0,-9.95,VIOLATED: Exceeds max price decrease limit (-10.0%),False
PROD_13,Digital Touchscreen Air Fryer 4.5L,Home & Kitchen,STORE_03,Mumbai High Street Mall,West,3999.0,3952.36,2290.92,-10,3599.1,44.93,161690.61,58770.37,-10.0,-8.94,VIOLATED: Exceeds max price decrease limit (-10.0%),False
PROD_13,Digital Touchscreen Air Fryer 4.5L,Home & Kitchen,STORE_03,Mumbai High Street Mall,West,3999.0,3952.36,2290.92,-9,3639.09,44.93,163487.17,60566.93,-9.0,-7.93,PASSED,True
PROD_13,Digital Touchscreen Air Fryer 4.5L,Home & Kitchen,STORE_03,Mumbai High Street Mall,West,3999.0,3952.36,2290.92,-8,3679.08,44.93,165283.73,62363.49,-8.0,-6.91,PASSED,True
PROD_13,Digital Touchscreen Air Fryer 4.5L,Home & Kitchen,STORE_03,Mumbai High Street Mall,West,3999.0,3952.36,2290.92,-7,3719.07,44.93,167080.3,64160.06,-7.0,-5.9,PASSED,True
PROD_13,Digital Touchscreen Air Fryer 4.5L,Home & Kitchen,STORE_03,Mumbai High Street Mall,West,3999.0,3952.36,2290.92,-6,3759.06,45.15,169736.11,66292.21,-6.0,-4.89,PASSED,True
PROD_13,Digital Touchscreen Air Fryer 4.5L,Home & Kitchen,STORE_03,Mumbai High Street Mall,West,3999.0,3952.36,2290.92,-5,3799.05,45.11,171358.41,68025.1,-5.0,-3.88,PASSED,True
PROD_13,Digital Touchscreen Air Fryer 4.5L,Home & Kitchen,STORE_03,Mumbai High Street Mall,West,3999.0,3952.36,2290.92,-4,3839.04,45.08,173045.74,69781.92,-4.0,-2.87,PASSED,True
PROD_13,Digital Touchscreen Air Fryer 4.5L,Home & Kitchen,STORE_03,Mumbai High Street Mall,West,3999.0,3952.36,2290.92,-3,3879.03,45.08,174848.3,71584.48,-3.0,-1.86,PASSED,True
PROD_13,Digital Touchscreen Air Fryer 4.5L,Home & Kitchen,STORE_03,Mumbai High Street Mall,West,3999.0,3952.36,2290.92,-2,3919.02,43.72,171356.71,71187.66,-2.0,-0.84,PASSED,True
PROD_13,Digital Touchscreen Air Fryer 4.5L,Home & Kitchen,STORE_03,Mumbai High Street Mall,West,3999.0,3952.36,2290.92,-1,3959.01,43.72,173105.24,72936.19,-1.0,0.17,PASSED,True
PROD_13,Digital Touchscreen Air Fryer 4.5L,Home & Kitchen,STORE_03,Mumbai High Street Mall,West,3999.0,3952.36,2290.92,0,3999.0,43.55,174168.94,74392.22,0.0,1.18,PASSED,True
PROD_13,Digital Touchscreen Air Fryer 4.5L,Home & Kitchen,STORE_03,Mumbai High Street Mall,West,3999.0,3952.36,2290.92,1,4038.99,43.3,174882.47,75688.92,1.0,2.19,PASSED,True
PROD_13,Digital Touchscreen Air Fryer 4.5L,Home & Kitchen,STORE_03,Mumbai High Street Mall,West,3999.0,3952.36,2290.92,2,4078.98,43.26,176462.69,77354.11,2.0,3.2,PASSED,True
PROD_13,Digital Touchscreen Air Fryer 4.5L,Home & Kitchen,STORE_03,Mumbai High Street Mall,West,3999.0,3952.36,2290.92,3,4118.97,43.27,178225.73,79098.79,3.0,4.22,PASSED,True
PROD_13,Digital Touchscreen Air Fryer 4.5L,Home & Kitchen,STORE_03,Mumbai High Street Mall,West,3999.0,3952.36,2290.92,4,4158.96,43.28,179990.93,80844.79,4.0,5.23,VIOLATED: Exceeds max competitor premium (+5.0%),False
PROD_13,Digital Touchscreen Air Fryer 4.5L,Home & Kitchen,STORE_03,Mumbai High Street Mall,West,3999.0,3952.36,2290.92,5,4198.95,42.73,179439.82,81538.61,5.0,6.24,VIOLATED: Exceeds max competitor premium (+5.0%),False
PROD_13,Digital Touchscreen Air Fryer 4.5L,Home & Kitchen,STORE_03,Mumbai High Street Mall,West,3999.0,3952.36,2290.92,6,4238.94,42.73,181148.77,83247.56,6.0,7.25,VIOLATED: Exceeds max competitor premium (+5.0%),False
PROD_13,Digital Touchscreen Air Fryer 4.5L,Home & Kitchen,STORE_03,Mumbai High Street Mall,West,3999.0,3952.36,2290.92,7,4278.93,42.73,182857.73,84956.52,7.0,8.26,VIOLATED: Exceeds max competitor premium (+5.0%),False
PROD_13,Digital Touchscreen Air Fryer 4.5L,Home & Kitchen,STORE_03,Mumbai High Street Mall,West,3999.0,3952.36,2290.92,8,4318.92,42.73,184566.68,86665.47,8.0,9.27,VIOLATED: Exceeds max competitor premium (+5.0%),False
PROD_13,Digital Touchscreen Air Fryer 4.5L,Home & Kitchen,STORE_03,Mumbai High Street Mall,West,3999.0,3952.36,2290.92,9,4358.91,42.43,184954.99,87747.87,9.0,10.29,VIOLATED: Exceeds max competitor premium (+5.0%),False
PROD_13,Digital Touchscreen Air Fryer 4.5L,Home & Kitchen,STORE_03,Mumbai High Street Mall,West,3999.0,3952.36,2290.92,10,4398.9,42.43,186651.82,89444.7,10.0,11.3,VIOLATED: Exceeds max competitor premium (+5.0%),False
PROD_13,Digital Touchscreen Air Fryer 4.5L,Home & Kitchen,STORE_03,Mumbai High Street Mall,West,3999.0,3952.36,2290.92,11,4438.89,42.43,188348.66,91141.54,11.0,12.31,VIOLATED: Exceeds max price increase limit (+10.0%); Exceeds max competitor premium (+5.0%),False
PROD_13,Digital Touchscreen Air Fryer 4.5L,Home & Kitchen,STORE_03,Mumbai High Street Mall,West,3999.0,3952.36,2290.92,12,4478.88,42.43,190045.49,92838.37,12.0,13.32,VIOLATED: Exceeds max price increase limit (+10.0%); Exceeds max competitor premium (+5.0%),False
PROD_13,Digital Touchscreen Air Fryer 4.5L,Home & Kitchen,STORE_03,Mumbai High Street Mall,West,3999.0,3952.36,2290.92,13,4518.87,42.67,192823.73,95068.38,13.0,14.33,VIOLATED: Exceeds max price increase limit (+10.0%); Exceeds max competitor premium (+5.0%),False
PROD_13,Digital Touchscreen Air Fryer 4.5L,Home & Kitchen,STORE_03,Mumbai High Street Mall,West,3999.0,3952.36,2290.92,14,4558.86,42.67,194530.13,96774.78,14.0,15.35,VIOLATED: Exceeds max price increase limit (+10.0%); Exceeds max competitor premium (+5.0%),False
PROD_13,Digital Touchscreen Air Fryer 4.5L,Home & Kitchen,STORE_03,Mumbai High Street Mall,West,3999.0,3952.36,2290.92,15,4598.85,42.67,196236.53,98481.18,15.0,16.36,VIOLATED: Exceeds max price increase limit (+10.0%); Exceeds max competitor premium (+5.0%),False
PROD_13,Digital Touchscreen Air Fryer 4.5L,Home & Kitchen,STORE_04,Kolkata City Center,East,3799.05,3659.21,2290.92,-15,3229.19,47.22,152493.48,44308.34,-15.0,-11.75,VIOLATED: Exceeds max price decrease limit (-10.0%),False
PROD_13,Digital Touchscreen Air Fryer 4.5L,Home & Kitchen,STORE_04,Kolkata City Center,East,3799.05,3659.21,2290.92,-14,3267.18,45.95,150114.52,44855.44,-14.0,-10.71,VIOLATED: Exceeds max price decrease limit (-10.0%),False
PROD_13,Digital Touchscreen Air Fryer 4.5L,Home & Kitchen,STORE_04,Kolkata City Center,East,3799.05,3659.21,2290.92,-13,3305.17,45.77,151273.37,46420.91,-13.0,-9.68,VIOLATED: Exceeds max price decrease limit (-10.0%),False
PROD_13,Digital Touchscreen Air Fryer 4.5L,Home & Kitchen,STORE_04,Kolkata City Center,East,3799.05,3659.21,2290.92,-12,3343.16,45.97,153700.95,48376.47,-12.0,-8.64,VIOLATED: Exceeds max price decrease limit (-10.0%),False
PROD_13,Digital Touchscreen Air Fryer 4.5L,Home & Kitchen,STORE_04,Kolkata City Center,East,3799.05,3659.21,2290.92,-11,3381.15,45.97,155447.53,50123.05,-11.0,-7.6,VIOLATED: Exceeds max price decrease limit (-10.0%),False
PROD_13,Digital Touchscreen Air Fryer 4.5L,Home & Kitchen,STORE_04,Kolkata City Center,East,3799.05,3659.21,2290.92,-10,3419.15,45.89,156921.21,51779.89,-10.0,-6.56,PASSED,True
PROD_13,Digital Touchscreen Air Fryer 4.5L,Home & Kitchen,STORE_04,Kolkata City Center,East,3799.05,3659.21,2290.92,-9,3457.14,45.89,158664.76,53523.44,-9.0,-5.52,PASSED,True
PROD_13,Digital Touchscreen Air Fryer 4.5L,Home & Kitchen,STORE_04,Kolkata City Center,East,3799.05,3659.21,2290.92,-8,3495.13,45.86,160280.48,55222.94,-8.0,-4.48,PASSED,True
PROD_13,Digital Touchscreen Air Fryer 4.5L,Home & Kitchen,STORE_04,Kolkata City Center,East,3799.05,3659.21,2290.92,-7,3533.12,45.77,161704.61,56853.28,-7.0,-3.45,PASSED,True
PROD_13,Digital Touchscreen Air Fryer 4.5L,Home & Kitchen,STORE_04,Kolkata City Center,East,3799.05,3659.21,2290.92,-6,3571.11,45.58,162766.0,58349.2,-6.0,-2.41,PASSED,True
PROD_13,Digital Touchscreen Air Fryer 4.5L,Home & Kitchen,STORE_04,Kolkata City Center,East,3799.05,3659.21,2290.92,-5,3609.1,45.54,164352.54,60027.77,-5.0,-1.37,PASSED,True
PROD_13,Digital Touchscreen Air Fryer 4.5L,Home & Kitchen,STORE_04,Kolkata City Center,East,3799.05,3659.21,2290.92,-4,3647.09,45.54,166082.54,61757.77,-4.0,-0.33,PASSED,True
PROD_13,Digital Touchscreen Air Fryer 4.5L,Home & Kitchen,STORE_04,Kolkata City Center,East,3799.05,3659.21,2290.92,-3,3685.08,45.48,167607.73,63410.29,-3.0,0.71,PASSED,True
PROD_13,Digital Touchscreen Air Fryer 4.5L,Home & Kitchen,STORE_04,Kolkata City Center,East,3799.05,3659.21,2290.92,-2,3723.07,45.5,169416.9,65169.45,-2.0,1.75,PASSED,True
PROD_13,Digital Touchscreen Air Fryer 4.5L,Home & Kitchen,STORE_04,Kolkata City Center,East,3799.05,3659.21,2290.92,-1,3761.06,45.62,171564.47,67061.89,-1.0,2.78,PASSED,True
PROD_13,Digital Touchscreen Air Fryer 4.5L,Home & Kitchen,STORE_04,Kolkata City Center,East,3799.05,3659.21,2290.92,0,3799.05,45.54,173024.67,68686.57,0.0,3.82,PASSED,True
PROD_13,Digital Touchscreen Air Fryer 4.5L,Home & Kitchen,STORE_04,Kolkata City Center,East,3799.05,3659.21,2290.92,1,3837.04,45.4,174215.98,70199.64,1.0,4.86,PASSED,True
PROD_13,Digital Touchscreen Air Fryer 4.5L,Home & Kitchen,STORE_04,Kolkata City Center,East,3799.05,3659.21,2290.92,2,3875.03,45.23,175275.22,71652.41,2.0,5.9,VIOLATED: Exceeds max competitor premium (+5.0%),False
PROD_13,Digital Touchscreen Air Fryer 4.5L,Home & Kitchen,STORE_04,Kolkata City Center,East,3799.05,3659.21,2290.92,3,3913.02,45.23,176993.58,73370.77,3.0,6.94,VIOLATED: Exceeds max competitor premium (+5.0%),False
PROD_13,Digital Touchscreen Air Fryer 4.5L,Home & Kitchen,STORE_04,Kolkata City Center,East,3799.05,3659.21,2290.92,4,3951.01,44.99,177765.94,74691.65,4.0,7.97,VIOLATED: Exceeds max competitor premium (+5.0%),False
PROD_13,Digital Touchscreen Air Fryer 4.5L,Home & Kitchen,STORE_04,Kolkata City Center,East,3799.05,3659.21,2290.92,5,3989.0,44.99,179475.21,76400.92,5.0,9.01,VIOLATED: Exceeds max competitor premium (+5.0%),False
PROD_13,Digital Touchscreen Air Fryer 4.5L,Home & Kitchen,STORE_04,Kolkata City Center,East,3799.05,3659.21,2290.92,6,4026.99,44.7,179997.78,77598.59,6.0,10.05,VIOLATED: Exceeds max competitor premium (+5.0%),False
PROD_13,Digital Touchscreen Air Fryer 4.5L,Home & Kitchen,STORE_04,Kolkata City Center,East,3799.05,3659.21,2290.92,7,4064.98,44.7,181695.85,79296.66,7.0,11.09,VIOLATED: Exceeds max competitor premium (+5.0%),False
PROD_13,Digital Touchscreen Air Fryer 4.5L,Home & Kitchen,STORE_04,Kolkata City Center,East,3799.05,3659.21,2290.92,8,4102.97,44.7,183393.92,80994.73,8.0,12.13,VIOLATED: Exceeds max competitor premium (+5.0%),False
PROD_13,Digital Touchscreen Air Fryer 4.5L,Home & Kitchen,STORE_04,Kolkata City Center,East,3799.05,3659.21,2290.92,9,4140.96,44.7,185091.99,82692.8,9.0,13.17,VIOLATED: Exceeds max competitor premium (+5.0%),False
PROD_13,Digital Touchscreen Air Fryer 4.5L,Home & Kitchen,STORE_04,Kolkata City Center,East,3799.05,3659.21,2290.92,10,4178.96,44.7,186790.51,84391.32,10.0,14.2,VIOLATED: Exceeds max price increase limit (+10.0%); Exceeds max competitor premium (+5.0%),False
PROD_13,Digital Touchscreen Air Fryer 4.5L,Home & Kitchen,STORE_04,Kolkata City Center,East,3799.05,3659.21,2290.92,11,4216.95,44.7,188488.58,86089.39,11.0,15.24,VIOLATED: Exceeds max price increase limit (+10.0%); Exceeds max competitor premium (+5.0%),False
PROD_13,Digital Touchscreen Air Fryer 4.5L,Home & Kitchen,STORE_04,Kolkata City Center,East,3799.05,3659.21,2290.92,12,4254.94,44.7,190186.65,87787.46,12.0,16.28,VIOLATED: Exceeds max price increase limit (+10.0%); Exceeds max competitor premium (+5.0%),False
PROD_13,Digital Touchscreen Air Fryer 4.5L,Home & Kitchen,STORE_04,Kolkata City Center,East,3799.05,3659.21,2290.92,13,4292.93,44.7,191884.72,89485.53,13.0,17.32,VIOLATED: Exceeds max price increase limit (+10.0%); Exceeds max competitor premium (+5.0%),False
PROD_13,Digital Touchscreen Air Fryer 4.5L,Home & Kitchen,STORE_04,Kolkata City Center,East,3799.05,3659.21,2290.92,14,4330.92,44.7,193582.79,91183.6,14.0,18.36,VIOLATED: Exceeds max price increase limit (+10.0%); Exceeds max competitor premium (+5.0%),False
PROD_13,Digital Touchscreen Air Fryer 4.5L,Home & Kitchen,STORE_04,Kolkata City Center,East,3799.05,3659.21,2290.92,15,4368.91,44.7,195280.86,92881.67,15.0,19.39,VIOLATED: Exceeds max price increase limit (+10.0%); Exceeds max competitor premium (+5.0%),False
PROD_14,High-Speed Smoothie Blender 900W,Home & Kitchen,STORE_01,Delhi Flagship Metro,North,2155.02,2291.03,1275.7,-15,1831.77,73.76,135108.42,41014.83,-15.0,-20.05,VIOLATED: Exceeds max price decrease limit (-10.0%),False
PROD_14,High-Speed Smoothie Blender 900W,Home & Kitchen,STORE_01,Delhi Flagship Metro,North,2155.02,2291.03,1275.7,-14,1853.32,74.1,137335.48,42803.04,-14.0,-19.11,VIOLATED: Exceeds max price decrease limit (-10.0%),False
PROD_14,High-Speed Smoothie Blender 900W,Home & Kitchen,STORE_01,Delhi Flagship Metro,North,2155.02,2291.03,1275.7,-13,1874.87,74.1,138932.38,44399.94,-13.0,-18.16,VIOLATED: Exceeds max price decrease limit (-10.0%),False
PROD_14,High-Speed Smoothie Blender 900W,Home & Kitchen,STORE_01,Delhi Flagship Metro,North,2155.02,2291.03,1275.7,-12,1896.42,72.47,137439.23,44985.43,-12.0,-17.22,VIOLATED: Exceeds max price decrease limit (-10.0%),False
PROD_14,High-Speed Smoothie Blender 900W,Home & Kitchen,STORE_01,Delhi Flagship Metro,North,2155.02,2291.03,1275.7,-11,1917.97,69.2,132716.08,44442.59,-11.0,-16.28,VIOLATED: Exceeds max price decrease limit (-10.0%),False
PROD_14,High-Speed Smoothie Blender 900W,Home & Kitchen,STORE_01,Delhi Flagship Metro,North,2155.02,2291.03,1275.7,-10,1939.52,69.2,134207.26,45933.77,-10.0,-15.34,PASSED,True
PROD_14,High-Speed Smoothie Blender 900W,Home & Kitchen,STORE_01,Delhi Flagship Metro,North,2155.02,2291.03,1275.7,-9,1961.07,68.91,135128.56,47225.78,-9.0,-14.4,PASSED,True
PROD_14,High-Speed Smoothie Blender 900W,Home & Kitchen,STORE_01,Delhi Flagship Metro,North,2155.02,2291.03,1275.7,-8,1982.62,68.54,135880.05,48449.19,-8.0,-13.46,PASSED,True
PROD_14,High-Speed Smoothie Blender 900W,Home & Kitchen,STORE_01,Delhi Flagship Metro,North,2155.02,2291.03,1275.7,-7,2004.17,68.54,137356.99,49926.13,-7.0,-12.52,PASSED,True
PROD_14,High-Speed Smoothie Blender 900W,Home & Kitchen,STORE_01,Delhi Flagship Metro,North,2155.02,2291.03,1275.7,-6,2025.72,68.49,138738.82,51367.85,-6.0,-11.58,PASSED,True
PROD_14,High-Speed Smoothie Blender 900W,Home & Kitchen,STORE_01,Delhi Flagship Metro,North,2155.02,2291.03,1275.7,-5,2047.27,67.03,137218.56,51714.59,-5.0,-10.64,PASSED,True
PROD_14,High-Speed Smoothie Blender 900W,Home & Kitchen,STORE_01,Delhi Flagship Metro,North,2155.02,2291.03,1275.7,-4,2068.82,66.67,137936.72,52880.57,-4.0,-9.7,PASSED,True
PROD_14,High-Speed Smoothie Blender 900W,Home & Kitchen,STORE_01,Delhi Flagship Metro,North,2155.02,2291.03,1275.7,-3,2090.37,66.38,138754.64,54076.19,-3.0,-8.76,PASSED,True
PROD_14,High-Speed Smoothie Blender 900W,Home & Kitchen,STORE_01,Delhi Flagship Metro,North,2155.02,2291.03,1275.7,-2,2111.92,66.38,140185.09,55506.64,-2.0,-7.82,PASSED,True
PROD_14,High-Speed Smoothie Blender 900W,Home & Kitchen,STORE_01,Delhi Flagship Metro,North,2155.02,2291.03,1275.7,-1,2133.47,66.4,141670.55,56959.2,-1.0,-6.88,PASSED,True
PROD_14,High-Speed Smoothie Blender 900W,Home & Kitchen,STORE_01,Delhi Flagship Metro,North,2155.02,2291.03,1275.7,0,2155.02,66.4,143101.55,58390.2,0.0,-5.94,PASSED,True
PROD_14,High-Speed Smoothie Blender 900W,Home & Kitchen,STORE_01,Delhi Flagship Metro,North,2155.02,2291.03,1275.7,1,2176.57,66.4,144532.55,59821.2,1.0,-5.0,PASSED,True
PROD_14,High-Speed Smoothie Blender 900W,Home & Kitchen,STORE_01,Delhi Flagship Metro,North,2155.02,2291.03,1275.7,2,2198.12,66.46,146089.99,61305.27,2.0,-4.06,PASSED,True
PROD_14,High-Speed Smoothie Blender 900W,Home & Kitchen,STORE_01,Delhi Flagship Metro,North,2155.02,2291.03,1275.7,3,2219.67,66.46,147522.23,62737.51,3.0,-3.11,PASSED,True
PROD_14,High-Speed Smoothie Blender 900W,Home & Kitchen,STORE_01,Delhi Flagship Metro,North,2155.02,2291.03,1275.7,4,2241.22,66.46,148954.47,64169.75,4.0,-2.17,PASSED,True
PROD_14,High-Speed Smoothie Blender 900W,Home & Kitchen,STORE_01,Delhi Flagship Metro,North,2155.02,2291.03,1275.7,5,2262.77,66.46,150386.71,65601.99,5.0,-1.23,PASSED,True
PROD_14,High-Speed Smoothie Blender 900W,Home & Kitchen,STORE_01,Delhi Flagship Metro,North,2155.02,2291.03,1275.7,6,2284.32,66.46,151818.96,67034.24,6.0,-0.29,PASSED,True
PROD_14,High-Speed Smoothie Blender 900W,Home & Kitchen,STORE_01,Delhi Flagship Metro,North,2155.02,2291.03,1275.7,7,2305.87,66.46,153251.2,68466.48,7.0,0.65,PASSED,True
PROD_14,High-Speed Smoothie Blender 900W,Home & Kitchen,STORE_01,Delhi Flagship Metro,North,2155.02,2291.03,1275.7,8,2327.42,66.29,154287.0,69719.57,8.0,1.59,PASSED,True
PROD_14,High-Speed Smoothie Blender 900W,Home & Kitchen,STORE_01,Delhi Flagship Metro,North,2155.02,2291.03,1275.7,9,2348.97,66.31,155766.99,71171.64,9.0,2.53,PASSED,True
PROD_14,High-Speed Smoothie Blender 900W,Home & Kitchen,STORE_01,Delhi Flagship Metro,North,2155.02,2291.03,1275.7,10,2370.52,66.31,157196.03,72600.68,10.0,3.47,PASSED,True
PROD_14,High-Speed Smoothie Blender 900W,Home & Kitchen,STORE_01,Delhi Flagship Metro,North,2155.02,2291.03,1275.7,11,2392.07,66.26,158504.18,73973.3,11.0,4.41,VIOLATED: Exceeds max price increase limit (+10.0%),False
PROD_14,High-Speed Smoothie Blender 900W,Home & Kitchen,STORE_01,Delhi Flagship Metro,North,2155.02,2291.03,1275.7,12,2413.62,66.15,159667.89,75276.67,12.0,5.35,VIOLATED: Exceeds max price increase limit (+10.0%); Exceeds max competitor premium (+5.0%),False
PROD_14,High-Speed Smoothie Blender 900W,Home & Kitchen,STORE_01,Delhi Flagship Metro,North,2155.02,2291.03,1275.7,13,2435.17,65.48,159463.19,75926.03,13.0,6.29,VIOLATED: Exceeds max price increase limit (+10.0%); Exceeds max competitor premium (+5.0%),False
PROD_14,High-Speed Smoothie Blender 900W,Home & Kitchen,STORE_01,Delhi Flagship Metro,North,2155.02,2291.03,1275.7,14,2456.72,65.48,160874.36,77337.2,14.0,7.23,VIOLATED: Exceeds max price increase limit (+10.0%); Exceeds max competitor premium (+5.0%),False
PROD_14,High-Speed Smoothie Blender 900W,Home & Kitchen,STORE_01,Delhi Flagship Metro,North,2155.02,2291.03,1275.7,15,2478.27,65.48,162285.52,78748.36,15.0,8.17,VIOLATED: Exceeds max price increase limit (+10.0%); Exceeds max competitor premium (+5.0%),False
PROD_14,High-Speed Smoothie Blender 900W,Home & Kitchen,STORE_02,Bengaluru Tech Park Store,South,2089.05,2259.91,1275.7,-15,1775.69,103.59,183951.97,51796.28,-15.0,-21.43,VIOLATED: Exceeds max price decrease limit (-10.0%),False
PROD_14,High-Speed Smoothie Blender 900W,Home & Kitchen,STORE_02,Bengaluru Tech Park Store,South,2089.05,2259.91,1275.7,-14,1796.58,102.09,183420.08,53178.73,-14.0,-20.5,VIOLATED: Exceeds max price decrease limit (-10.0%),False
PROD_14,High-Speed Smoothie Blender 900W,Home & Kitchen,STORE_02,Bengaluru Tech Park Store,South,2089.05,2259.91,1275.7,-13,1817.47,102.44,186178.05,55497.85,-13.0,-19.58,VIOLATED: Exceeds max price decrease limit (-10.0%),False
PROD_14,High-Speed Smoothie Blender 900W,Home & Kitchen,STORE_02,Bengaluru Tech Park Store,South,2089.05,2259.91,1275.7,-12,1838.36,102.44,188317.98,57637.78,-12.0,-18.65,VIOLATED: Exceeds max price decrease limit (-10.0%),False
PROD_14,High-Speed Smoothie Blender 900W,Home & Kitchen,STORE_02,Bengaluru Tech Park Store,South,2089.05,2259.91,1275.7,-11,1859.25,96.73,179843.05,56446.1,-11.0,-17.73,VIOLATED: Exceeds max price decrease limit (-10.0%),False
PROD_14,High-Speed Smoothie Blender 900W,Home & Kitchen,STORE_02,Bengaluru Tech Park Store,South,2089.05,2259.91,1275.7,-10,1880.15,96.21,180897.25,58156.71,-10.0,-16.8,PASSED,True
PROD_14,High-Speed Smoothie Blender 900W,Home & Kitchen,STORE_02,Bengaluru Tech Park Store,South,2089.05,2259.91,1275.7,-9,1901.04,92.11,175104.13,57599.85,-9.0,-15.88,PASSED,True
PROD_14,High-Speed Smoothie Blender 900W,Home & Kitchen,STORE_02,Bengaluru Tech Park Store,South,2089.05,2259.91,1275.7,-8,1921.93,91.87,176576.75,59372.19,-8.0,-14.96,PASSED,True
PROD_14,High-Speed Smoothie Blender 900W,Home & Kitchen,STORE_02,Bengaluru Tech Park Store,South,2089.05,2259.91,1275.7,-7,1942.82,91.87,178496.01,61291.45,-7.0,-14.03,PASSED,True
PROD_14,High-Speed Smoothie Blender 900W,Home & Kitchen,STORE_02,Bengaluru Tech Park Store,South,2089.05,2259.91,1275.7,-6,1963.71,91.87,180415.27,63210.71,-6.0,-13.11,PASSED,True
PROD_14,High-Speed Smoothie Blender 900W,Home & Kitchen,STORE_02,Bengaluru Tech Park Store,South,2089.05,2259.91,1275.7,-5,1984.6,90.69,179980.31,64289.05,-5.0,-12.18,PASSED,True
PROD_14,High-Speed Smoothie Blender 900W,Home & Kitchen,STORE_02,Bengaluru Tech Park Store,South,2089.05,2259.91,1275.7,-4,2005.49,89.85,180187.66,65569.59,-4.0,-11.26,PASSED,True
PROD_14,High-Speed Smoothie Blender 900W,Home & Kitchen,STORE_02,Bengaluru Tech Park Store,South,2089.05,2259.91,1275.7,-3,2026.38,89.16,180669.13,66929.55,-3.0,-10.33,PASSED,True
PROD_14,High-Speed Smoothie Blender 900W,Home & Kitchen,STORE_02,Bengaluru Tech Park Store,South,2089.05,2259.91,1275.7,-2,2047.27,88.17,180506.9,68028.99,-2.0,-9.41,PASSED,True
PROD_14,High-Speed Smoothie Blender 900W,Home & Kitchen,STORE_02,Bengaluru Tech Park Store,South,2089.05,2259.91,1275.7,-1,2068.16,87.82,181633.81,69596.9,-1.0,-8.48,PASSED,True
PROD_14,High-Speed Smoothie Blender 900W,Home & Kitchen,STORE_02,Bengaluru Tech Park Store,South,2089.05,2259.91,1275.7,0,2089.05,87.75,183322.57,71374.75,0.0,-7.56,PASSED,True
PROD_14,High-Speed Smoothie Blender 900W,Home & Kitchen,STORE_02,Bengaluru Tech Park Store,South,2089.05,2259.91,1275.7,1,2109.94,87.75,185155.75,73207.93,1.0,-6.64,PASSED,True
PROD_14,High-Speed Smoothie Blender 900W,Home & Kitchen,STORE_02,Bengaluru Tech Park Store,South,2089.05,2259.91,1275.7,2,2130.83,87.75,186988.93,75041.11,2.0,-5.71,PASSED,True
PROD_14,High-Speed Smoothie Blender 900W,Home & Kitchen,STORE_02,Bengaluru Tech Park Store,South,2089.05,2259.91,1275.7,3,2151.72,87.74,188791.14,76861.68,3.0,-4.79,PASSED,True
PROD_14,High-Speed Smoothie Blender 900W,Home & Kitchen,STORE_02,Bengaluru Tech Park Store,South,2089.05,2259.91,1275.7,4,2172.61,87.53,190170.26,78507.24,4.0,-3.86,PASSED,True
PROD_14,High-Speed Smoothie Blender 900W,Home & Kitchen,STORE_02,Bengaluru Tech Park Store,South,2089.05,2259.91,1275.7,5,2193.5,87.53,191998.78,80335.76,5.0,-2.94,PASSED,True
PROD_14,High-Speed Smoothie Blender 900W,Home & Kitchen,STORE_02,Bengaluru Tech Park Store,South,2089.05,2259.91,1275.7,6,2214.39,87.49,193738.34,82126.56,6.0,-2.01,PASSED,True
PROD_14,High-Speed Smoothie Blender 900W,Home & Kitchen,STORE_02,Bengaluru Tech Park Store,South,2089.05,2259.91,1275.7,7,2235.28,87.49,195566.02,83954.24,7.0,-1.09,PASSED,True
PROD_14,High-Speed Smoothie Blender 900W,Home & Kitchen,STORE_02,Bengaluru Tech Park Store,South,2089.05,2259.91,1275.7,8,2256.17,87.2,196732.56,85494.61,8.0,-0.17,PASSED,True
PROD_14,High-Speed Smoothie Blender 900W,Home & Kitchen,STORE_02,Bengaluru Tech Park Store,South,2089.05,2259.91,1275.7,9,2277.06,87.2,198554.12,87316.17,9.0,0.76,PASSED,True
PROD_14,High-Speed Smoothie Blender 900W,Home & Kitchen,STORE_02,Bengaluru Tech Park Store,South,2089.05,2259.91,1275.7,10,2297.96,87.77,201699.32,89727.04,10.0,1.68,VIOLATED: Exceeds max price increase limit (+10.0%),False
PROD_14,High-Speed Smoothie Blender 900W,Home & Kitchen,STORE_02,Bengaluru Tech Park Store,South,2089.05,2259.91,1275.7,11,2318.85,87.97,203995.13,91768.56,11.0,2.61,VIOLATED: Exceeds max price increase limit (+10.0%),False
PROD_14,High-Speed Smoothie Blender 900W,Home & Kitchen,STORE_02,Bengaluru Tech Park Store,South,2089.05,2259.91,1275.7,12,2339.74,87.97,205832.87,93606.3,12.0,3.53,VIOLATED: Exceeds max price increase limit (+10.0%),False
PROD_14,High-Speed Smoothie Blender 900W,Home & Kitchen,STORE_02,Bengaluru Tech Park Store,South,2089.05,2259.91,1275.7,13,2360.63,87.92,207551.32,95389.22,13.0,4.46,VIOLATED: Exceeds max price increase limit (+10.0%),False
PROD_14,High-Speed Smoothie Blender 900W,Home & Kitchen,STORE_02,Bengaluru Tech Park Store,South,2089.05,2259.91,1275.7,14,2381.52,87.86,209231.15,97153.07,14.0,5.38,VIOLATED: Exceeds max price increase limit (+10.0%); Exceeds max competitor premium (+5.0%),False
PROD_14,High-Speed Smoothie Blender 900W,Home & Kitchen,STORE_02,Bengaluru Tech Park Store,South,2089.05,2259.91,1275.7,15,2402.41,87.57,210384.25,98668.44,15.0,6.31,VIOLATED: Exceeds max price increase limit (+10.0%); Exceeds max competitor premium (+5.0%),False
PROD_14,High-Speed Smoothie Blender 900W,Home & Kitchen,STORE_03,Mumbai High Street Mall,West,2199.0,2178.08,1275.7,-15,1869.15,68.59,128199.56,40703.01,-15.0,-14.18,VIOLATED: Exceeds max price decrease limit (-10.0%),False
PROD_14,High-Speed Smoothie Blender 900W,Home & Kitchen,STORE_03,Mumbai High Street Mall,West,2199.0,2178.08,1275.7,-14,1891.14,68.59,129707.79,42211.24,-14.0,-13.17,VIOLATED: Exceeds max price decrease limit (-10.0%),False
PROD_14,High-Speed Smoothie Blender 900W,Home & Kitchen,STORE_03,Mumbai High Street Mall,West,2199.0,2178.08,1275.7,-13,1913.13,66.26,126766.32,42236.89,-13.0,-12.16,VIOLATED: Exceeds max price decrease limit (-10.0%),False
PROD_14,High-Speed Smoothie Blender 900W,Home & Kitchen,STORE_03,Mumbai High Street Mall,West,2199.0,2178.08,1275.7,-12,1935.12,66.45,128583.21,43816.58,-12.0,-11.15,VIOLATED: Exceeds max price decrease limit (-10.0%),False
PROD_14,High-Speed Smoothie Blender 900W,Home & Kitchen,STORE_03,Mumbai High Street Mall,West,2199.0,2178.08,1275.7,-11,1957.11,65.57,128322.82,44678.35,-11.0,-10.15,VIOLATED: Exceeds max price decrease limit (-10.0%),False
PROD_14,High-Speed Smoothie Blender 900W,Home & Kitchen,STORE_03,Mumbai High Street Mall,West,2199.0,2178.08,1275.7,-10,1979.1,65.4,129440.32,46004.91,-10.0,-9.14,VIOLATED: Exceeds max price decrease limit (-10.0%),False
PROD_14,High-Speed Smoothie Blender 900W,Home & Kitchen,STORE_03,Mumbai High Street Mall,West,2199.0,2178.08,1275.7,-9,2001.09,64.9,129873.75,47078.9,-9.0,-8.13,PASSED,True
PROD_14,High-Speed Smoothie Blender 900W,Home & Kitchen,STORE_03,Mumbai High Street Mall,West,2199.0,2178.08,1275.7,-8,2023.08,64.9,131300.94,48506.09,-8.0,-7.12,PASSED,True
PROD_14,High-Speed Smoothie Blender 900W,Home & Kitchen,STORE_03,Mumbai High Street Mall,West,2199.0,2178.08,1275.7,-7,2045.07,64.9,132728.12,49933.27,-7.0,-6.11,PASSED,True
PROD_14,High-Speed Smoothie Blender 900W,Home & Kitchen,STORE_03,Mumbai High Street Mall,West,2199.0,2178.08,1275.7,-6,2067.06,64.9,134155.3,51360.45,-6.0,-5.1,PASSED,True
PROD_14,High-Speed Smoothie Blender 900W,Home & Kitchen,STORE_03,Mumbai High Street Mall,West,2199.0,2178.08,1275.7,-5,2089.05,64.81,135398.58,52716.04,-5.0,-4.09,PASSED,True
PROD_14,High-Speed Smoothie Blender 900W,Home & Kitchen,STORE_03,Mumbai High Street Mall,West,2199.0,2178.08,1275.7,-4,2111.04,64.91,137017.84,54218.06,-4.0,-3.08,PASSED,True
PROD_14,High-Speed Smoothie Blender 900W,Home & Kitchen,STORE_03,Mumbai High Street Mall,West,2199.0,2178.08,1275.7,-3,2133.03,64.91,138445.11,55645.33,-3.0,-2.07,PASSED,True
PROD_14,High-Speed Smoothie Blender 900W,Home & Kitchen,STORE_03,Mumbai High Street Mall,West,2199.0,2178.08,1275.7,-2,2155.02,64.91,139872.38,57072.6,-2.0,-1.06,PASSED,True
PROD_14,High-Speed Smoothie Blender 900W,Home & Kitchen,STORE_03,Mumbai High Street Mall,West,2199.0,2178.08,1275.7,-1,2177.01,64.91,141299.65,58499.87,-1.0,-0.05,PASSED,True
PROD_14,High-Speed Smoothie Blender 900W,Home & Kitchen,STORE_03,Mumbai High Street Mall,West,2199.0,2178.08,1275.7,0,2199.0,64.91,142726.91,59927.13,0.0,0.96,PASSED,True
PROD_14,High-Speed Smoothie Blender 900W,Home & Kitchen,STORE_03,Mumbai High Street Mall,West,2199.0,2178.08,1275.7,1,2220.99,64.73,143763.42,61188.08,1.0,1.97,PASSED,True
PROD_14,High-Speed Smoothie Blender 900W,Home & Kitchen,STORE_03,Mumbai High Street Mall,West,2199.0,2178.08,1275.7,2,2242.98,64.75,145235.92,62632.66,2.0,2.98,PASSED,True
PROD_14,High-Speed Smoothie Blender 900W,Home & Kitchen,STORE_03,Mumbai High Street Mall,West,2199.0,2178.08,1275.7,3,2264.97,64.76,146677.94,64064.46,3.0,3.99,PASSED,True
PROD_14,High-Speed Smoothie Blender 900W,Home & Kitchen,STORE_03,Mumbai High Street Mall,West,2199.0,2178.08,1275.7,4,2286.96,64.42,147322.92,65144.02,4.0,5.0,PASSED,True
PROD_14,High-Speed Smoothie Blender 900W,Home & Kitchen,STORE_03,Mumbai High Street Mall,West,2199.0,2178.08,1275.7,5,2308.95,63.66,146990.66,65777.99,5.0,6.01,VIOLATED: Exceeds max competitor premium (+5.0%),False
PROD_14,High-Speed Smoothie Blender 900W,Home & Kitchen,STORE_03,Mumbai High Street Mall,West,2199.0,2178.08,1275.7,6,2330.94,63.66,148390.57,67177.9,6.0,7.02,VIOLATED: Exceeds max competitor premium (+5.0%),False
PROD_14,High-Speed Smoothie Blender 900W,Home & Kitchen,STORE_03,Mumbai High Street Mall,West,2199.0,2178.08,1275.7,7,2352.93,63.66,149790.49,68577.82,7.0,8.03,VIOLATED: Exceeds max competitor premium (+5.0%),False
PROD_14,High-Speed Smoothie Blender 900W,Home & Kitchen,STORE_03,Mumbai High Street Mall,West,2199.0,2178.08,1275.7,8,2374.92,63.66,151190.4,69977.73,8.0,9.04,VIOLATED: Exceeds max competitor premium (+5.0%),False
PROD_14,High-Speed Smoothie Blender 900W,Home & Kitchen,STORE_03,Mumbai High Street Mall,West,2199.0,2178.08,1275.7,9,2396.91,62.94,150867.84,70571.92,9.0,10.05,VIOLATED: Exceeds max competitor premium (+5.0%),False
PROD_14,High-Speed Smoothie Blender 900W,Home & Kitchen,STORE_03,Mumbai High Street Mall,West,2199.0,2178.08,1275.7,10,2418.9,62.94,152251.95,71956.03,10.0,11.06,VIOLATED: Exceeds max price increase limit (+10.0%); Exceeds max competitor premium (+5.0%),False
PROD_14,High-Speed Smoothie Blender 900W,Home & Kitchen,STORE_03,Mumbai High Street Mall,West,2199.0,2178.08,1275.7,11,2440.89,62.94,153636.06,73340.14,11.0,12.07,VIOLATED: Exceeds max price increase limit (+10.0%); Exceeds max competitor premium (+5.0%),False
PROD_14,High-Speed Smoothie Blender 900W,Home & Kitchen,STORE_03,Mumbai High Street Mall,West,2199.0,2178.08,1275.7,12,2462.88,62.94,155020.17,74724.25,12.0,13.08,VIOLATED: Exceeds max price increase limit (+10.0%); Exceeds max competitor premium (+5.0%),False
PROD_14,High-Speed Smoothie Blender 900W,Home & Kitchen,STORE_03,Mumbai High Street Mall,West,2199.0,2178.08,1275.7,13,2484.87,62.94,156404.27,76108.35,13.0,14.09,VIOLATED: Exceeds max price increase limit (+10.0%); Exceeds max competitor premium (+5.0%),False
PROD_14,High-Speed Smoothie Blender 900W,Home & Kitchen,STORE_03,Mumbai High Street Mall,West,2199.0,2178.08,1275.7,14,2506.86,62.94,157788.38,77492.46,14.0,15.09,VIOLATED: Exceeds max price increase limit (+10.0%); Exceeds max competitor premium (+5.0%),False
PROD_14,High-Speed Smoothie Blender 900W,Home & Kitchen,STORE_03,Mumbai High Street Mall,West,2199.0,2178.08,1275.7,15,2528.85,62.94,159172.49,78876.57,15.0,16.1,VIOLATED: Exceeds max price increase limit (+10.0%); Exceeds max competitor premium (+5.0%),False
PROD_14,High-Speed Smoothie Blender 900W,Home & Kitchen,STORE_04,Kolkata City Center,East,2199.0,2077.3,1275.7,-15,1869.15,41.73,77997.23,24763.9,-15.0,-10.02,VIOLATED: Exceeds max price decrease limit (-10.0%),False
PROD_14,High-Speed Smoothie Blender 900W,Home & Kitchen,STORE_04,Kolkata City Center,East,2199.0,2077.3,1275.7,-14,1891.14,41.93,79304.5,25808.33,-14.0,-8.96,VIOLATED: Exceeds max price decrease limit (-10.0%),False
PROD_14,High-Speed Smoothie Blender 900W,Home & Kitchen,STORE_04,Kolkata City Center,East,2199.0,2077.3,1275.7,-13,1913.13,40.92,78283.19,26082.94,-13.0,-7.9,VIOLATED: Exceeds max price decrease limit (-10.0%),False
PROD_14,High-Speed Smoothie Blender 900W,Home & Kitchen,STORE_04,Kolkata City Center,East,2199.0,2077.3,1275.7,-12,1935.12,40.92,79183.0,26982.75,-12.0,-6.84,VIOLATED: Exceeds max price decrease limit (-10.0%),False
PROD_14,High-Speed Smoothie Blender 900W,Home & Kitchen,STORE_04,Kolkata City Center,East,2199.0,2077.3,1275.7,-11,1957.11,40.92,80082.8,27882.55,-11.0,-5.79,VIOLATED: Exceeds max price decrease limit (-10.0%),False
PROD_14,High-Speed Smoothie Blender 900W,Home & Kitchen,STORE_04,Kolkata City Center,East,2199.0,2077.3,1275.7,-10,1979.1,40.84,80825.78,28726.62,-10.0,-4.73,VIOLATED: Exceeds max price decrease limit (-10.0%),False
PROD_14,High-Speed Smoothie Blender 900W,Home & Kitchen,STORE_04,Kolkata City Center,East,2199.0,2077.3,1275.7,-9,2001.09,40.88,81794.97,29650.46,-9.0,-3.67,PASSED,True
PROD_14,High-Speed Smoothie Blender 900W,Home & Kitchen,STORE_04,Kolkata City Center,East,2199.0,2077.3,1275.7,-8,2023.08,40.88,82693.82,30549.31,-8.0,-2.61,PASSED,True
PROD_14,High-Speed Smoothie Blender 900W,Home & Kitchen,STORE_04,Kolkata City Center,East,2199.0,2077.3,1275.7,-7,2045.07,40.84,83510.51,31417.25,-7.0,-1.55,PASSED,True
PROD_14,High-Speed Smoothie Blender 900W,Home & Kitchen,STORE_04,Kolkata City Center,East,2199.0,2077.3,1275.7,-6,2067.06,40.84,84408.47,32315.21,-6.0,-0.49,PASSED,True
PROD_14,High-Speed Smoothie Blender 900W,Home & Kitchen,STORE_04,Kolkata City Center,East,2199.0,2077.3,1275.7,-5,2089.05,40.84,85306.43,33213.17,-5.0,0.57,PASSED,True
PROD_14,High-Speed Smoothie Blender 900W,Home & Kitchen,STORE_04,Kolkata City Center,East,2199.0,2077.3,1275.7,-4,2111.04,40.86,86253.54,34130.59,-4.0,1.62,PASSED,True
PROD_14,High-Speed Smoothie Blender 900W,Home & Kitchen,STORE_04,Kolkata City Center,East,2199.0,2077.3,1275.7,-3,2133.03,40.88,87198.7,35047.82,-3.0,2.68,PASSED,True
PROD_14,High-Speed Smoothie Blender 900W,Home & Kitchen,STORE_04,Kolkata City Center,East,2199.0,2077.3,1275.7,-2,2155.02,40.88,88097.66,35946.78,-2.0,3.74,PASSED,True
PROD_14,High-Speed Smoothie Blender 900W,Home & Kitchen,STORE_04,Kolkata City Center,East,2199.0,2077.3,1275.7,-1,2177.01,40.36,87865.87,36377.6,-1.0,4.8,PASSED,True
PROD_14,High-Speed Smoothie Blender 900W,Home & Kitchen,STORE_04,Kolkata City Center,East,2199.0,2077.3,1275.7,0,2199.0,40.23,88458.43,37141.28,0.0,5.86,VIOLATED: Exceeds max competitor premium (+5.0%),False
PROD_14,High-Speed Smoothie Blender 900W,Home & Kitchen,STORE_04,Kolkata City Center,East,2199.0,2077.3,1275.7,1,2220.99,40.23,89343.01,38025.86,1.0,6.92,VIOLATED: Exceeds max competitor premium (+5.0%),False
PROD_14,High-Speed Smoothie Blender 900W,Home & Kitchen,STORE_04,Kolkata City Center,East,2199.0,2077.3,1275.7,2,2242.98,40.23,90227.6,38910.45,2.0,7.98,VIOLATED: Exceeds max competitor premium (+5.0%),False
PROD_14,High-Speed Smoothie Blender 900W,Home & Kitchen,STORE_04,Kolkata City Center,East,2199.0,2077.3,1275.7,3,2264.97,40.17,90986.27,39740.04,3.0,9.03,VIOLATED: Exceeds max competitor premium (+5.0%),False
PROD_14,High-Speed Smoothie Blender 900W,Home & Kitchen,STORE_04,Kolkata City Center,East,2199.0,2077.3,1275.7,4,2286.96,39.88,91195.7,40325.4,4.0,10.09,VIOLATED: Exceeds max competitor premium (+5.0%),False
PROD_14,High-Speed Smoothie Blender 900W,Home & Kitchen,STORE_04,Kolkata City Center,East,2199.0,2077.3,1275.7,5,2308.95,39.88,92072.58,41202.28,5.0,11.15,VIOLATED: Exceeds max competitor premium (+5.0%),False
PROD_14,High-Speed Smoothie Blender 900W,Home & Kitchen,STORE_04,Kolkata City Center,East,2199.0,2077.3,1275.7,6,2330.94,39.88,92949.46,42079.16,6.0,12.21,VIOLATED: Exceeds max competitor premium (+5.0%),False
PROD_14,High-Speed Smoothie Blender 900W,Home & Kitchen,STORE_04,Kolkata City Center,East,2199.0,2077.3,1275.7,7,2352.93,39.88,93826.34,42956.04,7.0,13.27,VIOLATED: Exceeds max competitor premium (+5.0%),False
PROD_14,High-Speed Smoothie Blender 900W,Home & Kitchen,STORE_04,Kolkata City Center,East,2199.0,2077.3,1275.7,8,2374.92,39.88,94703.22,43832.92,8.0,14.33,VIOLATED: Exceeds max competitor premium (+5.0%),False
PROD_14,High-Speed Smoothie Blender 900W,Home & Kitchen,STORE_04,Kolkata City Center,East,2199.0,2077.3,1275.7,9,2396.91,39.88,95580.11,44709.81,9.0,15.39,VIOLATED: Exceeds max competitor premium (+5.0%),False
PROD_14,High-Speed Smoothie Blender 900W,Home & Kitchen,STORE_04,Kolkata City Center,East,2199.0,2077.3,1275.7,10,2418.9,39.88,96456.99,45586.69,10.0,16.44,VIOLATED: Exceeds max price increase limit (+10.0%); Exceeds max competitor premium (+5.0%),False
PROD_14,High-Speed Smoothie Blender 900W,Home & Kitchen,STORE_04,Kolkata City Center,East,2199.0,2077.3,1275.7,11,2440.89,39.88,97333.87,46463.57,11.0,17.5,VIOLATED: Exceeds max price increase limit (+10.0%); Exceeds max competitor premium (+5.0%),False
PROD_14,High-Speed Smoothie Blender 900W,Home & Kitchen,STORE_04,Kolkata City Center,East,2199.0,2077.3,1275.7,12,2462.88,39.88,98210.75,47340.45,12.0,18.56,VIOLATED: Exceeds max price increase limit (+10.0%); Exceeds max competitor premium (+5.0%),False
PROD_14,High-Speed Smoothie Blender 900W,Home & Kitchen,STORE_04,Kolkata City Center,East,2199.0,2077.3,1275.7,13,2484.87,39.88,99087.63,48217.33,13.0,19.62,VIOLATED: Exceeds max price increase limit (+10.0%); Exceeds max competitor premium (+5.0%),False
PROD_14,High-Speed Smoothie Blender 900W,Home & Kitchen,STORE_04,Kolkata City Center,East,2199.0,2077.3,1275.7,14,2506.86,39.88,99964.51,49094.21,14.0,20.68,VIOLATED: Exceeds max price increase limit (+10.0%); Exceeds max competitor premium (+5.0%),False
PROD_14,High-Speed Smoothie Blender 900W,Home & Kitchen,STORE_04,Kolkata City Center,East,2199.0,2077.3,1275.7,15,2528.85,39.88,100841.4,49971.1,15.0,21.74,VIOLATED: Exceeds max price increase limit (+10.0%); Exceeds max competitor premium (+5.0%),False
PROD_15,Non-Stick Ceramic Cookware Set 3pc,Home & Kitchen,STORE_01,Delhi Flagship Metro,North,2239.2,2855.76,1615.57,-15,1903.32,88.03,167554.94,25331.5,-15.0,-33.35,VIOLATED: Exceeds max price decrease limit (-10.0%),False
PROD_15,Non-Stick Ceramic Cookware Set 3pc,Home & Kitchen,STORE_01,Delhi Flagship Metro,North,2239.2,2855.76,1615.57,-14,1925.71,88.03,169525.99,27302.55,-14.0,-32.57,VIOLATED: Exceeds max price decrease limit (-10.0%),False
PROD_15,Non-Stick Ceramic Cookware Set 3pc,Home & Kitchen,STORE_01,Delhi Flagship Metro,North,2239.2,2855.76,1615.57,-13,1948.1,88.03,171497.05,29273.61,-13.0,-31.78,VIOLATED: Exceeds max price decrease limit (-10.0%),False
PROD_15,Non-Stick Ceramic Cookware Set 3pc,Home & Kitchen,STORE_01,Delhi Flagship Metro,North,2239.2,2855.76,1615.57,-12,1970.5,88.03,173468.99,31245.55,-12.0,-31.0,VIOLATED: Exceeds max price decrease limit (-10.0%),False
PROD_15,Non-Stick Ceramic Cookware Set 3pc,Home & Kitchen,STORE_01,Delhi Flagship Metro,North,2239.2,2855.76,1615.57,-11,1992.89,88.03,175440.05,33216.61,-11.0,-30.22,VIOLATED: Exceeds max price decrease limit (-10.0%),False
PROD_15,Non-Stick Ceramic Cookware Set 3pc,Home & Kitchen,STORE_01,Delhi Flagship Metro,North,2239.2,2855.76,1615.57,-10,2015.28,88.03,177411.11,35187.67,-10.0,-29.43,PASSED,True
PROD_15,Non-Stick Ceramic Cookware Set 3pc,Home & Kitchen,STORE_01,Delhi Flagship Metro,North,2239.2,2855.76,1615.57,-9,2037.67,88.03,179382.17,37158.73,-9.0,-28.65,PASSED,True
PROD_15,Non-Stick Ceramic Cookware Set 3pc,Home & Kitchen,STORE_01,Delhi Flagship Metro,North,2239.2,2855.76,1615.57,-8,2060.06,88.03,181353.22,39129.78,-8.0,-27.86,PASSED,True
PROD_15,Non-Stick Ceramic Cookware Set 3pc,Home & Kitchen,STORE_01,Delhi Flagship Metro,North,2239.2,2855.76,1615.57,-7,2082.46,88.03,183325.16,41101.72,-7.0,-27.08,PASSED,True
PROD_15,Non-Stick Ceramic Cookware Set 3pc,Home & Kitchen,STORE_01,Delhi Flagship Metro,North,2239.2,2855.76,1615.57,-6,2104.85,88.03,185296.22,43072.78,-6.0,-26.29,PASSED,True
PROD_15,Non-Stick Ceramic Cookware Set 3pc,Home & Kitchen,STORE_01,Delhi Flagship Metro,North,2239.2,2855.76,1615.57,-5,2127.24,88.03,187267.28,45043.84,-5.0,-25.51,PASSED,True
PROD_15,Non-Stick Ceramic Cookware Set 3pc,Home & Kitchen,STORE_01,Delhi Flagship Metro,North,2239.2,2855.76,1615.57,-4,2149.63,85.14,183020.78,45470.19,-4.0,-24.73,PASSED,True
PROD_15,Non-Stick Ceramic Cookware Set 3pc,Home & Kitchen,STORE_01,Delhi Flagship Metro,North,2239.2,2855.76,1615.57,-3,2172.02,85.14,184927.07,47376.48,-3.0,-23.94,PASSED,True
PROD_15,Non-Stick Ceramic Cookware Set 3pc,Home & Kitchen,STORE_01,Delhi Flagship Metro,North,2239.2,2855.76,1615.57,-2,2194.42,83.96,184238.81,48599.01,-2.0,-23.16,PASSED,True
PROD_15,Non-Stick Ceramic Cookware Set 3pc,Home & Kitchen,STORE_01,Delhi Flagship Metro,North,2239.2,2855.76,1615.57,-1,2216.81,83.96,186118.63,50478.83,-1.0,-22.37,PASSED,True
PROD_15,Non-Stick Ceramic Cookware Set 3pc,Home & Kitchen,STORE_01,Delhi Flagship Metro,North,2239.2,2855.76,1615.57,0,2239.2,83.96,187998.45,52358.65,0.0,-21.59,PASSED,True
PROD_15,Non-Stick Ceramic Cookware Set 3pc,Home & Kitchen,STORE_01,Delhi Flagship Metro,North,2239.2,2855.76,1615.57,1,2261.59,81.03,183264.09,52349.13,1.0,-20.81,PASSED,True
PROD_15,Non-Stick Ceramic Cookware Set 3pc,Home & Kitchen,STORE_01,Delhi Flagship Metro,North,2239.2,2855.76,1615.57,2,2283.98,81.03,185078.42,54163.46,2.0,-20.02,PASSED,True
PROD_15,Non-Stick Ceramic Cookware Set 3pc,Home & Kitchen,STORE_01,Delhi Flagship Metro,North,2239.2,2855.76,1615.57,3,2306.38,81.03,186893.57,55978.61,3.0,-19.24,PASSED,True
PROD_15,Non-Stick Ceramic Cookware Set 3pc,Home & Kitchen,STORE_01,Delhi Flagship Metro,North,2239.2,2855.76,1615.57,4,2328.77,80.12,186582.76,57142.1,4.0,-18.45,PASSED,True
PROD_15,Non-Stick Ceramic Cookware Set 3pc,Home & Kitchen,STORE_01,Delhi Flagship Metro,North,2239.2,2855.76,1615.57,5,2351.16,80.12,188376.67,58936.01,5.0,-17.67,PASSED,True
PROD_15,Non-Stick Ceramic Cookware Set 3pc,Home & Kitchen,STORE_01,Delhi Flagship Metro,North,2239.2,2855.76,1615.57,6,2373.55,79.6,188928.6,60333.3,6.0,-16.89,PASSED,True
PROD_15,Non-Stick Ceramic Cookware Set 3pc,Home & Kitchen,STORE_01,Delhi Flagship Metro,North,2239.2,2855.76,1615.57,7,2395.94,79.6,190710.79,62115.49,7.0,-16.1,PASSED,True
PROD_15,Non-Stick Ceramic Cookware Set 3pc,Home & Kitchen,STORE_01,Delhi Flagship Metro,North,2239.2,2855.76,1615.57,8,2418.34,78.93,190879.67,63362.67,8.0,-15.32,PASSED,True
PROD_15,Non-Stick Ceramic Cookware Set 3pc,Home & Kitchen,STORE_01,Delhi Flagship Metro,North,2239.2,2855.76,1615.57,9,2440.73,78.93,192646.91,65129.91,9.0,-14.53,PASSED,True
PROD_15,Non-Stick Ceramic Cookware Set 3pc,Home & Kitchen,STORE_01,Delhi Flagship Metro,North,2239.2,2855.76,1615.57,10,2463.12,78.9,194350.47,66875.24,10.0,-13.75,VIOLATED: Exceeds max price increase limit (+10.0%),False
PROD_15,Non-Stick Ceramic Cookware Set 3pc,Home & Kitchen,STORE_01,Delhi Flagship Metro,North,2239.2,2855.76,1615.57,11,2485.51,78.9,196117.13,68641.9,11.0,-12.97,VIOLATED: Exceeds max price increase limit (+10.0%),False
PROD_15,Non-Stick Ceramic Cookware Set 3pc,Home & Kitchen,STORE_01,Delhi Flagship Metro,North,2239.2,2855.76,1615.57,12,2507.9,78.32,196411.69,69884.78,12.0,-12.18,VIOLATED: Exceeds max price increase limit (+10.0%),False
PROD_15,Non-Stick Ceramic Cookware Set 3pc,Home & Kitchen,STORE_01,Delhi Flagship Metro,North,2239.2,2855.76,1615.57,13,2530.3,77.22,195387.97,70634.8,13.0,-11.4,VIOLATED: Exceeds max price increase limit (+10.0%),False
PROD_15,Non-Stick Ceramic Cookware Set 3pc,Home & Kitchen,STORE_01,Delhi Flagship Metro,North,2239.2,2855.76,1615.57,14,2552.69,76.2,194507.61,71405.84,14.0,-10.61,VIOLATED: Exceeds max price increase limit (+10.0%),False
PROD_15,Non-Stick Ceramic Cookware Set 3pc,Home & Kitchen,STORE_01,Delhi Flagship Metro,North,2239.2,2855.76,1615.57,15,2575.08,76.2,196213.66,73111.89,15.0,-9.83,VIOLATED: Exceeds max price increase limit (+10.0%),False
PROD_15,Non-Stick Ceramic Cookware Set 3pc,Home & Kitchen,STORE_02,Bengaluru Tech Park Store,South,2687.04,2912.55,1615.57,-15,2283.98,50.07,114348.31,33464.2,-15.0,-21.58,VIOLATED: Exceeds max price decrease limit (-10.0%),False
PROD_15,Non-Stick Ceramic Cookware Set 3pc,Home & Kitchen,STORE_02,Bengaluru Tech Park Store,South,2687.04,2912.55,1615.57,-14,2310.85,48.35,111723.56,33614.97,-14.0,-20.66,VIOLATED: Exceeds max price decrease limit (-10.0%),False
PROD_15,Non-Stick Ceramic Cookware Set 3pc,Home & Kitchen,STORE_02,Bengaluru Tech Park Store,South,2687.04,2912.55,1615.57,-13,2337.72,48.69,113826.85,35162.49,-13.0,-19.74,VIOLATED: Exceeds max price decrease limit (-10.0%),False
PROD_15,Non-Stick Ceramic Cookware Set 3pc,Home & Kitchen,STORE_02,Bengaluru Tech Park Store,South,2687.04,2912.55,1615.57,-12,2364.6,48.69,115135.67,36471.31,-12.0,-18.81,VIOLATED: Exceeds max price decrease limit (-10.0%),False
PROD_15,Non-Stick Ceramic Cookware Set 3pc,Home & Kitchen,STORE_02,Bengaluru Tech Park Store,South,2687.04,2912.55,1615.57,-11,2391.47,48.69,116444.01,37779.65,-11.0,-17.89,VIOLATED: Exceeds max price decrease limit (-10.0%),False
PROD_15,Non-Stick Ceramic Cookware Set 3pc,Home & Kitchen,STORE_02,Bengaluru Tech Park Store,South,2687.04,2912.55,1615.57,-10,2418.34,48.69,117752.35,39087.99,-10.0,-16.97,PASSED,True
PROD_15,Non-Stick Ceramic Cookware Set 3pc,Home & Kitchen,STORE_02,Bengaluru Tech Park Store,South,2687.04,2912.55,1615.57,-9,2445.21,48.69,119060.69,40396.33,-9.0,-16.05,PASSED,True
PROD_15,Non-Stick Ceramic Cookware Set 3pc,Home & Kitchen,STORE_02,Bengaluru Tech Park Store,South,2687.04,2912.55,1615.57,-8,2472.08,48.4,119650.64,41455.77,-8.0,-15.12,PASSED,True
PROD_15,Non-Stick Ceramic Cookware Set 3pc,Home & Kitchen,STORE_02,Bengaluru Tech Park Store,South,2687.04,2912.55,1615.57,-7,2498.95,48.4,120951.17,42756.3,-7.0,-14.2,PASSED,True
PROD_15,Non-Stick Ceramic Cookware Set 3pc,Home & Kitchen,STORE_02,Bengaluru Tech Park Store,South,2687.04,2912.55,1615.57,-6,2525.82,48.4,122251.7,44056.83,-6.0,-13.28,PASSED,True
PROD_15,Non-Stick Ceramic Cookware Set 3pc,Home & Kitchen,STORE_02,Bengaluru Tech Park Store,South,2687.04,2912.55,1615.57,-5,2552.69,48.4,123552.23,45357.36,-5.0,-12.36,PASSED,True
PROD_15,Non-Stick Ceramic Cookware Set 3pc,Home & Kitchen,STORE_02,Bengaluru Tech Park Store,South,2687.04,2912.55,1615.57,-4,2579.56,49.48,127640.9,47699.82,-4.0,-11.43,PASSED,True
PROD_15,Non-Stick Ceramic Cookware Set 3pc,Home & Kitchen,STORE_02,Bengaluru Tech Park Store,South,2687.04,2912.55,1615.57,-3,2606.43,48.73,126998.54,48279.75,-3.0,-10.51,PASSED,True
PROD_15,Non-Stick Ceramic Cookware Set 3pc,Home & Kitchen,STORE_02,Bengaluru Tech Park Store,South,2687.04,2912.55,1615.57,-2,2633.3,48.71,128260.16,49570.58,-2.0,-9.59,PASSED,True
PROD_15,Non-Stick Ceramic Cookware Set 3pc,Home & Kitchen,STORE_02,Bengaluru Tech Park Store,South,2687.04,2912.55,1615.57,-1,2660.17,48.71,129568.91,50879.33,-1.0,-8.67,PASSED,True
PROD_15,Non-Stick Ceramic Cookware Set 3pc,Home & Kitchen,STORE_02,Bengaluru Tech Park Store,South,2687.04,2912.55,1615.57,0,2687.04,48.64,130690.02,52113.27,0.0,-7.74,PASSED,True
PROD_15,Non-Stick Ceramic Cookware Set 3pc,Home & Kitchen,STORE_02,Bengaluru Tech Park Store,South,2687.04,2912.55,1615.57,1,2713.91,48.64,131996.9,53420.15,1.0,-6.82,PASSED,True
PROD_15,Non-Stick Ceramic Cookware Set 3pc,Home & Kitchen,STORE_02,Bengaluru Tech Park Store,South,2687.04,2912.55,1615.57,2,2740.78,48.64,133303.78,54727.03,2.0,-5.9,PASSED,True
PROD_15,Non-Stick Ceramic Cookware Set 3pc,Home & Kitchen,STORE_02,Bengaluru Tech Park Store,South,2687.04,2912.55,1615.57,3,2767.65,48.64,134610.66,56033.91,3.0,-4.98,PASSED,True
PROD_15,Non-Stick Ceramic Cookware Set 3pc,Home & Kitchen,STORE_02,Bengaluru Tech Park Store,South,2687.04,2912.55,1615.57,4,2794.52,48.65,135955.48,57356.8,4.0,-4.05,PASSED,True
PROD_15,Non-Stick Ceramic Cookware Set 3pc,Home & Kitchen,STORE_02,Bengaluru Tech Park Store,South,2687.04,2912.55,1615.57,5,2821.39,48.65,137262.73,58664.05,5.0,-3.13,PASSED,True
PROD_15,Non-Stick Ceramic Cookware Set 3pc,Home & Kitchen,STORE_02,Bengaluru Tech Park Store,South,2687.04,2912.55,1615.57,6,2848.26,48.61,138455.55,59921.77,6.0,-2.21,PASSED,True
PROD_15,Non-Stick Ceramic Cookware Set 3pc,Home & Kitchen,STORE_02,Bengaluru Tech Park Store,South,2687.04,2912.55,1615.57,7,2875.13,48.61,139761.72,61227.94,7.0,-1.28,PASSED,True
PROD_15,Non-Stick Ceramic Cookware Set 3pc,Home & Kitchen,STORE_02,Bengaluru Tech Park Store,South,2687.04,2912.55,1615.57,8,2902.0,48.61,141067.88,62534.1,8.0,-0.36,PASSED,True
PROD_15,Non-Stick Ceramic Cookware Set 3pc,Home & Kitchen,STORE_02,Bengaluru Tech Park Store,South,2687.04,2912.55,1615.57,9,2928.87,48.61,142374.05,63840.27,9.0,0.56,PASSED,True
PROD_15,Non-Stick Ceramic Cookware Set 3pc,Home & Kitchen,STORE_02,Bengaluru Tech Park Store,South,2687.04,2912.55,1615.57,10,2955.74,48.31,142780.74,64738.6,10.0,1.48,PASSED,True
PROD_15,Non-Stick Ceramic Cookware Set 3pc,Home & Kitchen,STORE_02,Bengaluru Tech Park Store,South,2687.04,2912.55,1615.57,11,2982.61,48.63,145039.03,66476.73,11.0,2.41,VIOLATED: Exceeds max price increase limit (+10.0%),False
PROD_15,Non-Stick Ceramic Cookware Set 3pc,Home & Kitchen,STORE_02,Bengaluru Tech Park Store,South,2687.04,2912.55,1615.57,12,3009.48,48.32,145422.03,67355.56,12.0,3.33,VIOLATED: Exceeds max price increase limit (+10.0%),False
PROD_15,Non-Stick Ceramic Cookware Set 3pc,Home & Kitchen,STORE_02,Bengaluru Tech Park Store,South,2687.04,2912.55,1615.57,13,3036.36,48.06,145919.9,68279.63,13.0,4.25,VIOLATED: Exceeds max price increase limit (+10.0%),False
PROD_15,Non-Stick Ceramic Cookware Set 3pc,Home & Kitchen,STORE_02,Bengaluru Tech Park Store,South,2687.04,2912.55,1615.57,14,3063.23,48.16,147513.56,69713.82,14.0,5.17,VIOLATED: Exceeds max price increase limit (+10.0%); Exceeds max competitor premium (+5.0%),False
PROD_15,Non-Stick Ceramic Cookware Set 3pc,Home & Kitchen,STORE_02,Bengaluru Tech Park Store,South,2687.04,2912.55,1615.57,15,3090.1,47.75,147560.36,70412.66,15.0,6.1,VIOLATED: Exceeds max price increase limit (+10.0%); Exceeds max competitor premium (+5.0%),False
PROD_15,Non-Stick Ceramic Cookware Set 3pc,Home & Kitchen,STORE_03,Mumbai High Street Mall,West,2519.1,2742.3,1615.57,-15,2141.23,84.26,180419.21,44291.91,-15.0,-21.92,VIOLATED: Exceeds max price decrease limit (-10.0%),False
PROD_15,Non-Stick Ceramic Cookware Set 3pc,Home & Kitchen,STORE_03,Mumbai High Street Mall,West,2519.1,2742.3,1615.57,-14,2166.43,80.27,173898.72,44217.38,-14.0,-21.0,VIOLATED: Exceeds max price decrease limit (-10.0%),False
PROD_15,Non-Stick Ceramic Cookware Set 3pc,Home & Kitchen,STORE_03,Mumbai High Street Mall,West,2519.1,2742.3,1615.57,-13,2191.62,80.27,175920.71,46239.37,-13.0,-20.08,VIOLATED: Exceeds max price decrease limit (-10.0%),False
PROD_15,Non-Stick Ceramic Cookware Set 3pc,Home & Kitchen,STORE_03,Mumbai High Street Mall,West,2519.1,2742.3,1615.57,-12,2216.81,80.61,178705.31,48468.2,-12.0,-19.16,VIOLATED: Exceeds max price decrease limit (-10.0%),False
PROD_15,Non-Stick Ceramic Cookware Set 3pc,Home & Kitchen,STORE_03,Mumbai High Street Mall,West,2519.1,2742.3,1615.57,-11,2242.0,80.61,180735.97,50498.86,-11.0,-18.24,VIOLATED: Exceeds max price decrease limit (-10.0%),False
PROD_15,Non-Stick Ceramic Cookware Set 3pc,Home & Kitchen,STORE_03,Mumbai High Street Mall,West,2519.1,2742.3,1615.57,-10,2267.19,80.4,182281.21,52390.0,-10.0,-17.33,PASSED,True
PROD_15,Non-Stick Ceramic Cookware Set 3pc,Home & Kitchen,STORE_03,Mumbai High Street Mall,West,2519.1,2742.3,1615.57,-9,2292.38,79.89,183126.94,54067.02,-9.0,-16.41,PASSED,True
PROD_15,Non-Stick Ceramic Cookware Set 3pc,Home & Kitchen,STORE_03,Mumbai High Street Mall,West,2519.1,2742.3,1615.57,-8,2317.57,79.89,185139.24,56079.32,-8.0,-15.49,PASSED,True
PROD_15,Non-Stick Ceramic Cookware Set 3pc,Home & Kitchen,STORE_03,Mumbai High Street Mall,West,2519.1,2742.3,1615.57,-7,2342.76,79.59,186470.75,57880.3,-7.0,-14.57,PASSED,True
PROD_15,Non-Stick Ceramic Cookware Set 3pc,Home & Kitchen,STORE_03,Mumbai High Street Mall,West,2519.1,2742.3,1615.57,-6,2367.95,79.59,188475.74,59885.29,-6.0,-13.65,PASSED,True
PROD_15,Non-Stick Ceramic Cookware Set 3pc,Home & Kitchen,STORE_03,Mumbai High Street Mall,West,2519.1,2742.3,1615.57,-5,2393.14,79.59,190480.72,61890.27,-5.0,-12.73,PASSED,True
PROD_15,Non-Stick Ceramic Cookware Set 3pc,Home & Kitchen,STORE_03,Mumbai High Street Mall,West,2519.1,2742.3,1615.57,-4,2418.34,78.26,189257.39,62824.15,-4.0,-11.81,PASSED,True
PROD_15,Non-Stick Ceramic Cookware Set 3pc,Home & Kitchen,STORE_03,Mumbai High Street Mall,West,2519.1,2742.3,1615.57,-3,2443.53,78.26,191228.74,64795.5,-3.0,-10.89,PASSED,True
PROD_15,Non-Stick Ceramic Cookware Set 3pc,Home & Kitchen,STORE_03,Mumbai High Street Mall,West,2519.1,2742.3,1615.57,-2,2468.72,77.5,191332.34,66121.39,-2.0,-9.98,PASSED,True
PROD_15,Non-Stick Ceramic Cookware Set 3pc,Home & Kitchen,STORE_03,Mumbai High Street Mall,West,2519.1,2742.3,1615.57,-1,2493.91,77.12,192322.49,67734.82,-1.0,-9.06,PASSED,True
PROD_15,Non-Stick Ceramic Cookware Set 3pc,Home & Kitchen,STORE_03,Mumbai High Street Mall,West,2519.1,2742.3,1615.57,0,2519.1,76.62,193023.65,69232.13,0.0,-8.14,PASSED,True
PROD_15,Non-Stick Ceramic Cookware Set 3pc,Home & Kitchen,STORE_03,Mumbai High Street Mall,West,2519.1,2742.3,1615.57,1,2544.29,76.55,194776.14,71097.44,1.0,-7.22,PASSED,True
PROD_15,Non-Stick Ceramic Cookware Set 3pc,Home & Kitchen,STORE_03,Mumbai High Street Mall,West,2519.1,2742.3,1615.57,2,2569.48,76.55,196704.54,73025.84,2.0,-6.3,PASSED,True
PROD_15,Non-Stick Ceramic Cookware Set 3pc,Home & Kitchen,STORE_03,Mumbai High Street Mall,West,2519.1,2742.3,1615.57,3,2594.67,76.55,198632.94,74954.24,3.0,-5.38,PASSED,True
PROD_15,Non-Stick Ceramic Cookware Set 3pc,Home & Kitchen,STORE_03,Mumbai High Street Mall,West,2519.1,2742.3,1615.57,4,2619.86,76.14,199481.08,76468.54,4.0,-4.46,PASSED,True
PROD_15,Non-Stick Ceramic Cookware Set 3pc,Home & Kitchen,STORE_03,Mumbai High Street Mall,West,2519.1,2742.3,1615.57,5,2645.06,76.14,201399.85,78387.31,5.0,-3.55,PASSED,True
PROD_15,Non-Stick Ceramic Cookware Set 3pc,Home & Kitchen,STORE_03,Mumbai High Street Mall,West,2519.1,2742.3,1615.57,6,2670.25,76.14,203317.87,80305.33,6.0,-2.63,PASSED,True
PROD_15,Non-Stick Ceramic Cookware Set 3pc,Home & Kitchen,STORE_03,Mumbai High Street Mall,West,2519.1,2742.3,1615.57,7,2695.44,76.14,205235.88,82223.34,7.0,-1.71,PASSED,True
PROD_15,Non-Stick Ceramic Cookware Set 3pc,Home & Kitchen,STORE_03,Mumbai High Street Mall,West,2519.1,2742.3,1615.57,8,2720.63,76.14,207153.89,84141.35,8.0,-0.79,PASSED,True
PROD_15,Non-Stick Ceramic Cookware Set 3pc,Home & Kitchen,STORE_03,Mumbai High Street Mall,West,2519.1,2742.3,1615.57,9,2745.82,76.14,209071.91,86059.37,9.0,0.13,PASSED,True
PROD_15,Non-Stick Ceramic Cookware Set 3pc,Home & Kitchen,STORE_03,Mumbai High Street Mall,West,2519.1,2742.3,1615.57,10,2771.01,75.92,210369.85,87718.82,10.0,1.05,VIOLATED: Exceeds max price increase limit (+10.0%),False
PROD_15,Non-Stick Ceramic Cookware Set 3pc,Home & Kitchen,STORE_03,Mumbai High Street Mall,West,2519.1,2742.3,1615.57,11,2796.2,75.8,211939.34,89486.43,11.0,1.97,VIOLATED: Exceeds max price increase limit (+10.0%),False
PROD_15,Non-Stick Ceramic Cookware Set 3pc,Home & Kitchen,STORE_03,Mumbai High Street Mall,West,2519.1,2742.3,1615.57,12,2821.39,76.12,214757.0,91783.94,12.0,2.88,VIOLATED: Exceeds max price increase limit (+10.0%),False
PROD_15,Non-Stick Ceramic Cookware Set 3pc,Home & Kitchen,STORE_03,Mumbai High Street Mall,West,2519.1,2742.3,1615.57,13,2846.58,76.1,216625.82,93680.33,13.0,3.8,VIOLATED: Exceeds max price increase limit (+10.0%),False
PROD_15,Non-Stick Ceramic Cookware Set 3pc,Home & Kitchen,STORE_03,Mumbai High Street Mall,West,2519.1,2742.3,1615.57,14,2871.77,76.11,218565.79,95607.36,14.0,4.72,VIOLATED: Exceeds max price increase limit (+10.0%),False
PROD_15,Non-Stick Ceramic Cookware Set 3pc,Home & Kitchen,STORE_03,Mumbai High Street Mall,West,2519.1,2742.3,1615.57,15,2896.96,75.36,218310.35,96563.53,15.0,5.64,VIOLATED: Exceeds max price increase limit (+10.0%); Exceeds max competitor premium (+5.0%),False
PROD_15,Non-Stick Ceramic Cookware Set 3pc,Home & Kitchen,STORE_04,Kolkata City Center,East,2687.04,2972.27,1615.57,-15,2283.98,36.31,82930.68,24269.78,-15.0,-23.16,VIOLATED: Exceeds max price decrease limit (-10.0%),False
PROD_15,Non-Stick Ceramic Cookware Set 3pc,Home & Kitchen,STORE_04,Kolkata City Center,East,2687.04,2972.27,1615.57,-14,2310.85,36.31,83906.32,25245.42,-14.0,-22.25,VIOLATED: Exceeds max price decrease limit (-10.0%),False
PROD_15,Non-Stick Ceramic Cookware Set 3pc,Home & Kitchen,STORE_04,Kolkata City Center,East,2687.04,2972.27,1615.57,-13,2337.72,36.31,84881.97,26221.07,-13.0,-21.35,VIOLATED: Exceeds max price decrease limit (-10.0%),False
PROD_15,Non-Stick Ceramic Cookware Set 3pc,Home & Kitchen,STORE_04,Kolkata City Center,East,2687.04,2972.27,1615.57,-12,2364.6,36.31,85857.97,27197.07,-12.0,-20.44,VIOLATED: Exceeds max price decrease limit (-10.0%),False
PROD_15,Non-Stick Ceramic Cookware Set 3pc,Home & Kitchen,STORE_04,Kolkata City Center,East,2687.04,2972.27,1615.57,-11,2391.47,36.81,88041.34,28564.56,-11.0,-19.54,VIOLATED: Exceeds max price decrease limit (-10.0%),False
PROD_15,Non-Stick Ceramic Cookware Set 3pc,Home & Kitchen,STORE_04,Kolkata City Center,East,2687.04,2972.27,1615.57,-10,2418.34,36.81,89030.55,29553.77,-10.0,-18.64,PASSED,True
PROD_15,Non-Stick Ceramic Cookware Set 3pc,Home & Kitchen,STORE_04,Kolkata City Center,East,2687.04,2972.27,1615.57,-9,2445.21,36.81,90019.76,30542.98,-9.0,-17.73,PASSED,True
PROD_15,Non-Stick Ceramic Cookware Set 3pc,Home & Kitchen,STORE_04,Kolkata City Center,East,2687.04,2972.27,1615.57,-8,2472.08,36.81,91008.97,31532.19,-8.0,-16.83,PASSED,True
PROD_15,Non-Stick Ceramic Cookware Set 3pc,Home & Kitchen,STORE_04,Kolkata City Center,East,2687.04,2972.27,1615.57,-7,2498.95,36.81,91998.18,32521.4,-7.0,-15.92,PASSED,True
PROD_15,Non-Stick Ceramic Cookware Set 3pc,Home & Kitchen,STORE_04,Kolkata City Center,East,2687.04,2972.27,1615.57,-6,2525.82,36.91,93227.54,33597.15,-6.0,-15.02,PASSED,True
PROD_15,Non-Stick Ceramic Cookware Set 3pc,Home & Kitchen,STORE_04,Kolkata City Center,East,2687.04,2972.27,1615.57,-5,2552.69,36.91,94219.31,34588.92,-5.0,-14.12,PASSED,True
PROD_15,Non-Stick Ceramic Cookware Set 3pc,Home & Kitchen,STORE_04,Kolkata City Center,East,2687.04,2972.27,1615.57,-4,2579.56,36.91,95211.08,35580.69,-4.0,-13.21,PASSED,True
PROD_15,Non-Stick Ceramic Cookware Set 3pc,Home & Kitchen,STORE_04,Kolkata City Center,East,2687.04,2972.27,1615.57,-3,2606.43,36.91,96202.84,36572.45,-3.0,-12.31,PASSED,True
PROD_15,Non-Stick Ceramic Cookware Set 3pc,Home & Kitchen,STORE_04,Kolkata City Center,East,2687.04,2972.27,1615.57,-2,2633.3,36.57,96287.55,37213.66,-2.0,-11.4,PASSED,True
PROD_15,Non-Stick Ceramic Cookware Set 3pc,Home & Kitchen,STORE_04,Kolkata City Center,East,2687.04,2972.27,1615.57,-1,2660.17,35.68,94928.0,37276.49,-1.0,-10.5,PASSED,True
PROD_15,Non-Stick Ceramic Cookware Set 3pc,Home & Kitchen,STORE_04,Kolkata City Center,East,2687.04,2972.27,1615.57,0,2687.04,35.89,96440.49,38456.11,0.0,-9.6,PASSED,True
PROD_15,Non-Stick Ceramic Cookware Set 3pc,Home & Kitchen,STORE_04,Kolkata City Center,East,2687.04,2972.27,1615.57,1,2713.91,35.89,97404.88,39420.5,1.0,-8.69,PASSED,True
PROD_15,Non-Stick Ceramic Cookware Set 3pc,Home & Kitchen,STORE_04,Kolkata City Center,East,2687.04,2972.27,1615.57,2,2740.78,35.89,98369.27,40384.89,2.0,-7.79,PASSED,True
PROD_15,Non-Stick Ceramic Cookware Set 3pc,Home & Kitchen,STORE_04,Kolkata City Center,East,2687.04,2972.27,1615.57,3,2767.65,35.89,99333.66,41349.28,3.0,-6.88,PASSED,True
PROD_15,Non-Stick Ceramic Cookware Set 3pc,Home & Kitchen,STORE_04,Kolkata City Center,East,2687.04,2972.27,1615.57,4,2794.52,35.64,99592.29,42015.92,4.0,-5.98,PASSED,True
PROD_15,Non-Stick Ceramic Cookware Set 3pc,Home & Kitchen,STORE_04,Kolkata City Center,East,2687.04,2972.27,1615.57,5,2821.39,35.64,100549.89,42973.52,5.0,-5.08,PASSED,True
PROD_15,Non-Stick Ceramic Cookware Set 3pc,Home & Kitchen,STORE_04,Kolkata City Center,East,2687.04,2972.27,1615.57,6,2848.26,35.48,101070.15,43741.85,6.0,-4.17,PASSED,True
PROD_15,Non-Stick Ceramic Cookware Set 3pc,Home & Kitchen,STORE_04,Kolkata City Center,East,2687.04,2972.27,1615.57,7,2875.13,35.48,102023.63,44695.33,7.0,-3.27,PASSED,True
PROD_15,Non-Stick Ceramic Cookware Set 3pc,Home & Kitchen,STORE_04,Kolkata City Center,East,2687.04,2972.27,1615.57,8,2902.0,35.48,102977.11,45648.81,8.0,-2.36,PASSED,True
PROD_15,Non-Stick Ceramic Cookware Set 3pc,Home & Kitchen,STORE_04,Kolkata City Center,East,2687.04,2972.27,1615.57,9,2928.87,35.44,103812.92,46549.52,9.0,-1.46,PASSED,True
PROD_15,Non-Stick Ceramic Cookware Set 3pc,Home & Kitchen,STORE_04,Kolkata City Center,East,2687.04,2972.27,1615.57,10,2955.74,35.44,104765.32,47501.92,10.0,-0.56,PASSED,True
PROD_15,Non-Stick Ceramic Cookware Set 3pc,Home & Kitchen,STORE_04,Kolkata City Center,East,2687.04,2972.27,1615.57,11,2982.61,35.44,105717.72,48454.32,11.0,0.35,VIOLATED: Exceeds max price increase limit (+10.0%),False
PROD_15,Non-Stick Ceramic Cookware Set 3pc,Home & Kitchen,STORE_04,Kolkata City Center,East,2687.04,2972.27,1615.57,12,3009.48,35.31,106260.55,49217.02,12.0,1.25,VIOLATED: Exceeds max price increase limit (+10.0%),False
PROD_15,Non-Stick Ceramic Cookware Set 3pc,Home & Kitchen,STORE_04,Kolkata City Center,East,2687.04,2972.27,1615.57,13,3036.36,35.31,107220.67,50171.27,13.0,2.16,VIOLATED: Exceeds max price increase limit (+10.0%),False
PROD_15,Non-Stick Ceramic Cookware Set 3pc,Home & Kitchen,STORE_04,Kolkata City Center,East,2687.04,2972.27,1615.57,14,3063.23,35.63,109155.77,51586.22,14.0,3.06,VIOLATED: Exceeds max price increase limit (+10.0%),False
PROD_15,Non-Stick Ceramic Cookware Set 3pc,Home & Kitchen,STORE_04,Kolkata City Center,East,2687.04,2972.27,1615.57,15,3090.1,35.56,109871.15,52428.18,15.0,3.96,VIOLATED: Exceeds max price increase limit (+10.0%),False
PROD_16,Stainless Steel Electric Kettle 1.8L,Home & Kitchen,STORE_01,Delhi Flagship Metro,North,899.0,913.77,489.76,-15,764.15,116.33,88894.57,31920.15,-15.0,-16.37,VIOLATED: Exceeds max price decrease limit (-10.0%),False
PROD_16,Stainless Steel Electric Kettle 1.8L,Home & Kitchen,STORE_01,Delhi Flagship Metro,North,899.0,913.77,489.76,-14,773.14,116.33,89940.39,32965.97,-14.0,-15.39,VIOLATED: Exceeds max price decrease limit (-10.0%),False
PROD_16,Stainless Steel Electric Kettle 1.8L,Home & Kitchen,STORE_01,Delhi Flagship Metro,North,899.0,913.77,489.76,-13,782.13,117.2,91666.35,34266.03,-13.0,-14.41,VIOLATED: Exceeds max price decrease limit (-10.0%),False
PROD_16,Stainless Steel Electric Kettle 1.8L,Home & Kitchen,STORE_01,Delhi Flagship Metro,North,899.0,913.77,489.76,-12,791.12,117.2,92719.99,35319.67,-12.0,-13.42,VIOLATED: Exceeds max price decrease limit (-10.0%),False
PROD_16,Stainless Steel Electric Kettle 1.8L,Home & Kitchen,STORE_01,Delhi Flagship Metro,North,899.0,913.77,489.76,-11,800.11,117.26,93823.89,36392.8,-11.0,-12.44,VIOLATED: Exceeds max price decrease limit (-10.0%),False
PROD_16,Stainless Steel Electric Kettle 1.8L,Home & Kitchen,STORE_01,Delhi Flagship Metro,North,899.0,913.77,489.76,-10,809.1,115.95,93811.96,37026.22,-10.0,-11.45,PASSED,True
PROD_16,Stainless Steel Electric Kettle 1.8L,Home & Kitchen,STORE_01,Delhi Flagship Metro,North,899.0,913.77,489.76,-9,818.09,115.87,94790.61,38043.01,-9.0,-10.47,PASSED,True
PROD_16,Stainless Steel Electric Kettle 1.8L,Home & Kitchen,STORE_01,Delhi Flagship Metro,North,899.0,913.77,489.76,-8,827.08,116.28,96172.19,39223.29,-8.0,-9.49,PASSED,True
PROD_16,Stainless Steel Electric Kettle 1.8L,Home & Kitchen,STORE_01,Delhi Flagship Metro,North,899.0,913.77,489.76,-7,836.07,116.75,97610.4,40431.37,-7.0,-8.5,PASSED,True
PROD_16,Stainless Steel Electric Kettle 1.8L,Home & Kitchen,STORE_01,Delhi Flagship Metro,North,899.0,913.77,489.76,-6,845.06,116.02,98045.61,41222.64,-6.0,-7.52,PASSED,True
PROD_16,Stainless Steel Electric Kettle 1.8L,Home & Kitchen,STORE_01,Delhi Flagship Metro,North,899.0,913.77,489.76,-5,854.05,115.64,98764.73,42127.51,-5.0,-6.54,PASSED,True
PROD_16,Stainless Steel Electric Kettle 1.8L,Home & Kitchen,STORE_01,Delhi Flagship Metro,North,899.0,913.77,489.76,-4,863.04,115.61,99775.29,43154.57,-4.0,-5.55,PASSED,True
PROD_16,Stainless Steel Electric Kettle 1.8L,Home & Kitchen,STORE_01,Delhi Flagship Metro,North,899.0,913.77,489.76,-3,872.03,114.66,99984.93,43830.19,-3.0,-4.57,PASSED,True
PROD_16,Stainless Steel Electric Kettle 1.8L,Home & Kitchen,STORE_01,Delhi Flagship Metro,North,899.0,913.77,489.76,-2,881.02,114.43,100818.47,44773.37,-2.0,-3.58,PASSED,True
PROD_16,Stainless Steel Electric Kettle 1.8L,Home & Kitchen,STORE_01,Delhi Flagship Metro,North,899.0,913.77,489.76,-1,890.01,114.43,101847.23,45802.13,-1.0,-2.6,PASSED,True
PROD_16,Stainless Steel Electric Kettle 1.8L,Home & Kitchen,STORE_01,Delhi Flagship Metro,North,899.0,913.77,489.76,0,899.0,112.11,100782.56,45877.92,0.0,-1.62,PASSED,True
PROD_16,Stainless Steel Electric Kettle 1.8L,Home & Kitchen,STORE_01,Delhi Flagship Metro,North,899.0,913.77,489.76,1,907.99,112.45,102104.1,47030.25,1.0,-0.63,PASSED,True
PROD_16,Stainless Steel Electric Kettle 1.8L,Home & Kitchen,STORE_01,Delhi Flagship Metro,North,899.0,913.77,489.76,2,916.98,112.45,103115.03,48041.18,2.0,0.35,PASSED,True
PROD_16,Stainless Steel Electric Kettle 1.8L,Home & Kitchen,STORE_01,Delhi Flagship Metro,North,899.0,913.77,489.76,3,925.97,112.45,104125.96,49052.11,3.0,1.34,PASSED,True
PROD_16,Stainless Steel Electric Kettle 1.8L,Home & Kitchen,STORE_01,Delhi Flagship Metro,North,899.0,913.77,489.76,4,934.96,112.45,105136.89,50063.04,4.0,2.32,PASSED,True
PROD_16,Stainless Steel Electric Kettle 1.8L,Home & Kitchen,STORE_01,Delhi Flagship Metro,North,899.0,913.77,489.76,5,943.95,112.24,105947.53,50977.6,5.0,3.3,PASSED,True
PROD_16,Stainless Steel Electric Kettle 1.8L,Home & Kitchen,STORE_01,Delhi Flagship Metro,North,899.0,913.77,489.76,6,952.94,112.24,106956.55,51986.62,6.0,4.29,PASSED,True
PROD_16,Stainless Steel Electric Kettle 1.8L,Home & Kitchen,STORE_01,Delhi Flagship Metro,North,899.0,913.77,489.76,7,961.93,112.8,108507.51,53261.66,7.0,5.27,VIOLATED: Exceeds max competitor premium (+5.0%),False
PROD_16,Stainless Steel Electric Kettle 1.8L,Home & Kitchen,STORE_01,Delhi Flagship Metro,North,899.0,913.77,489.76,8,970.92,111.55,108305.92,53673.3,8.0,6.25,VIOLATED: Exceeds max competitor premium (+5.0%),False
PROD_16,Stainless Steel Electric Kettle 1.8L,Home & Kitchen,STORE_01,Delhi Flagship Metro,North,899.0,913.77,489.76,9,979.91,111.55,109308.75,54676.13,9.0,7.24,VIOLATED: Exceeds max competitor premium (+5.0%),False
PROD_16,Stainless Steel Electric Kettle 1.8L,Home & Kitchen,STORE_01,Delhi Flagship Metro,North,899.0,913.77,489.76,10,988.9,112.07,110825.64,55938.43,10.0,8.22,VIOLATED: Exceeds max competitor premium (+5.0%),False
PROD_16,Stainless Steel Electric Kettle 1.8L,Home & Kitchen,STORE_01,Delhi Flagship Metro,North,899.0,913.77,489.76,11,997.89,112.85,112614.62,57343.86,11.0,9.21,VIOLATED: Exceeds max price increase limit (+10.0%); Exceeds max competitor premium (+5.0%),False
PROD_16,Stainless Steel Electric Kettle 1.8L,Home & Kitchen,STORE_01,Delhi Flagship Metro,North,899.0,913.77,489.76,12,1006.88,113.37,114149.04,58625.41,12.0,10.19,VIOLATED: Exceeds max price increase limit (+10.0%); Exceeds max competitor premium (+5.0%),False
PROD_16,Stainless Steel Electric Kettle 1.8L,Home & Kitchen,STORE_01,Delhi Flagship Metro,North,899.0,913.77,489.76,13,1015.87,113.37,115168.23,59644.6,13.0,11.17,VIOLATED: Exceeds max price increase limit (+10.0%); Exceeds max competitor premium (+5.0%),False
PROD_16,Stainless Steel Electric Kettle 1.8L,Home & Kitchen,STORE_01,Delhi Flagship Metro,North,899.0,913.77,489.76,14,1024.86,113.37,116187.42,60663.79,14.0,12.16,VIOLATED: Exceeds max price increase limit (+10.0%); Exceeds max competitor premium (+5.0%),False
PROD_16,Stainless Steel Electric Kettle 1.8L,Home & Kitchen,STORE_01,Delhi Flagship Metro,North,899.0,913.77,489.76,15,1033.85,113.37,117206.61,61682.98,15.0,13.14,VIOLATED: Exceeds max price increase limit (+10.0%); Exceeds max competitor premium (+5.0%),False
PROD_16,Stainless Steel Electric Kettle 1.8L,Home & Kitchen,STORE_02,Bengaluru Tech Park Store,South,899.0,941.87,489.76,-15,764.15,117.86,90065.84,32340.72,-15.0,-18.87,VIOLATED: Exceeds max price decrease limit (-10.0%),False
PROD_16,Stainless Steel Electric Kettle 1.8L,Home & Kitchen,STORE_02,Bengaluru Tech Park Store,South,899.0,941.87,489.76,-14,773.14,115.12,89002.69,32622.27,-14.0,-17.91,VIOLATED: Exceeds max price decrease limit (-10.0%),False
PROD_16,Stainless Steel Electric Kettle 1.8L,Home & Kitchen,STORE_02,Bengaluru Tech Park Store,South,899.0,941.87,489.76,-13,782.13,114.33,89417.42,33425.36,-13.0,-16.96,VIOLATED: Exceeds max price decrease limit (-10.0%),False
PROD_16,Stainless Steel Electric Kettle 1.8L,Home & Kitchen,STORE_02,Bengaluru Tech Park Store,South,899.0,941.87,489.76,-12,791.12,113.9,90109.96,34325.43,-12.0,-16.01,VIOLATED: Exceeds max price decrease limit (-10.0%),False
PROD_16,Stainless Steel Electric Kettle 1.8L,Home & Kitchen,STORE_02,Bengaluru Tech Park Store,South,899.0,941.87,489.76,-11,800.11,113.7,90973.46,35287.16,-11.0,-15.05,VIOLATED: Exceeds max price decrease limit (-10.0%),False
PROD_16,Stainless Steel Electric Kettle 1.8L,Home & Kitchen,STORE_02,Bengaluru Tech Park Store,South,899.0,941.87,489.76,-10,809.1,113.7,91995.64,36309.34,-10.0,-14.1,PASSED,True
PROD_16,Stainless Steel Electric Kettle 1.8L,Home & Kitchen,STORE_02,Bengaluru Tech Park Store,South,899.0,941.87,489.76,-9,818.09,113.12,92543.34,37141.09,-9.0,-13.14,PASSED,True
PROD_16,Stainless Steel Electric Kettle 1.8L,Home & Kitchen,STORE_02,Bengaluru Tech Park Store,South,899.0,941.87,489.76,-8,827.08,112.59,93117.99,37977.66,-8.0,-12.19,PASSED,True
PROD_16,Stainless Steel Electric Kettle 1.8L,Home & Kitchen,STORE_02,Bengaluru Tech Park Store,South,899.0,941.87,489.76,-7,836.07,111.27,93025.6,38532.29,-7.0,-11.23,PASSED,True
PROD_16,Stainless Steel Electric Kettle 1.8L,Home & Kitchen,STORE_02,Bengaluru Tech Park Store,South,899.0,941.87,489.76,-6,845.06,111.27,94025.88,39532.57,-6.0,-10.28,PASSED,True
PROD_16,Stainless Steel Electric Kettle 1.8L,Home & Kitchen,STORE_02,Bengaluru Tech Park Store,South,899.0,941.87,489.76,-5,854.05,111.47,95202.13,40607.91,-5.0,-9.32,PASSED,True
PROD_16,Stainless Steel Electric Kettle 1.8L,Home & Kitchen,STORE_02,Bengaluru Tech Park Store,South,899.0,941.87,489.76,-4,863.04,110.58,95438.76,41278.94,-4.0,-8.37,PASSED,True
PROD_16,Stainless Steel Electric Kettle 1.8L,Home & Kitchen,STORE_02,Bengaluru Tech Park Store,South,899.0,941.87,489.76,-3,872.03,109.86,95798.94,41995.18,-3.0,-7.42,PASSED,True
PROD_16,Stainless Steel Electric Kettle 1.8L,Home & Kitchen,STORE_02,Bengaluru Tech Park Store,South,899.0,941.87,489.76,-2,881.02,109.77,96710.03,42948.81,-2.0,-6.46,PASSED,True
PROD_16,Stainless Steel Electric Kettle 1.8L,Home & Kitchen,STORE_02,Bengaluru Tech Park Store,South,899.0,941.87,489.76,-1,890.01,109.74,97666.89,43922.17,-1.0,-5.51,PASSED,True
PROD_16,Stainless Steel Electric Kettle 1.8L,Home & Kitchen,STORE_02,Bengaluru Tech Park Store,South,899.0,941.87,489.76,0,899.0,107.96,97058.02,44182.45,0.0,-4.55,PASSED,True
PROD_16,Stainless Steel Electric Kettle 1.8L,Home & Kitchen,STORE_02,Bengaluru Tech Park Store,South,899.0,941.87,489.76,1,907.99,108.05,98112.05,45191.47,1.0,-3.6,PASSED,True
PROD_16,Stainless Steel Electric Kettle 1.8L,Home & Kitchen,STORE_02,Bengaluru Tech Park Store,South,899.0,941.87,489.76,2,916.98,108.05,99083.46,46162.88,2.0,-2.64,PASSED,True
PROD_16,Stainless Steel Electric Kettle 1.8L,Home & Kitchen,STORE_02,Bengaluru Tech Park Store,South,899.0,941.87,489.76,3,925.97,107.65,99676.65,46956.12,3.0,-1.69,PASSED,True
PROD_16,Stainless Steel Electric Kettle 1.8L,Home & Kitchen,STORE_02,Bengaluru Tech Park Store,South,899.0,941.87,489.76,4,934.96,107.65,100644.38,47923.85,4.0,-0.73,PASSED,True
PROD_16,Stainless Steel Electric Kettle 1.8L,Home & Kitchen,STORE_02,Bengaluru Tech Park Store,South,899.0,941.87,489.76,5,943.95,107.65,101612.11,48891.58,5.0,0.22,PASSED,True
PROD_16,Stainless Steel Electric Kettle 1.8L,Home & Kitchen,STORE_02,Bengaluru Tech Park Store,South,899.0,941.87,489.76,6,952.94,107.65,102579.85,49859.32,6.0,1.18,PASSED,True
PROD_16,Stainless Steel Electric Kettle 1.8L,Home & Kitchen,STORE_02,Bengaluru Tech Park Store,South,899.0,941.87,489.76,7,961.93,107.65,103547.58,50827.05,7.0,2.13,PASSED,True
PROD_16,Stainless Steel Electric Kettle 1.8L,Home & Kitchen,STORE_02,Bengaluru Tech Park Store,South,899.0,941.87,489.76,8,970.92,106.83,103719.84,51400.57,8.0,3.08,PASSED,True
PROD_16,Stainless Steel Electric Kettle 1.8L,Home & Kitchen,STORE_02,Bengaluru Tech Park Store,South,899.0,941.87,489.76,9,979.91,106.83,104680.21,52360.94,9.0,4.04,PASSED,True
PROD_16,Stainless Steel Electric Kettle 1.8L,Home & Kitchen,STORE_02,Bengaluru Tech Park Store,South,899.0,941.87,489.76,10,988.9,106.52,105341.06,53170.13,10.0,4.99,PASSED,True
PROD_16,Stainless Steel Electric Kettle 1.8L,Home & Kitchen,STORE_02,Bengaluru Tech Park Store,South,899.0,941.87,489.76,11,997.89,106.18,105960.45,53955.53,11.0,5.95,VIOLATED: Exceeds max price increase limit (+10.0%); Exceeds max competitor premium (+5.0%),False
PROD_16,Stainless Steel Electric Kettle 1.8L,Home & Kitchen,STORE_02,Bengaluru Tech Park Store,South,899.0,941.87,489.76,12,1006.88,106.18,106915.05,54910.13,12.0,6.9,VIOLATED: Exceeds max price increase limit (+10.0%); Exceeds max competitor premium (+5.0%),False
PROD_16,Stainless Steel Electric Kettle 1.8L,Home & Kitchen,STORE_02,Bengaluru Tech Park Store,South,899.0,941.87,489.76,13,1015.87,105.96,107641.19,55746.41,13.0,7.86,VIOLATED: Exceeds max price increase limit (+10.0%); Exceeds max competitor premium (+5.0%),False
PROD_16,Stainless Steel Electric Kettle 1.8L,Home & Kitchen,STORE_02,Bengaluru Tech Park Store,South,899.0,941.87,489.76,14,1024.86,105.96,108593.77,56698.99,14.0,8.81,VIOLATED: Exceeds max price increase limit (+10.0%); Exceeds max competitor premium (+5.0%),False
PROD_16,Stainless Steel Electric Kettle 1.8L,Home & Kitchen,STORE_02,Bengaluru Tech Park Store,South,899.0,941.87,489.76,15,1033.85,105.66,109241.68,57491.23,15.0,9.77,VIOLATED: Exceeds max price increase limit (+10.0%); Exceeds max competitor premium (+5.0%),False
PROD_16,Stainless Steel Electric Kettle 1.8L,Home & Kitchen,STORE_03,Mumbai High Street Mall,West,854.05,925.88,489.76,-15,725.94,190.55,138331.28,45005.21,-15.0,-21.59,VIOLATED: Exceeds max price decrease limit (-10.0%),False
PROD_16,Stainless Steel Electric Kettle 1.8L,Home & Kitchen,STORE_03,Mumbai High Street Mall,West,854.05,925.88,489.76,-14,734.48,191.08,140345.78,46761.54,-14.0,-20.67,VIOLATED: Exceeds max price decrease limit (-10.0%),False
PROD_16,Stainless Steel Electric Kettle 1.8L,Home & Kitchen,STORE_03,Mumbai High Street Mall,West,854.05,925.88,489.76,-13,743.02,188.22,139850.45,47668.33,-13.0,-19.75,VIOLATED: Exceeds max price decrease limit (-10.0%),False
PROD_16,Stainless Steel Electric Kettle 1.8L,Home & Kitchen,STORE_03,Mumbai High Street Mall,West,854.05,925.88,489.76,-12,751.56,188.22,141457.84,49275.72,-12.0,-18.83,VIOLATED: Exceeds max price decrease limit (-10.0%),False
PROD_16,Stainless Steel Electric Kettle 1.8L,Home & Kitchen,STORE_03,Mumbai High Street Mall,West,854.05,925.88,489.76,-11,760.1,188.22,143065.23,50883.11,-11.0,-17.91,VIOLATED: Exceeds max price decrease limit (-10.0%),False
PROD_16,Stainless Steel Electric Kettle 1.8L,Home & Kitchen,STORE_03,Mumbai High Street Mall,West,854.05,925.88,489.76,-10,768.64,187.43,144063.13,52269.37,-10.0,-16.98,VIOLATED: Exceeds max price decrease limit (-10.0%),False
PROD_16,Stainless Steel Electric Kettle 1.8L,Home & Kitchen,STORE_03,Mumbai High Street Mall,West,854.05,925.88,489.76,-9,777.19,185.02,143793.49,53179.48,-9.0,-16.06,PASSED,True
PROD_16,Stainless Steel Electric Kettle 1.8L,Home & Kitchen,STORE_03,Mumbai High Street Mall,West,854.05,925.88,489.76,-8,785.73,184.82,145215.94,54700.17,-8.0,-15.14,PASSED,True
PROD_16,Stainless Steel Electric Kettle 1.8L,Home & Kitchen,STORE_03,Mumbai High Street Mall,West,854.05,925.88,489.76,-7,794.27,183.02,145370.7,55732.72,-7.0,-14.21,PASSED,True
PROD_16,Stainless Steel Electric Kettle 1.8L,Home & Kitchen,STORE_03,Mumbai High Street Mall,West,854.05,925.88,489.76,-6,802.81,177.11,142186.87,55444.75,-6.0,-13.29,PASSED,True
PROD_16,Stainless Steel Electric Kettle 1.8L,Home & Kitchen,STORE_03,Mumbai High Street Mall,West,854.05,925.88,489.76,-5,811.35,179.78,145863.94,57815.22,-5.0,-12.37,PASSED,True
PROD_16,Stainless Steel Electric Kettle 1.8L,Home & Kitchen,STORE_03,Mumbai High Street Mall,West,854.05,925.88,489.76,-4,819.89,169.64,139082.99,56001.99,-4.0,-11.45,PASSED,True
PROD_16,Stainless Steel Electric Kettle 1.8L,Home & Kitchen,STORE_03,Mumbai High Street Mall,West,854.05,925.88,489.76,-3,828.43,169.64,140531.68,57450.68,-3.0,-10.53,PASSED,True
PROD_16,Stainless Steel Electric Kettle 1.8L,Home & Kitchen,STORE_03,Mumbai High Street Mall,West,854.05,925.88,489.76,-2,836.97,168.72,141213.44,58581.21,-2.0,-9.6,PASSED,True
PROD_16,Stainless Steel Electric Kettle 1.8L,Home & Kitchen,STORE_03,Mumbai High Street Mall,West,854.05,925.88,489.76,-1,845.51,169.19,143051.61,60189.25,-1.0,-8.68,PASSED,True
PROD_16,Stainless Steel Electric Kettle 1.8L,Home & Kitchen,STORE_03,Mumbai High Street Mall,West,854.05,925.88,489.76,0,854.05,169.19,144496.49,61634.13,0.0,-7.76,PASSED,True
PROD_16,Stainless Steel Electric Kettle 1.8L,Home & Kitchen,STORE_03,Mumbai High Street Mall,West,854.05,925.88,489.76,1,862.59,168.68,145502.2,62889.19,1.0,-6.84,PASSED,True
PROD_16,Stainless Steel Electric Kettle 1.8L,Home & Kitchen,STORE_03,Mumbai High Street Mall,West,854.05,925.88,489.76,2,871.13,168.31,146616.86,64187.06,2.0,-5.91,PASSED,True
PROD_16,Stainless Steel Electric Kettle 1.8L,Home & Kitchen,STORE_03,Mumbai High Street Mall,West,854.05,925.88,489.76,3,879.67,167.91,147703.54,65468.97,3.0,-4.99,PASSED,True
PROD_16,Stainless Steel Electric Kettle 1.8L,Home & Kitchen,STORE_03,Mumbai High Street Mall,West,854.05,925.88,489.76,4,888.21,167.04,148364.02,66555.93,4.0,-4.07,PASSED,True
PROD_16,Stainless Steel Electric Kettle 1.8L,Home & Kitchen,STORE_03,Mumbai High Street Mall,West,854.05,925.88,489.76,5,896.75,167.13,149872.93,68019.83,5.0,-3.15,PASSED,True
PROD_16,Stainless Steel Electric Kettle 1.8L,Home & Kitchen,STORE_03,Mumbai High Street Mall,West,854.05,925.88,489.76,6,905.29,165.9,150190.33,68937.68,6.0,-2.22,PASSED,True
PROD_16,Stainless Steel Electric Kettle 1.8L,Home & Kitchen,STORE_03,Mumbai High Street Mall,West,854.05,925.88,489.76,7,913.83,164.08,149939.46,69580.59,7.0,-1.3,PASSED,True
PROD_16,Stainless Steel Electric Kettle 1.8L,Home & Kitchen,STORE_03,Mumbai High Street Mall,West,854.05,925.88,489.76,8,922.37,164.51,151736.44,71167.43,8.0,-0.38,PASSED,True
PROD_16,Stainless Steel Electric Kettle 1.8L,Home & Kitchen,STORE_03,Mumbai High Street Mall,West,854.05,925.88,489.76,9,930.91,162.68,151437.31,71764.8,9.0,0.54,PASSED,True
PROD_16,Stainless Steel Electric Kettle 1.8L,Home & Kitchen,STORE_03,Mumbai High Street Mall,West,854.05,925.88,489.76,10,939.46,162.34,152508.64,73002.72,10.0,1.47,VIOLATED: Exceeds max price increase limit (+10.0%),False
PROD_16,Stainless Steel Electric Kettle 1.8L,Home & Kitchen,STORE_03,Mumbai High Street Mall,West,854.05,925.88,489.76,11,948.0,162.34,153894.99,74389.07,11.0,2.39,VIOLATED: Exceeds max price increase limit (+10.0%),False
PROD_16,Stainless Steel Electric Kettle 1.8L,Home & Kitchen,STORE_03,Mumbai High Street Mall,West,854.05,925.88,489.76,12,956.54,160.4,153433.46,74873.68,12.0,3.31,VIOLATED: Exceeds max price increase limit (+10.0%),False
PROD_16,Stainless Steel Electric Kettle 1.8L,Home & Kitchen,STORE_03,Mumbai High Street Mall,West,854.05,925.88,489.76,13,965.08,160.81,155189.87,76433.92,13.0,4.23,VIOLATED: Exceeds max price increase limit (+10.0%),False
PROD_16,Stainless Steel Electric Kettle 1.8L,Home & Kitchen,STORE_03,Mumbai High Street Mall,West,854.05,925.88,489.76,14,973.62,160.25,156026.36,77540.43,14.0,5.16,VIOLATED: Exceeds max price increase limit (+10.0%); Exceeds max competitor premium (+5.0%),False
PROD_16,Stainless Steel Electric Kettle 1.8L,Home & Kitchen,STORE_03,Mumbai High Street Mall,West,854.05,925.88,489.76,15,982.16,156.36,153570.7,76991.74,15.0,6.08,VIOLATED: Exceeds max price increase limit (+10.0%); Exceeds max competitor premium (+5.0%),False
PROD_16,Stainless Steel Electric Kettle 1.8L,Home & Kitchen,STORE_04,Kolkata City Center,East,899.0,958.83,489.76,-15,764.15,89.77,68599.01,24632.45,-15.0,-20.3,VIOLATED: Exceeds max price decrease limit (-10.0%),False
PROD_16,Stainless Steel Electric Kettle 1.8L,Home & Kitchen,STORE_04,Kolkata City Center,East,899.0,958.83,489.76,-14,773.14,86.87,67164.84,24618.01,-14.0,-19.37,VIOLATED: Exceeds max price decrease limit (-10.0%),False
PROD_16,Stainless Steel Electric Kettle 1.8L,Home & Kitchen,STORE_04,Kolkata City Center,East,899.0,958.83,489.76,-13,782.13,86.87,67945.83,25399.0,-13.0,-18.43,VIOLATED: Exceeds max price decrease limit (-10.0%),False
PROD_16,Stainless Steel Electric Kettle 1.8L,Home & Kitchen,STORE_04,Kolkata City Center,East,899.0,958.83,489.76,-12,791.12,86.87,68726.82,26179.99,-12.0,-17.49,VIOLATED: Exceeds max price decrease limit (-10.0%),False
PROD_16,Stainless Steel Electric Kettle 1.8L,Home & Kitchen,STORE_04,Kolkata City Center,East,899.0,958.83,489.76,-11,800.11,86.45,69168.76,26829.47,-11.0,-16.55,VIOLATED: Exceeds max price decrease limit (-10.0%),False
PROD_16,Stainless Steel Electric Kettle 1.8L,Home & Kitchen,STORE_04,Kolkata City Center,East,899.0,958.83,489.76,-10,809.1,86.45,69945.93,27606.64,-10.0,-15.62,PASSED,True
PROD_16,Stainless Steel Electric Kettle 1.8L,Home & Kitchen,STORE_04,Kolkata City Center,East,899.0,958.83,489.76,-9,818.09,86.45,70723.11,28383.82,-9.0,-14.68,PASSED,True
PROD_16,Stainless Steel Electric Kettle 1.8L,Home & Kitchen,STORE_04,Kolkata City Center,East,899.0,958.83,489.76,-8,827.08,86.72,71721.65,29251.28,-8.0,-13.74,PASSED,True
PROD_16,Stainless Steel Electric Kettle 1.8L,Home & Kitchen,STORE_04,Kolkata City Center,East,899.0,958.83,489.76,-7,836.07,86.72,72501.24,30030.87,-7.0,-12.8,PASSED,True
PROD_16,Stainless Steel Electric Kettle 1.8L,Home & Kitchen,STORE_04,Kolkata City Center,East,899.0,958.83,489.76,-6,845.06,85.33,72111.76,30318.92,-6.0,-11.87,PASSED,True
PROD_16,Stainless Steel Electric Kettle 1.8L,Home & Kitchen,STORE_04,Kolkata City Center,East,899.0,958.83,489.76,-5,854.05,85.33,72878.9,31086.06,-5.0,-10.93,PASSED,True
PROD_16,Stainless Steel Electric Kettle 1.8L,Home & Kitchen,STORE_04,Kolkata City Center,East,899.0,958.83,489.76,-4,863.04,85.47,73767.97,31905.95,-4.0,-9.99,PASSED,True
PROD_16,Stainless Steel Electric Kettle 1.8L,Home & Kitchen,STORE_04,Kolkata City Center,East,899.0,958.83,489.76,-3,872.03,85.4,74475.01,32647.46,-3.0,-9.05,PASSED,True
PROD_16,Stainless Steel Electric Kettle 1.8L,Home & Kitchen,STORE_04,Kolkata City Center,East,899.0,958.83,489.76,-2,881.02,85.33,75177.18,33386.1,-2.0,-8.12,PASSED,True
PROD_16,Stainless Steel Electric Kettle 1.8L,Home & Kitchen,STORE_04,Kolkata City Center,East,899.0,958.83,489.76,-1,890.01,84.63,75320.8,33872.82,-1.0,-7.18,PASSED,True
PROD_16,Stainless Steel Electric Kettle 1.8L,Home & Kitchen,STORE_04,Kolkata City Center,East,899.0,958.83,489.76,0,899.0,84.47,75940.25,34569.28,0.0,-6.24,PASSED,True
PROD_16,Stainless Steel Electric Kettle 1.8L,Home & Kitchen,STORE_04,Kolkata City Center,East,899.0,958.83,489.76,1,907.99,84.34,76576.26,35271.85,1.0,-5.3,PASSED,True
PROD_16,Stainless Steel Electric Kettle 1.8L,Home & Kitchen,STORE_04,Kolkata City Center,East,899.0,958.83,489.76,2,916.98,84.22,77231.06,35981.87,2.0,-4.36,PASSED,True
PROD_16,Stainless Steel Electric Kettle 1.8L,Home & Kitchen,STORE_04,Kolkata City Center,East,899.0,958.83,489.76,3,925.97,84.32,78073.33,36779.13,3.0,-3.43,PASSED,True
PROD_16,Stainless Steel Electric Kettle 1.8L,Home & Kitchen,STORE_04,Kolkata City Center,East,899.0,958.83,489.76,4,934.96,84.32,78831.32,37537.12,4.0,-2.49,PASSED,True
PROD_16,Stainless Steel Electric Kettle 1.8L,Home & Kitchen,STORE_04,Kolkata City Center,East,899.0,958.83,489.76,5,943.95,84.03,79322.62,38166.79,5.0,-1.55,PASSED,True
PROD_16,Stainless Steel Electric Kettle 1.8L,Home & Kitchen,STORE_04,Kolkata City Center,East,899.0,958.83,489.76,6,952.94,84.03,80078.07,38922.24,6.0,-0.61,PASSED,True
PROD_16,Stainless Steel Electric Kettle 1.8L,Home & Kitchen,STORE_04,Kolkata City Center,East,899.0,958.83,489.76,7,961.93,83.58,80400.45,39465.12,7.0,0.32,PASSED,True
PROD_16,Stainless Steel Electric Kettle 1.8L,Home & Kitchen,STORE_04,Kolkata City Center,East,899.0,958.83,489.76,8,970.92,83.58,81151.86,40216.53,8.0,1.26,PASSED,True
PROD_16,Stainless Steel Electric Kettle 1.8L,Home & Kitchen,STORE_04,Kolkata City Center,East,899.0,958.83,489.76,9,979.91,83.58,81903.26,40967.93,9.0,2.2,PASSED,True
PROD_16,Stainless Steel Electric Kettle 1.8L,Home & Kitchen,STORE_04,Kolkata City Center,East,899.0,958.83,489.76,10,988.9,83.66,82727.49,41756.09,10.0,3.14,PASSED,True
PROD_16,Stainless Steel Electric Kettle 1.8L,Home & Kitchen,STORE_04,Kolkata City Center,East,899.0,958.83,489.76,11,997.89,83.66,83479.56,42508.16,11.0,4.07,VIOLATED: Exceeds max price increase limit (+10.0%),False
PROD_16,Stainless Steel Electric Kettle 1.8L,Home & Kitchen,STORE_04,Kolkata City Center,East,899.0,958.83,489.76,12,1006.88,83.57,84145.99,43216.25,12.0,5.01,VIOLATED: Exceeds max price increase limit (+10.0%); Exceeds max competitor premium (+5.0%),False
PROD_16,Stainless Steel Electric Kettle 1.8L,Home & Kitchen,STORE_04,Kolkata City Center,East,899.0,958.83,489.76,13,1015.87,83.17,84486.63,43754.87,13.0,5.95,VIOLATED: Exceeds max price increase limit (+10.0%); Exceeds max competitor premium (+5.0%),False
PROD_16,Stainless Steel Electric Kettle 1.8L,Home & Kitchen,STORE_04,Kolkata City Center,East,899.0,958.83,489.76,14,1024.86,82.88,84944.41,44351.18,14.0,6.89,VIOLATED: Exceeds max price increase limit (+10.0%); Exceeds max competitor premium (+5.0%),False
PROD_16,Stainless Steel Electric Kettle 1.8L,Home & Kitchen,STORE_04,Kolkata City Center,East,899.0,958.83,489.76,15,1033.85,82.88,85689.54,45096.31,15.0,7.82,VIOLATED: Exceeds max price increase limit (+10.0%); Exceeds max competitor premium (+5.0%),False
PROD_17,Whey Isolate Protein Powder 1kg,Health & Care,STORE_01,Delhi Flagship Metro,North,2609.1,2796.35,1952.18,-15,2217.73,108.94,241592.17,28928.14,-15.0,-20.69,VIOLATED: Exceeds max price decrease limit (-10.0%),False
PROD_17,Whey Isolate Protein Powder 1kg,Health & Care,STORE_01,Delhi Flagship Metro,North,2609.1,2796.35,1952.18,-14,2243.83,109.28,245207.31,31871.71,-14.0,-19.76,VIOLATED: Exceeds max price decrease limit (-10.0%),False
PROD_17,Whey Isolate Protein Powder 1kg,Health & Care,STORE_01,Delhi Flagship Metro,North,2609.1,2796.35,1952.18,-13,2269.92,109.28,248058.45,34722.85,-13.0,-18.83,VIOLATED: Exceeds max price decrease limit (-10.0%),False
PROD_17,Whey Isolate Protein Powder 1kg,Health & Care,STORE_01,Delhi Flagship Metro,North,2609.1,2796.35,1952.18,-12,2296.01,109.28,250909.58,37573.98,-12.0,-17.89,VIOLATED: Exceeds max price decrease limit (-10.0%),False
PROD_17,Whey Isolate Protein Powder 1kg,Health & Care,STORE_01,Delhi Flagship Metro,North,2609.1,2796.35,1952.18,-11,2322.1,106.63,247611.91,39445.59,-11.0,-16.96,VIOLATED: Exceeds max price decrease limit (-10.0%),False
PROD_17,Whey Isolate Protein Powder 1kg,Health & Care,STORE_01,Delhi Flagship Metro,North,2609.1,2796.35,1952.18,-10,2348.19,106.63,250393.96,42227.64,-10.0,-16.03,PASSED,True
PROD_17,Whey Isolate Protein Powder 1kg,Health & Care,STORE_01,Delhi Flagship Metro,North,2609.1,2796.35,1952.18,-9,2374.28,106.34,252486.05,44887.02,-9.0,-15.09,PASSED,True
PROD_17,Whey Isolate Protein Powder 1kg,Health & Care,STORE_01,Delhi Flagship Metro,North,2609.1,2796.35,1952.18,-8,2400.37,106.34,255260.52,47661.49,-8.0,-14.16,PASSED,True
PROD_17,Whey Isolate Protein Powder 1kg,Health & Care,STORE_01,Delhi Flagship Metro,North,2609.1,2796.35,1952.18,-7,2426.46,106.34,258034.99,50435.96,-7.0,-13.23,PASSED,True
PROD_17,Whey Isolate Protein Powder 1kg,Health & Care,STORE_01,Delhi Flagship Metro,North,2609.1,2796.35,1952.18,-6,2452.55,105.53,258827.61,52806.09,-6.0,-12.29,PASSED,True
PROD_17,Whey Isolate Protein Powder 1kg,Health & Care,STORE_01,Delhi Flagship Metro,North,2609.1,2796.35,1952.18,-5,2478.64,105.2,260747.44,55382.43,-5.0,-11.36,PASSED,True
PROD_17,Whey Isolate Protein Powder 1kg,Health & Care,STORE_01,Delhi Flagship Metro,North,2609.1,2796.35,1952.18,-4,2504.74,103.73,259827.39,57319.41,-4.0,-10.43,PASSED,True
PROD_17,Whey Isolate Protein Powder 1kg,Health & Care,STORE_01,Delhi Flagship Metro,North,2609.1,2796.35,1952.18,-3,2530.83,102.75,260030.83,59453.55,-3.0,-9.5,PASSED,True
PROD_17,Whey Isolate Protein Powder 1kg,Health & Care,STORE_01,Delhi Flagship Metro,North,2609.1,2796.35,1952.18,-2,2556.92,101.06,258412.12,61117.34,-2.0,-8.56,PASSED,True
PROD_17,Whey Isolate Protein Powder 1kg,Health & Care,STORE_01,Delhi Flagship Metro,North,2609.1,2796.35,1952.18,-1,2583.01,100.71,260142.15,63532.65,-1.0,-7.63,PASSED,True
PROD_17,Whey Isolate Protein Powder 1kg,Health & Care,STORE_01,Delhi Flagship Metro,North,2609.1,2796.35,1952.18,0,2609.1,100.74,262837.03,66177.19,0.0,-6.7,PASSED,True
PROD_17,Whey Isolate Protein Powder 1kg,Health & Care,STORE_01,Delhi Flagship Metro,North,2609.1,2796.35,1952.18,1,2635.19,100.74,265465.3,68805.46,1.0,-5.76,PASSED,True
PROD_17,Whey Isolate Protein Powder 1kg,Health & Care,STORE_01,Delhi Flagship Metro,North,2609.1,2796.35,1952.18,2,2661.28,100.74,268093.56,71433.72,2.0,-4.83,PASSED,True
PROD_17,Whey Isolate Protein Powder 1kg,Health & Care,STORE_01,Delhi Flagship Metro,North,2609.1,2796.35,1952.18,3,2687.37,100.04,268841.61,73547.62,3.0,-3.9,PASSED,True
PROD_17,Whey Isolate Protein Powder 1kg,Health & Care,STORE_01,Delhi Flagship Metro,North,2609.1,2796.35,1952.18,4,2713.46,100.04,271451.62,76157.63,4.0,-2.96,PASSED,True
PROD_17,Whey Isolate Protein Powder 1kg,Health & Care,STORE_01,Delhi Flagship Metro,North,2609.1,2796.35,1952.18,5,2739.56,100.04,274062.64,78768.65,5.0,-2.03,PASSED,True
PROD_17,Whey Isolate Protein Powder 1kg,Health & Care,STORE_01,Delhi Flagship Metro,North,2609.1,2796.35,1952.18,6,2765.65,100.04,276672.65,81378.66,6.0,-1.1,PASSED,True
PROD_17,Whey Isolate Protein Powder 1kg,Health & Care,STORE_01,Delhi Flagship Metro,North,2609.1,2796.35,1952.18,7,2791.74,98.68,275485.88,82846.87,7.0,-0.16,PASSED,True
PROD_17,Whey Isolate Protein Powder 1kg,Health & Care,STORE_01,Delhi Flagship Metro,North,2609.1,2796.35,1952.18,8,2817.83,98.68,278060.41,85421.4,8.0,0.77,PASSED,True
PROD_17,Whey Isolate Protein Powder 1kg,Health & Care,STORE_01,Delhi Flagship Metro,North,2609.1,2796.35,1952.18,9,2843.92,98.38,279773.73,87725.89,9.0,1.7,PASSED,True
PROD_17,Whey Isolate Protein Powder 1kg,Health & Care,STORE_01,Delhi Flagship Metro,North,2609.1,2796.35,1952.18,10,2870.01,98.7,283264.39,90588.03,10.0,2.63,VIOLATED: Exceeds max price increase limit (+10.0%),False
PROD_17,Whey Isolate Protein Powder 1kg,Health & Care,STORE_01,Delhi Flagship Metro,North,2609.1,2796.35,1952.18,11,2896.1,98.7,285839.43,93163.07,11.0,3.57,VIOLATED: Exceeds max price increase limit (+10.0%),False
PROD_17,Whey Isolate Protein Powder 1kg,Health & Care,STORE_01,Delhi Flagship Metro,North,2609.1,2796.35,1952.18,12,2922.19,98.65,288266.78,95689.08,12.0,4.5,VIOLATED: Exceeds max price increase limit (+10.0%),False
PROD_17,Whey Isolate Protein Powder 1kg,Health & Care,STORE_01,Delhi Flagship Metro,North,2609.1,2796.35,1952.18,13,2948.28,98.14,289336.01,97754.49,13.0,5.43,VIOLATED: Exceeds max price increase limit (+10.0%); Exceeds max competitor premium (+5.0%),False
PROD_17,Whey Isolate Protein Powder 1kg,Health & Care,STORE_01,Delhi Flagship Metro,North,2609.1,2796.35,1952.18,14,2974.37,98.09,291759.3,100267.77,14.0,6.37,VIOLATED: Exceeds max price increase limit (+10.0%); Exceeds max competitor premium (+5.0%),False
PROD_17,Whey Isolate Protein Powder 1kg,Health & Care,STORE_01,Delhi Flagship Metro,North,2609.1,2796.35,1952.18,15,3000.46,97.72,293192.39,102433.53,15.0,7.3,VIOLATED: Exceeds max price increase limit (+10.0%); Exceeds max competitor premium (+5.0%),False
PROD_17,Whey Isolate Protein Powder 1kg,Health & Care,STORE_02,Bengaluru Tech Park Store,South,2899.0,2725.98,1952.18,-15,2464.15,72.48,178600.68,37107.4,-15.0,-9.6,VIOLATED: Exceeds max price decrease limit (-10.0%),False
PROD_17,Whey Isolate Protein Powder 1kg,Health & Care,STORE_02,Bengaluru Tech Park Store,South,2899.0,2725.98,1952.18,-14,2493.14,71.78,178964.81,38831.67,-14.0,-8.54,VIOLATED: Exceeds max price decrease limit (-10.0%),False
PROD_17,Whey Isolate Protein Powder 1kg,Health & Care,STORE_02,Bengaluru Tech Park Store,South,2899.0,2725.98,1952.18,-13,2522.13,71.76,180980.55,40897.92,-13.0,-7.48,VIOLATED: Exceeds max price decrease limit (-10.0%),False
PROD_17,Whey Isolate Protein Powder 1kg,Health & Care,STORE_02,Bengaluru Tech Park Store,South,2899.0,2725.98,1952.18,-12,2551.12,71.76,183060.79,42978.16,-12.0,-6.41,VIOLATED: Exceeds max price decrease limit (-10.0%),False
PROD_17,Whey Isolate Protein Powder 1kg,Health & Care,STORE_02,Bengaluru Tech Park Store,South,2899.0,2725.98,1952.18,-11,2580.11,71.76,185141.02,45058.39,-11.0,-5.35,VIOLATED: Exceeds max price decrease limit (-10.0%),False
PROD_17,Whey Isolate Protein Powder 1kg,Health & Care,STORE_02,Bengaluru Tech Park Store,South,2899.0,2725.98,1952.18,-10,2609.1,71.2,185776.43,46774.85,-10.0,-4.29,VIOLATED: Exceeds max price decrease limit (-10.0%),False
PROD_17,Whey Isolate Protein Powder 1kg,Health & Care,STORE_02,Bengaluru Tech Park Store,South,2899.0,2725.98,1952.18,-9,2638.09,71.3,188083.06,48902.06,-9.0,-3.22,PASSED,True
PROD_17,Whey Isolate Protein Powder 1kg,Health & Care,STORE_02,Bengaluru Tech Park Store,South,2899.0,2725.98,1952.18,-8,2667.08,71.21,189925.1,50908.65,-8.0,-2.16,PASSED,True
PROD_17,Whey Isolate Protein Powder 1kg,Health & Care,STORE_02,Bengaluru Tech Park Store,South,2899.0,2725.98,1952.18,-7,2696.07,71.21,191989.51,52973.06,-7.0,-1.1,PASSED,True
PROD_17,Whey Isolate Protein Powder 1kg,Health & Care,STORE_02,Bengaluru Tech Park Store,South,2899.0,2725.98,1952.18,-6,2725.06,71.32,194349.32,55121.24,-6.0,-0.03,PASSED,True
PROD_17,Whey Isolate Protein Powder 1kg,Health & Care,STORE_02,Bengaluru Tech Park Store,South,2899.0,2725.98,1952.18,-5,2754.05,70.95,195406.5,56894.61,-5.0,1.03,PASSED,True
PROD_17,Whey Isolate Protein Powder 1kg,Health & Care,STORE_02,Bengaluru Tech Park Store,South,2899.0,2725.98,1952.18,-4,2783.04,70.93,197413.22,58936.54,-4.0,2.09,PASSED,True
PROD_17,Whey Isolate Protein Powder 1kg,Health & Care,STORE_02,Bengaluru Tech Park Store,South,2899.0,2725.98,1952.18,-3,2812.03,71.48,200998.14,61460.31,-3.0,3.16,PASSED,True
PROD_17,Whey Isolate Protein Powder 1kg,Health & Care,STORE_02,Bengaluru Tech Park Store,South,2899.0,2725.98,1952.18,-2,2841.02,71.44,202951.23,63495.22,-2.0,4.22,PASSED,True
PROD_17,Whey Isolate Protein Powder 1kg,Health & Care,STORE_02,Bengaluru Tech Park Store,South,2899.0,2725.98,1952.18,-1,2870.01,71.26,204530.32,65408.85,-1.0,5.28,VIOLATED: Exceeds max competitor premium (+5.0%),False
PROD_17,Whey Isolate Protein Powder 1kg,Health & Care,STORE_02,Bengaluru Tech Park Store,South,2899.0,2725.98,1952.18,0,2899.0,70.97,205753.29,67199.49,0.0,6.35,VIOLATED: Exceeds max competitor premium (+5.0%),False
PROD_17,Whey Isolate Protein Powder 1kg,Health & Care,STORE_02,Bengaluru Tech Park Store,South,2899.0,2725.98,1952.18,1,2927.99,70.97,207810.82,69257.02,1.0,7.41,VIOLATED: Exceeds max competitor premium (+5.0%),False
PROD_17,Whey Isolate Protein Powder 1kg,Health & Care,STORE_02,Bengaluru Tech Park Store,South,2899.0,2725.98,1952.18,2,2956.98,70.97,209868.36,71314.56,2.0,8.47,VIOLATED: Exceeds max competitor premium (+5.0%),False
PROD_17,Whey Isolate Protein Powder 1kg,Health & Care,STORE_02,Bengaluru Tech Park Store,South,2899.0,2725.98,1952.18,3,2985.97,70.68,211045.97,73067.45,3.0,9.54,VIOLATED: Exceeds max competitor premium (+5.0%),False
PROD_17,Whey Isolate Protein Powder 1kg,Health & Care,STORE_02,Bengaluru Tech Park Store,South,2899.0,2725.98,1952.18,4,3014.96,69.52,209606.93,73886.9,4.0,10.6,VIOLATED: Exceeds max competitor premium (+5.0%),False
PROD_17,Whey Isolate Protein Powder 1kg,Health & Care,STORE_02,Bengaluru Tech Park Store,South,2899.0,2725.98,1952.18,5,3043.95,69.52,211622.38,75902.35,5.0,11.66,VIOLATED: Exceeds max competitor premium (+5.0%),False
PROD_17,Whey Isolate Protein Powder 1kg,Health & Care,STORE_02,Bengaluru Tech Park Store,South,2899.0,2725.98,1952.18,6,3072.94,69.52,213637.84,77917.81,6.0,12.73,VIOLATED: Exceeds max competitor premium (+5.0%),False
PROD_17,Whey Isolate Protein Powder 1kg,Health & Care,STORE_02,Bengaluru Tech Park Store,South,2899.0,2725.98,1952.18,7,3101.93,69.52,215653.29,79933.26,7.0,13.79,VIOLATED: Exceeds max competitor premium (+5.0%),False
PROD_17,Whey Isolate Protein Powder 1kg,Health & Care,STORE_02,Bengaluru Tech Park Store,South,2899.0,2725.98,1952.18,8,3130.92,69.52,217668.74,81948.71,8.0,14.85,VIOLATED: Exceeds max competitor premium (+5.0%),False
PROD_17,Whey Isolate Protein Powder 1kg,Health & Care,STORE_02,Bengaluru Tech Park Store,South,2899.0,2725.98,1952.18,9,3159.91,69.52,219684.19,83964.16,9.0,15.92,VIOLATED: Exceeds max competitor premium (+5.0%),False
PROD_17,Whey Isolate Protein Powder 1kg,Health & Care,STORE_02,Bengaluru Tech Park Store,South,2899.0,2725.98,1952.18,10,3188.9,69.52,221699.64,85979.61,10.0,16.98,VIOLATED: Exceeds max price increase limit (+10.0%); Exceeds max competitor premium (+5.0%),False
PROD_17,Whey Isolate Protein Powder 1kg,Health & Care,STORE_02,Bengaluru Tech Park Store,South,2899.0,2725.98,1952.18,11,3217.89,69.44,223444.0,87888.43,11.0,18.05,VIOLATED: Exceeds max price increase limit (+10.0%); Exceeds max competitor premium (+5.0%),False
PROD_17,Whey Isolate Protein Powder 1kg,Health & Care,STORE_02,Bengaluru Tech Park Store,South,2899.0,2725.98,1952.18,12,3246.88,69.44,225457.01,89901.44,12.0,19.11,VIOLATED: Exceeds max price increase limit (+10.0%); Exceeds max competitor premium (+5.0%),False
PROD_17,Whey Isolate Protein Powder 1kg,Health & Care,STORE_02,Bengaluru Tech Park Store,South,2899.0,2725.98,1952.18,13,3275.87,69.44,227470.02,91914.45,13.0,20.17,VIOLATED: Exceeds max price increase limit (+10.0%); Exceeds max competitor premium (+5.0%),False
PROD_17,Whey Isolate Protein Powder 1kg,Health & Care,STORE_02,Bengaluru Tech Park Store,South,2899.0,2725.98,1952.18,14,3304.86,69.44,229483.03,93927.46,14.0,21.24,VIOLATED: Exceeds max price increase limit (+10.0%); Exceeds max competitor premium (+5.0%),False
PROD_17,Whey Isolate Protein Powder 1kg,Health & Care,STORE_02,Bengaluru Tech Park Store,South,2899.0,2725.98,1952.18,15,3333.85,69.44,231496.04,95940.47,15.0,22.3,VIOLATED: Exceeds max price increase limit (+10.0%); Exceeds max competitor premium (+5.0%),False
PROD_17,Whey Isolate Protein Powder 1kg,Health & Care,STORE_03,Mumbai High Street Mall,West,2754.05,3025.65,1952.18,-15,2340.94,106.51,249336.36,41407.3,-15.0,-22.63,VIOLATED: Exceeds max price decrease limit (-10.0%),False
PROD_17,Whey Isolate Protein Powder 1kg,Health & Care,STORE_03,Mumbai High Street Mall,West,2754.05,3025.65,1952.18,-14,2368.48,106.51,252269.68,44340.62,-14.0,-21.72,VIOLATED: Exceeds max price decrease limit (-10.0%),False
PROD_17,Whey Isolate Protein Powder 1kg,Health & Care,STORE_03,Mumbai High Street Mall,West,2754.05,3025.65,1952.18,-13,2396.02,106.51,255203.0,47273.94,-13.0,-20.81,VIOLATED: Exceeds max price decrease limit (-10.0%),False
PROD_17,Whey Isolate Protein Powder 1kg,Health & Care,STORE_03,Mumbai High Street Mall,West,2754.05,3025.65,1952.18,-12,2423.56,106.86,258970.05,50369.42,-12.0,-19.9,VIOLATED: Exceeds max price decrease limit (-10.0%),False
PROD_17,Whey Isolate Protein Powder 1kg,Health & Care,STORE_03,Mumbai High Street Mall,West,2754.05,3025.65,1952.18,-11,2451.1,106.86,261912.84,53312.21,-11.0,-18.99,VIOLATED: Exceeds max price decrease limit (-10.0%),False
PROD_17,Whey Isolate Protein Powder 1kg,Health & Care,STORE_03,Mumbai High Street Mall,West,2754.05,3025.65,1952.18,-10,2478.65,106.86,264856.7,56256.07,-10.0,-18.08,PASSED,True
PROD_17,Whey Isolate Protein Powder 1kg,Health & Care,STORE_03,Mumbai High Street Mall,West,2754.05,3025.65,1952.18,-9,2506.19,104.07,260819.56,57655.91,-9.0,-17.17,PASSED,True
PROD_17,Whey Isolate Protein Powder 1kg,Health & Care,STORE_03,Mumbai High Street Mall,West,2754.05,3025.65,1952.18,-8,2533.73,104.07,263685.65,60522.0,-8.0,-16.26,PASSED,True
PROD_17,Whey Isolate Protein Powder 1kg,Health & Care,STORE_03,Mumbai High Street Mall,West,2754.05,3025.65,1952.18,-7,2561.27,104.07,266551.74,63388.09,-7.0,-15.35,PASSED,True
PROD_17,Whey Isolate Protein Powder 1kg,Health & Care,STORE_03,Mumbai High Street Mall,West,2754.05,3025.65,1952.18,-6,2588.81,103.78,268665.53,66069.17,-6.0,-14.44,PASSED,True
PROD_17,Whey Isolate Protein Powder 1kg,Health & Care,STORE_03,Mumbai High Street Mall,West,2754.05,3025.65,1952.18,-5,2616.35,102.89,269190.68,68335.04,-5.0,-13.53,PASSED,True
PROD_17,Whey Isolate Protein Powder 1kg,Health & Care,STORE_03,Mumbai High Street Mall,West,2754.05,3025.65,1952.18,-4,2643.89,102.27,270397.6,70743.0,-4.0,-12.62,PASSED,True
PROD_17,Whey Isolate Protein Powder 1kg,Health & Care,STORE_03,Mumbai High Street Mall,West,2754.05,3025.65,1952.18,-3,2671.43,102.17,272937.94,73485.22,-3.0,-11.71,PASSED,True
PROD_17,Whey Isolate Protein Powder 1kg,Health & Care,STORE_03,Mumbai High Street Mall,West,2754.05,3025.65,1952.18,-2,2698.97,102.17,275751.68,76298.96,-2.0,-10.8,PASSED,True
PROD_17,Whey Isolate Protein Powder 1kg,Health & Care,STORE_03,Mumbai High Street Mall,West,2754.05,3025.65,1952.18,-1,2726.51,100.07,272852.13,77490.12,-1.0,-9.89,PASSED,True
PROD_17,Whey Isolate Protein Powder 1kg,Health & Care,STORE_03,Mumbai High Street Mall,West,2754.05,3025.65,1952.18,0,2754.05,99.78,274786.02,80006.78,0.0,-8.98,PASSED,True
PROD_17,Whey Isolate Protein Powder 1kg,Health & Care,STORE_03,Mumbai High Street Mall,West,2754.05,3025.65,1952.18,1,2781.59,99.09,275624.18,82185.17,1.0,-8.07,PASSED,True
PROD_17,Whey Isolate Protein Powder 1kg,Health & Care,STORE_03,Mumbai High Street Mall,West,2754.05,3025.65,1952.18,2,2809.13,97.31,273350.37,83387.95,2.0,-7.16,PASSED,True
PROD_17,Whey Isolate Protein Powder 1kg,Health & Care,STORE_03,Mumbai High Street Mall,West,2754.05,3025.65,1952.18,3,2836.67,97.31,276030.23,86067.81,3.0,-6.25,PASSED,True
PROD_17,Whey Isolate Protein Powder 1kg,Health & Care,STORE_03,Mumbai High Street Mall,West,2754.05,3025.65,1952.18,4,2864.21,97.31,278710.08,88747.66,4.0,-5.34,PASSED,True
PROD_17,Whey Isolate Protein Powder 1kg,Health & Care,STORE_03,Mumbai High Street Mall,West,2754.05,3025.65,1952.18,5,2891.75,97.05,280650.99,91187.43,5.0,-4.43,PASSED,True
PROD_17,Whey Isolate Protein Powder 1kg,Health & Care,STORE_03,Mumbai High Street Mall,West,2754.05,3025.65,1952.18,6,2919.29,96.58,281933.05,93399.51,6.0,-3.52,PASSED,True
PROD_17,Whey Isolate Protein Powder 1kg,Health & Care,STORE_03,Mumbai High Street Mall,West,2754.05,3025.65,1952.18,7,2946.83,96.58,284592.75,96059.21,7.0,-2.61,PASSED,True
PROD_17,Whey Isolate Protein Powder 1kg,Health & Care,STORE_03,Mumbai High Street Mall,West,2754.05,3025.65,1952.18,8,2974.37,96.58,287252.45,98718.91,8.0,-1.69,PASSED,True
PROD_17,Whey Isolate Protein Powder 1kg,Health & Care,STORE_03,Mumbai High Street Mall,West,2754.05,3025.65,1952.18,9,3001.91,96.06,288374.0,100840.74,9.0,-0.78,PASSED,True
PROD_17,Whey Isolate Protein Powder 1kg,Health & Care,STORE_03,Mumbai High Street Mall,West,2754.05,3025.65,1952.18,10,3029.46,96.06,291020.55,103487.29,10.0,0.13,VIOLATED: Exceeds max price increase limit (+10.0%),False
PROD_17,Whey Isolate Protein Powder 1kg,Health & Care,STORE_03,Mumbai High Street Mall,West,2754.05,3025.65,1952.18,11,3057.0,95.68,292500.59,105711.64,11.0,1.04,VIOLATED: Exceeds max price increase limit (+10.0%),False
PROD_17,Whey Isolate Protein Powder 1kg,Health & Care,STORE_03,Mumbai High Street Mall,West,2754.05,3025.65,1952.18,12,3084.54,95.56,294757.43,108207.87,12.0,1.95,VIOLATED: Exceeds max price increase limit (+10.0%),False
PROD_17,Whey Isolate Protein Powder 1kg,Health & Care,STORE_03,Mumbai High Street Mall,West,2754.05,3025.65,1952.18,13,3112.08,95.88,298391.11,111213.03,13.0,2.86,VIOLATED: Exceeds max price increase limit (+10.0%),False
PROD_17,Whey Isolate Protein Powder 1kg,Health & Care,STORE_03,Mumbai High Street Mall,West,2754.05,3025.65,1952.18,14,3139.62,95.83,300873.02,113793.6,14.0,3.77,VIOLATED: Exceeds max price increase limit (+10.0%),False
PROD_17,Whey Isolate Protein Powder 1kg,Health & Care,STORE_03,Mumbai High Street Mall,West,2754.05,3025.65,1952.18,15,3167.16,95.84,303537.58,116442.52,15.0,4.68,VIOLATED: Exceeds max price increase limit (+10.0%),False
PROD_17,Whey Isolate Protein Powder 1kg,Health & Care,STORE_04,Kolkata City Center,East,2319.2,2734.53,1952.18,-15,1971.32,92.09,181529.83,1762.52,-15.0,-27.91,VIOLATED: Exceeds max price decrease limit (-10.0%),False
PROD_17,Whey Isolate Protein Powder 1kg,Health & Care,STORE_04,Kolkata City Center,East,2319.2,2734.53,1952.18,-14,1994.51,92.09,183665.29,3897.98,-14.0,-27.06,VIOLATED: Exceeds max price decrease limit (-10.0%),False
PROD_17,Whey Isolate Protein Powder 1kg,Health & Care,STORE_04,Kolkata City Center,East,2319.2,2734.53,1952.18,-13,2017.7,92.09,185800.75,6033.44,-13.0,-26.21,VIOLATED: Exceeds max price decrease limit (-10.0%),False
PROD_17,Whey Isolate Protein Powder 1kg,Health & Care,STORE_04,Kolkata City Center,East,2319.2,2734.53,1952.18,-12,2040.9,89.47,182597.69,7937.71,-12.0,-25.37,VIOLATED: Exceeds max price decrease limit (-10.0%),False
PROD_17,Whey Isolate Protein Powder 1kg,Health & Care,STORE_04,Kolkata City Center,East,2319.2,2734.53,1952.18,-11,2064.09,89.47,184672.48,10012.5,-11.0,-24.52,VIOLATED: Exceeds max price decrease limit (-10.0%),False
PROD_17,Whey Isolate Protein Powder 1kg,Health & Care,STORE_04,Kolkata City Center,East,2319.2,2734.53,1952.18,-10,2087.28,89.47,186747.27,12087.29,-10.0,-23.67,PASSED,True
PROD_17,Whey Isolate Protein Powder 1kg,Health & Care,STORE_04,Kolkata City Center,East,2319.2,2734.53,1952.18,-9,2110.47,87.47,184599.43,13845.37,-9.0,-22.82,PASSED,True
PROD_17,Whey Isolate Protein Powder 1kg,Health & Care,STORE_04,Kolkata City Center,East,2319.2,2734.53,1952.18,-8,2133.66,87.47,186627.82,15873.76,-8.0,-21.97,PASSED,True
PROD_17,Whey Isolate Protein Powder 1kg,Health & Care,STORE_04,Kolkata City Center,East,2319.2,2734.53,1952.18,-7,2156.86,84.31,181838.69,17255.98,-7.0,-21.13,PASSED,True
PROD_17,Whey Isolate Protein Powder 1kg,Health & Care,STORE_04,Kolkata City Center,East,2319.2,2734.53,1952.18,-6,2180.05,84.31,183793.77,19211.06,-6.0,-20.28,PASSED,True
PROD_17,Whey Isolate Protein Powder 1kg,Health & Care,STORE_04,Kolkata City Center,East,2319.2,2734.53,1952.18,-5,2203.24,84.03,185132.3,21095.89,-5.0,-19.43,PASSED,True
PROD_17,Whey Isolate Protein Powder 1kg,Health & Care,STORE_04,Kolkata City Center,East,2319.2,2734.53,1952.18,-4,2226.43,84.03,187080.9,23044.49,-4.0,-18.58,PASSED,True
PROD_17,Whey Isolate Protein Powder 1kg,Health & Care,STORE_04,Kolkata City Center,East,2319.2,2734.53,1952.18,-3,2249.62,83.09,186911.98,24713.11,-3.0,-17.73,PASSED,True
PROD_17,Whey Isolate Protein Powder 1kg,Health & Care,STORE_04,Kolkata City Center,East,2319.2,2734.53,1952.18,-2,2272.82,83.09,188839.57,26640.7,-2.0,-16.88,PASSED,True
PROD_17,Whey Isolate Protein Powder 1kg,Health & Care,STORE_04,Kolkata City Center,East,2319.2,2734.53,1952.18,-1,2296.01,83.09,190766.34,28567.47,-1.0,-16.04,PASSED,True
PROD_17,Whey Isolate Protein Powder 1kg,Health & Care,STORE_04,Kolkata City Center,East,2319.2,2734.53,1952.18,0,2319.2,83.18,192913.6,30529.12,0.0,-15.19,PASSED,True
PROD_17,Whey Isolate Protein Powder 1kg,Health & Care,STORE_04,Kolkata City Center,East,2319.2,2734.53,1952.18,1,2342.39,83.4,195359.44,32544.2,1.0,-14.34,PASSED,True
PROD_17,Whey Isolate Protein Powder 1kg,Health & Care,STORE_04,Kolkata City Center,East,2319.2,2734.53,1952.18,2,2365.58,83.4,197293.53,34478.29,2.0,-13.49,PASSED,True
PROD_17,Whey Isolate Protein Powder 1kg,Health & Care,STORE_04,Kolkata City Center,East,2319.2,2734.53,1952.18,3,2388.78,83.2,198741.62,36324.23,3.0,-12.64,PASSED,True
PROD_17,Whey Isolate Protein Powder 1kg,Health & Care,STORE_04,Kolkata City Center,East,2319.2,2734.53,1952.18,4,2411.97,82.61,199255.18,37983.7,4.0,-11.8,PASSED,True
PROD_17,Whey Isolate Protein Powder 1kg,Health & Care,STORE_04,Kolkata City Center,East,2319.2,2734.53,1952.18,5,2435.16,82.61,201170.93,39899.45,5.0,-10.95,PASSED,True
PROD_17,Whey Isolate Protein Powder 1kg,Health & Care,STORE_04,Kolkata City Center,East,2319.2,2734.53,1952.18,6,2458.35,81.85,201226.77,41432.25,6.0,-10.1,PASSED,True
PROD_17,Whey Isolate Protein Powder 1kg,Health & Care,STORE_04,Kolkata City Center,East,2319.2,2734.53,1952.18,7,2481.54,82.06,203636.28,43439.52,7.0,-9.25,PASSED,True
PROD_17,Whey Isolate Protein Powder 1kg,Health & Care,STORE_04,Kolkata City Center,East,2319.2,2734.53,1952.18,8,2504.74,81.47,204057.67,45016.29,8.0,-8.4,PASSED,True
PROD_17,Whey Isolate Protein Powder 1kg,Health & Care,STORE_04,Kolkata City Center,East,2319.2,2734.53,1952.18,9,2527.93,81.4,205770.4,46865.34,9.0,-7.56,PASSED,True
PROD_17,Whey Isolate Protein Powder 1kg,Health & Care,STORE_04,Kolkata City Center,East,2319.2,2734.53,1952.18,10,2551.12,81.4,207658.04,48752.98,10.0,-6.71,VIOLATED: Exceeds max price increase limit (+10.0%),False
PROD_17,Whey Isolate Protein Powder 1kg,Health & Care,STORE_04,Kolkata City Center,East,2319.2,2734.53,1952.18,11,2574.31,81.4,209545.68,50640.62,11.0,-5.86,VIOLATED: Exceeds max price increase limit (+10.0%),False
PROD_17,Whey Isolate Protein Powder 1kg,Health & Care,STORE_04,Kolkata City Center,East,2319.2,2734.53,1952.18,12,2597.5,81.4,211433.31,52528.25,12.0,-5.01,VIOLATED: Exceeds max price increase limit (+10.0%),False
PROD_17,Whey Isolate Protein Powder 1kg,Health & Care,STORE_04,Kolkata City Center,East,2319.2,2734.53,1952.18,13,2620.7,81.47,213510.23,54464.78,13.0,-4.16,VIOLATED: Exceeds max price increase limit (+10.0%),False
PROD_17,Whey Isolate Protein Powder 1kg,Health & Care,STORE_04,Kolkata City Center,East,2319.2,2734.53,1952.18,14,2643.89,81.47,215399.54,56354.09,14.0,-3.31,VIOLATED: Exceeds max price increase limit (+10.0%),False
PROD_17,Whey Isolate Protein Powder 1kg,Health & Care,STORE_04,Kolkata City Center,East,2319.2,2734.53,1952.18,15,2667.08,81.47,217288.84,58243.39,15.0,-2.47,VIOLATED: Exceeds max price increase limit (+10.0%),False
PROD_18,Daily Multivitamin & Mineral 60s,Health & Care,STORE_01,Delhi Flagship Metro,North,499.0,497.26,278.92,-15,424.15,158.27,67130.48,22985.64,-15.0,-14.7,VIOLATED: Exceeds max price decrease limit (-10.0%),False
PROD_18,Daily Multivitamin & Mineral 60s,Health & Care,STORE_01,Delhi Flagship Metro,North,499.0,497.26,278.92,-14,429.14,158.15,67866.94,23756.75,-14.0,-13.7,VIOLATED: Exceeds max price decrease limit (-10.0%),False
PROD_18,Daily Multivitamin & Mineral 60s,Health & Care,STORE_01,Delhi Flagship Metro,North,499.0,497.26,278.92,-13,434.13,156.87,68100.46,24347.25,-13.0,-12.7,VIOLATED: Exceeds max price decrease limit (-10.0%),False
PROD_18,Daily Multivitamin & Mineral 60s,Health & Care,STORE_01,Delhi Flagship Metro,North,499.0,497.26,278.92,-12,439.12,157.6,69205.29,25247.51,-12.0,-11.69,VIOLATED: Exceeds max price decrease limit (-10.0%),False
PROD_18,Daily Multivitamin & Mineral 60s,Health & Care,STORE_01,Delhi Flagship Metro,North,499.0,497.26,278.92,-11,444.11,155.93,69247.93,25757.28,-11.0,-10.69,VIOLATED: Exceeds max price decrease limit (-10.0%),False
PROD_18,Daily Multivitamin & Mineral 60s,Health & Care,STORE_01,Delhi Flagship Metro,North,499.0,497.26,278.92,-10,449.1,156.63,70342.91,26655.43,-10.0,-9.69,PASSED,True
PROD_18,Daily Multivitamin & Mineral 60s,Health & Care,STORE_01,Delhi Flagship Metro,North,499.0,497.26,278.92,-9,454.09,157.38,71464.75,27568.28,-9.0,-8.68,PASSED,True
PROD_18,Daily Multivitamin & Mineral 60s,Health & Care,STORE_01,Delhi Flagship Metro,North,499.0,497.26,278.92,-8,459.08,158.6,72810.5,28573.54,-8.0,-7.68,PASSED,True
PROD_18,Daily Multivitamin & Mineral 60s,Health & Care,STORE_01,Delhi Flagship Metro,North,499.0,497.26,278.92,-7,464.07,156.39,72573.98,28954.84,-7.0,-6.67,PASSED,True
PROD_18,Daily Multivitamin & Mineral 60s,Health & Care,STORE_01,Delhi Flagship Metro,North,499.0,497.26,278.92,-6,469.06,155.91,73132.01,29645.08,-6.0,-5.67,PASSED,True
PROD_18,Daily Multivitamin & Mineral 60s,Health & Care,STORE_01,Delhi Flagship Metro,North,499.0,497.26,278.92,-5,474.05,155.19,73567.48,30282.08,-5.0,-4.67,PASSED,True
PROD_18,Daily Multivitamin & Mineral 60s,Health & Care,STORE_01,Delhi Flagship Metro,North,499.0,497.26,278.92,-4,479.04,155.25,74371.27,31068.76,-4.0,-3.66,PASSED,True
PROD_18,Daily Multivitamin & Mineral 60s,Health & Care,STORE_01,Delhi Flagship Metro,North,499.0,497.26,278.92,-3,484.03,155.25,75145.97,31843.46,-3.0,-2.66,PASSED,True
PROD_18,Daily Multivitamin & Mineral 60s,Health & Care,STORE_01,Delhi Flagship Metro,North,499.0,497.26,278.92,-2,489.02,154.99,75793.82,32563.66,-2.0,-1.66,PASSED,True
PROD_18,Daily Multivitamin & Mineral 60s,Health & Care,STORE_01,Delhi Flagship Metro,North,499.0,497.26,278.92,-1,494.01,154.96,76554.02,33331.32,-1.0,-0.65,PASSED,True
PROD_18,Daily Multivitamin & Mineral 60s,Health & Care,STORE_01,Delhi Flagship Metro,North,499.0,497.26,278.92,0,499.0,154.85,77269.42,34079.06,0.0,0.35,PASSED,True
PROD_18,Daily Multivitamin & Mineral 60s,Health & Care,STORE_01,Delhi Flagship Metro,North,499.0,497.26,278.92,1,503.99,154.85,78042.12,34851.76,1.0,1.35,PASSED,True
PROD_18,Daily Multivitamin & Mineral 60s,Health & Care,STORE_01,Delhi Flagship Metro,North,499.0,497.26,278.92,2,508.98,154.85,78814.81,35624.45,2.0,2.36,PASSED,True
PROD_18,Daily Multivitamin & Mineral 60s,Health & Care,STORE_01,Delhi Flagship Metro,North,499.0,497.26,278.92,3,513.97,154.11,79208.46,36223.8,3.0,3.36,PASSED,True
PROD_18,Daily Multivitamin & Mineral 60s,Health & Care,STORE_01,Delhi Flagship Metro,North,499.0,497.26,278.92,4,518.96,154.84,80353.99,37166.97,4.0,4.36,PASSED,True
PROD_18,Daily Multivitamin & Mineral 60s,Health & Care,STORE_01,Delhi Flagship Metro,North,499.0,497.26,278.92,5,523.95,152.9,80112.49,37465.34,5.0,5.37,VIOLATED: Exceeds max competitor premium (+5.0%),False
PROD_18,Daily Multivitamin & Mineral 60s,Health & Care,STORE_01,Delhi Flagship Metro,North,499.0,497.26,278.92,6,528.94,153.1,80982.43,38278.87,6.0,6.37,VIOLATED: Exceeds max competitor premium (+5.0%),False
PROD_18,Daily Multivitamin & Mineral 60s,Health & Care,STORE_01,Delhi Flagship Metro,North,499.0,497.26,278.92,7,533.93,154.48,82480.8,39393.61,7.0,7.37,VIOLATED: Exceeds max competitor premium (+5.0%),False
PROD_18,Daily Multivitamin & Mineral 60s,Health & Care,STORE_01,Delhi Flagship Metro,North,499.0,497.26,278.92,8,538.92,150.96,81354.77,39249.31,8.0,8.38,VIOLATED: Exceeds max competitor premium (+5.0%),False
PROD_18,Daily Multivitamin & Mineral 60s,Health & Care,STORE_01,Delhi Flagship Metro,North,499.0,497.26,278.92,9,543.91,150.68,81958.36,39929.67,9.0,9.38,VIOLATED: Exceeds max competitor premium (+5.0%),False
PROD_18,Daily Multivitamin & Mineral 60s,Health & Care,STORE_01,Delhi Flagship Metro,North,499.0,497.26,278.92,10,548.9,150.68,82710.27,40681.58,10.0,10.38,VIOLATED: Exceeds max competitor premium (+5.0%),False
PROD_18,Daily Multivitamin & Mineral 60s,Health & Care,STORE_01,Delhi Flagship Metro,North,499.0,497.26,278.92,11,553.89,150.68,83462.19,41433.5,11.0,11.39,VIOLATED: Exceeds max price increase limit (+10.0%); Exceeds max competitor premium (+5.0%),False
PROD_18,Daily Multivitamin & Mineral 60s,Health & Care,STORE_01,Delhi Flagship Metro,North,499.0,497.26,278.92,12,558.88,151.81,84845.11,42501.5,12.0,12.39,VIOLATED: Exceeds max price increase limit (+10.0%); Exceeds max competitor premium (+5.0%),False
PROD_18,Daily Multivitamin & Mineral 60s,Health & Care,STORE_01,Delhi Flagship Metro,North,499.0,497.26,278.92,13,563.87,151.81,85602.66,43259.05,13.0,13.4,VIOLATED: Exceeds max price increase limit (+10.0%); Exceeds max competitor premium (+5.0%),False
PROD_18,Daily Multivitamin & Mineral 60s,Health & Care,STORE_01,Delhi Flagship Metro,North,499.0,497.26,278.92,14,568.86,151.81,86360.21,44016.6,14.0,14.4,VIOLATED: Exceeds max price increase limit (+10.0%); Exceeds max competitor premium (+5.0%),False
PROD_18,Daily Multivitamin & Mineral 60s,Health & Care,STORE_01,Delhi Flagship Metro,North,499.0,497.26,278.92,15,573.85,151.28,86809.34,44615.63,15.0,15.4,VIOLATED: Exceeds max price increase limit (+10.0%); Exceeds max competitor premium (+5.0%),False
PROD_18,Daily Multivitamin & Mineral 60s,Health & Care,STORE_02,Bengaluru Tech Park Store,South,424.15,491.56,278.92,-15,360.53,193.16,69638.23,15763.4,-15.0,-26.66,VIOLATED: Exceeds max price decrease limit (-10.0%),False
PROD_18,Daily Multivitamin & Mineral 60s,Health & Care,STORE_02,Bengaluru Tech Park Store,South,424.15,491.56,278.92,-14,364.77,189.2,69015.42,16243.04,-14.0,-25.79,VIOLATED: Exceeds max price decrease limit (-10.0%),False
PROD_18,Daily Multivitamin & Mineral 60s,Health & Care,STORE_02,Bengaluru Tech Park Store,South,424.15,491.56,278.92,-13,369.01,186.84,68947.62,16832.85,-13.0,-24.93,VIOLATED: Exceeds max price decrease limit (-10.0%),False
PROD_18,Daily Multivitamin & Mineral 60s,Health & Care,STORE_02,Bengaluru Tech Park Store,South,424.15,491.56,278.92,-12,373.25,186.84,69739.85,17625.08,-12.0,-24.07,VIOLATED: Exceeds max price decrease limit (-10.0%),False
PROD_18,Daily Multivitamin & Mineral 60s,Health & Care,STORE_02,Bengaluru Tech Park Store,South,424.15,491.56,278.92,-11,377.49,187.49,70776.64,18481.16,-11.0,-23.21,VIOLATED: Exceeds max price decrease limit (-10.0%),False
PROD_18,Daily Multivitamin & Mineral 60s,Health & Care,STORE_02,Bengaluru Tech Park Store,South,424.15,491.56,278.92,-10,381.74,187.1,71425.04,19238.03,-10.0,-22.34,PASSED,True
PROD_18,Daily Multivitamin & Mineral 60s,Health & Care,STORE_02,Bengaluru Tech Park Store,South,424.15,491.56,278.92,-9,385.98,187.1,72218.36,20031.35,-9.0,-21.48,PASSED,True
PROD_18,Daily Multivitamin & Mineral 60s,Health & Care,STORE_02,Bengaluru Tech Park Store,South,424.15,491.56,278.92,-8,390.22,187.1,73011.68,20824.67,-8.0,-20.62,PASSED,True
PROD_18,Daily Multivitamin & Mineral 60s,Health & Care,STORE_02,Bengaluru Tech Park Store,South,424.15,491.56,278.92,-7,394.46,187.45,73940.7,21657.73,-7.0,-19.75,PASSED,True
PROD_18,Daily Multivitamin & Mineral 60s,Health & Care,STORE_02,Bengaluru Tech Park Store,South,424.15,491.56,278.92,-6,398.7,187.45,74735.47,22452.5,-6.0,-18.89,PASSED,True
PROD_18,Daily Multivitamin & Mineral 60s,Health & Care,STORE_02,Bengaluru Tech Park Store,South,424.15,491.56,278.92,-5,402.94,187.45,75530.25,23247.28,-5.0,-18.03,PASSED,True
PROD_18,Daily Multivitamin & Mineral 60s,Health & Care,STORE_02,Bengaluru Tech Park Store,South,424.15,491.56,278.92,-4,407.18,186.97,76129.31,23980.41,-4.0,-17.17,PASSED,True
PROD_18,Daily Multivitamin & Mineral 60s,Health & Care,STORE_02,Bengaluru Tech Park Store,South,424.15,491.56,278.92,-3,411.43,188.41,77519.29,24966.78,-3.0,-16.3,PASSED,True
PROD_18,Daily Multivitamin & Mineral 60s,Health & Care,STORE_02,Bengaluru Tech Park Store,South,424.15,491.56,278.92,-2,415.67,187.76,78045.56,25675.97,-2.0,-15.44,PASSED,True
PROD_18,Daily Multivitamin & Mineral 60s,Health & Care,STORE_02,Bengaluru Tech Park Store,South,424.15,491.56,278.92,-1,419.91,190.5,79993.3,26858.74,-1.0,-14.58,PASSED,True
PROD_18,Daily Multivitamin & Mineral 60s,Health & Care,STORE_02,Bengaluru Tech Park Store,South,424.15,491.56,278.92,0,424.15,189.2,80251.22,27478.21,0.0,-13.71,PASSED,True
PROD_18,Daily Multivitamin & Mineral 60s,Health & Care,STORE_02,Bengaluru Tech Park Store,South,424.15,491.56,278.92,1,428.39,191.08,81858.42,28561.31,1.0,-12.85,PASSED,True
PROD_18,Daily Multivitamin & Mineral 60s,Health & Care,STORE_02,Bengaluru Tech Park Store,South,424.15,491.56,278.92,2,432.63,190.15,82264.08,29227.78,2.0,-11.99,PASSED,True
PROD_18,Daily Multivitamin & Mineral 60s,Health & Care,STORE_02,Bengaluru Tech Park Store,South,424.15,491.56,278.92,3,436.87,182.71,79820.12,28858.9,3.0,-11.13,PASSED,True
PROD_18,Daily Multivitamin & Mineral 60s,Health & Care,STORE_02,Bengaluru Tech Park Store,South,424.15,491.56,278.92,4,441.12,182.71,80596.63,29635.41,4.0,-10.26,PASSED,True
PROD_18,Daily Multivitamin & Mineral 60s,Health & Care,STORE_02,Bengaluru Tech Park Store,South,424.15,491.56,278.92,5,445.36,182.62,81330.95,30395.02,5.0,-9.4,PASSED,True
PROD_18,Daily Multivitamin & Mineral 60s,Health & Care,STORE_02,Bengaluru Tech Park Store,South,424.15,491.56,278.92,6,449.6,182.43,82021.88,31137.67,6.0,-8.54,PASSED,True
PROD_18,Daily Multivitamin & Mineral 60s,Health & Care,STORE_02,Bengaluru Tech Park Store,South,424.15,491.56,278.92,7,453.84,184.38,83679.37,32251.89,7.0,-7.67,PASSED,True
PROD_18,Daily Multivitamin & Mineral 60s,Health & Care,STORE_02,Bengaluru Tech Park Store,South,424.15,491.56,278.92,8,458.08,182.3,83506.41,32660.26,8.0,-6.81,PASSED,True
PROD_18,Daily Multivitamin & Mineral 60s,Health & Care,STORE_02,Bengaluru Tech Park Store,South,424.15,491.56,278.92,9,462.32,181.82,84060.2,33346.26,9.0,-5.95,PASSED,True
PROD_18,Daily Multivitamin & Mineral 60s,Health & Care,STORE_02,Bengaluru Tech Park Store,South,424.15,491.56,278.92,10,466.56,181.55,84703.66,34065.92,10.0,-5.09,PASSED,True
PROD_18,Daily Multivitamin & Mineral 60s,Health & Care,STORE_02,Bengaluru Tech Park Store,South,424.15,491.56,278.92,11,470.81,181.64,85520.21,34855.83,11.0,-4.22,VIOLATED: Exceeds max price increase limit (+10.0%),False
PROD_18,Daily Multivitamin & Mineral 60s,Health & Care,STORE_02,Bengaluru Tech Park Store,South,424.15,491.56,278.92,12,475.05,181.74,86337.64,35645.51,12.0,-3.36,VIOLATED: Exceeds max price increase limit (+10.0%),False
PROD_18,Daily Multivitamin & Mineral 60s,Health & Care,STORE_02,Bengaluru Tech Park Store,South,424.15,491.56,278.92,13,479.29,181.74,87108.24,36416.11,13.0,-2.5,VIOLATED: Exceeds max price increase limit (+10.0%),False
PROD_18,Daily Multivitamin & Mineral 60s,Health & Care,STORE_02,Bengaluru Tech Park Store,South,424.15,491.56,278.92,14,483.53,182.17,88086.3,37274.5,14.0,-1.63,VIOLATED: Exceeds max price increase limit (+10.0%),False
PROD_18,Daily Multivitamin & Mineral 60s,Health & Care,STORE_02,Bengaluru Tech Park Store,South,424.15,491.56,278.92,15,487.77,181.26,88415.35,37857.08,15.0,-0.77,VIOLATED: Exceeds max price increase limit (+10.0%),False
PROD_18,Daily Multivitamin & Mineral 60s,Health & Care,STORE_03,Mumbai High Street Mall,West,499.0,517.94,278.92,-15,424.15,160.82,68213.65,23356.52,-15.0,-18.11,VIOLATED: Exceeds max price decrease limit (-10.0%),False
PROD_18,Daily Multivitamin & Mineral 60s,Health & Care,STORE_03,Mumbai High Street Mall,West,499.0,517.94,278.92,-14,429.14,161.04,69107.77,24191.1,-14.0,-17.14,VIOLATED: Exceeds max price decrease limit (-10.0%),False
PROD_18,Daily Multivitamin & Mineral 60s,Health & Care,STORE_03,Mumbai High Street Mall,West,499.0,517.94,278.92,-13,434.13,161.04,69911.35,24994.68,-13.0,-16.18,VIOLATED: Exceeds max price decrease limit (-10.0%),False
PROD_18,Daily Multivitamin & Mineral 60s,Health & Care,STORE_03,Mumbai High Street Mall,West,499.0,517.94,278.92,-12,439.12,164.41,72197.62,26339.17,-12.0,-15.22,VIOLATED: Exceeds max price decrease limit (-10.0%),False
PROD_18,Daily Multivitamin & Mineral 60s,Health & Care,STORE_03,Mumbai High Street Mall,West,499.0,517.94,278.92,-11,444.11,164.41,73018.05,27159.6,-11.0,-14.25,VIOLATED: Exceeds max price decrease limit (-10.0%),False
PROD_18,Daily Multivitamin & Mineral 60s,Health & Care,STORE_03,Mumbai High Street Mall,West,499.0,517.94,278.92,-10,449.1,163.12,73256.33,27759.43,-10.0,-13.29,PASSED,True
PROD_18,Daily Multivitamin & Mineral 60s,Health & Care,STORE_03,Mumbai High Street Mall,West,499.0,517.94,278.92,-9,454.09,163.18,74098.82,28584.4,-9.0,-12.33,PASSED,True
PROD_18,Daily Multivitamin & Mineral 60s,Health & Care,STORE_03,Mumbai High Street Mall,West,499.0,517.94,278.92,-8,459.08,161.88,74315.19,29164.03,-8.0,-11.36,PASSED,True
PROD_18,Daily Multivitamin & Mineral 60s,Health & Care,STORE_03,Mumbai High Street Mall,West,499.0,517.94,278.92,-7,464.07,160.14,74316.79,29650.17,-7.0,-10.4,PASSED,True
PROD_18,Daily Multivitamin & Mineral 60s,Health & Care,STORE_03,Mumbai High Street Mall,West,499.0,517.94,278.92,-6,469.06,161.17,75599.83,30645.44,-6.0,-9.44,PASSED,True
PROD_18,Daily Multivitamin & Mineral 60s,Health & Care,STORE_03,Mumbai High Street Mall,West,499.0,517.94,278.92,-5,474.05,160.89,76270.21,31394.59,-5.0,-8.47,PASSED,True
PROD_18,Daily Multivitamin & Mineral 60s,Health & Care,STORE_03,Mumbai High Street Mall,West,499.0,517.94,278.92,-4,479.04,162.72,77948.47,32563.14,-4.0,-7.51,PASSED,True
PROD_18,Daily Multivitamin & Mineral 60s,Health & Care,STORE_03,Mumbai High Street Mall,West,499.0,517.94,278.92,-3,484.03,162.21,78514.0,33270.68,-3.0,-6.55,PASSED,True
PROD_18,Daily Multivitamin & Mineral 60s,Health & Care,STORE_03,Mumbai High Street Mall,West,499.0,517.94,278.92,-2,489.02,161.73,79091.62,33980.51,-2.0,-5.58,PASSED,True
PROD_18,Daily Multivitamin & Mineral 60s,Health & Care,STORE_03,Mumbai High Street Mall,West,499.0,517.94,278.92,-1,494.01,159.67,78878.23,34343.27,-1.0,-4.62,PASSED,True
PROD_18,Daily Multivitamin & Mineral 60s,Health & Care,STORE_03,Mumbai High Street Mall,West,499.0,517.94,278.92,0,499.0,159.57,79626.51,35118.64,0.0,-3.66,PASSED,True
PROD_18,Daily Multivitamin & Mineral 60s,Health & Care,STORE_03,Mumbai High Street Mall,West,499.0,517.94,278.92,1,503.99,159.57,80422.78,35914.91,1.0,-2.69,PASSED,True
PROD_18,Daily Multivitamin & Mineral 60s,Health & Care,STORE_03,Mumbai High Street Mall,West,499.0,517.94,278.92,2,508.98,159.31,81087.02,36651.5,2.0,-1.73,PASSED,True
PROD_18,Daily Multivitamin & Mineral 60s,Health & Care,STORE_03,Mumbai High Street Mall,West,499.0,517.94,278.92,3,513.97,156.44,80403.81,36770.47,3.0,-0.77,PASSED,True
PROD_18,Daily Multivitamin & Mineral 60s,Health & Care,STORE_03,Mumbai High Street Mall,West,499.0,517.94,278.92,4,518.96,156.44,81184.42,37551.08,4.0,0.2,PASSED,True
PROD_18,Daily Multivitamin & Mineral 60s,Health & Care,STORE_03,Mumbai High Street Mall,West,499.0,517.94,278.92,5,523.95,155.02,81221.73,37984.08,5.0,1.16,PASSED,True
PROD_18,Daily Multivitamin & Mineral 60s,Health & Care,STORE_03,Mumbai High Street Mall,West,499.0,517.94,278.92,6,528.94,155.02,81995.27,38757.62,6.0,2.12,PASSED,True
PROD_18,Daily Multivitamin & Mineral 60s,Health & Care,STORE_03,Mumbai High Street Mall,West,499.0,517.94,278.92,7,533.93,153.74,82084.08,39204.13,7.0,3.09,PASSED,True
PROD_18,Daily Multivitamin & Mineral 60s,Health & Care,STORE_03,Mumbai High Street Mall,West,499.0,517.94,278.92,8,538.92,153.83,82903.58,39996.53,8.0,4.05,PASSED,True
PROD_18,Daily Multivitamin & Mineral 60s,Health & Care,STORE_03,Mumbai High Street Mall,West,499.0,517.94,278.92,9,543.91,153.95,83735.28,40795.37,9.0,5.01,VIOLATED: Exceeds max competitor premium (+5.0%),False
PROD_18,Daily Multivitamin & Mineral 60s,Health & Care,STORE_03,Mumbai High Street Mall,West,499.0,517.94,278.92,10,548.9,154.11,84591.53,41606.89,10.0,5.98,VIOLATED: Exceeds max competitor premium (+5.0%),False
PROD_18,Daily Multivitamin & Mineral 60s,Health & Care,STORE_03,Mumbai High Street Mall,West,499.0,517.94,278.92,11,553.89,154.11,85360.55,42375.91,11.0,6.94,VIOLATED: Exceeds max price increase limit (+10.0%); Exceeds max competitor premium (+5.0%),False
PROD_18,Daily Multivitamin & Mineral 60s,Health & Care,STORE_03,Mumbai High Street Mall,West,499.0,517.94,278.92,12,558.88,154.13,86137.82,43149.05,12.0,7.9,VIOLATED: Exceeds max price increase limit (+10.0%); Exceeds max competitor premium (+5.0%),False
PROD_18,Daily Multivitamin & Mineral 60s,Health & Care,STORE_03,Mumbai High Street Mall,West,499.0,517.94,278.92,13,563.87,153.3,86442.79,43683.6,13.0,8.87,VIOLATED: Exceeds max price increase limit (+10.0%); Exceeds max competitor premium (+5.0%),False
PROD_18,Daily Multivitamin & Mineral 60s,Health & Care,STORE_03,Mumbai High Street Mall,West,499.0,517.94,278.92,14,568.86,153.85,87519.44,44607.44,14.0,9.83,VIOLATED: Exceeds max price increase limit (+10.0%); Exceeds max competitor premium (+5.0%),False
PROD_18,Daily Multivitamin & Mineral 60s,Health & Care,STORE_03,Mumbai High Street Mall,West,499.0,517.94,278.92,15,573.85,153.59,88135.22,45297.06,15.0,10.79,VIOLATED: Exceeds max price increase limit (+10.0%); Exceeds max competitor premium (+5.0%),False
PROD_18,Daily Multivitamin & Mineral 60s,Health & Care,STORE_04,Kolkata City Center,East,489.02,489.6,278.92,-15,415.67,117.63,48893.3,16085.25,-15.0,-15.1,VIOLATED: Exceeds max price decrease limit (-10.0%),False
PROD_18,Daily Multivitamin & Mineral 60s,Health & Care,STORE_04,Kolkata City Center,East,489.02,489.6,278.92,-14,420.56,118.72,49927.42,16815.01,-14.0,-14.1,VIOLATED: Exceeds max price decrease limit (-10.0%),False
PROD_18,Daily Multivitamin & Mineral 60s,Health & Care,STORE_04,Kolkata City Center,East,489.02,489.6,278.92,-13,425.45,118.72,50507.95,17395.54,-13.0,-13.1,VIOLATED: Exceeds max price decrease limit (-10.0%),False
PROD_18,Daily Multivitamin & Mineral 60s,Health & Care,STORE_04,Kolkata City Center,East,489.02,489.6,278.92,-12,430.34,116.42,50099.47,17628.07,-12.0,-12.1,VIOLATED: Exceeds max price decrease limit (-10.0%),False
PROD_18,Daily Multivitamin & Mineral 60s,Health & Care,STORE_04,Kolkata City Center,East,489.02,489.6,278.92,-11,435.23,116.42,50668.75,18197.35,-11.0,-11.1,VIOLATED: Exceeds max price decrease limit (-10.0%),False
PROD_18,Daily Multivitamin & Mineral 60s,Health & Care,STORE_04,Kolkata City Center,East,489.02,489.6,278.92,-10,440.12,116.42,51238.04,18766.64,-10.0,-10.11,PASSED,True
PROD_18,Daily Multivitamin & Mineral 60s,Health & Care,STORE_04,Kolkata City Center,East,489.02,489.6,278.92,-9,445.01,116.62,51899.02,19370.15,-9.0,-9.11,PASSED,True
PROD_18,Daily Multivitamin & Mineral 60s,Health & Care,STORE_04,Kolkata City Center,East,489.02,489.6,278.92,-8,449.9,116.78,52539.33,19967.05,-8.0,-8.11,PASSED,True
PROD_18,Daily Multivitamin & Mineral 60s,Health & Care,STORE_04,Kolkata City Center,East,489.02,489.6,278.92,-7,454.79,116.16,52826.72,20428.41,-7.0,-7.11,PASSED,True
PROD_18,Daily Multivitamin & Mineral 60s,Health & Care,STORE_04,Kolkata City Center,East,489.02,489.6,278.92,-6,459.68,116.51,53557.04,21060.24,-6.0,-6.11,PASSED,True
PROD_18,Daily Multivitamin & Mineral 60s,Health & Care,STORE_04,Kolkata City Center,East,489.02,489.6,278.92,-5,464.57,116.6,54166.81,21645.97,-5.0,-5.11,PASSED,True
PROD_18,Daily Multivitamin & Mineral 60s,Health & Care,STORE_04,Kolkata City Center,East,489.02,489.6,278.92,-4,469.46,116.6,54739.28,22217.07,-4.0,-4.11,PASSED,True
PROD_18,Daily Multivitamin & Mineral 60s,Health & Care,STORE_04,Kolkata City Center,East,489.02,489.6,278.92,-3,474.35,116.04,55043.09,22677.5,-3.0,-3.11,PASSED,True
PROD_18,Daily Multivitamin & Mineral 60s,Health & Care,STORE_04,Kolkata City Center,East,489.02,489.6,278.92,-2,479.24,115.63,55414.78,23163.11,-2.0,-2.12,PASSED,True
PROD_18,Daily Multivitamin & Mineral 60s,Health & Care,STORE_04,Kolkata City Center,East,489.02,489.6,278.92,-1,484.13,115.63,55980.21,23728.54,-1.0,-1.12,PASSED,True
PROD_18,Daily Multivitamin & Mineral 60s,Health & Care,STORE_04,Kolkata City Center,East,489.02,489.6,278.92,0,489.02,115.63,56545.64,24293.97,0.0,-0.12,PASSED,True
PROD_18,Daily Multivitamin & Mineral 60s,Health & Care,STORE_04,Kolkata City Center,East,489.02,489.6,278.92,1,493.91,115.63,57111.08,24859.41,1.0,0.88,PASSED,True
PROD_18,Daily Multivitamin & Mineral 60s,Health & Care,STORE_04,Kolkata City Center,East,489.02,489.6,278.92,2,498.8,115.63,57676.51,25424.84,2.0,1.88,PASSED,True
PROD_18,Daily Multivitamin & Mineral 60s,Health & Care,STORE_04,Kolkata City Center,East,489.02,489.6,278.92,3,503.69,115.65,58252.97,25995.2,3.0,2.88,PASSED,True
PROD_18,Daily Multivitamin & Mineral 60s,Health & Care,STORE_04,Kolkata City Center,East,489.02,489.6,278.92,4,508.58,116.02,59004.66,26644.8,4.0,3.88,PASSED,True
PROD_18,Daily Multivitamin & Mineral 60s,Health & Care,STORE_04,Kolkata City Center,East,489.02,489.6,278.92,5,513.47,115.18,59143.82,27016.54,5.0,4.88,PASSED,True
PROD_18,Daily Multivitamin & Mineral 60s,Health & Care,STORE_04,Kolkata City Center,East,489.02,489.6,278.92,6,518.36,114.41,59305.94,27394.5,6.0,5.87,VIOLATED: Exceeds max competitor premium (+5.0%),False
PROD_18,Daily Multivitamin & Mineral 60s,Health & Care,STORE_04,Kolkata City Center,East,489.02,489.6,278.92,7,523.25,113.8,59543.81,27803.8,7.0,6.87,VIOLATED: Exceeds max competitor premium (+5.0%),False
PROD_18,Daily Multivitamin & Mineral 60s,Health & Care,STORE_04,Kolkata City Center,East,489.02,489.6,278.92,8,528.14,114.13,60277.29,28443.8,8.0,7.87,VIOLATED: Exceeds max competitor premium (+5.0%),False
PROD_18,Daily Multivitamin & Mineral 60s,Health & Care,STORE_04,Kolkata City Center,East,489.02,489.6,278.92,9,533.03,114.13,60835.39,29001.9,9.0,8.87,VIOLATED: Exceeds max competitor premium (+5.0%),False
PROD_18,Daily Multivitamin & Mineral 60s,Health & Care,STORE_04,Kolkata City Center,East,489.02,489.6,278.92,10,537.92,113.31,60950.73,29346.82,10.0,9.87,VIOLATED: Exceeds max competitor premium (+5.0%),False
PROD_18,Daily Multivitamin & Mineral 60s,Health & Care,STORE_04,Kolkata City Center,East,489.02,489.6,278.92,11,542.81,113.31,61504.81,29900.9,11.0,10.87,VIOLATED: Exceeds max price increase limit (+10.0%); Exceeds max competitor premium (+5.0%),False
PROD_18,Daily Multivitamin & Mineral 60s,Health & Care,STORE_04,Kolkata City Center,East,489.02,489.6,278.92,12,547.7,113.63,62233.57,30540.69,12.0,11.87,VIOLATED: Exceeds max price increase limit (+10.0%); Exceeds max competitor premium (+5.0%),False
PROD_18,Daily Multivitamin & Mineral 60s,Health & Care,STORE_04,Kolkata City Center,East,489.02,489.6,278.92,13,552.59,113.63,62789.21,31096.33,13.0,12.87,VIOLATED: Exceeds max price increase limit (+10.0%); Exceeds max competitor premium (+5.0%),False
PROD_18,Daily Multivitamin & Mineral 60s,Health & Care,STORE_04,Kolkata City Center,East,489.02,489.6,278.92,14,557.48,113.63,63344.85,31651.97,14.0,13.86,VIOLATED: Exceeds max price increase limit (+10.0%); Exceeds max competitor premium (+5.0%),False
PROD_18,Daily Multivitamin & Mineral 60s,Health & Care,STORE_04,Kolkata City Center,East,489.02,489.6,278.92,15,562.37,113.63,63900.48,32207.6,15.0,14.86,VIOLATED: Exceeds max price increase limit (+10.0%); Exceeds max competitor premium (+5.0%),False
PROD_19,Vitamin C Radiance Face Serum 30ml,Health & Care,STORE_01,Delhi Flagship Metro,North,649.0,698.9,328.0,-15,551.65,102.62,56607.93,22950.0,-15.0,-21.07,VIOLATED: Exceeds max price decrease limit (-10.0%),False
PROD_19,Vitamin C Radiance Face Serum 30ml,Health & Care,STORE_01,Delhi Flagship Metro,North,649.0,698.9,328.0,-14,558.14,102.62,57273.9,23615.97,-14.0,-20.14,VIOLATED: Exceeds max price decrease limit (-10.0%),False
PROD_19,Vitamin C Radiance Face Serum 30ml,Health & Care,STORE_01,Delhi Flagship Metro,North,649.0,698.9,328.0,-13,564.63,102.96,58134.11,24363.34,-13.0,-19.21,VIOLATED: Exceeds max price decrease limit (-10.0%),False
PROD_19,Vitamin C Radiance Face Serum 30ml,Health & Care,STORE_01,Delhi Flagship Metro,North,649.0,698.9,328.0,-12,571.12,102.12,58321.27,24826.77,-12.0,-18.28,VIOLATED: Exceeds max price decrease limit (-10.0%),False
PROD_19,Vitamin C Radiance Face Serum 30ml,Health & Care,STORE_01,Delhi Flagship Metro,North,649.0,698.9,328.0,-11,577.61,101.88,58844.9,25429.4,-11.0,-17.35,VIOLATED: Exceeds max price decrease limit (-10.0%),False
PROD_19,Vitamin C Radiance Face Serum 30ml,Health & Care,STORE_01,Delhi Flagship Metro,North,649.0,698.9,328.0,-10,584.1,101.88,59506.07,26090.57,-10.0,-16.43,PASSED,True
PROD_19,Vitamin C Radiance Face Serum 30ml,Health & Care,STORE_01,Delhi Flagship Metro,North,649.0,698.9,328.0,-9,590.59,101.34,59850.12,26610.75,-9.0,-15.5,PASSED,True
PROD_19,Vitamin C Radiance Face Serum 30ml,Health & Care,STORE_01,Delhi Flagship Metro,North,649.0,698.9,328.0,-8,597.08,100.58,60055.55,27064.63,-8.0,-14.57,PASSED,True
PROD_19,Vitamin C Radiance Face Serum 30ml,Health & Care,STORE_01,Delhi Flagship Metro,North,649.0,698.9,328.0,-7,603.57,100.65,60749.84,27736.36,-7.0,-13.64,PASSED,True
PROD_19,Vitamin C Radiance Face Serum 30ml,Health & Care,STORE_01,Delhi Flagship Metro,North,649.0,698.9,328.0,-6,610.06,101.36,61833.28,28588.49,-6.0,-12.71,PASSED,True
PROD_19,Vitamin C Radiance Face Serum 30ml,Health & Care,STORE_01,Delhi Flagship Metro,North,649.0,698.9,328.0,-5,616.55,99.66,61444.35,28756.41,-5.0,-11.78,PASSED,True
PROD_19,Vitamin C Radiance Face Serum 30ml,Health & Care,STORE_01,Delhi Flagship Metro,North,649.0,698.9,328.0,-4,623.04,99.41,61936.71,29330.07,-4.0,-10.85,PASSED,True
PROD_19,Vitamin C Radiance Face Serum 30ml,Health & Care,STORE_01,Delhi Flagship Metro,North,649.0,698.9,328.0,-3,629.53,99.41,62581.88,29975.24,-3.0,-9.93,PASSED,True
PROD_19,Vitamin C Radiance Face Serum 30ml,Health & Care,STORE_01,Delhi Flagship Metro,North,649.0,698.9,328.0,-2,636.02,99.62,63358.11,30683.89,-2.0,-9.0,PASSED,True
PROD_19,Vitamin C Radiance Face Serum 30ml,Health & Care,STORE_01,Delhi Flagship Metro,North,649.0,698.9,328.0,-1,642.51,99.53,63949.92,31303.62,-1.0,-8.07,PASSED,True
PROD_19,Vitamin C Radiance Face Serum 30ml,Health & Care,STORE_01,Delhi Flagship Metro,North,649.0,698.9,328.0,0,649.0,99.08,64304.42,31805.42,0.0,-7.14,PASSED,True
PROD_19,Vitamin C Radiance Face Serum 30ml,Health & Care,STORE_01,Delhi Flagship Metro,North,649.0,698.9,328.0,1,655.49,99.08,64947.46,32448.46,1.0,-6.21,PASSED,True
PROD_19,Vitamin C Radiance Face Serum 30ml,Health & Care,STORE_01,Delhi Flagship Metro,North,649.0,698.9,328.0,2,661.98,98.88,65456.16,33023.73,2.0,-5.28,PASSED,True
PROD_19,Vitamin C Radiance Face Serum 30ml,Health & Care,STORE_01,Delhi Flagship Metro,North,649.0,698.9,328.0,3,668.47,97.89,65437.28,33328.99,3.0,-4.35,PASSED,True
PROD_19,Vitamin C Radiance Face Serum 30ml,Health & Care,STORE_01,Delhi Flagship Metro,North,649.0,698.9,328.0,4,674.96,97.98,66134.62,33996.19,4.0,-3.43,PASSED,True
PROD_19,Vitamin C Radiance Face Serum 30ml,Health & Care,STORE_01,Delhi Flagship Metro,North,649.0,698.9,328.0,5,681.45,97.98,66770.53,34632.1,5.0,-2.5,PASSED,True
PROD_19,Vitamin C Radiance Face Serum 30ml,Health & Care,STORE_01,Delhi Flagship Metro,North,649.0,698.9,328.0,6,687.94,97.82,67292.04,35208.15,6.0,-1.57,PASSED,True
PROD_19,Vitamin C Radiance Face Serum 30ml,Health & Care,STORE_01,Delhi Flagship Metro,North,649.0,698.9,328.0,7,694.43,97.82,67926.87,35842.98,7.0,-0.64,PASSED,True
PROD_19,Vitamin C Radiance Face Serum 30ml,Health & Care,STORE_01,Delhi Flagship Metro,North,649.0,698.9,328.0,8,700.92,97.82,68561.71,36477.82,8.0,0.29,PASSED,True
PROD_19,Vitamin C Radiance Face Serum 30ml,Health & Care,STORE_01,Delhi Flagship Metro,North,649.0,698.9,328.0,9,707.41,97.82,69196.54,37112.65,9.0,1.22,PASSED,True
PROD_19,Vitamin C Radiance Face Serum 30ml,Health & Care,STORE_01,Delhi Flagship Metro,North,649.0,698.9,328.0,10,713.9,97.82,69831.37,37747.48,10.0,2.15,PASSED,True
PROD_19,Vitamin C Radiance Face Serum 30ml,Health & Care,STORE_01,Delhi Flagship Metro,North,649.0,698.9,328.0,11,720.39,97.84,70481.97,38390.9,11.0,3.07,VIOLATED: Exceeds max price increase limit (+10.0%),False
PROD_19,Vitamin C Radiance Face Serum 30ml,Health & Care,STORE_01,Delhi Flagship Metro,North,649.0,698.9,328.0,12,726.88,97.27,70701.16,38797.71,12.0,4.0,VIOLATED: Exceeds max price increase limit (+10.0%),False
PROD_19,Vitamin C Radiance Face Serum 30ml,Health & Care,STORE_01,Delhi Flagship Metro,North,649.0,698.9,328.0,13,733.37,97.23,71306.79,39414.8,13.0,4.93,VIOLATED: Exceeds max price increase limit (+10.0%),False
PROD_19,Vitamin C Radiance Face Serum 30ml,Health & Care,STORE_01,Delhi Flagship Metro,North,649.0,698.9,328.0,14,739.86,97.44,72092.14,40131.74,14.0,5.86,VIOLATED: Exceeds max price increase limit (+10.0%); Exceeds max competitor premium (+5.0%),False
PROD_19,Vitamin C Radiance Face Serum 30ml,Health & Care,STORE_01,Delhi Flagship Metro,North,649.0,698.9,328.0,15,746.35,96.77,72224.6,40483.9,15.0,6.79,VIOLATED: Exceeds max price increase limit (+10.0%); Exceeds max competitor premium (+5.0%),False
PROD_19,Vitamin C Radiance Face Serum 30ml,Health & Care,STORE_02,Bengaluru Tech Park Store,South,616.55,701.8,328.0,-15,524.07,143.65,75281.95,28165.19,-15.0,-25.32,VIOLATED: Exceeds max price decrease limit (-10.0%),False
PROD_19,Vitamin C Radiance Face Serum 30ml,Health & Care,STORE_02,Bengaluru Tech Park Store,South,616.55,701.8,328.0,-14,530.23,142.34,75472.69,28785.33,-14.0,-24.45,VIOLATED: Exceeds max price decrease limit (-10.0%),False
PROD_19,Vitamin C Radiance Face Serum 30ml,Health & Care,STORE_02,Bengaluru Tech Park Store,South,616.55,701.8,328.0,-13,536.4,142.34,76350.92,29663.56,-13.0,-23.57,VIOLATED: Exceeds max price decrease limit (-10.0%),False
PROD_19,Vitamin C Radiance Face Serum 30ml,Health & Care,STORE_02,Bengaluru Tech Park Store,South,616.55,701.8,328.0,-12,542.56,141.66,76861.39,30395.5,-12.0,-22.69,VIOLATED: Exceeds max price decrease limit (-10.0%),False
PROD_19,Vitamin C Radiance Face Serum 30ml,Health & Care,STORE_02,Bengaluru Tech Park Store,South,616.55,701.8,328.0,-11,548.73,141.66,77735.45,31269.56,-11.0,-21.81,VIOLATED: Exceeds max price decrease limit (-10.0%),False
PROD_19,Vitamin C Radiance Face Serum 30ml,Health & Care,STORE_02,Bengaluru Tech Park Store,South,616.55,701.8,328.0,-10,554.9,140.74,78099.19,31934.95,-10.0,-20.93,PASSED,True
PROD_19,Vitamin C Radiance Face Serum 30ml,Health & Care,STORE_02,Bengaluru Tech Park Store,South,616.55,701.8,328.0,-9,561.06,140.74,78966.18,32801.94,-9.0,-20.05,PASSED,True
PROD_19,Vitamin C Radiance Face Serum 30ml,Health & Care,STORE_02,Bengaluru Tech Park Store,South,616.55,701.8,328.0,-8,567.23,141.09,80029.71,33752.64,-8.0,-19.17,PASSED,True
PROD_19,Vitamin C Radiance Face Serum 30ml,Health & Care,STORE_02,Bengaluru Tech Park Store,South,616.55,701.8,328.0,-7,573.39,140.52,80572.2,34481.96,-7.0,-18.3,PASSED,True
PROD_19,Vitamin C Radiance Face Serum 30ml,Health & Care,STORE_02,Bengaluru Tech Park Store,South,616.55,701.8,328.0,-6,579.56,140.52,81439.2,35348.96,-6.0,-17.42,PASSED,True
PROD_19,Vitamin C Radiance Face Serum 30ml,Health & Care,STORE_02,Bengaluru Tech Park Store,South,616.55,701.8,328.0,-5,585.72,139.62,81779.37,35983.37,-5.0,-16.54,PASSED,True
PROD_19,Vitamin C Radiance Face Serum 30ml,Health & Care,STORE_02,Bengaluru Tech Park Store,South,616.55,701.8,328.0,-4,591.89,139.62,82640.83,36844.83,-4.0,-15.66,PASSED,True
PROD_19,Vitamin C Radiance Face Serum 30ml,Health & Care,STORE_02,Bengaluru Tech Park Store,South,616.55,701.8,328.0,-3,598.05,139.42,83380.95,37650.74,-3.0,-14.78,PASSED,True
PROD_19,Vitamin C Radiance Face Serum 30ml,Health & Care,STORE_02,Bengaluru Tech Park Store,South,616.55,701.8,328.0,-2,604.22,138.85,83895.32,38352.86,-2.0,-13.9,PASSED,True
PROD_19,Vitamin C Radiance Face Serum 30ml,Health & Care,STORE_02,Bengaluru Tech Park Store,South,616.55,701.8,328.0,-1,610.38,135.92,82963.28,38381.29,-1.0,-13.03,PASSED,True
PROD_19,Vitamin C Radiance Face Serum 30ml,Health & Care,STORE_02,Bengaluru Tech Park Store,South,616.55,701.8,328.0,0,616.55,135.04,83261.0,38966.77,0.0,-12.15,PASSED,True
PROD_19,Vitamin C Radiance Face Serum 30ml,Health & Care,STORE_02,Bengaluru Tech Park Store,South,616.55,701.8,328.0,1,622.72,135.23,84210.0,39854.79,1.0,-11.27,PASSED,True
PROD_19,Vitamin C Radiance Face Serum 30ml,Health & Care,STORE_02,Bengaluru Tech Park Store,South,616.55,701.8,328.0,2,628.88,135.23,85043.01,40687.8,2.0,-10.39,PASSED,True
PROD_19,Vitamin C Radiance Face Serum 30ml,Health & Care,STORE_02,Bengaluru Tech Park Store,South,616.55,701.8,328.0,3,635.05,135.44,86008.22,41585.43,3.0,-9.51,PASSED,True
PROD_19,Vitamin C Radiance Face Serum 30ml,Health & Care,STORE_02,Bengaluru Tech Park Store,South,616.55,701.8,328.0,4,641.21,135.52,86897.58,42446.61,4.0,-8.63,PASSED,True
PROD_19,Vitamin C Radiance Face Serum 30ml,Health & Care,STORE_02,Bengaluru Tech Park Store,South,616.55,701.8,328.0,5,647.38,135.52,87733.75,43282.78,5.0,-7.75,PASSED,True
PROD_19,Vitamin C Radiance Face Serum 30ml,Health & Care,STORE_02,Bengaluru Tech Park Store,South,616.55,701.8,328.0,6,653.54,135.57,88597.29,44131.9,6.0,-6.88,PASSED,True
PROD_19,Vitamin C Radiance Face Serum 30ml,Health & Care,STORE_02,Bengaluru Tech Park Store,South,616.55,701.8,328.0,7,659.71,135.57,89433.73,44968.34,7.0,-6.0,PASSED,True
PROD_19,Vitamin C Radiance Face Serum 30ml,Health & Care,STORE_02,Bengaluru Tech Park Store,South,616.55,701.8,328.0,8,665.87,135.58,90281.54,45809.88,8.0,-5.12,PASSED,True
PROD_19,Vitamin C Radiance Face Serum 30ml,Health & Care,STORE_02,Bengaluru Tech Park Store,South,616.55,701.8,328.0,9,672.04,135.39,90985.65,46578.63,9.0,-4.24,PASSED,True
PROD_19,Vitamin C Radiance Face Serum 30ml,Health & Care,STORE_02,Bengaluru Tech Park Store,South,616.55,701.8,328.0,10,678.2,135.61,91969.45,47489.98,10.0,-3.36,PASSED,True
PROD_19,Vitamin C Radiance Face Serum 30ml,Health & Care,STORE_02,Bengaluru Tech Park Store,South,616.55,701.8,328.0,11,684.37,135.72,92880.35,48365.32,11.0,-2.48,VIOLATED: Exceeds max price increase limit (+10.0%),False
PROD_19,Vitamin C Radiance Face Serum 30ml,Health & Care,STORE_02,Bengaluru Tech Park Store,South,616.55,701.8,328.0,12,690.54,135.62,93647.88,49166.02,12.0,-1.6,VIOLATED: Exceeds max price increase limit (+10.0%),False
PROD_19,Vitamin C Radiance Face Serum 30ml,Health & Care,STORE_02,Bengaluru Tech Park Store,South,616.55,701.8,328.0,13,696.7,135.62,94483.27,50001.41,13.0,-0.73,VIOLATED: Exceeds max price increase limit (+10.0%),False
PROD_19,Vitamin C Radiance Face Serum 30ml,Health & Care,STORE_02,Bengaluru Tech Park Store,South,616.55,701.8,328.0,14,702.87,135.62,95320.02,50838.16,14.0,0.15,VIOLATED: Exceeds max price increase limit (+10.0%),False
PROD_19,Vitamin C Radiance Face Serum 30ml,Health & Care,STORE_02,Bengaluru Tech Park Store,South,616.55,701.8,328.0,15,709.03,135.62,96155.41,51673.55,15.0,1.03,VIOLATED: Exceeds max price increase limit (+10.0%),False
PROD_19,Vitamin C Radiance Face Serum 30ml,Health & Care,STORE_03,Mumbai High Street Mall,West,551.65,704.29,328.0,-15,468.9,163.55,76689.15,23044.36,-15.0,-33.42,VIOLATED: Exceeds max price decrease limit (-10.0%),False
PROD_19,Vitamin C Radiance Face Serum 30ml,Health & Care,STORE_03,Mumbai High Street Mall,West,551.65,704.29,328.0,-14,474.42,163.31,77476.31,23911.47,-14.0,-32.64,VIOLATED: Exceeds max price decrease limit (-10.0%),False
PROD_19,Vitamin C Radiance Face Serum 30ml,Health & Care,STORE_03,Mumbai High Street Mall,West,551.65,704.29,328.0,-13,479.94,163.31,78377.77,24812.93,-13.0,-31.85,VIOLATED: Exceeds max price decrease limit (-10.0%),False
PROD_19,Vitamin C Radiance Face Serum 30ml,Health & Care,STORE_03,Mumbai High Street Mall,West,551.65,704.29,328.0,-12,485.45,163.31,79277.59,25712.75,-12.0,-31.07,VIOLATED: Exceeds max price decrease limit (-10.0%),False
PROD_19,Vitamin C Radiance Face Serum 30ml,Health & Care,STORE_03,Mumbai High Street Mall,West,551.65,704.29,328.0,-11,490.97,163.31,80179.05,26614.21,-11.0,-30.29,VIOLATED: Exceeds max price decrease limit (-10.0%),False
PROD_19,Vitamin C Radiance Face Serum 30ml,Health & Care,STORE_03,Mumbai High Street Mall,West,551.65,704.29,328.0,-10,496.48,163.31,81078.87,27514.03,-10.0,-29.51,VIOLATED: Exceeds max price decrease limit (-10.0%),False
PROD_19,Vitamin C Radiance Face Serum 30ml,Health & Care,STORE_03,Mumbai High Street Mall,West,551.65,704.29,328.0,-9,502.0,163.31,81980.33,28415.49,-9.0,-28.72,PASSED,True
PROD_19,Vitamin C Radiance Face Serum 30ml,Health & Care,STORE_03,Mumbai High Street Mall,West,551.65,704.29,328.0,-8,507.52,163.44,82951.26,29341.52,-8.0,-27.94,PASSED,True
PROD_19,Vitamin C Radiance Face Serum 30ml,Health & Care,STORE_03,Mumbai High Street Mall,West,551.65,704.29,328.0,-7,513.03,160.04,82107.38,29612.94,-7.0,-27.16,PASSED,True
PROD_19,Vitamin C Radiance Face Serum 30ml,Health & Care,STORE_03,Mumbai High Street Mall,West,551.65,704.29,328.0,-6,518.55,160.04,82990.83,30496.39,-6.0,-26.37,PASSED,True
PROD_19,Vitamin C Radiance Face Serum 30ml,Health & Care,STORE_03,Mumbai High Street Mall,West,551.65,704.29,328.0,-5,524.07,157.83,82715.23,30946.2,-5.0,-25.59,PASSED,True
PROD_19,Vitamin C Radiance Face Serum 30ml,Health & Care,STORE_03,Mumbai High Street Mall,West,551.65,704.29,328.0,-4,529.58,157.83,83584.89,31815.86,-4.0,-24.81,PASSED,True
PROD_19,Vitamin C Radiance Face Serum 30ml,Health & Care,STORE_03,Mumbai High Street Mall,West,551.65,704.29,328.0,-3,535.1,157.83,84456.12,32687.09,-3.0,-24.02,PASSED,True
PROD_19,Vitamin C Radiance Face Serum 30ml,Health & Care,STORE_03,Mumbai High Street Mall,West,551.65,704.29,328.0,-2,540.62,157.55,85176.03,33498.81,-2.0,-23.24,PASSED,True
PROD_19,Vitamin C Radiance Face Serum 30ml,Health & Care,STORE_03,Mumbai High Street Mall,West,551.65,704.29,328.0,-1,546.13,157.55,86044.14,34366.92,-1.0,-22.46,PASSED,True
PROD_19,Vitamin C Radiance Face Serum 30ml,Health & Care,STORE_03,Mumbai High Street Mall,West,551.65,704.29,328.0,0,551.65,157.55,86913.83,35236.61,0.0,-21.67,PASSED,True
PROD_19,Vitamin C Radiance Face Serum 30ml,Health & Care,STORE_03,Mumbai High Street Mall,West,551.65,704.29,328.0,1,557.17,157.55,87783.52,36106.3,1.0,-20.89,PASSED,True
PROD_19,Vitamin C Radiance Face Serum 30ml,Health & Care,STORE_03,Mumbai High Street Mall,West,551.65,704.29,328.0,2,562.68,158.85,89381.64,37278.88,2.0,-20.11,PASSED,True
PROD_19,Vitamin C Radiance Face Serum 30ml,Health & Care,STORE_03,Mumbai High Street Mall,West,551.65,704.29,328.0,3,568.2,159.19,90453.96,38238.37,3.0,-19.32,PASSED,True
PROD_19,Vitamin C Radiance Face Serum 30ml,Health & Care,STORE_03,Mumbai High Street Mall,West,551.65,704.29,328.0,4,573.72,156.26,89650.24,38396.53,4.0,-18.54,PASSED,True
PROD_19,Vitamin C Radiance Face Serum 30ml,Health & Care,STORE_03,Mumbai High Street Mall,West,551.65,704.29,328.0,5,579.23,156.68,90754.96,39363.24,5.0,-17.76,PASSED,True
PROD_19,Vitamin C Radiance Face Serum 30ml,Health & Care,STORE_03,Mumbai High Street Mall,West,551.65,704.29,328.0,6,584.75,156.68,91619.85,40228.13,6.0,-16.97,PASSED,True
PROD_19,Vitamin C Radiance Face Serum 30ml,Health & Care,STORE_03,Mumbai High Street Mall,West,551.65,704.29,328.0,7,590.27,156.87,92593.92,41141.52,7.0,-16.19,PASSED,True
PROD_19,Vitamin C Radiance Face Serum 30ml,Health & Care,STORE_03,Mumbai High Street Mall,West,551.65,704.29,328.0,8,595.78,156.41,93185.04,41883.06,8.0,-15.41,PASSED,True
PROD_19,Vitamin C Radiance Face Serum 30ml,Health & Care,STORE_03,Mumbai High Street Mall,West,551.65,704.29,328.0,9,601.3,154.62,92970.39,42256.46,9.0,-14.62,PASSED,True
PROD_19,Vitamin C Radiance Face Serum 30ml,Health & Care,STORE_03,Mumbai High Street Mall,West,551.65,704.29,328.0,10,606.82,154.04,93476.52,42950.34,10.0,-13.84,VIOLATED: Exceeds max price increase limit (+10.0%),False
PROD_19,Vitamin C Radiance Face Serum 30ml,Health & Care,STORE_03,Mumbai High Street Mall,West,551.65,704.29,328.0,11,612.33,151.11,92532.23,42966.52,11.0,-13.06,VIOLATED: Exceeds max price increase limit (+10.0%),False
PROD_19,Vitamin C Radiance Face Serum 30ml,Health & Care,STORE_03,Mumbai High Street Mall,West,551.65,704.29,328.0,12,617.85,148.11,91510.96,42930.24,12.0,-12.27,VIOLATED: Exceeds max price increase limit (+10.0%),False
PROD_19,Vitamin C Radiance Face Serum 30ml,Health & Care,STORE_03,Mumbai High Street Mall,West,551.65,704.29,328.0,13,623.36,149.75,93348.07,44230.12,13.0,-11.49,VIOLATED: Exceeds max price increase limit (+10.0%),False
PROD_19,Vitamin C Radiance Face Serum 30ml,Health & Care,STORE_03,Mumbai High Street Mall,West,551.65,704.29,328.0,14,628.88,149.75,94174.69,45056.74,14.0,-10.71,VIOLATED: Exceeds max price increase limit (+10.0%),False
PROD_19,Vitamin C Radiance Face Serum 30ml,Health & Care,STORE_03,Mumbai High Street Mall,West,551.65,704.29,328.0,15,634.4,149.75,95001.31,45883.36,15.0,-9.92,VIOLATED: Exceeds max price increase limit (+10.0%),False
PROD_19,Vitamin C Radiance Face Serum 30ml,Health & Care,STORE_04,Kolkata City Center,East,584.1,671.18,328.0,-15,496.48,119.03,59095.19,20053.9,-15.0,-26.03,VIOLATED: Exceeds max price decrease limit (-10.0%),False
PROD_19,Vitamin C Radiance Face Serum 30ml,Health & Care,STORE_04,Kolkata City Center,East,584.1,671.18,328.0,-14,502.33,119.03,59791.5,20750.21,-14.0,-25.16,VIOLATED: Exceeds max price decrease limit (-10.0%),False
PROD_19,Vitamin C Radiance Face Serum 30ml,Health & Care,STORE_04,Kolkata City Center,East,584.1,671.18,328.0,-13,508.17,119.03,60486.63,21445.34,-13.0,-24.29,VIOLATED: Exceeds max price decrease limit (-10.0%),False
PROD_19,Vitamin C Radiance Face Serum 30ml,Health & Care,STORE_04,Kolkata City Center,East,584.1,671.18,328.0,-12,514.01,119.02,61175.32,22138.13,-12.0,-23.42,VIOLATED: Exceeds max price decrease limit (-10.0%),False
PROD_19,Vitamin C Radiance Face Serum 30ml,Health & Care,STORE_04,Kolkata City Center,East,584.1,671.18,328.0,-11,519.85,118.76,61735.63,22783.46,-11.0,-22.55,VIOLATED: Exceeds max price decrease limit (-10.0%),False
PROD_19,Vitamin C Radiance Face Serum 30ml,Health & Care,STORE_04,Kolkata City Center,East,584.1,671.18,328.0,-10,525.69,118.76,62429.17,23477.0,-10.0,-21.68,PASSED,True
PROD_19,Vitamin C Radiance Face Serum 30ml,Health & Care,STORE_04,Kolkata City Center,East,584.1,671.18,328.0,-9,531.53,117.17,62279.01,23847.47,-9.0,-20.81,PASSED,True
PROD_19,Vitamin C Radiance Face Serum 30ml,Health & Care,STORE_04,Kolkata City Center,East,584.1,671.18,328.0,-8,537.37,117.17,62963.28,24531.74,-8.0,-19.94,PASSED,True
PROD_19,Vitamin C Radiance Face Serum 30ml,Health & Care,STORE_04,Kolkata City Center,East,584.1,671.18,328.0,-7,543.21,117.51,63834.42,25290.05,-7.0,-19.07,PASSED,True
PROD_19,Vitamin C Radiance Face Serum 30ml,Health & Care,STORE_04,Kolkata City Center,East,584.1,671.18,328.0,-6,549.05,117.51,64520.7,25976.33,-6.0,-18.2,PASSED,True
PROD_19,Vitamin C Radiance Face Serum 30ml,Health & Care,STORE_04,Kolkata City Center,East,584.1,671.18,328.0,-5,554.9,116.19,64476.22,26364.49,-5.0,-17.32,PASSED,True
PROD_19,Vitamin C Radiance Face Serum 30ml,Health & Care,STORE_04,Kolkata City Center,East,584.1,671.18,328.0,-4,560.74,116.19,65154.79,27043.06,-4.0,-16.45,PASSED,True
PROD_19,Vitamin C Radiance Face Serum 30ml,Health & Care,STORE_04,Kolkata City Center,East,584.1,671.18,328.0,-3,566.58,116.19,65833.37,27721.64,-3.0,-15.58,PASSED,True
PROD_19,Vitamin C Radiance Face Serum 30ml,Health & Care,STORE_04,Kolkata City Center,East,584.1,671.18,328.0,-2,572.42,116.24,66540.96,28412.6,-2.0,-14.71,PASSED,True
PROD_19,Vitamin C Radiance Face Serum 30ml,Health & Care,STORE_04,Kolkata City Center,East,584.1,671.18,328.0,-1,578.26,116.24,67219.83,29091.47,-1.0,-13.84,PASSED,True
PROD_19,Vitamin C Radiance Face Serum 30ml,Health & Care,STORE_04,Kolkata City Center,East,584.1,671.18,328.0,0,584.1,116.4,67987.83,29809.42,0.0,-12.97,PASSED,True
PROD_19,Vitamin C Radiance Face Serum 30ml,Health & Care,STORE_04,Kolkata City Center,East,584.1,671.18,328.0,1,589.94,116.4,68667.59,30489.18,1.0,-12.1,PASSED,True
PROD_19,Vitamin C Radiance Face Serum 30ml,Health & Care,STORE_04,Kolkata City Center,East,584.1,671.18,328.0,2,595.78,116.4,69347.36,31168.95,2.0,-11.23,PASSED,True
PROD_19,Vitamin C Radiance Face Serum 30ml,Health & Care,STORE_04,Kolkata City Center,East,584.1,671.18,328.0,3,601.62,115.97,69770.68,31732.08,3.0,-10.36,PASSED,True
PROD_19,Vitamin C Radiance Face Serum 30ml,Health & Care,STORE_04,Kolkata City Center,East,584.1,671.18,328.0,4,607.46,116.18,70573.12,32466.94,4.0,-9.49,PASSED,True
PROD_19,Vitamin C Radiance Face Serum 30ml,Health & Care,STORE_04,Kolkata City Center,East,584.1,671.18,328.0,5,613.31,115.12,70602.08,32843.88,5.0,-8.62,PASSED,True
PROD_19,Vitamin C Radiance Face Serum 30ml,Health & Care,STORE_04,Kolkata City Center,East,584.1,671.18,328.0,6,619.15,114.86,71116.67,33442.01,6.0,-7.75,PASSED,True
PROD_19,Vitamin C Radiance Face Serum 30ml,Health & Care,STORE_04,Kolkata City Center,East,584.1,671.18,328.0,7,624.99,114.79,71743.81,34092.05,7.0,-6.88,PASSED,True
PROD_19,Vitamin C Radiance Face Serum 30ml,Health & Care,STORE_04,Kolkata City Center,East,584.1,671.18,328.0,8,630.83,114.22,72051.48,34588.32,8.0,-6.01,PASSED,True
PROD_19,Vitamin C Radiance Face Serum 30ml,Health & Care,STORE_04,Kolkata City Center,East,584.1,671.18,328.0,9,636.67,114.3,72773.37,35281.95,9.0,-5.14,PASSED,True
PROD_19,Vitamin C Radiance Face Serum 30ml,Health & Care,STORE_04,Kolkata City Center,East,584.1,671.18,328.0,10,642.51,113.93,73199.14,35831.14,10.0,-4.27,PASSED,True
PROD_19,Vitamin C Radiance Face Serum 30ml,Health & Care,STORE_04,Kolkata City Center,East,584.1,671.18,328.0,11,648.35,114.02,73924.05,36525.9,11.0,-3.4,VIOLATED: Exceeds max price increase limit (+10.0%),False
PROD_19,Vitamin C Radiance Face Serum 30ml,Health & Care,STORE_04,Kolkata City Center,East,584.1,671.18,328.0,12,654.19,114.02,74589.92,37191.77,12.0,-2.53,VIOLATED: Exceeds max price increase limit (+10.0%),False
PROD_19,Vitamin C Radiance Face Serum 30ml,Health & Care,STORE_04,Kolkata City Center,East,584.1,671.18,328.0,13,660.03,113.87,75159.92,37809.41,13.0,-1.66,VIOLATED: Exceeds max price increase limit (+10.0%),False
PROD_19,Vitamin C Radiance Face Serum 30ml,Health & Care,STORE_04,Kolkata City Center,East,584.1,671.18,328.0,14,665.87,113.87,75824.95,38474.44,14.0,-0.79,VIOLATED: Exceeds max price increase limit (+10.0%),False
PROD_19,Vitamin C Radiance Face Serum 30ml,Health & Care,STORE_04,Kolkata City Center,East,584.1,671.18,328.0,15,671.71,113.87,76489.97,39139.46,15.0,0.08,VIOLATED: Exceeds max price increase limit (+10.0%),False
PROD_20,Broad-Spectrum Sunscreen Gel SPF50,Health & Care,STORE_01,Delhi Flagship Metro,North,420.0,441.99,217.73,-15,357.0,134.48,48009.05,18728.91,-15.0,-19.23,VIOLATED: Exceeds max price decrease limit (-10.0%),False
PROD_20,Broad-Spectrum Sunscreen Gel SPF50,Health & Care,STORE_01,Delhi Flagship Metro,North,420.0,441.99,217.73,-14,361.2,135.59,48974.84,19452.99,-14.0,-18.28,VIOLATED: Exceeds max price decrease limit (-10.0%),False
PROD_20,Broad-Spectrum Sunscreen Gel SPF50,Health & Care,STORE_01,Delhi Flagship Metro,North,420.0,441.99,217.73,-13,365.4,135.59,49544.31,20022.46,-13.0,-17.33,VIOLATED: Exceeds max price decrease limit (-10.0%),False
PROD_20,Broad-Spectrum Sunscreen Gel SPF50,Health & Care,STORE_01,Delhi Flagship Metro,North,420.0,441.99,217.73,-12,369.6,135.59,50113.79,20591.94,-12.0,-16.38,VIOLATED: Exceeds max price decrease limit (-10.0%),False
PROD_20,Broad-Spectrum Sunscreen Gel SPF50,Health & Care,STORE_01,Delhi Flagship Metro,North,420.0,441.99,217.73,-11,373.8,135.59,50683.26,21161.41,-11.0,-15.43,VIOLATED: Exceeds max price decrease limit (-10.0%),False
PROD_20,Broad-Spectrum Sunscreen Gel SPF50,Health & Care,STORE_01,Delhi Flagship Metro,North,420.0,441.99,217.73,-10,378.0,136.45,51578.07,21868.83,-10.0,-14.48,PASSED,True
PROD_20,Broad-Spectrum Sunscreen Gel SPF50,Health & Care,STORE_01,Delhi Flagship Metro,North,420.0,441.99,217.73,-9,382.2,136.61,52212.59,22468.36,-9.0,-13.53,PASSED,True
PROD_20,Broad-Spectrum Sunscreen Gel SPF50,Health & Care,STORE_01,Delhi Flagship Metro,North,420.0,441.99,217.73,-8,386.4,136.08,52579.71,22951.91,-8.0,-12.58,PASSED,True
PROD_20,Broad-Spectrum Sunscreen Gel SPF50,Health & Care,STORE_01,Delhi Flagship Metro,North,420.0,441.99,217.73,-7,390.6,133.21,52032.29,23028.22,-7.0,-11.63,PASSED,True
PROD_20,Broad-Spectrum Sunscreen Gel SPF50,Health & Care,STORE_01,Delhi Flagship Metro,North,420.0,441.99,217.73,-6,394.8,133.21,52591.78,23587.71,-6.0,-10.68,PASSED,True
PROD_20,Broad-Spectrum Sunscreen Gel SPF50,Health & Care,STORE_01,Delhi Flagship Metro,North,420.0,441.99,217.73,-5,399.0,133.21,53151.27,24147.2,-5.0,-9.73,PASSED,True
PROD_20,Broad-Spectrum Sunscreen Gel SPF50,Health & Care,STORE_01,Delhi Flagship Metro,North,420.0,441.99,217.73,-4,403.2,132.89,53581.36,24647.16,-4.0,-8.78,PASSED,True
PROD_20,Broad-Spectrum Sunscreen Gel SPF50,Health & Care,STORE_01,Delhi Flagship Metro,North,420.0,441.99,217.73,-3,407.4,132.71,54066.3,25171.22,-3.0,-7.83,PASSED,True
PROD_20,Broad-Spectrum Sunscreen Gel SPF50,Health & Care,STORE_01,Delhi Flagship Metro,North,420.0,441.99,217.73,-2,411.6,132.88,54691.75,25760.66,-2.0,-6.88,PASSED,True
PROD_20,Broad-Spectrum Sunscreen Gel SPF50,Health & Care,STORE_01,Delhi Flagship Metro,North,420.0,441.99,217.73,-1,415.8,132.88,55249.83,26318.74,-1.0,-5.93,PASSED,True
PROD_20,Broad-Spectrum Sunscreen Gel SPF50,Health & Care,STORE_01,Delhi Flagship Metro,North,420.0,441.99,217.73,0,420.0,132.82,55785.81,26866.18,0.0,-4.98,PASSED,True
PROD_20,Broad-Spectrum Sunscreen Gel SPF50,Health & Care,STORE_01,Delhi Flagship Metro,North,420.0,441.99,217.73,1,424.2,133.14,56477.9,27489.37,1.0,-4.02,PASSED,True
PROD_20,Broad-Spectrum Sunscreen Gel SPF50,Health & Care,STORE_01,Delhi Flagship Metro,North,420.0,441.99,217.73,2,428.4,133.43,57161.2,28109.59,2.0,-3.07,PASSED,True
PROD_20,Broad-Spectrum Sunscreen Gel SPF50,Health & Care,STORE_01,Delhi Flagship Metro,North,420.0,441.99,217.73,3,432.6,133.06,57562.28,28590.86,3.0,-2.12,PASSED,True
PROD_20,Broad-Spectrum Sunscreen Gel SPF50,Health & Care,STORE_01,Delhi Flagship Metro,North,420.0,441.99,217.73,4,436.8,133.15,58158.75,29168.58,4.0,-1.17,PASSED,True
PROD_20,Broad-Spectrum Sunscreen Gel SPF50,Health & Care,STORE_01,Delhi Flagship Metro,North,420.0,441.99,217.73,5,441.0,133.15,58717.97,29727.8,5.0,-0.22,PASSED,True
PROD_20,Broad-Spectrum Sunscreen Gel SPF50,Health & Care,STORE_01,Delhi Flagship Metro,North,420.0,441.99,217.73,6,445.2,133.15,59277.19,30287.02,6.0,0.73,PASSED,True
PROD_20,Broad-Spectrum Sunscreen Gel SPF50,Health & Care,STORE_01,Delhi Flagship Metro,North,420.0,441.99,217.73,7,449.4,133.15,59836.41,30846.24,7.0,1.68,PASSED,True
PROD_20,Broad-Spectrum Sunscreen Gel SPF50,Health & Care,STORE_01,Delhi Flagship Metro,North,420.0,441.99,217.73,8,453.6,133.31,60468.31,31443.25,8.0,2.63,PASSED,True
PROD_20,Broad-Spectrum Sunscreen Gel SPF50,Health & Care,STORE_01,Delhi Flagship Metro,North,420.0,441.99,217.73,9,457.8,133.31,61028.21,32003.15,9.0,3.58,PASSED,True
PROD_20,Broad-Spectrum Sunscreen Gel SPF50,Health & Care,STORE_01,Delhi Flagship Metro,North,420.0,441.99,217.73,10,462.0,134.72,62242.8,32909.2,10.0,4.53,PASSED,True
PROD_20,Broad-Spectrum Sunscreen Gel SPF50,Health & Care,STORE_01,Delhi Flagship Metro,North,420.0,441.99,217.73,11,466.2,131.88,61483.19,32768.61,11.0,5.48,VIOLATED: Exceeds max price increase limit (+10.0%); Exceeds max competitor premium (+5.0%),False
PROD_20,Broad-Spectrum Sunscreen Gel SPF50,Health & Care,STORE_01,Delhi Flagship Metro,North,420.0,441.99,217.73,12,470.4,130.74,61499.12,33033.55,12.0,6.43,VIOLATED: Exceeds max price increase limit (+10.0%); Exceeds max competitor premium (+5.0%),False
PROD_20,Broad-Spectrum Sunscreen Gel SPF50,Health & Care,STORE_01,Delhi Flagship Metro,North,420.0,441.99,217.73,13,474.6,134.33,63751.95,34504.77,13.0,7.38,VIOLATED: Exceeds max price increase limit (+10.0%); Exceeds max competitor premium (+5.0%),False
PROD_20,Broad-Spectrum Sunscreen Gel SPF50,Health & Care,STORE_01,Delhi Flagship Metro,North,420.0,441.99,217.73,14,478.8,134.85,64565.01,35204.65,14.0,8.33,VIOLATED: Exceeds max price increase limit (+10.0%); Exceeds max competitor premium (+5.0%),False
PROD_20,Broad-Spectrum Sunscreen Gel SPF50,Health & Care,STORE_01,Delhi Flagship Metro,North,420.0,441.99,217.73,15,483.0,134.86,65137.87,35774.58,15.0,9.28,VIOLATED: Exceeds max price increase limit (+10.0%); Exceeds max competitor premium (+5.0%),False
PROD_20,Broad-Spectrum Sunscreen Gel SPF50,Health & Care,STORE_02,Bengaluru Tech Park Store,South,411.6,393.11,217.73,-15,349.86,116.28,40683.27,15364.66,-15.0,-11.0,VIOLATED: Exceeds max price decrease limit (-10.0%),False
PROD_20,Broad-Spectrum Sunscreen Gel SPF50,Health & Care,STORE_02,Bengaluru Tech Park Store,South,411.6,393.11,217.73,-14,353.98,116.34,41183.14,15851.75,-14.0,-9.95,VIOLATED: Exceeds max price decrease limit (-10.0%),False
PROD_20,Broad-Spectrum Sunscreen Gel SPF50,Health & Care,STORE_02,Bengaluru Tech Park Store,South,411.6,393.11,217.73,-13,358.09,116.55,41735.09,16358.84,-13.0,-8.91,VIOLATED: Exceeds max price decrease limit (-10.0%),False
PROD_20,Broad-Spectrum Sunscreen Gel SPF50,Health & Care,STORE_02,Bengaluru Tech Park Store,South,411.6,393.11,217.73,-12,362.21,116.29,42120.87,16801.37,-12.0,-7.86,VIOLATED: Exceeds max price decrease limit (-10.0%),False
PROD_20,Broad-Spectrum Sunscreen Gel SPF50,Health & Care,STORE_02,Bengaluru Tech Park Store,South,411.6,393.11,217.73,-11,366.32,116.29,42598.81,17279.31,-11.0,-6.81,VIOLATED: Exceeds max price decrease limit (-10.0%),False
PROD_20,Broad-Spectrum Sunscreen Gel SPF50,Health & Care,STORE_02,Bengaluru Tech Park Store,South,411.6,393.11,217.73,-10,370.44,116.57,43183.41,17801.91,-10.0,-5.77,VIOLATED: Exceeds max price decrease limit (-10.0%),False
PROD_20,Broad-Spectrum Sunscreen Gel SPF50,Health & Care,STORE_02,Bengaluru Tech Park Store,South,411.6,393.11,217.73,-9,374.56,116.37,43586.27,18249.77,-9.0,-4.72,PASSED,True
PROD_20,Broad-Spectrum Sunscreen Gel SPF50,Health & Care,STORE_02,Bengaluru Tech Park Store,South,411.6,393.11,217.73,-8,378.67,116.38,44068.99,18729.93,-8.0,-3.67,PASSED,True
PROD_20,Broad-Spectrum Sunscreen Gel SPF50,Health & Care,STORE_02,Bengaluru Tech Park Store,South,411.6,393.11,217.73,-7,382.79,116.38,44548.47,19209.41,-7.0,-2.63,PASSED,True
PROD_20,Broad-Spectrum Sunscreen Gel SPF50,Health & Care,STORE_02,Bengaluru Tech Park Store,South,411.6,393.11,217.73,-6,386.9,115.97,44868.75,19618.63,-6.0,-1.58,PASSED,True
PROD_20,Broad-Spectrum Sunscreen Gel SPF50,Health & Care,STORE_02,Bengaluru Tech Park Store,South,411.6,393.11,217.73,-5,391.02,115.97,45346.55,20096.43,-5.0,-0.53,PASSED,True
PROD_20,Broad-Spectrum Sunscreen Gel SPF50,Health & Care,STORE_02,Bengaluru Tech Park Store,South,411.6,393.11,217.73,-4,395.14,115.97,45824.34,20574.22,-4.0,0.52,PASSED,True
PROD_20,Broad-Spectrum Sunscreen Gel SPF50,Health & Care,STORE_02,Bengaluru Tech Park Store,South,411.6,393.11,217.73,-3,399.25,115.97,46300.98,21050.86,-3.0,1.56,PASSED,True
PROD_20,Broad-Spectrum Sunscreen Gel SPF50,Health & Care,STORE_02,Bengaluru Tech Park Store,South,411.6,393.11,217.73,-2,403.37,115.74,46685.5,21485.72,-2.0,2.61,PASSED,True
PROD_20,Broad-Spectrum Sunscreen Gel SPF50,Health & Care,STORE_02,Bengaluru Tech Park Store,South,411.6,393.11,217.73,-1,407.48,115.56,47087.97,21927.31,-1.0,3.66,PASSED,True
PROD_20,Broad-Spectrum Sunscreen Gel SPF50,Health & Care,STORE_02,Bengaluru Tech Park Store,South,411.6,393.11,217.73,0,411.6,114.69,47204.79,22234.19,0.0,4.7,PASSED,True
PROD_20,Broad-Spectrum Sunscreen Gel SPF50,Health & Care,STORE_02,Bengaluru Tech Park Store,South,411.6,393.11,217.73,1,415.72,112.34,46701.45,22241.94,1.0,5.75,VIOLATED: Exceeds max competitor premium (+5.0%),False
PROD_20,Broad-Spectrum Sunscreen Gel SPF50,Health & Care,STORE_02,Bengaluru Tech Park Store,South,411.6,393.11,217.73,2,419.83,112.36,47170.49,22707.18,2.0,6.8,VIOLATED: Exceeds max competitor premium (+5.0%),False
PROD_20,Broad-Spectrum Sunscreen Gel SPF50,Health & Care,STORE_02,Bengaluru Tech Park Store,South,411.6,393.11,217.73,3,423.95,113.92,48298.29,23493.51,3.0,7.85,VIOLATED: Exceeds max competitor premium (+5.0%),False
PROD_20,Broad-Spectrum Sunscreen Gel SPF50,Health & Care,STORE_02,Bengaluru Tech Park Store,South,411.6,393.11,217.73,4,428.06,113.92,48766.52,23961.74,4.0,8.89,VIOLATED: Exceeds max competitor premium (+5.0%),False
PROD_20,Broad-Spectrum Sunscreen Gel SPF50,Health & Care,STORE_02,Bengaluru Tech Park Store,South,411.6,393.11,217.73,5,432.18,113.92,49235.89,24431.11,5.0,9.94,VIOLATED: Exceeds max competitor premium (+5.0%),False
PROD_20,Broad-Spectrum Sunscreen Gel SPF50,Health & Care,STORE_02,Bengaluru Tech Park Store,South,411.6,393.11,217.73,6,436.3,113.92,49705.26,24900.48,6.0,10.99,VIOLATED: Exceeds max competitor premium (+5.0%),False
PROD_20,Broad-Spectrum Sunscreen Gel SPF50,Health & Care,STORE_02,Bengaluru Tech Park Store,South,411.6,393.11,217.73,7,440.41,113.25,49878.49,25219.55,7.0,12.03,VIOLATED: Exceeds max competitor premium (+5.0%),False
PROD_20,Broad-Spectrum Sunscreen Gel SPF50,Health & Care,STORE_02,Bengaluru Tech Park Store,South,411.6,393.11,217.73,8,444.53,113.25,50345.09,25686.15,8.0,13.08,VIOLATED: Exceeds max competitor premium (+5.0%),False
PROD_20,Broad-Spectrum Sunscreen Gel SPF50,Health & Care,STORE_02,Bengaluru Tech Park Store,South,411.6,393.11,217.73,9,448.64,113.25,50810.57,26151.63,9.0,14.13,VIOLATED: Exceeds max competitor premium (+5.0%),False
PROD_20,Broad-Spectrum Sunscreen Gel SPF50,Health & Care,STORE_02,Bengaluru Tech Park Store,South,411.6,393.11,217.73,10,452.76,113.25,51277.18,26618.24,10.0,15.17,VIOLATED: Exceeds max competitor premium (+5.0%),False
PROD_20,Broad-Spectrum Sunscreen Gel SPF50,Health & Care,STORE_02,Bengaluru Tech Park Store,South,411.6,393.11,217.73,11,456.88,113.25,51743.79,27084.85,11.0,16.22,VIOLATED: Exceeds max price increase limit (+10.0%); Exceeds max competitor premium (+5.0%),False
PROD_20,Broad-Spectrum Sunscreen Gel SPF50,Health & Care,STORE_02,Bengaluru Tech Park Store,South,411.6,393.11,217.73,12,460.99,113.25,52209.27,27550.33,12.0,17.27,VIOLATED: Exceeds max price increase limit (+10.0%); Exceeds max competitor premium (+5.0%),False
PROD_20,Broad-Spectrum Sunscreen Gel SPF50,Health & Care,STORE_02,Bengaluru Tech Park Store,South,411.6,393.11,217.73,13,465.11,113.25,52675.88,28016.94,13.0,18.32,VIOLATED: Exceeds max price increase limit (+10.0%); Exceeds max competitor premium (+5.0%),False
PROD_20,Broad-Spectrum Sunscreen Gel SPF50,Health & Care,STORE_02,Bengaluru Tech Park Store,South,411.6,393.11,217.73,14,469.22,113.25,53141.35,28482.41,14.0,19.36,VIOLATED: Exceeds max price increase limit (+10.0%); Exceeds max competitor premium (+5.0%),False
PROD_20,Broad-Spectrum Sunscreen Gel SPF50,Health & Care,STORE_02,Bengaluru Tech Park Store,South,411.6,393.11,217.73,15,473.34,113.25,53607.96,28949.02,15.0,20.41,VIOLATED: Exceeds max price increase limit (+10.0%); Exceeds max competitor premium (+5.0%),False
PROD_20,Broad-Spectrum Sunscreen Gel SPF50,Health & Care,STORE_03,Mumbai High Street Mall,West,420.0,430.52,217.73,-15,357.0,135.3,48302.63,18843.44,-15.0,-17.08,VIOLATED: Exceeds max price decrease limit (-10.0%),False
PROD_20,Broad-Spectrum Sunscreen Gel SPF50,Health & Care,STORE_03,Mumbai High Street Mall,West,420.0,430.52,217.73,-14,361.2,134.99,48757.24,19366.56,-14.0,-16.1,VIOLATED: Exceeds max price decrease limit (-10.0%),False
PROD_20,Broad-Spectrum Sunscreen Gel SPF50,Health & Care,STORE_03,Mumbai High Street Mall,West,420.0,430.52,217.73,-13,365.4,134.79,49250.89,19903.88,-13.0,-15.13,VIOLATED: Exceeds max price decrease limit (-10.0%),False
PROD_20,Broad-Spectrum Sunscreen Gel SPF50,Health & Care,STORE_03,Mumbai High Street Mall,West,420.0,430.52,217.73,-12,369.6,134.79,49816.99,20469.98,-12.0,-14.15,VIOLATED: Exceeds max price decrease limit (-10.0%),False
PROD_20,Broad-Spectrum Sunscreen Gel SPF50,Health & Care,STORE_03,Mumbai High Street Mall,West,420.0,430.52,217.73,-11,373.8,134.79,50383.1,21036.09,-11.0,-13.17,VIOLATED: Exceeds max price decrease limit (-10.0%),False
PROD_20,Broad-Spectrum Sunscreen Gel SPF50,Health & Care,STORE_03,Mumbai High Street Mall,West,420.0,430.52,217.73,-10,378.0,134.24,50743.67,21515.05,-10.0,-12.2,PASSED,True
PROD_20,Broad-Spectrum Sunscreen Gel SPF50,Health & Care,STORE_03,Mumbai High Street Mall,West,420.0,430.52,217.73,-9,382.2,134.18,51283.0,22068.33,-9.0,-11.22,PASSED,True
PROD_20,Broad-Spectrum Sunscreen Gel SPF50,Health & Care,STORE_03,Mumbai High Street Mall,West,420.0,430.52,217.73,-8,386.4,134.18,51846.55,22631.88,-8.0,-10.25,PASSED,True
PROD_20,Broad-Spectrum Sunscreen Gel SPF50,Health & Care,STORE_03,Mumbai High Street Mall,West,420.0,430.52,217.73,-7,390.6,134.66,52598.98,23279.02,-7.0,-9.27,PASSED,True
PROD_20,Broad-Spectrum Sunscreen Gel SPF50,Health & Care,STORE_03,Mumbai High Street Mall,West,420.0,430.52,217.73,-6,394.8,133.97,52889.94,23721.43,-6.0,-8.3,PASSED,True
PROD_20,Broad-Spectrum Sunscreen Gel SPF50,Health & Care,STORE_03,Mumbai High Street Mall,West,420.0,430.52,217.73,-5,399.0,133.97,53452.6,24284.09,-5.0,-7.32,PASSED,True
PROD_20,Broad-Spectrum Sunscreen Gel SPF50,Health & Care,STORE_03,Mumbai High Street Mall,West,420.0,430.52,217.73,-4,403.2,133.65,53888.09,24788.25,-4.0,-6.35,PASSED,True
PROD_20,Broad-Spectrum Sunscreen Gel SPF50,Health & Care,STORE_03,Mumbai High Street Mall,West,420.0,430.52,217.73,-3,407.4,133.47,54376.22,25315.51,-3.0,-5.37,PASSED,True
PROD_20,Broad-Spectrum Sunscreen Gel SPF50,Health & Care,STORE_03,Mumbai High Street Mall,West,420.0,430.52,217.73,-2,411.6,132.98,54733.05,25780.12,-2.0,-4.39,PASSED,True
PROD_20,Broad-Spectrum Sunscreen Gel SPF50,Health & Care,STORE_03,Mumbai High Street Mall,West,420.0,430.52,217.73,-1,415.8,132.98,55291.55,26338.62,-1.0,-3.42,PASSED,True
PROD_20,Broad-Spectrum Sunscreen Gel SPF50,Health & Care,STORE_03,Mumbai High Street Mall,West,420.0,430.52,217.73,0,420.0,132.81,55781.65,26864.18,0.0,-2.44,PASSED,True
PROD_20,Broad-Spectrum Sunscreen Gel SPF50,Health & Care,STORE_03,Mumbai High Street Mall,West,420.0,430.52,217.73,1,424.2,133.22,56512.6,27506.26,1.0,-1.47,PASSED,True
PROD_20,Broad-Spectrum Sunscreen Gel SPF50,Health & Care,STORE_03,Mumbai High Street Mall,West,420.0,430.52,217.73,2,428.4,133.44,57163.58,28110.76,2.0,-0.49,PASSED,True
PROD_20,Broad-Spectrum Sunscreen Gel SPF50,Health & Care,STORE_03,Mumbai High Street Mall,West,420.0,430.52,217.73,3,432.6,133.44,57724.01,28671.19,3.0,0.48,PASSED,True
PROD_20,Broad-Spectrum Sunscreen Gel SPF50,Health & Care,STORE_03,Mumbai High Street Mall,West,420.0,430.52,217.73,4,436.8,133.44,58284.43,29231.61,4.0,1.46,PASSED,True
PROD_20,Broad-Spectrum Sunscreen Gel SPF50,Health & Care,STORE_03,Mumbai High Street Mall,West,420.0,430.52,217.73,5,441.0,133.6,58915.53,29827.82,5.0,2.43,PASSED,True
PROD_20,Broad-Spectrum Sunscreen Gel SPF50,Health & Care,STORE_03,Mumbai High Street Mall,West,420.0,430.52,217.73,6,445.2,133.23,59315.38,30306.54,6.0,3.41,PASSED,True
PROD_20,Broad-Spectrum Sunscreen Gel SPF50,Health & Care,STORE_03,Mumbai High Street Mall,West,420.0,430.52,217.73,7,449.4,132.46,59528.01,30687.26,7.0,4.39,PASSED,True
PROD_20,Broad-Spectrum Sunscreen Gel SPF50,Health & Care,STORE_03,Mumbai High Street Mall,West,420.0,430.52,217.73,8,453.6,132.1,59922.29,31159.33,8.0,5.36,VIOLATED: Exceeds max competitor premium (+5.0%),False
PROD_20,Broad-Spectrum Sunscreen Gel SPF50,Health & Care,STORE_03,Mumbai High Street Mall,West,420.0,430.52,217.73,9,457.8,128.86,58992.64,30935.7,9.0,6.34,VIOLATED: Exceeds max competitor premium (+5.0%),False
PROD_20,Broad-Spectrum Sunscreen Gel SPF50,Health & Care,STORE_03,Mumbai High Street Mall,West,420.0,430.52,217.73,10,462.0,131.12,60575.87,32027.85,10.0,7.31,VIOLATED: Exceeds max competitor premium (+5.0%),False
PROD_20,Broad-Spectrum Sunscreen Gel SPF50,Health & Care,STORE_03,Mumbai High Street Mall,West,420.0,430.52,217.73,11,466.2,131.86,61473.74,32763.58,11.0,8.29,VIOLATED: Exceeds max price increase limit (+10.0%); Exceeds max competitor premium (+5.0%),False
PROD_20,Broad-Spectrum Sunscreen Gel SPF50,Health & Care,STORE_03,Mumbai High Street Mall,West,420.0,430.52,217.73,12,470.4,131.86,62027.56,33317.4,12.0,9.26,VIOLATED: Exceeds max price increase limit (+10.0%); Exceeds max competitor premium (+5.0%),False
PROD_20,Broad-Spectrum Sunscreen Gel SPF50,Health & Care,STORE_03,Mumbai High Street Mall,West,420.0,430.52,217.73,13,474.6,131.05,62197.11,33663.23,13.0,10.24,VIOLATED: Exceeds max price increase limit (+10.0%); Exceeds max competitor premium (+5.0%),False
PROD_20,Broad-Spectrum Sunscreen Gel SPF50,Health & Care,STORE_03,Mumbai High Street Mall,West,420.0,430.52,217.73,14,478.8,131.05,62747.53,34213.65,14.0,11.21,VIOLATED: Exceeds max price increase limit (+10.0%); Exceeds max competitor premium (+5.0%),False
PROD_20,Broad-Spectrum Sunscreen Gel SPF50,Health & Care,STORE_03,Mumbai High Street Mall,West,420.0,430.52,217.73,15,483.0,131.05,63297.95,34764.07,15.0,12.19,VIOLATED: Exceeds max price increase limit (+10.0%); Exceeds max competitor premium (+5.0%),False
PROD_20,Broad-Spectrum Sunscreen Gel SPF50,Health & Care,STORE_04,Kolkata City Center,East,420.0,410.02,217.73,-15,357.0,99.26,35436.95,13824.38,-15.0,-12.93,VIOLATED: Exceeds max price decrease limit (-10.0%),False
PROD_20,Broad-Spectrum Sunscreen Gel SPF50,Health & Care,STORE_04,Kolkata City Center,East,420.0,410.02,217.73,-14,361.2,98.16,35457.17,14083.72,-14.0,-11.91,VIOLATED: Exceeds max price decrease limit (-10.0%),False
PROD_20,Broad-Spectrum Sunscreen Gel SPF50,Health & Care,STORE_04,Kolkata City Center,East,420.0,410.02,217.73,-13,365.4,98.16,35869.46,14496.01,-13.0,-10.88,VIOLATED: Exceeds max price decrease limit (-10.0%),False
PROD_20,Broad-Spectrum Sunscreen Gel SPF50,Health & Care,STORE_04,Kolkata City Center,East,420.0,410.02,217.73,-12,369.6,98.78,36508.69,15001.56,-12.0,-9.86,VIOLATED: Exceeds max price decrease limit (-10.0%),False
PROD_20,Broad-Spectrum Sunscreen Gel SPF50,Health & Care,STORE_04,Kolkata City Center,East,420.0,410.02,217.73,-11,373.8,98.52,36828.32,15376.66,-11.0,-8.83,VIOLATED: Exceeds max price decrease limit (-10.0%),False
PROD_20,Broad-Spectrum Sunscreen Gel SPF50,Health & Care,STORE_04,Kolkata City Center,East,420.0,410.02,217.73,-10,378.0,98.72,37315.97,15821.77,-10.0,-7.81,PASSED,True
PROD_20,Broad-Spectrum Sunscreen Gel SPF50,Health & Care,STORE_04,Kolkata City Center,East,420.0,410.02,217.73,-9,382.2,98.72,37730.59,16236.39,-9.0,-6.79,PASSED,True
PROD_20,Broad-Spectrum Sunscreen Gel SPF50,Health & Care,STORE_04,Kolkata City Center,East,420.0,410.02,217.73,-8,386.4,98.72,38145.21,16651.01,-8.0,-5.76,PASSED,True
PROD_20,Broad-Spectrum Sunscreen Gel SPF50,Health & Care,STORE_04,Kolkata City Center,East,420.0,410.02,217.73,-7,390.6,98.8,38590.83,17079.36,-7.0,-4.74,PASSED,True
PROD_20,Broad-Spectrum Sunscreen Gel SPF50,Health & Care,STORE_04,Kolkata City Center,East,420.0,410.02,217.73,-6,394.8,98.78,38997.68,17490.68,-6.0,-3.71,PASSED,True
PROD_20,Broad-Spectrum Sunscreen Gel SPF50,Health & Care,STORE_04,Kolkata City Center,East,420.0,410.02,217.73,-5,399.0,98.78,39412.55,17905.55,-5.0,-2.69,PASSED,True
PROD_20,Broad-Spectrum Sunscreen Gel SPF50,Health & Care,STORE_04,Kolkata City Center,East,420.0,410.02,217.73,-4,403.2,98.6,39755.97,18287.55,-4.0,-1.66,PASSED,True
PROD_20,Broad-Spectrum Sunscreen Gel SPF50,Health & Care,STORE_04,Kolkata City Center,East,420.0,410.02,217.73,-3,407.4,98.6,40170.1,18701.68,-3.0,-0.64,PASSED,True
PROD_20,Broad-Spectrum Sunscreen Gel SPF50,Health & Care,STORE_04,Kolkata City Center,East,420.0,410.02,217.73,-2,411.6,98.6,40584.22,19115.8,-2.0,0.39,PASSED,True
PROD_20,Broad-Spectrum Sunscreen Gel SPF50,Health & Care,STORE_04,Kolkata City Center,East,420.0,410.02,217.73,-1,415.8,98.6,40998.35,19529.93,-1.0,1.41,PASSED,True
PROD_20,Broad-Spectrum Sunscreen Gel SPF50,Health & Care,STORE_04,Kolkata City Center,East,420.0,410.02,217.73,0,420.0,98.62,41421.66,19948.47,0.0,2.43,PASSED,True
PROD_20,Broad-Spectrum Sunscreen Gel SPF50,Health & Care,STORE_04,Kolkata City Center,East,420.0,410.02,217.73,1,424.2,98.27,41686.27,20289.88,1.0,3.46,PASSED,True
PROD_20,Broad-Spectrum Sunscreen Gel SPF50,Health & Care,STORE_04,Kolkata City Center,East,420.0,410.02,217.73,2,428.4,98.76,42308.32,20805.54,2.0,4.48,PASSED,True
PROD_20,Broad-Spectrum Sunscreen Gel SPF50,Health & Care,STORE_04,Kolkata City Center,East,420.0,410.02,217.73,3,432.6,96.1,41573.62,20649.39,3.0,5.51,VIOLATED: Exceeds max competitor premium (+5.0%),False
PROD_20,Broad-Spectrum Sunscreen Gel SPF50,Health & Care,STORE_04,Kolkata City Center,East,420.0,410.02,217.73,4,436.8,95.92,41897.92,21013.23,4.0,6.53,VIOLATED: Exceeds max competitor premium (+5.0%),False
PROD_20,Broad-Spectrum Sunscreen Gel SPF50,Health & Care,STORE_04,Kolkata City Center,East,420.0,410.02,217.73,5,441.0,97.9,43171.99,21857.17,5.0,7.56,VIOLATED: Exceeds max competitor premium (+5.0%),False
PROD_20,Broad-Spectrum Sunscreen Gel SPF50,Health & Care,STORE_04,Kolkata City Center,East,420.0,410.02,217.73,6,445.2,97.67,43483.03,22217.17,6.0,8.58,VIOLATED: Exceeds max competitor premium (+5.0%),False
PROD_20,Broad-Spectrum Sunscreen Gel SPF50,Health & Care,STORE_04,Kolkata City Center,East,420.0,410.02,217.73,7,449.4,97.67,43893.25,22627.39,7.0,9.6,VIOLATED: Exceeds max competitor premium (+5.0%),False
PROD_20,Broad-Spectrum Sunscreen Gel SPF50,Health & Care,STORE_04,Kolkata City Center,East,420.0,410.02,217.73,8,453.6,97.67,44303.46,23037.6,8.0,10.63,VIOLATED: Exceeds max competitor premium (+5.0%),False
PROD_20,Broad-Spectrum Sunscreen Gel SPF50,Health & Care,STORE_04,Kolkata City Center,East,420.0,410.02,217.73,9,457.8,97.0,44407.03,23287.01,9.0,11.65,VIOLATED: Exceeds max competitor premium (+5.0%),False
PROD_20,Broad-Spectrum Sunscreen Gel SPF50,Health & Care,STORE_04,Kolkata City Center,East,420.0,410.02,217.73,10,462.0,97.0,44814.44,23694.42,10.0,12.68,VIOLATED: Exceeds max competitor premium (+5.0%),False
PROD_20,Broad-Spectrum Sunscreen Gel SPF50,Health & Care,STORE_04,Kolkata City Center,East,420.0,410.02,217.73,11,466.2,97.0,45221.84,24101.82,11.0,13.7,VIOLATED: Exceeds max price increase limit (+10.0%); Exceeds max competitor premium (+5.0%),False
PROD_20,Broad-Spectrum Sunscreen Gel SPF50,Health & Care,STORE_04,Kolkata City Center,East,420.0,410.02,217.73,12,470.4,97.0,45629.25,24509.23,12.0,14.73,VIOLATED: Exceeds max price increase limit (+10.0%); Exceeds max competitor premium (+5.0%),False
PROD_20,Broad-Spectrum Sunscreen Gel SPF50,Health & Care,STORE_04,Kolkata City Center,East,420.0,410.02,217.73,13,474.6,96.76,45920.95,24854.01,13.0,15.75,VIOLATED: Exceeds max price increase limit (+10.0%); Exceeds max competitor premium (+5.0%),False
PROD_20,Broad-Spectrum Sunscreen Gel SPF50,Health & Care,STORE_04,Kolkata City Center,East,420.0,410.02,217.73,14,478.8,96.76,46327.33,25260.39,14.0,16.77,VIOLATED: Exceeds max price increase limit (+10.0%); Exceeds max competitor premium (+5.0%),False
PROD_20,Broad-Spectrum Sunscreen Gel SPF50,Health & Care,STORE_04,Kolkata City Center,East,420.0,410.02,217.73,15,483.0,96.76,46733.71,25666.77,15.0,17.8,VIOLATED: Exceeds max price increase limit (+10.0%); Exceeds max competitor premium (+5.0%),False
