Date,Product_ID,Product_Name,Store_ID,Category,Our_Price,Actual_Demand,Forecast_XGBoost,Forecast_Error
2025-09-17,PROD_01,Wireless Noise-Canceling Headphones,STORE_01,Electronics,2879.04,55,52.5,-2.5
2025-09-18,PROD_01,Wireless Noise-Canceling Headphones,STORE_01,Electronics,2939.02,55,51.0,-4.0
2025-09-19,PROD_01,Wireless Noise-Canceling Headphones,STORE_01,Electronics,2879.04,59,61.8,2.799999237060547
2025-09-20,PROD_01,Wireless Noise-Canceling Headphones,STORE_01,Electronics,2999.0,71,66.9,-4.099998474121094
2025-09-21,PROD_01,Wireless Noise-Canceling Headphones,STORE_01,Electronics,2999.0,64,66.5,2.5
2025-09-22,PROD_01,Wireless Noise-Canceling Headphones,STORE_01,Electronics,2999.0,50,50.1,0.09999847412109375
2025-09-23,PROD_01,Wireless Noise-Canceling Headphones,STORE_01,Electronics,2699.1,72,77.4,5.400001525878906
2025-09-24,PROD_01,Wireless Noise-Canceling Headphones,STORE_01,Electronics,2999.0,52,51.4,-0.5999984741210938
2025-09-25,PROD_01,Wireless Noise-Canceling Headphones,STORE_01,Electronics,2999.0,58,51.6,-6.400001525878906
2025-09-26,PROD_01,Wireless Noise-Canceling Headphones,STORE_01,Electronics,2939.02,55,61.8,6.799999237060547
2025-09-27,PROD_01,Wireless Noise-Canceling Headphones,STORE_01,Electronics,2999.0,72,65.2,-6.8000030517578125
2025-09-28,PROD_01,Wireless Noise-Canceling Headphones,STORE_01,Electronics,2999.0,77,66.4,-10.599998474121094
2025-09-29,PROD_01,Wireless Noise-Canceling Headphones,STORE_01,Electronics,2999.0,49,50.6,1.5999984741210938
2025-09-30,PROD_01,Wireless Noise-Canceling Headphones,STORE_01,Electronics,2999.0,54,51.3,-2.700000762939453
2025-10-01,PROD_01,Wireless Noise-Canceling Headphones,STORE_01,Electronics,2879.04,71,62.4,-8.599998474121094
2025-10-02,PROD_01,Wireless Noise-Canceling Headphones,STORE_01,Electronics,2549.15,113,93.5,-19.5
2025-10-03,PROD_01,Wireless Noise-Canceling Headphones,STORE_01,Electronics,2999.0,70,67.7,-2.3000030517578125
2025-10-04,PROD_01,Wireless Noise-Canceling Headphones,STORE_01,Electronics,2849.05,114,108.1,-5.900001525878906
2025-10-05,PROD_01,Wireless Noise-Canceling Headphones,STORE_01,Electronics,2999.0,76,80.6,4.599998474121094
2025-10-06,PROD_01,Wireless Noise-Canceling Headphones,STORE_01,Electronics,2879.04,73,62.4,-10.599998474121094
2025-10-07,PROD_01,Wireless Noise-Canceling Headphones,STORE_01,Electronics,2999.0,62,62.3,0.2999992370605469
2025-10-08,PROD_01,Wireless Noise-Canceling Headphones,STORE_01,Electronics,2999.0,67,63.0,-4.0
2025-10-09,PROD_01,Wireless Noise-Canceling Headphones,STORE_01,Electronics,2999.0,62,64.4,2.4000015258789062
2025-10-10,PROD_01,Wireless Noise-Canceling Headphones,STORE_01,Electronics,2849.05,109,98.9,-10.099998474121094
2025-10-11,PROD_01,Wireless Noise-Canceling Headphones,STORE_01,Electronics,2549.15,133,137.8,4.8000030517578125
2025-10-12,PROD_01,Wireless Noise-Canceling Headphones,STORE_01,Electronics,2939.02,81,88.1,7.099998474121094
2025-10-13,PROD_01,Wireless Noise-Canceling Headphones,STORE_01,Electronics,2999.0,74,65.9,-8.099998474121094
2025-10-14,PROD_01,Wireless Noise-Canceling Headphones,STORE_01,Electronics,2849.05,99,93.0,-6.0
2025-10-15,PROD_01,Wireless Noise-Canceling Headphones,STORE_01,Electronics,2699.1,114,105.7,-8.300003051757812
2025-10-16,PROD_01,Wireless Noise-Canceling Headphones,STORE_01,Electronics,2999.0,83,72.2,-10.800003051757812
2025-10-17,PROD_01,Wireless Noise-Canceling Headphones,STORE_01,Electronics,2939.02,65,88.6,23.599998474121094
2025-10-18,PROD_01,Wireless Noise-Canceling Headphones,STORE_01,Electronics,2999.0,84,89.3,5.3000030517578125
2025-10-19,PROD_01,Wireless Noise-Canceling Headphones,STORE_01,Electronics,2879.04,108,98.1,-9.900001525878906
2025-10-20,PROD_01,Wireless Noise-Canceling Headphones,STORE_01,Electronics,2699.1,87,109.6,22.599998474121094
2025-10-21,PROD_01,Wireless Noise-Canceling Headphones,STORE_01,Electronics,2879.04,83,77.2,-5.8000030517578125
2025-10-22,PROD_01,Wireless Noise-Canceling Headphones,STORE_01,Electronics,2999.0,75,72.2,-2.8000030517578125
2025-10-23,PROD_01,Wireless Noise-Canceling Headphones,STORE_01,Electronics,2999.0,69,73.4,4.400001525878906
2025-10-24,PROD_01,Wireless Noise-Canceling Headphones,STORE_01,Electronics,2999.0,78,81.2,3.1999969482421875
2025-10-25,PROD_01,Wireless Noise-Canceling Headphones,STORE_01,Electronics,2999.0,77,92.7,15.699996948242188
2025-10-26,PROD_01,Wireless Noise-Canceling Headphones,STORE_01,Electronics,2939.02,97,95.5,-1.5
2025-10-27,PROD_01,Wireless Noise-Canceling Headphones,STORE_01,Electronics,2999.0,60,74.8,14.800003051757812
2025-10-28,PROD_01,Wireless Noise-Canceling Headphones,STORE_01,Electronics,2999.0,73,72.3,-0.6999969482421875
2025-10-29,PROD_01,Wireless Noise-Canceling Headphones,STORE_01,Electronics,2999.0,71,73.4,2.4000015258789062
2025-10-30,PROD_01,Wireless Noise-Canceling Headphones,STORE_01,Electronics,2999.0,75,76.1,1.0999984741210938
2025-10-31,PROD_01,Wireless Noise-Canceling Headphones,STORE_01,Electronics,2999.0,82,83.8,1.8000030517578125
2025-11-01,PROD_01,Wireless Noise-Canceling Headphones,STORE_01,Electronics,2549.15,126,142.6,16.600006103515625
2025-11-02,PROD_01,Wireless Noise-Canceling Headphones,STORE_01,Electronics,2999.0,87,86.3,-0.6999969482421875
2025-11-03,PROD_01,Wireless Noise-Canceling Headphones,STORE_01,Electronics,2999.0,94,68.1,-25.900001525878906
2025-11-04,PROD_01,Wireless Noise-Canceling Headphones,STORE_01,Electronics,2849.05,84,94.8,10.800003051757812
2025-11-05,PROD_01,Wireless Noise-Canceling Headphones,STORE_01,Electronics,2999.0,82,70.5,-11.5
2025-11-06,PROD_01,Wireless Noise-Canceling Headphones,STORE_01,Electronics,2999.0,70,71.1,1.0999984741210938
2025-11-07,PROD_01,Wireless Noise-Canceling Headphones,STORE_01,Electronics,2999.0,68,81.9,13.900001525878906
2025-11-08,PROD_01,Wireless Noise-Canceling Headphones,STORE_01,Electronics,2999.0,103,88.8,-14.199996948242188
2025-11-09,PROD_01,Wireless Noise-Canceling Headphones,STORE_01,Electronics,2699.1,140,141.5,1.5
2025-11-10,PROD_01,Wireless Noise-Canceling Headphones,STORE_01,Electronics,2849.05,77,98.1,21.099998474121094
2025-11-11,PROD_01,Wireless Noise-Canceling Headphones,STORE_01,Electronics,2999.0,60,73.4,13.400001525878906
2025-11-12,PROD_01,Wireless Noise-Canceling Headphones,STORE_01,Electronics,2999.0,64,70.5,6.5
2025-11-13,PROD_01,Wireless Noise-Canceling Headphones,STORE_01,Electronics,2999.0,68,69.0,1.0
2025-11-14,PROD_01,Wireless Noise-Canceling Headphones,STORE_01,Electronics,2999.0,74,75.9,1.9000015258789062
2025-11-15,PROD_01,Wireless Noise-Canceling Headphones,STORE_01,Electronics,2699.1,149,129.8,-19.199996948242188
2025-11-16,PROD_01,Wireless Noise-Canceling Headphones,STORE_01,Electronics,2939.02,103,93.0,-10.0
2025-11-17,PROD_01,Wireless Noise-Canceling Headphones,STORE_01,Electronics,2999.0,71,70.0,-1.0
2025-11-18,PROD_01,Wireless Noise-Canceling Headphones,STORE_01,Electronics,2999.0,80,68.9,-11.099998474121094
2025-11-19,PROD_01,Wireless Noise-Canceling Headphones,STORE_01,Electronics,2999.0,70,69.6,-0.40000152587890625
2025-11-20,PROD_01,Wireless Noise-Canceling Headphones,STORE_01,Electronics,2549.15,133,120.6,-12.400001525878906
2025-11-21,PROD_01,Wireless Noise-Canceling Headphones,STORE_01,Electronics,2699.1,130,133.4,3.399993896484375
2025-11-22,PROD_01,Wireless Noise-Canceling Headphones,STORE_01,Electronics,2999.0,92,96.5,4.5
2025-11-23,PROD_01,Wireless Noise-Canceling Headphones,STORE_01,Electronics,2999.0,124,95.9,-28.099998474121094
2025-11-24,PROD_01,Wireless Noise-Canceling Headphones,STORE_01,Electronics,2549.15,119,119.7,0.6999969482421875
2025-11-25,PROD_01,Wireless Noise-Canceling Headphones,STORE_01,Electronics,2699.1,101,115.1,14.099998474121094
2025-11-26,PROD_01,Wireless Noise-Canceling Headphones,STORE_01,Electronics,2999.0,65,79.9,14.900001525878906
2025-11-27,PROD_01,Wireless Noise-Canceling Headphones,STORE_01,Electronics,2999.0,85,79.3,-5.6999969482421875
2025-11-28,PROD_01,Wireless Noise-Canceling Headphones,STORE_01,Electronics,2549.15,143,146.1,3.100006103515625
2025-11-29,PROD_01,Wireless Noise-Canceling Headphones,STORE_01,Electronics,2939.02,109,110.7,1.6999969482421875
2025-11-30,PROD_01,Wireless Noise-Canceling Headphones,STORE_01,Electronics,2939.02,89,107.8,18.800003051757812
2025-12-01,PROD_01,Wireless Noise-Canceling Headphones,STORE_01,Electronics,2999.0,69,77.7,8.699996948242188
2025-12-02,PROD_01,Wireless Noise-Canceling Headphones,STORE_01,Electronics,2999.0,88,78.4,-9.599998474121094
2025-12-03,PROD_01,Wireless Noise-Canceling Headphones,STORE_01,Electronics,2939.02,64,79.3,15.300003051757812
2025-12-04,PROD_01,Wireless Noise-Canceling Headphones,STORE_01,Electronics,2999.0,68,75.5,7.5
2025-12-05,PROD_01,Wireless Noise-Canceling Headphones,STORE_01,Electronics,2699.1,131,135.4,4.399993896484375
2025-12-06,PROD_01,Wireless Noise-Canceling Headphones,STORE_01,Electronics,2939.02,101,104.2,3.1999969482421875
2025-12-07,PROD_01,Wireless Noise-Canceling Headphones,STORE_01,Electronics,2999.0,82,99.9,17.900001525878906
2025-12-08,PROD_01,Wireless Noise-Canceling Headphones,STORE_01,Electronics,2999.0,64,73.0,9.0
2025-12-09,PROD_01,Wireless Noise-Canceling Headphones,STORE_01,Electronics,2879.04,95,75.5,-19.5
2025-12-10,PROD_01,Wireless Noise-Canceling Headphones,STORE_01,Electronics,2699.1,100,111.8,11.800003051757812
2025-12-11,PROD_01,Wireless Noise-Canceling Headphones,STORE_01,Electronics,2699.1,124,115.8,-8.199996948242188
2025-12-12,PROD_01,Wireless Noise-Canceling Headphones,STORE_01,Electronics,2999.0,93,90.9,-2.0999984741210938
2025-12-13,PROD_01,Wireless Noise-Canceling Headphones,STORE_01,Electronics,2999.0,85,102.8,17.800003051757812
2025-12-14,PROD_01,Wireless Noise-Canceling Headphones,STORE_01,Electronics,2999.0,98,100.9,2.9000015258789062
2025-12-15,PROD_01,Wireless Noise-Canceling Headphones,STORE_01,Electronics,2999.0,64,74.6,10.599998474121094
2025-12-16,PROD_01,Wireless Noise-Canceling Headphones,STORE_01,Electronics,2699.1,133,118.4,-14.599998474121094
2025-12-17,PROD_01,Wireless Noise-Canceling Headphones,STORE_01,Electronics,2999.0,74,77.4,3.4000015258789062
2025-12-18,PROD_01,Wireless Noise-Canceling Headphones,STORE_01,Electronics,2999.0,72,77.7,5.6999969482421875
2025-12-19,PROD_01,Wireless Noise-Canceling Headphones,STORE_01,Electronics,2849.05,121,124.1,3.0999984741210938
2025-12-20,PROD_01,Wireless Noise-Canceling Headphones,STORE_01,Electronics,2999.0,89,99.1,10.099998474121094
2025-12-21,PROD_01,Wireless Noise-Canceling Headphones,STORE_01,Electronics,2549.15,170,155.3,-14.699996948242188
2025-12-22,PROD_01,Wireless Noise-Canceling Headphones,STORE_01,Electronics,2999.0,74,77.8,3.8000030517578125
2025-12-23,PROD_01,Wireless Noise-Canceling Headphones,STORE_01,Electronics,2549.15,118,125.7,7.6999969482421875
2025-12-24,PROD_01,Wireless Noise-Canceling Headphones,STORE_01,Electronics,2999.0,79,72.7,-6.3000030517578125
2025-12-25,PROD_01,Wireless Noise-Canceling Headphones,STORE_01,Electronics,2939.02,67,77.5,10.5
2025-12-26,PROD_01,Wireless Noise-Canceling Headphones,STORE_01,Electronics,2999.0,81,88.0,7.0
2025-12-27,PROD_01,Wireless Noise-Canceling Headphones,STORE_01,Electronics,2999.0,99,96.8,-2.1999969482421875
2025-12-28,PROD_01,Wireless Noise-Canceling Headphones,STORE_01,Electronics,2999.0,94,99.4,5.400001525878906
2025-12-29,PROD_01,Wireless Noise-Canceling Headphones,STORE_01,Electronics,2399.2,122,139.6,17.600006103515625
2025-12-30,PROD_01,Wireless Noise-Canceling Headphones,STORE_01,Electronics,2939.02,74,82.9,8.900001525878906
2025-12-31,PROD_01,Wireless Noise-Canceling Headphones,STORE_01,Electronics,2999.0,69,77.0,8.0
2025-09-17,PROD_01,Wireless Noise-Canceling Headphones,STORE_02,Electronics,2999.0,56,50.7,-5.299999237060547
2025-09-18,PROD_01,Wireless Noise-Canceling Headphones,STORE_02,Electronics,2999.0,38,51.0,13.0
2025-09-19,PROD_01,Wireless Noise-Canceling Headphones,STORE_02,Electronics,2999.0,42,53.7,11.700000762939453
2025-09-20,PROD_01,Wireless Noise-Canceling Headphones,STORE_02,Electronics,2879.04,97,63.9,-33.099998474121094
2025-09-21,PROD_01,Wireless Noise-Canceling Headphones,STORE_02,Electronics,2399.2,105,124.3,19.300003051757812
2025-09-22,PROD_01,Wireless Noise-Canceling Headphones,STORE_02,Electronics,2999.0,47,48.1,1.0999984741210938
2025-09-23,PROD_01,Wireless Noise-Canceling Headphones,STORE_02,Electronics,2939.02,53,49.5,-3.5
2025-09-24,PROD_01,Wireless Noise-Canceling Headphones,STORE_02,Electronics,2999.0,59,49.4,-9.599998474121094
2025-09-25,PROD_01,Wireless Noise-Canceling Headphones,STORE_02,Electronics,2999.0,52,48.7,-3.299999237060547
2025-09-26,PROD_01,Wireless Noise-Canceling Headphones,STORE_02,Electronics,2939.02,67,57.5,-9.5
2025-09-27,PROD_01,Wireless Noise-Canceling Headphones,STORE_02,Electronics,2999.0,64,66.0,2.0
2025-09-28,PROD_01,Wireless Noise-Canceling Headphones,STORE_02,Electronics,2699.1,87,103.4,16.400001525878906
2025-09-29,PROD_01,Wireless Noise-Canceling Headphones,STORE_02,Electronics,2999.0,45,52.2,7.200000762939453
2025-09-30,PROD_01,Wireless Noise-Canceling Headphones,STORE_02,Electronics,2999.0,44,52.0,8.0
2025-10-01,PROD_01,Wireless Noise-Canceling Headphones,STORE_02,Electronics,2999.0,60,54.5,-5.5
2025-10-02,PROD_01,Wireless Noise-Canceling Headphones,STORE_02,Electronics,2999.0,65,57.8,-7.200000762939453
2025-10-03,PROD_01,Wireless Noise-Canceling Headphones,STORE_02,Electronics,2999.0,60,68.1,8.099998474121094
2025-10-04,PROD_01,Wireless Noise-Canceling Headphones,STORE_02,Electronics,2999.0,78,76.5,-1.5
2025-10-05,PROD_01,Wireless Noise-Canceling Headphones,STORE_02,Electronics,2249.25,209,146.5,-62.5
2025-10-06,PROD_01,Wireless Noise-Canceling Headphones,STORE_02,Electronics,2999.0,83,58.8,-24.200000762939453
2025-10-07,PROD_01,Wireless Noise-Canceling Headphones,STORE_02,Electronics,2999.0,70,58.9,-11.099998474121094
2025-10-08,PROD_01,Wireless Noise-Canceling Headphones,STORE_02,Electronics,2999.0,86,60.8,-25.200000762939453
2025-10-09,PROD_01,Wireless Noise-Canceling Headphones,STORE_02,Electronics,2999.0,65,61.2,-3.799999237060547
2025-10-10,PROD_01,Wireless Noise-Canceling Headphones,STORE_02,Electronics,2399.2,170,131.7,-38.30000305175781
2025-10-11,PROD_01,Wireless Noise-Canceling Headphones,STORE_02,Electronics,2999.0,80,89.0,9.0
2025-10-12,PROD_01,Wireless Noise-Canceling Headphones,STORE_02,Electronics,2549.15,151,144.8,-6.1999969482421875
2025-10-13,PROD_01,Wireless Noise-Canceling Headphones,STORE_02,Electronics,2999.0,60,68.5,8.5
2025-10-14,PROD_01,Wireless Noise-Canceling Headphones,STORE_02,Electronics,2999.0,67,67.8,0.8000030517578125
2025-10-15,PROD_01,Wireless Noise-Canceling Headphones,STORE_02,Electronics,2879.04,69,72.7,3.6999969482421875
2025-10-16,PROD_01,Wireless Noise-Canceling Headphones,STORE_02,Electronics,2999.0,59,68.4,9.400001525878906
2025-10-17,PROD_01,Wireless Noise-Canceling Headphones,STORE_02,Electronics,2999.0,76,72.6,-3.4000015258789062
2025-10-18,PROD_01,Wireless Noise-Canceling Headphones,STORE_02,Electronics,2939.02,99,93.6,-5.400001525878906
2025-10-19,PROD_01,Wireless Noise-Canceling Headphones,STORE_02,Electronics,2999.0,103,88.1,-14.900001525878906
2025-10-20,PROD_01,Wireless Noise-Canceling Headphones,STORE_02,Electronics,2849.05,92,98.9,6.900001525878906
2025-10-21,PROD_01,Wireless Noise-Canceling Headphones,STORE_02,Electronics,2549.15,101,121.2,20.199996948242188
2025-10-22,PROD_01,Wireless Noise-Canceling Headphones,STORE_02,Electronics,2549.15,132,125.8,-6.1999969482421875
2025-10-23,PROD_01,Wireless Noise-Canceling Headphones,STORE_02,Electronics,2999.0,65,77.8,12.800003051757812
2025-10-24,PROD_01,Wireless Noise-Canceling Headphones,STORE_02,Electronics,2999.0,71,88.9,17.900001525878906
2025-10-25,PROD_01,Wireless Noise-Canceling Headphones,STORE_02,Electronics,2849.05,107,130.9,23.899993896484375
2025-10-26,PROD_01,Wireless Noise-Canceling Headphones,STORE_02,Electronics,2999.0,82,99.6,17.599998474121094
2025-10-27,PROD_01,Wireless Noise-Canceling Headphones,STORE_02,Electronics,2999.0,58,73.3,15.300003051757812
2025-10-28,PROD_01,Wireless Noise-Canceling Headphones,STORE_02,Electronics,2999.0,77,70.8,-6.1999969482421875
2025-10-29,PROD_01,Wireless Noise-Canceling Headphones,STORE_02,Electronics,2399.2,120,125.2,5.1999969482421875
2025-10-30,PROD_01,Wireless Noise-Canceling Headphones,STORE_02,Electronics,2999.0,68,74.0,6.0
2025-10-31,PROD_01,Wireless Noise-Canceling Headphones,STORE_02,Electronics,2999.0,53,84.8,31.800003051757812
2025-11-01,PROD_01,Wireless Noise-Canceling Headphones,STORE_02,Electronics,2999.0,102,84.4,-17.599998474121094
2025-11-02,PROD_01,Wireless Noise-Canceling Headphones,STORE_02,Electronics,2699.1,121,144.2,23.199996948242188
2025-11-03,PROD_01,Wireless Noise-Canceling Headphones,STORE_02,Electronics,2999.0,59,69.1,10.099998474121094
2025-11-04,PROD_01,Wireless Noise-Canceling Headphones,STORE_02,Electronics,2999.0,53,70.0,17.0
2025-11-05,PROD_01,Wireless Noise-Canceling Headphones,STORE_02,Electronics,2999.0,79,66.7,-12.300003051757812
2025-11-06,PROD_01,Wireless Noise-Canceling Headphones,STORE_02,Electronics,2999.0,77,67.3,-9.699996948242188
2025-11-07,PROD_01,Wireless Noise-Canceling Headphones,STORE_02,Electronics,2999.0,60,77.0,17.0
2025-11-08,PROD_01,Wireless Noise-Canceling Headphones,STORE_02,Electronics,2879.04,93,85.8,-7.1999969482421875
2025-11-09,PROD_01,Wireless Noise-Canceling Headphones,STORE_02,Electronics,2999.0,90,86.3,-3.6999969482421875
2025-11-10,PROD_01,Wireless Noise-Canceling Headphones,STORE_02,Electronics,2849.05,102,97.0,-5.0
2025-11-11,PROD_01,Wireless Noise-Canceling Headphones,STORE_02,Electronics,2999.0,68,67.8,-0.1999969482421875
2025-11-12,PROD_01,Wireless Noise-Canceling Headphones,STORE_02,Electronics,2999.0,62,69.2,7.1999969482421875
2025-11-13,PROD_01,Wireless Noise-Canceling Headphones,STORE_02,Electronics,2999.0,71,67.0,-4.0
2025-11-14,PROD_01,Wireless Noise-Canceling Headphones,STORE_02,Electronics,2999.0,90,76.8,-13.199996948242188
2025-11-15,PROD_01,Wireless Noise-Canceling Headphones,STORE_02,Electronics,2999.0,91,88.8,-2.1999969482421875
2025-11-16,PROD_01,Wireless Noise-Canceling Headphones,STORE_02,Electronics,2999.0,71,89.6,18.599998474121094
2025-11-17,PROD_01,Wireless Noise-Canceling Headphones,STORE_02,Electronics,2999.0,76,68.1,-7.900001525878906
2025-11-18,PROD_01,Wireless Noise-Canceling Headphones,STORE_02,Electronics,2999.0,68,69.5,1.5
2025-11-19,PROD_01,Wireless Noise-Canceling Headphones,STORE_02,Electronics,2999.0,59,70.4,11.400001525878906
2025-11-20,PROD_01,Wireless Noise-Canceling Headphones,STORE_02,Electronics,2999.0,58,66.2,8.199996948242188
2025-11-21,PROD_01,Wireless Noise-Canceling Headphones,STORE_02,Electronics,2849.05,89,100.9,11.900001525878906
2025-11-22,PROD_01,Wireless Noise-Canceling Headphones,STORE_02,Electronics,2999.0,103,88.7,-14.300003051757812
2025-11-23,PROD_01,Wireless Noise-Canceling Headphones,STORE_02,Electronics,2999.0,88,85.2,-2.8000030517578125
2025-11-24,PROD_01,Wireless Noise-Canceling Headphones,STORE_02,Electronics,2879.04,83,71.2,-11.800003051757812
2025-11-25,PROD_01,Wireless Noise-Canceling Headphones,STORE_02,Electronics,2939.02,74,67.6,-6.400001525878906
2025-11-26,PROD_01,Wireless Noise-Canceling Headphones,STORE_02,Electronics,2999.0,61,67.0,6.0
2025-11-27,PROD_01,Wireless Noise-Canceling Headphones,STORE_02,Electronics,2999.0,83,65.0,-18.0
2025-11-28,PROD_01,Wireless Noise-Canceling Headphones,STORE_02,Electronics,2999.0,82,77.1,-4.900001525878906
2025-11-29,PROD_01,Wireless Noise-Canceling Headphones,STORE_02,Electronics,2399.2,152,159.1,7.100006103515625
2025-11-30,PROD_01,Wireless Noise-Canceling Headphones,STORE_02,Electronics,2999.0,93,88.1,-4.900001525878906
2025-12-01,PROD_01,Wireless Noise-Canceling Headphones,STORE_02,Electronics,2939.02,66,68.7,2.6999969482421875
2025-12-02,PROD_01,Wireless Noise-Canceling Headphones,STORE_02,Electronics,2999.0,61,65.5,4.5
2025-12-03,PROD_01,Wireless Noise-Canceling Headphones,STORE_02,Electronics,2879.04,71,67.9,-3.0999984741210938
2025-12-04,PROD_01,Wireless Noise-Canceling Headphones,STORE_02,Electronics,2999.0,51,65.8,14.800003051757812
2025-12-05,PROD_01,Wireless Noise-Canceling Headphones,STORE_02,Electronics,2879.04,100,72.6,-27.400001525878906
2025-12-06,PROD_01,Wireless Noise-Canceling Headphones,STORE_02,Electronics,2879.04,99,88.3,-10.699996948242188
2025-12-07,PROD_01,Wireless Noise-Canceling Headphones,STORE_02,Electronics,2849.05,126,121.4,-4.599998474121094
2025-12-08,PROD_01,Wireless Noise-Canceling Headphones,STORE_02,Electronics,2939.02,70,69.8,-0.1999969482421875
2025-12-09,PROD_01,Wireless Noise-Canceling Headphones,STORE_02,Electronics,2999.0,59,66.5,7.5
2025-12-10,PROD_01,Wireless Noise-Canceling Headphones,STORE_02,Electronics,2999.0,67,65.0,-2.0
2025-12-11,PROD_01,Wireless Noise-Canceling Headphones,STORE_02,Electronics,2999.0,67,64.7,-2.3000030517578125
2025-12-12,PROD_01,Wireless Noise-Canceling Headphones,STORE_02,Electronics,2999.0,81,74.6,-6.400001525878906
2025-12-13,PROD_01,Wireless Noise-Canceling Headphones,STORE_02,Electronics,2999.0,86,86.7,0.6999969482421875
2025-12-14,PROD_01,Wireless Noise-Canceling Headphones,STORE_02,Electronics,2999.0,79,83.0,4.0
2025-12-15,PROD_01,Wireless Noise-Canceling Headphones,STORE_02,Electronics,2999.0,50,66.5,16.5
2025-12-16,PROD_01,Wireless Noise-Canceling Headphones,STORE_02,Electronics,2999.0,66,63.7,-2.299999237060547
2025-12-17,PROD_01,Wireless Noise-Canceling Headphones,STORE_02,Electronics,2999.0,76,65.4,-10.599998474121094
2025-12-18,PROD_01,Wireless Noise-Canceling Headphones,STORE_02,Electronics,2999.0,68,65.3,-2.6999969482421875
2025-12-19,PROD_01,Wireless Noise-Canceling Headphones,STORE_02,Electronics,2999.0,71,75.4,4.400001525878906
2025-12-20,PROD_01,Wireless Noise-Canceling Headphones,STORE_02,Electronics,2999.0,102,82.3,-19.699996948242188
2025-12-21,PROD_01,Wireless Noise-Canceling Headphones,STORE_02,Electronics,2849.05,128,118.9,-9.099998474121094
2025-12-22,PROD_01,Wireless Noise-Canceling Headphones,STORE_02,Electronics,2879.04,77,65.5,-11.5
2025-12-23,PROD_01,Wireless Noise-Canceling Headphones,STORE_02,Electronics,2849.05,90,93.4,3.4000015258789062
2025-12-24,PROD_01,Wireless Noise-Canceling Headphones,STORE_02,Electronics,2999.0,67,68.4,1.4000015258789062
2025-12-25,PROD_01,Wireless Noise-Canceling Headphones,STORE_02,Electronics,2999.0,52,67.9,15.900001525878906
2025-12-26,PROD_01,Wireless Noise-Canceling Headphones,STORE_02,Electronics,2999.0,65,71.0,6.0
2025-12-27,PROD_01,Wireless Noise-Canceling Headphones,STORE_02,Electronics,2999.0,82,79.1,-2.9000015258789062
2025-12-28,PROD_01,Wireless Noise-Canceling Headphones,STORE_02,Electronics,2999.0,81,82.1,1.0999984741210938
2025-12-29,PROD_01,Wireless Noise-Canceling Headphones,STORE_02,Electronics,2699.1,113,99.1,-13.900001525878906
2025-12-30,PROD_01,Wireless Noise-Canceling Headphones,STORE_02,Electronics,2939.02,69,67.3,-1.6999969482421875
2025-12-31,PROD_01,Wireless Noise-Canceling Headphones,STORE_02,Electronics,2999.0,55,66.4,11.400001525878906
2025-09-17,PROD_01,Wireless Noise-Canceling Headphones,STORE_03,Electronics,2999.0,47,50.9,3.9000015258789062
2025-09-18,PROD_01,Wireless Noise-Canceling Headphones,STORE_03,Electronics,2999.0,49,48.8,-0.20000076293945312
2025-09-19,PROD_01,Wireless Noise-Canceling Headphones,STORE_03,Electronics,2999.0,69,56.1,-12.900001525878906
2025-09-20,PROD_01,Wireless Noise-Canceling Headphones,STORE_03,Electronics,2399.2,139,132.2,-6.8000030517578125
2025-09-21,PROD_01,Wireless Noise-Canceling Headphones,STORE_03,Electronics,2699.1,120,103.8,-16.199996948242188
2025-09-22,PROD_01,Wireless Noise-Canceling Headphones,STORE_03,Electronics,2999.0,50,51.6,1.5999984741210938
2025-09-23,PROD_01,Wireless Noise-Canceling Headphones,STORE_03,Electronics,2849.05,68,72.2,4.1999969482421875
2025-09-24,PROD_01,Wireless Noise-Canceling Headphones,STORE_03,Electronics,2549.15,98,88.5,-9.5
2025-09-25,PROD_01,Wireless Noise-Canceling Headphones,STORE_03,Electronics,2999.0,57,56.1,-0.9000015258789062
2025-09-26,PROD_01,Wireless Noise-Canceling Headphones,STORE_03,Electronics,2879.04,59,65.1,6.099998474121094
2025-09-27,PROD_01,Wireless Noise-Canceling Headphones,STORE_03,Electronics,2999.0,59,69.3,10.300003051757812
2025-09-28,PROD_01,Wireless Noise-Canceling Headphones,STORE_03,Electronics,2999.0,56,67.0,11.0
2025-09-29,PROD_01,Wireless Noise-Canceling Headphones,STORE_03,Electronics,2999.0,50,53.4,3.4000015258789062
2025-09-30,PROD_01,Wireless Noise-Canceling Headphones,STORE_03,Electronics,2999.0,47,53.3,6.299999237060547
2025-10-01,PROD_01,Wireless Noise-Canceling Headphones,STORE_03,Electronics,2879.04,81,64.5,-16.5
2025-10-02,PROD_01,Wireless Noise-Canceling Headphones,STORE_03,Electronics,2999.0,71,61.8,-9.200000762939453
2025-10-03,PROD_01,Wireless Noise-Canceling Headphones,STORE_03,Electronics,2999.0,82,76.1,-5.900001525878906
2025-10-04,PROD_01,Wireless Noise-Canceling Headphones,STORE_03,Electronics,2699.1,125,116.8,-8.199996948242188
2025-10-05,PROD_01,Wireless Noise-Canceling Headphones,STORE_03,Electronics,2999.0,106,76.8,-29.199996948242188
2025-10-06,PROD_01,Wireless Noise-Canceling Headphones,STORE_03,Electronics,2999.0,64,61.0,-3.0
2025-10-07,PROD_01,Wireless Noise-Canceling Headphones,STORE_03,Electronics,2999.0,86,61.9,-24.099998474121094
2025-10-08,PROD_01,Wireless Noise-Canceling Headphones,STORE_03,Electronics,2939.02,77,69.7,-7.3000030517578125
2025-10-09,PROD_01,Wireless Noise-Canceling Headphones,STORE_03,Electronics,2879.04,72,70.0,-2.0
2025-10-10,PROD_01,Wireless Noise-Canceling Headphones,STORE_03,Electronics,2999.0,71,76.6,5.599998474121094
2025-10-11,PROD_01,Wireless Noise-Canceling Headphones,STORE_03,Electronics,2399.2,160,157.4,-2.600006103515625
2025-10-12,PROD_01,Wireless Noise-Canceling Headphones,STORE_03,Electronics,2999.0,93,87.4,-5.599998474121094
2025-10-13,PROD_01,Wireless Noise-Canceling Headphones,STORE_03,Electronics,2999.0,65,66.2,1.1999969482421875
2025-10-14,PROD_01,Wireless Noise-Canceling Headphones,STORE_03,Electronics,2999.0,69,69.3,0.3000030517578125
2025-10-15,PROD_01,Wireless Noise-Canceling Headphones,STORE_03,Electronics,2999.0,58,69.3,11.300003051757812
2025-10-16,PROD_01,Wireless Noise-Canceling Headphones,STORE_03,Electronics,2849.05,97,95.8,-1.1999969482421875
2025-10-17,PROD_01,Wireless Noise-Canceling Headphones,STORE_03,Electronics,2999.0,76,78.0,2.0
2025-10-18,PROD_01,Wireless Noise-Canceling Headphones,STORE_03,Electronics,2999.0,86,91.4,5.400001525878906
2025-10-19,PROD_01,Wireless Noise-Canceling Headphones,STORE_03,Electronics,2999.0,96,95.1,-0.9000015258789062
2025-10-20,PROD_01,Wireless Noise-Canceling Headphones,STORE_03,Electronics,2999.0,73,70.9,-2.0999984741210938
2025-10-21,PROD_01,Wireless Noise-Canceling Headphones,STORE_03,Electronics,2849.05,103,99.1,-3.9000015258789062
2025-10-22,PROD_01,Wireless Noise-Canceling Headphones,STORE_03,Electronics,2699.1,89,113.0,24.0
2025-10-23,PROD_01,Wireless Noise-Canceling Headphones,STORE_03,Electronics,2399.2,127,125.9,-1.0999984741210938
2025-10-24,PROD_01,Wireless Noise-Canceling Headphones,STORE_03,Electronics,2999.0,74,84.0,10.0
2025-10-25,PROD_01,Wireless Noise-Canceling Headphones,STORE_03,Electronics,2999.0,95,94.4,-0.5999984741210938
2025-10-26,PROD_01,Wireless Noise-Canceling Headphones,STORE_03,Electronics,2999.0,88,95.4,7.400001525878906
2025-10-27,PROD_01,Wireless Noise-Canceling Headphones,STORE_03,Electronics,2999.0,69,74.3,5.3000030517578125
2025-10-28,PROD_01,Wireless Noise-Canceling Headphones,STORE_03,Electronics,2999.0,77,74.2,-2.8000030517578125
2025-10-29,PROD_01,Wireless Noise-Canceling Headphones,STORE_03,Electronics,2999.0,83,77.2,-5.8000030517578125
2025-10-30,PROD_01,Wireless Noise-Canceling Headphones,STORE_03,Electronics,2939.02,70,76.8,6.8000030517578125
2025-10-31,PROD_01,Wireless Noise-Canceling Headphones,STORE_03,Electronics,2999.0,95,85.5,-9.5
2025-11-01,PROD_01,Wireless Noise-Canceling Headphones,STORE_03,Electronics,2999.0,102,95.1,-6.900001525878906
2025-11-02,PROD_01,Wireless Noise-Canceling Headphones,STORE_03,Electronics,2999.0,78,92.9,14.900001525878906
2025-11-03,PROD_01,Wireless Noise-Canceling Headphones,STORE_03,Electronics,2879.04,72,74.3,2.3000030517578125
2025-11-04,PROD_01,Wireless Noise-Canceling Headphones,STORE_03,Electronics,2999.0,65,73.2,8.199996948242188
2025-11-05,PROD_01,Wireless Noise-Canceling Headphones,STORE_03,Electronics,2939.02,84,72.7,-11.300003051757812
2025-11-06,PROD_01,Wireless Noise-Canceling Headphones,STORE_03,Electronics,2999.0,55,71.1,16.099998474121094
2025-11-07,PROD_01,Wireless Noise-Canceling Headphones,STORE_03,Electronics,2999.0,68,76.4,8.400001525878906
2025-11-08,PROD_01,Wireless Noise-Canceling Headphones,STORE_03,Electronics,2999.0,101,86.9,-14.099998474121094
2025-11-09,PROD_01,Wireless Noise-Canceling Headphones,STORE_03,Electronics,2999.0,92,86.9,-5.099998474121094
2025-11-10,PROD_01,Wireless Noise-Canceling Headphones,STORE_03,Electronics,2849.05,136,93.0,-43.0
2025-11-11,PROD_01,Wireless Noise-Canceling Headphones,STORE_03,Electronics,2999.0,64,68.2,4.1999969482421875
2025-11-12,PROD_01,Wireless Noise-Canceling Headphones,STORE_03,Electronics,2999.0,75,67.5,-7.5
2025-11-13,PROD_01,Wireless Noise-Canceling Headphones,STORE_03,Electronics,2999.0,66,68.1,2.0999984741210938
2025-11-14,PROD_01,Wireless Noise-Canceling Headphones,STORE_03,Electronics,2999.0,79,76.9,-2.0999984741210938
2025-11-15,PROD_01,Wireless Noise-Canceling Headphones,STORE_03,Electronics,2549.15,148,146.8,-1.1999969482421875
2025-11-16,PROD_01,Wireless Noise-Canceling Headphones,STORE_03,Electronics,2999.0,86,92.1,6.099998474121094
2025-11-17,PROD_01,Wireless Noise-Canceling Headphones,STORE_03,Electronics,2999.0,79,68.9,-10.099998474121094
2025-11-18,PROD_01,Wireless Noise-Canceling Headphones,STORE_03,Electronics,2999.0,71,70.8,-0.1999969482421875
2025-11-19,PROD_01,Wireless Noise-Canceling Headphones,STORE_03,Electronics,2999.0,84,71.6,-12.400001525878906
2025-11-20,PROD_01,Wireless Noise-Canceling Headphones,STORE_03,Electronics,2849.05,100,98.4,-1.5999984741210938
2025-11-21,PROD_01,Wireless Noise-Canceling Headphones,STORE_03,Electronics,2999.0,79,79.7,0.6999969482421875
2025-11-22,PROD_01,Wireless Noise-Canceling Headphones,STORE_03,Electronics,2939.02,94,96.0,2.0
2025-11-23,PROD_01,Wireless Noise-Canceling Headphones,STORE_03,Electronics,2849.05,117,130.0,13.0
2025-11-24,PROD_01,Wireless Noise-Canceling Headphones,STORE_03,Electronics,2849.05,119,100.3,-18.699996948242188
2025-11-25,PROD_01,Wireless Noise-Canceling Headphones,STORE_03,Electronics,2699.1,112,118.0,6.0
2025-11-26,PROD_01,Wireless Noise-Canceling Headphones,STORE_03,Electronics,2999.0,73,77.6,4.599998474121094
2025-11-27,PROD_01,Wireless Noise-Canceling Headphones,STORE_03,Electronics,2999.0,67,74.7,7.6999969482421875
2025-11-28,PROD_01,Wireless Noise-Canceling Headphones,STORE_03,Electronics,2939.02,84,86.0,2.0
2025-11-29,PROD_01,Wireless Noise-Canceling Headphones,STORE_03,Electronics,2939.02,97,99.4,2.4000015258789062
2025-11-30,PROD_01,Wireless Noise-Canceling Headphones,STORE_03,Electronics,2999.0,105,97.4,-7.599998474121094
2025-12-01,PROD_01,Wireless Noise-Canceling Headphones,STORE_03,Electronics,2999.0,63,74.4,11.400001525878906
2025-12-02,PROD_01,Wireless Noise-Canceling Headphones,STORE_03,Electronics,2999.0,72,72.2,0.1999969482421875
2025-12-03,PROD_01,Wireless Noise-Canceling Headphones,STORE_03,Electronics,2999.0,83,73.3,-9.699996948242188
2025-12-04,PROD_01,Wireless Noise-Canceling Headphones,STORE_03,Electronics,2849.05,109,96.5,-12.5
2025-12-05,PROD_01,Wireless Noise-Canceling Headphones,STORE_03,Electronics,2849.05,156,114.9,-41.099998474121094
2025-12-06,PROD_01,Wireless Noise-Canceling Headphones,STORE_03,Electronics,2849.05,137,141.3,4.3000030517578125
2025-12-07,PROD_01,Wireless Noise-Canceling Headphones,STORE_03,Electronics,2879.04,135,107.3,-27.699996948242188
2025-12-08,PROD_01,Wireless Noise-Canceling Headphones,STORE_03,Electronics,2999.0,92,78.5,-13.5
2025-12-09,PROD_01,Wireless Noise-Canceling Headphones,STORE_03,Electronics,2939.02,92,78.9,-13.099998474121094
2025-12-10,PROD_01,Wireless Noise-Canceling Headphones,STORE_03,Electronics,2999.0,75,77.6,2.5999984741210938
2025-12-11,PROD_01,Wireless Noise-Canceling Headphones,STORE_03,Electronics,2999.0,70,78.0,8.0
2025-12-12,PROD_01,Wireless Noise-Canceling Headphones,STORE_03,Electronics,2999.0,106,85.4,-20.599998474121094
2025-12-13,PROD_01,Wireless Noise-Canceling Headphones,STORE_03,Electronics,2939.02,98,104.0,6.0
2025-12-14,PROD_01,Wireless Noise-Canceling Headphones,STORE_03,Electronics,2999.0,82,103.9,21.900001525878906
2025-12-15,PROD_01,Wireless Noise-Canceling Headphones,STORE_03,Electronics,2939.02,83,79.3,-3.6999969482421875
2025-12-16,PROD_01,Wireless Noise-Canceling Headphones,STORE_03,Electronics,2249.25,157,154.0,-3.0
2025-12-17,PROD_01,Wireless Noise-Canceling Headphones,STORE_03,Electronics,2999.0,73,80.4,7.400001525878906
2025-12-18,PROD_01,Wireless Noise-Canceling Headphones,STORE_03,Electronics,2999.0,79,80.4,1.4000015258789062
2025-12-19,PROD_01,Wireless Noise-Canceling Headphones,STORE_03,Electronics,2999.0,81,87.8,6.8000030517578125
2025-12-20,PROD_01,Wireless Noise-Canceling Headphones,STORE_03,Electronics,2999.0,76,100.1,24.099998474121094
2025-12-21,PROD_01,Wireless Noise-Canceling Headphones,STORE_03,Electronics,2999.0,97,98.0,1.0
2025-12-22,PROD_01,Wireless Noise-Canceling Headphones,STORE_03,Electronics,2879.04,87,79.5,-7.5
2025-12-23,PROD_01,Wireless Noise-Canceling Headphones,STORE_03,Electronics,2549.15,131,124.0,-7.0
2025-12-24,PROD_01,Wireless Noise-Canceling Headphones,STORE_03,Electronics,2849.05,124,104.1,-19.900001525878906
2025-12-25,PROD_01,Wireless Noise-Canceling Headphones,STORE_03,Electronics,2249.25,169,154.2,-14.800003051757812
2025-12-26,PROD_01,Wireless Noise-Canceling Headphones,STORE_03,Electronics,2999.0,85,95.3,10.300003051757812
2025-12-27,PROD_01,Wireless Noise-Canceling Headphones,STORE_03,Electronics,2849.05,148,147.5,-0.5
2025-12-28,PROD_01,Wireless Noise-Canceling Headphones,STORE_03,Electronics,2999.0,86,110.2,24.199996948242188
2025-12-29,PROD_01,Wireless Noise-Canceling Headphones,STORE_03,Electronics,2549.15,145,140.0,-5.0
2025-12-30,PROD_01,Wireless Noise-Canceling Headphones,STORE_03,Electronics,2399.2,97,166.0,69.0
2025-12-31,PROD_01,Wireless Noise-Canceling Headphones,STORE_03,Electronics,2999.0,76,84.3,8.300003051757812
2025-09-17,PROD_01,Wireless Noise-Canceling Headphones,STORE_04,Electronics,2999.0,38,36.4,-1.5999984741210938
2025-09-18,PROD_01,Wireless Noise-Canceling Headphones,STORE_04,Electronics,2999.0,35,36.1,1.0999984741210938
2025-09-19,PROD_01,Wireless Noise-Canceling Headphones,STORE_04,Electronics,2999.0,42,41.1,-0.9000015258789062
2025-09-20,PROD_01,Wireless Noise-Canceling Headphones,STORE_04,Electronics,2999.0,46,47.6,1.5999984741210938
2025-09-21,PROD_01,Wireless Noise-Canceling Headphones,STORE_04,Electronics,2879.04,48,49.7,1.7000007629394531
2025-09-22,PROD_01,Wireless Noise-Canceling Headphones,STORE_04,Electronics,2999.0,40,37.1,-2.9000015258789062
2025-09-23,PROD_01,Wireless Noise-Canceling Headphones,STORE_04,Electronics,2399.2,61,63.6,2.5999984741210938
2025-09-24,PROD_01,Wireless Noise-Canceling Headphones,STORE_04,Electronics,2939.02,41,39.4,-1.5999984741210938
2025-09-25,PROD_01,Wireless Noise-Canceling Headphones,STORE_04,Electronics,2999.0,33,37.2,4.200000762939453
2025-09-26,PROD_01,Wireless Noise-Canceling Headphones,STORE_04,Electronics,2849.05,55,55.8,0.7999992370605469
2025-09-27,PROD_01,Wireless Noise-Canceling Headphones,STORE_04,Electronics,2999.0,48,51.9,3.9000015258789062
2025-09-28,PROD_01,Wireless Noise-Canceling Headphones,STORE_04,Electronics,2999.0,48,49.6,1.5999984741210938
2025-09-29,PROD_01,Wireless Noise-Canceling Headphones,STORE_04,Electronics,2999.0,33,38.1,5.099998474121094
2025-09-30,PROD_01,Wireless Noise-Canceling Headphones,STORE_04,Electronics,2939.02,36,36.1,0.09999847412109375
2025-10-01,PROD_01,Wireless Noise-Canceling Headphones,STORE_04,Electronics,2999.0,44,41.4,-2.5999984741210938
2025-10-02,PROD_01,Wireless Noise-Canceling Headphones,STORE_04,Electronics,2999.0,58,42.3,-15.700000762939453
2025-10-03,PROD_01,Wireless Noise-Canceling Headphones,STORE_04,Electronics,2999.0,48,52.8,4.799999237060547
2025-10-04,PROD_01,Wireless Noise-Canceling Headphones,STORE_04,Electronics,2999.0,55,56.9,1.9000015258789062
2025-10-05,PROD_01,Wireless Noise-Canceling Headphones,STORE_04,Electronics,2999.0,54,56.7,2.700000762939453
2025-10-06,PROD_01,Wireless Noise-Canceling Headphones,STORE_04,Electronics,2999.0,52,44.3,-7.700000762939453
2025-10-07,PROD_01,Wireless Noise-Canceling Headphones,STORE_04,Electronics,2999.0,46,45.7,-0.2999992370605469
2025-10-08,PROD_01,Wireless Noise-Canceling Headphones,STORE_04,Electronics,2939.02,52,49.4,-2.5999984741210938
2025-10-09,PROD_01,Wireless Noise-Canceling Headphones,STORE_04,Electronics,2999.0,47,47.1,0.09999847412109375
2025-10-10,PROD_01,Wireless Noise-Canceling Headphones,STORE_04,Electronics,2999.0,61,55.3,-5.700000762939453
2025-10-11,PROD_01,Wireless Noise-Canceling Headphones,STORE_04,Electronics,2999.0,60,61.6,1.5999984741210938
2025-10-12,PROD_01,Wireless Noise-Canceling Headphones,STORE_04,Electronics,2999.0,54,62.2,8.200000762939453
2025-10-13,PROD_01,Wireless Noise-Canceling Headphones,STORE_04,Electronics,2999.0,62,48.0,-14.0
2025-10-14,PROD_01,Wireless Noise-Canceling Headphones,STORE_04,Electronics,2999.0,62,49.0,-13.0
2025-10-15,PROD_01,Wireless Noise-Canceling Headphones,STORE_04,Electronics,2999.0,43,50.9,7.900001525878906
2025-10-16,PROD_01,Wireless Noise-Canceling Headphones,STORE_04,Electronics,2999.0,47,49.1,2.0999984741210938
2025-10-17,PROD_01,Wireless Noise-Canceling Headphones,STORE_04,Electronics,2999.0,58,57.6,-0.40000152587890625
2025-10-18,PROD_01,Wireless Noise-Canceling Headphones,STORE_04,Electronics,2939.02,65,67.7,2.6999969482421875
2025-10-19,PROD_01,Wireless Noise-Canceling Headphones,STORE_04,Electronics,2939.02,60,67.6,7.599998474121094
2025-10-20,PROD_01,Wireless Noise-Canceling Headphones,STORE_04,Electronics,2849.05,77,72.2,-4.8000030517578125
2025-10-21,PROD_01,Wireless Noise-Canceling Headphones,STORE_04,Electronics,2939.02,61,55.9,-5.099998474121094
2025-10-22,PROD_01,Wireless Noise-Canceling Headphones,STORE_04,Electronics,2999.0,44,50.9,6.900001525878906
2025-10-23,PROD_01,Wireless Noise-Canceling Headphones,STORE_04,Electronics,2999.0,58,50.0,-8.0
2025-10-24,PROD_01,Wireless Noise-Canceling Headphones,STORE_04,Electronics,2999.0,58,61.6,3.5999984741210938
2025-10-25,PROD_01,Wireless Noise-Canceling Headphones,STORE_04,Electronics,2999.0,52,67.6,15.599998474121094
2025-10-26,PROD_01,Wireless Noise-Canceling Headphones,STORE_04,Electronics,2999.0,57,65.3,8.300003051757812
2025-10-27,PROD_01,Wireless Noise-Canceling Headphones,STORE_04,Electronics,2999.0,48,52.1,4.099998474121094
2025-10-28,PROD_01,Wireless Noise-Canceling Headphones,STORE_04,Electronics,2999.0,52,50.5,-1.5
2025-10-29,PROD_01,Wireless Noise-Canceling Headphones,STORE_04,Electronics,2999.0,46,51.1,5.099998474121094
2025-10-30,PROD_01,Wireless Noise-Canceling Headphones,STORE_04,Electronics,2939.02,47,55.1,8.099998474121094
2025-10-31,PROD_01,Wireless Noise-Canceling Headphones,STORE_04,Electronics,2849.05,74,77.5,3.5
2025-11-01,PROD_01,Wireless Noise-Canceling Headphones,STORE_04,Electronics,2999.0,66,63.6,-2.4000015258789062
2025-11-02,PROD_01,Wireless Noise-Canceling Headphones,STORE_04,Electronics,2999.0,58,62.8,4.799999237060547
2025-11-03,PROD_01,Wireless Noise-Canceling Headphones,STORE_04,Electronics,2999.0,44,49.5,5.5
2025-11-04,PROD_01,Wireless Noise-Canceling Headphones,STORE_04,Electronics,2999.0,44,49.2,5.200000762939453
2025-11-05,PROD_01,Wireless Noise-Canceling Headphones,STORE_04,Electronics,2849.05,78,62.4,-15.599998474121094
2025-11-06,PROD_01,Wireless Noise-Canceling Headphones,STORE_04,Electronics,2879.04,49,50.0,1.0
2025-11-07,PROD_01,Wireless Noise-Canceling Headphones,STORE_04,Electronics,2999.0,51,56.4,5.400001525878906
2025-11-08,PROD_01,Wireless Noise-Canceling Headphones,STORE_04,Electronics,2999.0,60,61.4,1.4000015258789062
2025-11-09,PROD_01,Wireless Noise-Canceling Headphones,STORE_04,Electronics,2879.04,65,65.3,0.3000030517578125
2025-11-10,PROD_01,Wireless Noise-Canceling Headphones,STORE_04,Electronics,2999.0,54,49.4,-4.599998474121094
2025-11-11,PROD_01,Wireless Noise-Canceling Headphones,STORE_04,Electronics,2699.1,71,78.9,7.900001525878906
2025-11-12,PROD_01,Wireless Noise-Canceling Headphones,STORE_04,Electronics,2999.0,45,50.1,5.099998474121094
2025-11-13,PROD_01,Wireless Noise-Canceling Headphones,STORE_04,Electronics,2999.0,49,50.0,1.0
2025-11-14,PROD_01,Wireless Noise-Canceling Headphones,STORE_04,Electronics,2399.2,115,106.5,-8.5
2025-11-15,PROD_01,Wireless Noise-Canceling Headphones,STORE_04,Electronics,2999.0,63,63.6,0.5999984741210938
2025-11-16,PROD_01,Wireless Noise-Canceling Headphones,STORE_04,Electronics,2999.0,71,63.8,-7.200000762939453
2025-11-17,PROD_01,Wireless Noise-Canceling Headphones,STORE_04,Electronics,2999.0,55,49.2,-5.799999237060547
2025-11-18,PROD_01,Wireless Noise-Canceling Headphones,STORE_04,Electronics,2939.02,65,50.4,-14.599998474121094
2025-11-19,PROD_01,Wireless Noise-Canceling Headphones,STORE_04,Electronics,2999.0,46,50.2,4.200000762939453
2025-11-20,PROD_01,Wireless Noise-Canceling Headphones,STORE_04,Electronics,2399.2,90,87.1,-2.9000015258789062
2025-11-21,PROD_01,Wireless Noise-Canceling Headphones,STORE_04,Electronics,2399.2,97,108.3,11.300003051757812
2025-11-22,PROD_01,Wireless Noise-Canceling Headphones,STORE_04,Electronics,2999.0,63,67.5,4.5
2025-11-23,PROD_01,Wireless Noise-Canceling Headphones,STORE_04,Electronics,2999.0,64,67.8,3.8000030517578125
2025-11-24,PROD_01,Wireless Noise-Canceling Headphones,STORE_04,Electronics,2999.0,49,53.3,4.299999237060547
2025-11-25,PROD_01,Wireless Noise-Canceling Headphones,STORE_04,Electronics,2999.0,47,52.5,5.5
2025-11-26,PROD_01,Wireless Noise-Canceling Headphones,STORE_04,Electronics,2999.0,56,50.1,-5.900001525878906
2025-11-27,PROD_01,Wireless Noise-Canceling Headphones,STORE_04,Electronics,2999.0,53,51.8,-1.2000007629394531
2025-11-28,PROD_01,Wireless Noise-Canceling Headphones,STORE_04,Electronics,2879.04,58,62.0,4.0
2025-11-29,PROD_01,Wireless Noise-Canceling Headphones,STORE_04,Electronics,2999.0,62,66.6,4.599998474121094
2025-11-30,PROD_01,Wireless Noise-Canceling Headphones,STORE_04,Electronics,2999.0,87,67.5,-19.5
2025-12-01,PROD_01,Wireless Noise-Canceling Headphones,STORE_04,Electronics,2999.0,53,51.8,-1.2000007629394531
2025-12-02,PROD_01,Wireless Noise-Canceling Headphones,STORE_04,Electronics,2549.15,68,84.8,16.800003051757812
2025-12-03,PROD_01,Wireless Noise-Canceling Headphones,STORE_04,Electronics,2849.05,68,74.6,6.599998474121094
2025-12-04,PROD_01,Wireless Noise-Canceling Headphones,STORE_04,Electronics,2999.0,48,52.8,4.799999237060547
2025-12-05,PROD_01,Wireless Noise-Canceling Headphones,STORE_04,Electronics,2999.0,62,56.7,-5.299999237060547
2025-12-06,PROD_01,Wireless Noise-Canceling Headphones,STORE_04,Electronics,2939.02,83,67.2,-15.800003051757812
2025-12-07,PROD_01,Wireless Noise-Canceling Headphones,STORE_04,Electronics,2999.0,60,66.2,6.1999969482421875
2025-12-08,PROD_01,Wireless Noise-Canceling Headphones,STORE_04,Electronics,2999.0,50,50.7,0.7000007629394531
2025-12-09,PROD_01,Wireless Noise-Canceling Headphones,STORE_04,Electronics,2999.0,47,50.9,3.9000015258789062
2025-12-10,PROD_01,Wireless Noise-Canceling Headphones,STORE_04,Electronics,2999.0,49,50.4,1.4000015258789062
2025-12-11,PROD_01,Wireless Noise-Canceling Headphones,STORE_04,Electronics,2879.04,48,52.8,4.799999237060547
2025-12-12,PROD_01,Wireless Noise-Canceling Headphones,STORE_04,Electronics,2939.02,50,62.8,12.799999237060547
2025-12-13,PROD_01,Wireless Noise-Canceling Headphones,STORE_04,Electronics,2939.02,78,65.9,-12.099998474121094
2025-12-14,PROD_01,Wireless Noise-Canceling Headphones,STORE_04,Electronics,2879.04,65,68.8,3.8000030517578125
2025-12-15,PROD_01,Wireless Noise-Canceling Headphones,STORE_04,Electronics,2999.0,55,51.2,-3.799999237060547
2025-12-16,PROD_01,Wireless Noise-Canceling Headphones,STORE_04,Electronics,2999.0,47,51.8,4.799999237060547
2025-12-17,PROD_01,Wireless Noise-Canceling Headphones,STORE_04,Electronics,2879.04,57,52.7,-4.299999237060547
2025-12-18,PROD_01,Wireless Noise-Canceling Headphones,STORE_04,Electronics,2999.0,49,52.6,3.5999984741210938
2025-12-19,PROD_01,Wireless Noise-Canceling Headphones,STORE_04,Electronics,2939.02,62,60.8,-1.2000007629394531
2025-12-20,PROD_01,Wireless Noise-Canceling Headphones,STORE_04,Electronics,2999.0,54,65.9,11.900001525878906
2025-12-21,PROD_01,Wireless Noise-Canceling Headphones,STORE_04,Electronics,2999.0,91,64.4,-26.599998474121094
2025-12-22,PROD_01,Wireless Noise-Canceling Headphones,STORE_04,Electronics,2999.0,54,49.5,-4.5
2025-12-23,PROD_01,Wireless Noise-Canceling Headphones,STORE_04,Electronics,2999.0,50,49.6,-0.40000152587890625
2025-12-24,PROD_01,Wireless Noise-Canceling Headphones,STORE_04,Electronics,2849.05,67,68.9,1.9000015258789062
2025-12-25,PROD_01,Wireless Noise-Canceling Headphones,STORE_04,Electronics,2999.0,50,49.9,-0.09999847412109375
2025-12-26,PROD_01,Wireless Noise-Canceling Headphones,STORE_04,Electronics,2249.25,141,127.2,-13.800003051757812
2025-12-27,PROD_01,Wireless Noise-Canceling Headphones,STORE_04,Electronics,2939.02,67,66.3,-0.6999969482421875
2025-12-28,PROD_01,Wireless Noise-Canceling Headphones,STORE_04,Electronics,2999.0,65,68.0,3.0
2025-12-29,PROD_01,Wireless Noise-Canceling Headphones,STORE_04,Electronics,2849.05,90,73.3,-16.699996948242188
2025-12-30,PROD_01,Wireless Noise-Canceling Headphones,STORE_04,Electronics,2999.0,54,52.8,-1.2000007629394531
2025-12-31,PROD_01,Wireless Noise-Canceling Headphones,STORE_04,Electronics,2699.1,86,82.4,-3.5999984741210938
2025-09-17,PROD_02,Smart Fitness Watch,STORE_01,Electronics,4499.0,37,36.1,-0.9000015258789062
2025-09-18,PROD_02,Smart Fitness Watch,STORE_01,Electronics,4499.0,31,36.1,5.099998474121094
2025-09-19,PROD_02,Smart Fitness Watch,STORE_01,Electronics,4274.05,51,53.9,2.9000015258789062
2025-09-20,PROD_02,Smart Fitness Watch,STORE_01,Electronics,4274.05,58,67.3,9.300003051757812
2025-09-21,PROD_02,Smart Fitness Watch,STORE_01,Electronics,4499.0,46,47.6,1.5999984741210938
2025-09-22,PROD_02,Smart Fitness Watch,STORE_01,Electronics,4409.02,37,37.1,0.09999847412109375
2025-09-23,PROD_02,Smart Fitness Watch,STORE_01,Electronics,4499.0,38,34.5,-3.5
2025-09-24,PROD_02,Smart Fitness Watch,STORE_01,Electronics,4499.0,34,35.0,1.0
2025-09-25,PROD_02,Smart Fitness Watch,STORE_01,Electronics,3374.25,73,77.5,4.5
2025-09-26,PROD_02,Smart Fitness Watch,STORE_01,Electronics,4499.0,37,44.1,7.099998474121094
2025-09-27,PROD_02,Smart Fitness Watch,STORE_01,Electronics,4499.0,41,45.1,4.099998474121094
2025-09-28,PROD_02,Smart Fitness Watch,STORE_01,Electronics,4274.05,62,65.2,3.1999969482421875
2025-09-29,PROD_02,Smart Fitness Watch,STORE_01,Electronics,4409.02,38,37.5,-0.5
2025-09-30,PROD_02,Smart Fitness Watch,STORE_01,Electronics,3824.15,65,63.7,-1.2999992370605469
2025-10-01,PROD_02,Smart Fitness Watch,STORE_01,Electronics,4049.1,64,62.5,-1.5
2025-10-02,PROD_02,Smart Fitness Watch,STORE_01,Electronics,4499.0,43,44.9,1.9000015258789062
2025-10-03,PROD_02,Smart Fitness Watch,STORE_01,Electronics,4049.1,82,68.8,-13.199996948242188
2025-10-04,PROD_02,Smart Fitness Watch,STORE_01,Electronics,4499.0,59,59.1,0.09999847412109375
2025-10-05,PROD_02,Smart Fitness Watch,STORE_01,Electronics,3824.15,116,103.1,-12.900001525878906
2025-10-06,PROD_02,Smart Fitness Watch,STORE_01,Electronics,4499.0,45,44.1,-0.9000015258789062
2025-10-07,PROD_02,Smart Fitness Watch,STORE_01,Electronics,4409.02,43,46.4,3.4000015258789062
2025-10-08,PROD_02,Smart Fitness Watch,STORE_01,Electronics,4049.1,79,69.4,-9.599998474121094
2025-10-09,PROD_02,Smart Fitness Watch,STORE_01,Electronics,4274.05,76,66.9,-9.099998474121094
2025-10-10,PROD_02,Smart Fitness Watch,STORE_01,Electronics,4049.1,95,90.2,-4.8000030517578125
2025-10-11,PROD_02,Smart Fitness Watch,STORE_01,Electronics,4499.0,51,66.6,15.599998474121094
2025-10-12,PROD_02,Smart Fitness Watch,STORE_01,Electronics,4499.0,68,64.6,-3.4000015258789062
2025-10-13,PROD_02,Smart Fitness Watch,STORE_01,Electronics,4049.1,74,78.0,4.0
2025-10-14,PROD_02,Smart Fitness Watch,STORE_01,Electronics,4409.02,41,53.8,12.799999237060547
2025-10-15,PROD_02,Smart Fitness Watch,STORE_01,Electronics,4499.0,44,51.2,7.200000762939453
2025-10-16,PROD_02,Smart Fitness Watch,STORE_01,Electronics,4499.0,44,48.4,4.400001525878906
2025-10-17,PROD_02,Smart Fitness Watch,STORE_01,Electronics,4319.04,50,61.9,11.900001525878906
2025-10-18,PROD_02,Smart Fitness Watch,STORE_01,Electronics,4049.1,100,97.1,-2.9000015258789062
2025-10-19,PROD_02,Smart Fitness Watch,STORE_01,Electronics,4499.0,65,66.7,1.6999969482421875
2025-10-20,PROD_02,Smart Fitness Watch,STORE_01,Electronics,3374.25,78,101.6,23.599998474121094
2025-10-21,PROD_02,Smart Fitness Watch,STORE_01,Electronics,4499.0,46,49.7,3.700000762939453
2025-10-22,PROD_02,Smart Fitness Watch,STORE_01,Electronics,3824.15,69,83.9,14.900001525878906
2025-10-23,PROD_02,Smart Fitness Watch,STORE_01,Electronics,4274.05,70,72.2,2.1999969482421875
2025-10-24,PROD_02,Smart Fitness Watch,STORE_01,Electronics,4499.0,60,60.9,0.9000015258789062
2025-10-25,PROD_02,Smart Fitness Watch,STORE_01,Electronics,4499.0,55,66.7,11.699996948242188
2025-10-26,PROD_02,Smart Fitness Watch,STORE_01,Electronics,4319.04,67,72.0,5.0
2025-10-27,PROD_02,Smart Fitness Watch,STORE_01,Electronics,4499.0,41,53.3,12.299999237060547
2025-10-28,PROD_02,Smart Fitness Watch,STORE_01,Electronics,4499.0,47,50.6,3.5999984741210938
2025-10-29,PROD_02,Smart Fitness Watch,STORE_01,Electronics,4499.0,36,52.0,16.0
2025-10-30,PROD_02,Smart Fitness Watch,STORE_01,Electronics,4499.0,41,47.5,6.5
2025-10-31,PROD_02,Smart Fitness Watch,STORE_01,Electronics,4319.04,55,59.5,4.5
2025-11-01,PROD_02,Smart Fitness Watch,STORE_01,Electronics,4274.05,80,81.2,1.1999969482421875
2025-11-02,PROD_02,Smart Fitness Watch,STORE_01,Electronics,3824.15,115,103.4,-11.599998474121094
2025-11-03,PROD_02,Smart Fitness Watch,STORE_01,Electronics,4499.0,46,46.3,0.2999992370605469
2025-11-04,PROD_02,Smart Fitness Watch,STORE_01,Electronics,4499.0,47,45.5,-1.5
2025-11-05,PROD_02,Smart Fitness Watch,STORE_01,Electronics,4409.02,43,48.4,5.400001525878906
2025-11-06,PROD_02,Smart Fitness Watch,STORE_01,Electronics,4319.04,47,49.5,2.5
2025-11-07,PROD_02,Smart Fitness Watch,STORE_01,Electronics,4499.0,57,54.3,-2.700000762939453
2025-11-08,PROD_02,Smart Fitness Watch,STORE_01,Electronics,3374.25,126,129.0,3.0
2025-11-09,PROD_02,Smart Fitness Watch,STORE_01,Electronics,4499.0,49,61.7,12.700000762939453
2025-11-10,PROD_02,Smart Fitness Watch,STORE_01,Electronics,4499.0,50,45.4,-4.599998474121094
2025-11-11,PROD_02,Smart Fitness Watch,STORE_01,Electronics,4274.05,62,62.8,0.7999992370605469
2025-11-12,PROD_02,Smart Fitness Watch,STORE_01,Electronics,4499.0,42,45.9,3.9000015258789062
2025-11-13,PROD_02,Smart Fitness Watch,STORE_01,Electronics,4274.05,64,63.1,-0.9000015258789062
2025-11-14,PROD_02,Smart Fitness Watch,STORE_01,Electronics,4049.1,88,86.4,-1.5999984741210938
2025-11-15,PROD_02,Smart Fitness Watch,STORE_01,Electronics,4274.05,84,94.9,10.900001525878906
2025-11-16,PROD_02,Smart Fitness Watch,STORE_01,Electronics,4499.0,51,64.2,13.199996948242188
2025-11-17,PROD_02,Smart Fitness Watch,STORE_01,Electronics,4499.0,50,46.4,-3.5999984741210938
2025-11-18,PROD_02,Smart Fitness Watch,STORE_01,Electronics,4409.02,35,47.7,12.700000762939453
2025-11-19,PROD_02,Smart Fitness Watch,STORE_01,Electronics,4409.02,48,47.4,-0.5999984741210938
2025-11-20,PROD_02,Smart Fitness Watch,STORE_01,Electronics,4499.0,45,47.8,2.799999237060547
2025-11-21,PROD_02,Smart Fitness Watch,STORE_01,Electronics,4274.05,63,74.8,11.800003051757812
2025-11-22,PROD_02,Smart Fitness Watch,STORE_01,Electronics,4409.02,64,61.6,-2.4000015258789062
2025-11-23,PROD_02,Smart Fitness Watch,STORE_01,Electronics,4499.0,55,59.4,4.400001525878906
2025-11-24,PROD_02,Smart Fitness Watch,STORE_01,Electronics,3824.15,84,80.9,-3.0999984741210938
2025-11-25,PROD_02,Smart Fitness Watch,STORE_01,Electronics,4499.0,38,44.6,6.599998474121094
2025-11-26,PROD_02,Smart Fitness Watch,STORE_01,Electronics,4049.1,77,67.5,-9.5
2025-11-27,PROD_02,Smart Fitness Watch,STORE_01,Electronics,4499.0,45,46.5,1.5
2025-11-28,PROD_02,Smart Fitness Watch,STORE_01,Electronics,4499.0,45,53.7,8.700000762939453
2025-11-29,PROD_02,Smart Fitness Watch,STORE_01,Electronics,3824.15,93,96.8,3.8000030517578125
2025-11-30,PROD_02,Smart Fitness Watch,STORE_01,Electronics,4409.02,51,61.1,10.099998474121094
2025-12-01,PROD_02,Smart Fitness Watch,STORE_01,Electronics,4499.0,54,44.7,-9.299999237060547
2025-12-02,PROD_02,Smart Fitness Watch,STORE_01,Electronics,4409.02,58,46.4,-11.599998474121094
2025-12-03,PROD_02,Smart Fitness Watch,STORE_01,Electronics,4499.0,46,46.3,0.2999992370605469
2025-12-04,PROD_02,Smart Fitness Watch,STORE_01,Electronics,4499.0,55,46.6,-8.400001525878906
2025-12-05,PROD_02,Smart Fitness Watch,STORE_01,Electronics,4499.0,41,54.7,13.700000762939453
2025-12-06,PROD_02,Smart Fitness Watch,STORE_01,Electronics,4499.0,55,60.0,5.0
2025-12-07,PROD_02,Smart Fitness Watch,STORE_01,Electronics,3824.15,101,94.7,-6.3000030517578125
2025-12-08,PROD_02,Smart Fitness Watch,STORE_01,Electronics,4499.0,49,47.1,-1.9000015258789062
2025-12-09,PROD_02,Smart Fitness Watch,STORE_01,Electronics,4499.0,43,47.0,4.0
2025-12-10,PROD_02,Smart Fitness Watch,STORE_01,Electronics,4274.05,66,63.3,-2.700000762939453
2025-12-11,PROD_02,Smart Fitness Watch,STORE_01,Electronics,4409.02,45,48.6,3.5999984741210938
2025-12-12,PROD_02,Smart Fitness Watch,STORE_01,Electronics,4499.0,66,52.5,-13.5
2025-12-13,PROD_02,Smart Fitness Watch,STORE_01,Electronics,4499.0,57,63.8,6.799999237060547
2025-12-14,PROD_02,Smart Fitness Watch,STORE_01,Electronics,4319.04,59,61.9,2.9000015258789062
2025-12-15,PROD_02,Smart Fitness Watch,STORE_01,Electronics,4499.0,40,46.6,6.599998474121094
2025-12-16,PROD_02,Smart Fitness Watch,STORE_01,Electronics,4499.0,48,44.4,-3.5999984741210938
2025-12-17,PROD_02,Smart Fitness Watch,STORE_01,Electronics,4274.05,73,64.6,-8.400001525878906
2025-12-18,PROD_02,Smart Fitness Watch,STORE_01,Electronics,4499.0,43,46.4,3.4000015258789062
2025-12-19,PROD_02,Smart Fitness Watch,STORE_01,Electronics,4499.0,50,53.8,3.799999237060547
2025-12-20,PROD_02,Smart Fitness Watch,STORE_01,Electronics,4049.1,88,88.8,0.8000030517578125
2025-12-21,PROD_02,Smart Fitness Watch,STORE_01,Electronics,4499.0,68,61.0,-7.0
2025-12-22,PROD_02,Smart Fitness Watch,STORE_01,Electronics,4319.04,55,48.3,-6.700000762939453
2025-12-23,PROD_02,Smart Fitness Watch,STORE_01,Electronics,4499.0,44,46.1,2.0999984741210938
2025-12-24,PROD_02,Smart Fitness Watch,STORE_01,Electronics,4499.0,45,48.1,3.0999984741210938
2025-12-25,PROD_02,Smart Fitness Watch,STORE_01,Electronics,4319.04,41,47.7,6.700000762939453
2025-12-26,PROD_02,Smart Fitness Watch,STORE_01,Electronics,4499.0,51,51.1,0.09999847412109375
2025-12-27,PROD_02,Smart Fitness Watch,STORE_01,Electronics,4049.1,100,94.1,-5.900001525878906
2025-12-28,PROD_02,Smart Fitness Watch,STORE_01,Electronics,4499.0,68,57.9,-10.099998474121094
2025-12-29,PROD_02,Smart Fitness Watch,STORE_01,Electronics,4049.1,80,72.3,-7.6999969482421875
2025-12-30,PROD_02,Smart Fitness Watch,STORE_01,Electronics,4499.0,34,46.7,12.700000762939453
2025-12-31,PROD_02,Smart Fitness Watch,STORE_01,Electronics,4274.05,69,61.6,-7.400001525878906
2025-09-17,PROD_02,Smart Fitness Watch,STORE_02,Electronics,4409.02,32,32.4,0.40000152587890625
2025-09-18,PROD_02,Smart Fitness Watch,STORE_02,Electronics,4499.0,33,31.5,-1.5
2025-09-19,PROD_02,Smart Fitness Watch,STORE_02,Electronics,4499.0,40,36.5,-3.5
2025-09-20,PROD_02,Smart Fitness Watch,STORE_02,Electronics,4049.1,86,69.7,-16.300003051757812
2025-09-21,PROD_02,Smart Fitness Watch,STORE_02,Electronics,4274.05,60,60.5,0.5
2025-09-22,PROD_02,Smart Fitness Watch,STORE_02,Electronics,4499.0,32,32.8,0.7999992370605469
2025-09-23,PROD_02,Smart Fitness Watch,STORE_02,Electronics,4499.0,27,33.0,6.0
2025-09-24,PROD_02,Smart Fitness Watch,STORE_02,Electronics,4274.05,51,44.6,-6.400001525878906
2025-09-25,PROD_02,Smart Fitness Watch,STORE_02,Electronics,4049.1,49,55.2,6.200000762939453
2025-09-26,PROD_02,Smart Fitness Watch,STORE_02,Electronics,3824.15,84,67.5,-16.5
2025-09-27,PROD_02,Smart Fitness Watch,STORE_02,Electronics,4319.04,48,52.6,4.599998474121094
2025-09-28,PROD_02,Smart Fitness Watch,STORE_02,Electronics,4499.0,44,46.9,2.9000015258789062
2025-09-29,PROD_02,Smart Fitness Watch,STORE_02,Electronics,4499.0,30,35.9,5.900001525878906
2025-09-30,PROD_02,Smart Fitness Watch,STORE_02,Electronics,4319.04,40,37.8,-2.200000762939453
2025-10-01,PROD_02,Smart Fitness Watch,STORE_02,Electronics,4409.02,35,44.2,9.200000762939453
2025-10-02,PROD_02,Smart Fitness Watch,STORE_02,Electronics,4409.02,40,42.2,2.200000762939453
2025-10-03,PROD_02,Smart Fitness Watch,STORE_02,Electronics,4499.0,39,45.6,6.599998474121094
2025-10-04,PROD_02,Smart Fitness Watch,STORE_02,Electronics,4499.0,74,53.0,-21.0
2025-10-05,PROD_02,Smart Fitness Watch,STORE_02,Electronics,4499.0,60,51.6,-8.400001525878906
2025-10-06,PROD_02,Smart Fitness Watch,STORE_02,Electronics,4409.02,49,45.0,-4.0
2025-10-07,PROD_02,Smart Fitness Watch,STORE_02,Electronics,4409.02,42,44.3,2.299999237060547
2025-10-08,PROD_02,Smart Fitness Watch,STORE_02,Electronics,4499.0,45,42.6,-2.4000015258789062
2025-10-09,PROD_02,Smart Fitness Watch,STORE_02,Electronics,4499.0,51,42.5,-8.5
2025-10-10,PROD_02,Smart Fitness Watch,STORE_02,Electronics,4274.05,85,66.2,-18.800003051757812
2025-10-11,PROD_02,Smart Fitness Watch,STORE_02,Electronics,4499.0,69,57.0,-12.0
2025-10-12,PROD_02,Smart Fitness Watch,STORE_02,Electronics,4409.02,54,60.8,6.799999237060547
2025-10-13,PROD_02,Smart Fitness Watch,STORE_02,Electronics,4499.0,44,44.8,0.7999992370605469
2025-10-14,PROD_02,Smart Fitness Watch,STORE_02,Electronics,4499.0,53,44.4,-8.599998474121094
2025-10-15,PROD_02,Smart Fitness Watch,STORE_02,Electronics,4409.02,47,47.4,0.40000152587890625
2025-10-16,PROD_02,Smart Fitness Watch,STORE_02,Electronics,4499.0,49,45.8,-3.200000762939453
2025-10-17,PROD_02,Smart Fitness Watch,STORE_02,Electronics,4499.0,50,53.5,3.5
2025-10-18,PROD_02,Smart Fitness Watch,STORE_02,Electronics,3374.25,137,133.8,-3.1999969482421875
2025-10-19,PROD_02,Smart Fitness Watch,STORE_02,Electronics,4409.02,64,64.4,0.40000152587890625
2025-10-20,PROD_02,Smart Fitness Watch,STORE_02,Electronics,4499.0,50,45.5,-4.5
2025-10-21,PROD_02,Smart Fitness Watch,STORE_02,Electronics,3599.2,82,98.9,16.900001525878906
2025-10-22,PROD_02,Smart Fitness Watch,STORE_02,Electronics,4499.0,35,49.7,14.700000762939453
2025-10-23,PROD_02,Smart Fitness Watch,STORE_02,Electronics,4499.0,42,47.2,5.200000762939453
2025-10-24,PROD_02,Smart Fitness Watch,STORE_02,Electronics,4499.0,63,56.5,-6.5
2025-10-25,PROD_02,Smart Fitness Watch,STORE_02,Electronics,4409.02,57,60.7,3.700000762939453
2025-10-26,PROD_02,Smart Fitness Watch,STORE_02,Electronics,4274.05,84,89.9,5.900001525878906
2025-10-27,PROD_02,Smart Fitness Watch,STORE_02,Electronics,4319.04,58,50.7,-7.299999237060547
2025-10-28,PROD_02,Smart Fitness Watch,STORE_02,Electronics,4499.0,52,50.5,-1.5
2025-10-29,PROD_02,Smart Fitness Watch,STORE_02,Electronics,4499.0,46,49.2,3.200000762939453
2025-10-30,PROD_02,Smart Fitness Watch,STORE_02,Electronics,4409.02,40,52.5,12.5
2025-10-31,PROD_02,Smart Fitness Watch,STORE_02,Electronics,4499.0,54,57.1,3.0999984741210938
2025-11-01,PROD_02,Smart Fitness Watch,STORE_02,Electronics,3824.15,102,114.9,12.900001525878906
2025-11-02,PROD_02,Smart Fitness Watch,STORE_02,Electronics,4499.0,52,60.8,8.799999237060547
2025-11-03,PROD_02,Smart Fitness Watch,STORE_02,Electronics,4409.02,42,46.3,4.299999237060547
2025-11-04,PROD_02,Smart Fitness Watch,STORE_02,Electronics,4499.0,43,45.6,2.5999984741210938
2025-11-05,PROD_02,Smart Fitness Watch,STORE_02,Electronics,4049.1,62,67.1,5.099998474121094
2025-11-06,PROD_02,Smart Fitness Watch,STORE_02,Electronics,4499.0,43,45.4,2.4000015258789062
2025-11-07,PROD_02,Smart Fitness Watch,STORE_02,Electronics,4499.0,41,52.6,11.599998474121094
2025-11-08,PROD_02,Smart Fitness Watch,STORE_02,Electronics,4319.04,63,56.9,-6.099998474121094
2025-11-09,PROD_02,Smart Fitness Watch,STORE_02,Electronics,4409.02,70,60.1,-9.900001525878906
2025-11-10,PROD_02,Smart Fitness Watch,STORE_02,Electronics,4319.04,48,47.9,-0.09999847412109375
2025-11-11,PROD_02,Smart Fitness Watch,STORE_02,Electronics,4499.0,35,45.3,10.299999237060547
2025-11-12,PROD_02,Smart Fitness Watch,STORE_02,Electronics,4499.0,39,44.0,5.0
2025-11-13,PROD_02,Smart Fitness Watch,STORE_02,Electronics,4274.05,69,60.5,-8.5
2025-11-14,PROD_02,Smart Fitness Watch,STORE_02,Electronics,4049.1,71,81.0,10.0
2025-11-15,PROD_02,Smart Fitness Watch,STORE_02,Electronics,4499.0,69,65.4,-3.5999984741210938
2025-11-16,PROD_02,Smart Fitness Watch,STORE_02,Electronics,4499.0,62,59.9,-2.0999984741210938
2025-11-17,PROD_02,Smart Fitness Watch,STORE_02,Electronics,4499.0,43,45.6,2.5999984741210938
2025-11-18,PROD_02,Smart Fitness Watch,STORE_02,Electronics,4499.0,39,45.6,6.599998474121094
2025-11-19,PROD_02,Smart Fitness Watch,STORE_02,Electronics,4499.0,41,43.3,2.299999237060547
2025-11-20,PROD_02,Smart Fitness Watch,STORE_02,Electronics,4499.0,45,44.5,-0.5
2025-11-21,PROD_02,Smart Fitness Watch,STORE_02,Electronics,4499.0,52,50.6,-1.4000015258789062
2025-11-22,PROD_02,Smart Fitness Watch,STORE_02,Electronics,4499.0,67,58.6,-8.400001525878906
2025-11-23,PROD_02,Smart Fitness Watch,STORE_02,Electronics,4499.0,64,61.6,-2.4000015258789062
2025-11-24,PROD_02,Smart Fitness Watch,STORE_02,Electronics,3374.25,114,103.5,-10.5
2025-11-25,PROD_02,Smart Fitness Watch,STORE_02,Electronics,4499.0,45,44.2,-0.7999992370605469
2025-11-26,PROD_02,Smart Fitness Watch,STORE_02,Electronics,4499.0,44,44.4,0.40000152587890625
2025-11-27,PROD_02,Smart Fitness Watch,STORE_02,Electronics,4499.0,44,45.1,1.0999984741210938
2025-11-28,PROD_02,Smart Fitness Watch,STORE_02,Electronics,4409.02,58,51.9,-6.099998474121094
2025-11-29,PROD_02,Smart Fitness Watch,STORE_02,Electronics,3824.15,88,108.2,20.199996948242188
2025-11-30,PROD_02,Smart Fitness Watch,STORE_02,Electronics,4499.0,53,57.8,4.799999237060547
2025-12-01,PROD_02,Smart Fitness Watch,STORE_02,Electronics,4499.0,37,42.5,5.5
2025-12-02,PROD_02,Smart Fitness Watch,STORE_02,Electronics,4409.02,53,43.7,-9.299999237060547
2025-12-03,PROD_02,Smart Fitness Watch,STORE_02,Electronics,4499.0,44,44.6,0.5999984741210938
2025-12-04,PROD_02,Smart Fitness Watch,STORE_02,Electronics,4499.0,41,43.4,2.4000015258789062
2025-12-05,PROD_02,Smart Fitness Watch,STORE_02,Electronics,4499.0,57,48.0,-9.0
2025-12-06,PROD_02,Smart Fitness Watch,STORE_02,Electronics,4499.0,48,60.7,12.700000762939453
2025-12-07,PROD_02,Smart Fitness Watch,STORE_02,Electronics,4409.02,64,61.5,-2.5
2025-12-08,PROD_02,Smart Fitness Watch,STORE_02,Electronics,4409.02,53,45.9,-7.099998474121094
2025-12-09,PROD_02,Smart Fitness Watch,STORE_02,Electronics,4499.0,37,45.2,8.200000762939453
2025-12-10,PROD_02,Smart Fitness Watch,STORE_02,Electronics,4499.0,44,45.1,1.0999984741210938
2025-12-11,PROD_02,Smart Fitness Watch,STORE_02,Electronics,4499.0,44,45.5,1.5
2025-12-12,PROD_02,Smart Fitness Watch,STORE_02,Electronics,4319.04,59,54.3,-4.700000762939453
2025-12-13,PROD_02,Smart Fitness Watch,STORE_02,Electronics,4499.0,58,59.6,1.5999984741210938
2025-12-14,PROD_02,Smart Fitness Watch,STORE_02,Electronics,4499.0,57,59.4,2.4000015258789062
2025-12-15,PROD_02,Smart Fitness Watch,STORE_02,Electronics,4499.0,38,43.6,5.599998474121094
2025-12-16,PROD_02,Smart Fitness Watch,STORE_02,Electronics,4499.0,45,43.3,-1.7000007629394531
2025-12-17,PROD_02,Smart Fitness Watch,STORE_02,Electronics,4049.1,78,66.9,-11.099998474121094
2025-12-18,PROD_02,Smart Fitness Watch,STORE_02,Electronics,4499.0,46,43.9,-2.0999984741210938
2025-12-19,PROD_02,Smart Fitness Watch,STORE_02,Electronics,4499.0,46,51.8,5.799999237060547
2025-12-20,PROD_02,Smart Fitness Watch,STORE_02,Electronics,4499.0,53,56.2,3.200000762939453
2025-12-21,PROD_02,Smart Fitness Watch,STORE_02,Electronics,4499.0,53,57.4,4.400001525878906
2025-12-22,PROD_02,Smart Fitness Watch,STORE_02,Electronics,4499.0,44,45.2,1.2000007629394531
2025-12-23,PROD_02,Smart Fitness Watch,STORE_02,Electronics,4499.0,34,41.4,7.400001525878906
2025-12-24,PROD_02,Smart Fitness Watch,STORE_02,Electronics,3824.15,83,71.7,-11.300003051757812
2025-12-25,PROD_02,Smart Fitness Watch,STORE_02,Electronics,4499.0,35,40.1,5.099998474121094
2025-12-26,PROD_02,Smart Fitness Watch,STORE_02,Electronics,4499.0,54,45.2,-8.799999237060547
2025-12-27,PROD_02,Smart Fitness Watch,STORE_02,Electronics,4274.05,70,76.8,6.8000030517578125
2025-12-28,PROD_02,Smart Fitness Watch,STORE_02,Electronics,4499.0,49,52.8,3.799999237060547
2025-12-29,PROD_02,Smart Fitness Watch,STORE_02,Electronics,4409.02,44,41.5,-2.5
2025-12-30,PROD_02,Smart Fitness Watch,STORE_02,Electronics,4499.0,36,41.1,5.099998474121094
2025-12-31,PROD_02,Smart Fitness Watch,STORE_02,Electronics,4049.1,74,65.7,-8.300003051757812
2025-09-17,PROD_02,Smart Fitness Watch,STORE_03,Electronics,4499.0,39,36.0,-3.0
2025-09-18,PROD_02,Smart Fitness Watch,STORE_03,Electronics,4499.0,37,35.1,-1.9000015258789062
2025-09-19,PROD_02,Smart Fitness Watch,STORE_03,Electronics,4499.0,36,41.7,5.700000762939453
2025-09-20,PROD_02,Smart Fitness Watch,STORE_03,Electronics,4499.0,51,45.4,-5.599998474121094
2025-09-21,PROD_02,Smart Fitness Watch,STORE_03,Electronics,4499.0,50,46.2,-3.799999237060547
2025-09-22,PROD_02,Smart Fitness Watch,STORE_03,Electronics,4319.04,35,38.2,3.200000762939453
2025-09-23,PROD_02,Smart Fitness Watch,STORE_03,Electronics,4499.0,41,35.1,-5.900001525878906
2025-09-24,PROD_02,Smart Fitness Watch,STORE_03,Electronics,4319.04,40,38.4,-1.5999984741210938
2025-09-25,PROD_02,Smart Fitness Watch,STORE_03,Electronics,4499.0,34,35.0,1.0
2025-09-26,PROD_02,Smart Fitness Watch,STORE_03,Electronics,4499.0,43,41.4,-1.5999984741210938
2025-09-27,PROD_02,Smart Fitness Watch,STORE_03,Electronics,4499.0,41,46.5,5.5
2025-09-28,PROD_02,Smart Fitness Watch,STORE_03,Electronics,4499.0,45,45.9,0.9000015258789062
2025-09-29,PROD_02,Smart Fitness Watch,STORE_03,Electronics,4499.0,37,35.4,-1.5999984741210938
2025-09-30,PROD_02,Smart Fitness Watch,STORE_03,Electronics,4499.0,45,35.4,-9.599998474121094
2025-10-01,PROD_02,Smart Fitness Watch,STORE_03,Electronics,4319.04,60,47.6,-12.400001525878906
2025-10-02,PROD_02,Smart Fitness Watch,STORE_03,Electronics,4499.0,45,45.5,0.5
2025-10-03,PROD_02,Smart Fitness Watch,STORE_03,Electronics,4499.0,56,52.3,-3.700000762939453
2025-10-04,PROD_02,Smart Fitness Watch,STORE_03,Electronics,4274.05,86,78.5,-7.5
2025-10-05,PROD_02,Smart Fitness Watch,STORE_03,Electronics,4499.0,65,56.3,-8.700000762939453
2025-10-06,PROD_02,Smart Fitness Watch,STORE_03,Electronics,3599.2,93,85.1,-7.900001525878906
2025-10-07,PROD_02,Smart Fitness Watch,STORE_03,Electronics,4499.0,39,45.6,6.599998474121094
2025-10-08,PROD_02,Smart Fitness Watch,STORE_03,Electronics,4499.0,46,45.0,-1.0
2025-10-09,PROD_02,Smart Fitness Watch,STORE_03,Electronics,4499.0,53,46.7,-6.299999237060547
2025-10-10,PROD_02,Smart Fitness Watch,STORE_03,Electronics,4499.0,68,54.5,-13.5
2025-10-11,PROD_02,Smart Fitness Watch,STORE_03,Electronics,4499.0,57,59.2,2.200000762939453
2025-10-12,PROD_02,Smart Fitness Watch,STORE_03,Electronics,4274.05,108,92.0,-16.0
2025-10-13,PROD_02,Smart Fitness Watch,STORE_03,Electronics,4499.0,43,47.4,4.400001525878906
2025-10-14,PROD_02,Smart Fitness Watch,STORE_03,Electronics,4499.0,51,47.7,-3.299999237060547
2025-10-15,PROD_02,Smart Fitness Watch,STORE_03,Electronics,4499.0,48,49.8,1.7999992370605469
2025-10-16,PROD_02,Smart Fitness Watch,STORE_03,Electronics,4499.0,48,48.7,0.7000007629394531
2025-10-17,PROD_02,Smart Fitness Watch,STORE_03,Electronics,4499.0,57,56.7,-0.2999992370605469
2025-10-18,PROD_02,Smart Fitness Watch,STORE_03,Electronics,4499.0,68,64.5,-3.5
2025-10-19,PROD_02,Smart Fitness Watch,STORE_03,Electronics,4409.02,78,68.6,-9.400001525878906
2025-10-20,PROD_02,Smart Fitness Watch,STORE_03,Electronics,4499.0,40,51.5,11.5
2025-10-21,PROD_02,Smart Fitness Watch,STORE_03,Electronics,4499.0,64,49.5,-14.5
2025-10-22,PROD_02,Smart Fitness Watch,STORE_03,Electronics,4499.0,52,50.2,-1.7999992370605469
2025-10-23,PROD_02,Smart Fitness Watch,STORE_03,Electronics,4274.05,62,69.5,7.5
2025-10-24,PROD_02,Smart Fitness Watch,STORE_03,Electronics,4499.0,46,62.3,16.299999237060547
2025-10-25,PROD_02,Smart Fitness Watch,STORE_03,Electronics,4499.0,71,64.2,-6.8000030517578125
2025-10-26,PROD_02,Smart Fitness Watch,STORE_03,Electronics,4499.0,81,67.3,-13.699996948242188
2025-10-27,PROD_02,Smart Fitness Watch,STORE_03,Electronics,4499.0,43,49.9,6.900001525878906
2025-10-28,PROD_02,Smart Fitness Watch,STORE_03,Electronics,4499.0,46,50.4,4.400001525878906
2025-10-29,PROD_02,Smart Fitness Watch,STORE_03,Electronics,4499.0,66,51.8,-14.200000762939453
2025-10-30,PROD_02,Smart Fitness Watch,STORE_03,Electronics,4499.0,60,51.3,-8.700000762939453
2025-10-31,PROD_02,Smart Fitness Watch,STORE_03,Electronics,4049.1,80,94.7,14.699996948242188
2025-11-01,PROD_02,Smart Fitness Watch,STORE_03,Electronics,3599.2,122,137.0,15.0
2025-11-02,PROD_02,Smart Fitness Watch,STORE_03,Electronics,4499.0,68,66.9,-1.0999984741210938
2025-11-03,PROD_02,Smart Fitness Watch,STORE_03,Electronics,4499.0,56,52.6,-3.4000015258789062
2025-11-04,PROD_02,Smart Fitness Watch,STORE_03,Electronics,4409.02,52,53.8,1.7999992370605469
2025-11-05,PROD_02,Smart Fitness Watch,STORE_03,Electronics,4499.0,39,51.6,12.599998474121094
2025-11-06,PROD_02,Smart Fitness Watch,STORE_03,Electronics,4499.0,55,50.1,-4.900001525878906
2025-11-07,PROD_02,Smart Fitness Watch,STORE_03,Electronics,4319.04,82,60.4,-21.599998474121094
2025-11-08,PROD_02,Smart Fitness Watch,STORE_03,Electronics,4499.0,59,66.2,7.1999969482421875
2025-11-09,PROD_02,Smart Fitness Watch,STORE_03,Electronics,4499.0,71,71.1,0.09999847412109375
2025-11-10,PROD_02,Smart Fitness Watch,STORE_03,Electronics,4499.0,46,49.8,3.799999237060547
2025-11-11,PROD_02,Smart Fitness Watch,STORE_03,Electronics,4274.05,64,69.7,5.6999969482421875
2025-11-12,PROD_02,Smart Fitness Watch,STORE_03,Electronics,4409.02,55,51.1,-3.9000015258789062
2025-11-13,PROD_02,Smart Fitness Watch,STORE_03,Electronics,4499.0,44,52.5,8.5
2025-11-14,PROD_02,Smart Fitness Watch,STORE_03,Electronics,4049.1,91,89.4,-1.5999984741210938
2025-11-15,PROD_02,Smart Fitness Watch,STORE_03,Electronics,4499.0,61,67.8,6.8000030517578125
2025-11-16,PROD_02,Smart Fitness Watch,STORE_03,Electronics,3824.15,127,120.1,-6.900001525878906
2025-11-17,PROD_02,Smart Fitness Watch,STORE_03,Electronics,4499.0,54,50.7,-3.299999237060547
2025-11-18,PROD_02,Smart Fitness Watch,STORE_03,Electronics,4409.02,44,52.5,8.5
2025-11-19,PROD_02,Smart Fitness Watch,STORE_03,Electronics,4499.0,53,49.6,-3.4000015258789062
2025-11-20,PROD_02,Smart Fitness Watch,STORE_03,Electronics,4499.0,58,50.2,-7.799999237060547
2025-11-21,PROD_02,Smart Fitness Watch,STORE_03,Electronics,4409.02,64,60.5,-3.5
2025-11-22,PROD_02,Smart Fitness Watch,STORE_03,Electronics,3599.2,127,135.8,8.800003051757812
2025-11-23,PROD_02,Smart Fitness Watch,STORE_03,Electronics,4499.0,63,70.7,7.6999969482421875
2025-11-24,PROD_02,Smart Fitness Watch,STORE_03,Electronics,4499.0,47,51.8,4.799999237060547
2025-11-25,PROD_02,Smart Fitness Watch,STORE_03,Electronics,4499.0,51,52.6,1.5999984741210938
2025-11-26,PROD_02,Smart Fitness Watch,STORE_03,Electronics,4499.0,46,52.9,6.900001525878906
2025-11-27,PROD_02,Smart Fitness Watch,STORE_03,Electronics,4319.04,54,52.5,-1.5
2025-11-28,PROD_02,Smart Fitness Watch,STORE_03,Electronics,4499.0,56,60.2,4.200000762939453
2025-11-29,PROD_02,Smart Fitness Watch,STORE_03,Electronics,3824.15,87,122.0,35.0
2025-11-30,PROD_02,Smart Fitness Watch,STORE_03,Electronics,4319.04,77,70.4,-6.599998474121094
2025-12-01,PROD_02,Smart Fitness Watch,STORE_03,Electronics,4499.0,60,49.9,-10.099998474121094
2025-12-02,PROD_02,Smart Fitness Watch,STORE_03,Electronics,4499.0,49,50.2,1.2000007629394531
2025-12-03,PROD_02,Smart Fitness Watch,STORE_03,Electronics,4499.0,54,50.8,-3.200000762939453
2025-12-04,PROD_02,Smart Fitness Watch,STORE_03,Electronics,4499.0,51,52.8,1.7999992370605469
2025-12-05,PROD_02,Smart Fitness Watch,STORE_03,Electronics,3599.2,128,119.2,-8.800003051757812
2025-12-06,PROD_02,Smart Fitness Watch,STORE_03,Electronics,4499.0,53,66.6,13.599998474121094
2025-12-07,PROD_02,Smart Fitness Watch,STORE_03,Electronics,4274.05,103,90.9,-12.099998474121094
2025-12-08,PROD_02,Smart Fitness Watch,STORE_03,Electronics,4319.04,50,52.9,2.9000015258789062
2025-12-09,PROD_02,Smart Fitness Watch,STORE_03,Electronics,4499.0,51,53.6,2.5999984741210938
2025-12-10,PROD_02,Smart Fitness Watch,STORE_03,Electronics,4499.0,54,52.8,-1.2000007629394531
2025-12-11,PROD_02,Smart Fitness Watch,STORE_03,Electronics,4499.0,40,53.7,13.700000762939453
2025-12-12,PROD_02,Smart Fitness Watch,STORE_03,Electronics,4499.0,48,58.7,10.700000762939453
2025-12-13,PROD_02,Smart Fitness Watch,STORE_03,Electronics,4499.0,62,64.0,2.0
2025-12-14,PROD_02,Smart Fitness Watch,STORE_03,Electronics,4499.0,59,68.3,9.300003051757812
2025-12-15,PROD_02,Smart Fitness Watch,STORE_03,Electronics,4409.02,43,49.7,6.700000762939453
2025-12-16,PROD_02,Smart Fitness Watch,STORE_03,Electronics,4499.0,41,48.7,7.700000762939453
2025-12-17,PROD_02,Smart Fitness Watch,STORE_03,Electronics,4409.02,51,48.4,-2.5999984741210938
2025-12-18,PROD_02,Smart Fitness Watch,STORE_03,Electronics,4319.04,53,50.2,-2.799999237060547
2025-12-19,PROD_02,Smart Fitness Watch,STORE_03,Electronics,3599.2,106,106.7,0.6999969482421875
2025-12-20,PROD_02,Smart Fitness Watch,STORE_03,Electronics,4499.0,52,62.2,10.200000762939453
2025-12-21,PROD_02,Smart Fitness Watch,STORE_03,Electronics,4319.04,64,65.3,1.3000030517578125
2025-12-22,PROD_02,Smart Fitness Watch,STORE_03,Electronics,4274.05,66,64.9,-1.0999984741210938
2025-12-23,PROD_02,Smart Fitness Watch,STORE_03,Electronics,3599.2,84,93.7,9.699996948242188
2025-12-24,PROD_02,Smart Fitness Watch,STORE_03,Electronics,4499.0,42,47.4,5.400001525878906
2025-12-25,PROD_02,Smart Fitness Watch,STORE_03,Electronics,4409.02,59,48.0,-11.0
2025-12-26,PROD_02,Smart Fitness Watch,STORE_03,Electronics,4499.0,57,55.0,-2.0
2025-12-27,PROD_02,Smart Fitness Watch,STORE_03,Electronics,4499.0,55,65.4,10.400001525878906
2025-12-28,PROD_02,Smart Fitness Watch,STORE_03,Electronics,4274.05,107,91.6,-15.400001525878906
2025-12-29,PROD_02,Smart Fitness Watch,STORE_03,Electronics,4049.1,78,81.4,3.4000015258789062
2025-12-30,PROD_02,Smart Fitness Watch,STORE_03,Electronics,4499.0,47,50.5,3.5
2025-12-31,PROD_02,Smart Fitness Watch,STORE_03,Electronics,4499.0,47,51.2,4.200000762939453
2025-09-17,PROD_02,Smart Fitness Watch,STORE_04,Electronics,4499.0,20,23.6,3.6000003814697266
2025-09-18,PROD_02,Smart Fitness Watch,STORE_04,Electronics,4319.04,22,24.9,2.8999996185302734
2025-09-19,PROD_02,Smart Fitness Watch,STORE_04,Electronics,4319.04,32,29.7,-2.299999237060547
2025-09-20,PROD_02,Smart Fitness Watch,STORE_04,Electronics,4409.02,32,34.3,2.299999237060547
2025-09-21,PROD_02,Smart Fitness Watch,STORE_04,Electronics,4499.0,35,30.5,-4.5
2025-09-22,PROD_02,Smart Fitness Watch,STORE_04,Electronics,4499.0,27,24.0,-3.0
2025-09-23,PROD_02,Smart Fitness Watch,STORE_04,Electronics,4499.0,20,23.0,3.0
2025-09-24,PROD_02,Smart Fitness Watch,STORE_04,Electronics,4499.0,28,22.6,-5.399999618530273
2025-09-25,PROD_02,Smart Fitness Watch,STORE_04,Electronics,4499.0,24,24.2,0.20000076293945312
2025-09-26,PROD_02,Smart Fitness Watch,STORE_04,Electronics,4499.0,30,28.3,-1.7000007629394531
2025-09-27,PROD_02,Smart Fitness Watch,STORE_04,Electronics,3824.15,68,50.6,-17.400001525878906
2025-09-28,PROD_02,Smart Fitness Watch,STORE_04,Electronics,4499.0,35,31.8,-3.200000762939453
2025-09-29,PROD_02,Smart Fitness Watch,STORE_04,Electronics,4499.0,25,24.1,-0.8999996185302734
2025-09-30,PROD_02,Smart Fitness Watch,STORE_04,Electronics,4499.0,22,23.6,1.6000003814697266
2025-10-01,PROD_02,Smart Fitness Watch,STORE_04,Electronics,4499.0,33,27.2,-5.799999237060547
2025-10-02,PROD_02,Smart Fitness Watch,STORE_04,Electronics,4499.0,32,27.7,-4.299999237060547
2025-10-03,PROD_02,Smart Fitness Watch,STORE_04,Electronics,4499.0,33,32.1,-0.9000015258789062
2025-10-04,PROD_02,Smart Fitness Watch,STORE_04,Electronics,4499.0,47,37.6,-9.400001525878906
2025-10-05,PROD_02,Smart Fitness Watch,STORE_04,Electronics,4499.0,55,40.5,-14.5
2025-10-06,PROD_02,Smart Fitness Watch,STORE_04,Electronics,4499.0,37,30.3,-6.700000762939453
2025-10-07,PROD_02,Smart Fitness Watch,STORE_04,Electronics,4499.0,30,30.8,0.7999992370605469
2025-10-08,PROD_02,Smart Fitness Watch,STORE_04,Electronics,4409.02,29,34.6,5.599998474121094
2025-10-09,PROD_02,Smart Fitness Watch,STORE_04,Electronics,4499.0,34,32.2,-1.7999992370605469
2025-10-10,PROD_02,Smart Fitness Watch,STORE_04,Electronics,4409.02,47,40.1,-6.900001525878906
2025-10-11,PROD_02,Smart Fitness Watch,STORE_04,Electronics,4499.0,40,44.5,4.5
2025-10-12,PROD_02,Smart Fitness Watch,STORE_04,Electronics,4499.0,42,43.7,1.7000007629394531
2025-10-13,PROD_02,Smart Fitness Watch,STORE_04,Electronics,4499.0,27,33.9,6.900001525878906
2025-10-14,PROD_02,Smart Fitness Watch,STORE_04,Electronics,3824.15,47,53.6,6.599998474121094
2025-10-15,PROD_02,Smart Fitness Watch,STORE_04,Electronics,4499.0,36,35.5,-0.5
2025-10-16,PROD_02,Smart Fitness Watch,STORE_04,Electronics,4499.0,32,36.1,4.099998474121094
2025-10-17,PROD_02,Smart Fitness Watch,STORE_04,Electronics,4499.0,43,42.1,-0.9000015258789062
2025-10-18,PROD_02,Smart Fitness Watch,STORE_04,Electronics,4499.0,42,46.1,4.099998474121094
2025-10-19,PROD_02,Smart Fitness Watch,STORE_04,Electronics,4499.0,36,46.5,10.5
2025-10-20,PROD_02,Smart Fitness Watch,STORE_04,Electronics,3599.2,67,60.7,-6.299999237060547
2025-10-21,PROD_02,Smart Fitness Watch,STORE_04,Electronics,3824.15,53,64.8,11.800003051757812
2025-10-22,PROD_02,Smart Fitness Watch,STORE_04,Electronics,4499.0,37,37.3,0.2999992370605469
2025-10-23,PROD_02,Smart Fitness Watch,STORE_04,Electronics,4499.0,32,36.2,4.200000762939453
2025-10-24,PROD_02,Smart Fitness Watch,STORE_04,Electronics,4499.0,35,42.8,7.799999237060547
2025-10-25,PROD_02,Smart Fitness Watch,STORE_04,Electronics,4499.0,44,45.8,1.7999992370605469
2025-10-26,PROD_02,Smart Fitness Watch,STORE_04,Electronics,4499.0,47,45.9,-1.0999984741210938
2025-10-27,PROD_02,Smart Fitness Watch,STORE_04,Electronics,4499.0,29,36.8,7.799999237060547
2025-10-28,PROD_02,Smart Fitness Watch,STORE_04,Electronics,4499.0,38,38.3,0.2999992370605469
2025-10-29,PROD_02,Smart Fitness Watch,STORE_04,Electronics,4499.0,31,38.3,7.299999237060547
2025-10-30,PROD_02,Smart Fitness Watch,STORE_04,Electronics,4499.0,29,37.3,8.299999237060547
2025-10-31,PROD_02,Smart Fitness Watch,STORE_04,Electronics,4499.0,48,42.7,-5.299999237060547
2025-11-01,PROD_02,Smart Fitness Watch,STORE_04,Electronics,4409.02,44,46.2,2.200000762939453
2025-11-02,PROD_02,Smart Fitness Watch,STORE_04,Electronics,4409.02,45,46.5,1.5
2025-11-03,PROD_02,Smart Fitness Watch,STORE_04,Electronics,4409.02,47,36.2,-10.799999237060547
2025-11-04,PROD_02,Smart Fitness Watch,STORE_04,Electronics,4499.0,35,35.9,0.9000015258789062
2025-11-05,PROD_02,Smart Fitness Watch,STORE_04,Electronics,4499.0,35,34.3,-0.7000007629394531
2025-11-06,PROD_02,Smart Fitness Watch,STORE_04,Electronics,4499.0,32,34.0,2.0
2025-11-07,PROD_02,Smart Fitness Watch,STORE_04,Electronics,4499.0,37,40.7,3.700000762939453
2025-11-08,PROD_02,Smart Fitness Watch,STORE_04,Electronics,4499.0,50,44.3,-5.700000762939453
2025-11-09,PROD_02,Smart Fitness Watch,STORE_04,Electronics,4319.04,55,48.2,-6.799999237060547
2025-11-10,PROD_02,Smart Fitness Watch,STORE_04,Electronics,4499.0,37,34.6,-2.4000015258789062
2025-11-11,PROD_02,Smart Fitness Watch,STORE_04,Electronics,4049.1,41,55.9,14.900001525878906
2025-11-12,PROD_02,Smart Fitness Watch,STORE_04,Electronics,4499.0,29,34.9,5.900001525878906
2025-11-13,PROD_02,Smart Fitness Watch,STORE_04,Electronics,4049.1,65,51.6,-13.400001525878906
2025-11-14,PROD_02,Smart Fitness Watch,STORE_04,Electronics,4499.0,37,41.2,4.200000762939453
2025-11-15,PROD_02,Smart Fitness Watch,STORE_04,Electronics,4409.02,45,45.0,0.0
2025-11-16,PROD_02,Smart Fitness Watch,STORE_04,Electronics,4274.05,62,65.1,3.0999984741210938
2025-11-17,PROD_02,Smart Fitness Watch,STORE_04,Electronics,4499.0,35,36.2,1.2000007629394531
2025-11-18,PROD_02,Smart Fitness Watch,STORE_04,Electronics,4499.0,32,35.2,3.200000762939453
2025-11-19,PROD_02,Smart Fitness Watch,STORE_04,Electronics,4499.0,36,33.3,-2.700000762939453
2025-11-20,PROD_02,Smart Fitness Watch,STORE_04,Electronics,4319.04,35,35.9,0.9000015258789062
2025-11-21,PROD_02,Smart Fitness Watch,STORE_04,Electronics,4274.05,59,51.9,-7.099998474121094
2025-11-22,PROD_02,Smart Fitness Watch,STORE_04,Electronics,3599.2,81,89.6,8.599998474121094
2025-11-23,PROD_02,Smart Fitness Watch,STORE_04,Electronics,4499.0,34,48.4,14.400001525878906
2025-11-24,PROD_02,Smart Fitness Watch,STORE_04,Electronics,4049.1,63,53.8,-9.200000762939453
2025-11-25,PROD_02,Smart Fitness Watch,STORE_04,Electronics,4499.0,36,37.3,1.2999992370605469
2025-11-26,PROD_02,Smart Fitness Watch,STORE_04,Electronics,4319.04,34,37.5,3.5
2025-11-27,PROD_02,Smart Fitness Watch,STORE_04,Electronics,4499.0,31,36.5,5.5
2025-11-28,PROD_02,Smart Fitness Watch,STORE_04,Electronics,4499.0,41,41.1,0.09999847412109375
2025-11-29,PROD_02,Smart Fitness Watch,STORE_04,Electronics,4319.04,51,46.5,-4.5
2025-11-30,PROD_02,Smart Fitness Watch,STORE_04,Electronics,4499.0,48,46.3,-1.7000007629394531
2025-12-01,PROD_02,Smart Fitness Watch,STORE_04,Electronics,4499.0,33,35.6,2.5999984741210938
2025-12-02,PROD_02,Smart Fitness Watch,STORE_04,Electronics,4499.0,39,35.1,-3.9000015258789062
2025-12-03,PROD_02,Smart Fitness Watch,STORE_04,Electronics,4499.0,39,35.7,-3.299999237060547
2025-12-04,PROD_02,Smart Fitness Watch,STORE_04,Electronics,4409.02,39,36.4,-2.5999984741210938
2025-12-05,PROD_02,Smart Fitness Watch,STORE_04,Electronics,4409.02,49,43.6,-5.400001525878906
2025-12-06,PROD_02,Smart Fitness Watch,STORE_04,Electronics,4499.0,37,47.7,10.700000762939453
2025-12-07,PROD_02,Smart Fitness Watch,STORE_04,Electronics,4499.0,48,45.3,-2.700000762939453
2025-12-08,PROD_02,Smart Fitness Watch,STORE_04,Electronics,4499.0,30,36.1,6.099998474121094
2025-12-09,PROD_02,Smart Fitness Watch,STORE_04,Electronics,4499.0,37,35.5,-1.5
2025-12-10,PROD_02,Smart Fitness Watch,STORE_04,Electronics,4499.0,33,35.5,2.5
2025-12-11,PROD_02,Smart Fitness Watch,STORE_04,Electronics,4409.02,39,37.3,-1.7000007629394531
2025-12-12,PROD_02,Smart Fitness Watch,STORE_04,Electronics,4499.0,37,41.4,4.400001525878906
2025-12-13,PROD_02,Smart Fitness Watch,STORE_04,Electronics,4499.0,43,44.4,1.4000015258789062
2025-12-14,PROD_02,Smart Fitness Watch,STORE_04,Electronics,4499.0,61,46.4,-14.599998474121094
2025-12-15,PROD_02,Smart Fitness Watch,STORE_04,Electronics,4499.0,31,34.8,3.799999237060547
2025-12-16,PROD_02,Smart Fitness Watch,STORE_04,Electronics,4409.02,41,35.5,-5.5
2025-12-17,PROD_02,Smart Fitness Watch,STORE_04,Electronics,4409.02,40,36.0,-4.0
2025-12-18,PROD_02,Smart Fitness Watch,STORE_04,Electronics,4499.0,30,35.6,5.599998474121094
2025-12-19,PROD_02,Smart Fitness Watch,STORE_04,Electronics,4499.0,36,39.4,3.4000015258789062
2025-12-20,PROD_02,Smart Fitness Watch,STORE_04,Electronics,4049.1,79,69.9,-9.099998474121094
2025-12-21,PROD_02,Smart Fitness Watch,STORE_04,Electronics,4049.1,69,72.6,3.5999984741210938
2025-12-22,PROD_02,Smart Fitness Watch,STORE_04,Electronics,4499.0,31,36.0,5.0
2025-12-23,PROD_02,Smart Fitness Watch,STORE_04,Electronics,4499.0,38,34.9,-3.0999984741210938
2025-12-24,PROD_02,Smart Fitness Watch,STORE_04,Electronics,4499.0,32,34.9,2.9000015258789062
2025-12-25,PROD_02,Smart Fitness Watch,STORE_04,Electronics,4409.02,28,34.4,6.400001525878906
2025-12-26,PROD_02,Smart Fitness Watch,STORE_04,Electronics,4499.0,48,38.0,-10.0
2025-12-27,PROD_02,Smart Fitness Watch,STORE_04,Electronics,3824.15,76,73.2,-2.8000030517578125
2025-12-28,PROD_02,Smart Fitness Watch,STORE_04,Electronics,4319.04,63,50.2,-12.799999237060547
2025-12-29,PROD_02,Smart Fitness Watch,STORE_04,Electronics,4319.04,33,36.4,3.4000015258789062
2025-12-30,PROD_02,Smart Fitness Watch,STORE_04,Electronics,4319.04,39,36.6,-2.4000015258789062
2025-12-31,PROD_02,Smart Fitness Watch,STORE_04,Electronics,4274.05,53,48.1,-4.900001525878906
2025-09-17,PROD_03,Portable Bluetooth Speaker,STORE_01,Electronics,1439.04,63,69.4,6.400001525878906
2025-09-18,PROD_03,Portable Bluetooth Speaker,STORE_01,Electronics,1499.0,66,65.4,-0.5999984741210938
2025-09-19,PROD_03,Portable Bluetooth Speaker,STORE_01,Electronics,1499.0,99,74.4,-24.599998474121094
2025-09-20,PROD_03,Portable Bluetooth Speaker,STORE_01,Electronics,1439.04,117,92.0,-25.0
2025-09-21,PROD_03,Portable Bluetooth Speaker,STORE_01,Electronics,1499.0,83,87.1,4.099998474121094
2025-09-22,PROD_03,Portable Bluetooth Speaker,STORE_01,Electronics,1499.0,72,66.1,-5.900001525878906
2025-09-23,PROD_03,Portable Bluetooth Speaker,STORE_01,Electronics,1499.0,82,66.6,-15.400001525878906
2025-09-24,PROD_03,Portable Bluetooth Speaker,STORE_01,Electronics,1499.0,63,68.0,5.0
2025-09-25,PROD_03,Portable Bluetooth Speaker,STORE_01,Electronics,1499.0,68,67.4,-0.5999984741210938
2025-09-26,PROD_03,Portable Bluetooth Speaker,STORE_01,Electronics,1499.0,70,78.1,8.099998474121094
2025-09-27,PROD_03,Portable Bluetooth Speaker,STORE_01,Electronics,1499.0,93,85.8,-7.1999969482421875
2025-09-28,PROD_03,Portable Bluetooth Speaker,STORE_01,Electronics,1439.04,111,94.0,-17.0
2025-09-29,PROD_03,Portable Bluetooth Speaker,STORE_01,Electronics,1499.0,58,67.5,9.5
2025-09-30,PROD_03,Portable Bluetooth Speaker,STORE_01,Electronics,1274.15,108,114.7,6.6999969482421875
2025-10-01,PROD_03,Portable Bluetooth Speaker,STORE_01,Electronics,1499.0,93,77.1,-15.900001525878906
2025-10-02,PROD_03,Portable Bluetooth Speaker,STORE_01,Electronics,1499.0,91,80.4,-10.599998474121094
2025-10-03,PROD_03,Portable Bluetooth Speaker,STORE_01,Electronics,1499.0,120,92.6,-27.400001525878906
2025-10-04,PROD_03,Portable Bluetooth Speaker,STORE_01,Electronics,1469.02,112,109.6,-2.4000015258789062
2025-10-05,PROD_03,Portable Bluetooth Speaker,STORE_01,Electronics,1499.0,140,107.1,-32.900001525878906
2025-10-06,PROD_03,Portable Bluetooth Speaker,STORE_01,Electronics,1499.0,84,85.1,1.0999984741210938
2025-10-07,PROD_03,Portable Bluetooth Speaker,STORE_01,Electronics,1499.0,90,87.5,-2.5
2025-10-08,PROD_03,Portable Bluetooth Speaker,STORE_01,Electronics,1499.0,93,88.7,-4.3000030517578125
2025-10-09,PROD_03,Portable Bluetooth Speaker,STORE_01,Electronics,1499.0,100,89.1,-10.900001525878906
2025-10-10,PROD_03,Portable Bluetooth Speaker,STORE_01,Electronics,1499.0,98,105.3,7.3000030517578125
2025-10-11,PROD_03,Portable Bluetooth Speaker,STORE_01,Electronics,1349.1,210,178.0,-32.0
2025-10-12,PROD_03,Portable Bluetooth Speaker,STORE_01,Electronics,1424.05,152,173.9,21.899993896484375
2025-10-13,PROD_03,Portable Bluetooth Speaker,STORE_01,Electronics,1499.0,92,84.8,-7.1999969482421875
2025-10-14,PROD_03,Portable Bluetooth Speaker,STORE_01,Electronics,1349.1,145,128.3,-16.699996948242188
2025-10-15,PROD_03,Portable Bluetooth Speaker,STORE_01,Electronics,1499.0,77,89.2,12.199996948242188
2025-10-16,PROD_03,Portable Bluetooth Speaker,STORE_01,Electronics,1499.0,101,89.3,-11.699996948242188
2025-10-17,PROD_03,Portable Bluetooth Speaker,STORE_01,Electronics,1499.0,109,106.5,-2.5
2025-10-18,PROD_03,Portable Bluetooth Speaker,STORE_01,Electronics,1199.2,214,218.5,4.5
2025-10-19,PROD_03,Portable Bluetooth Speaker,STORE_01,Electronics,1499.0,141,123.8,-17.199996948242188
2025-10-20,PROD_03,Portable Bluetooth Speaker,STORE_01,Electronics,1499.0,98,90.9,-7.099998474121094
2025-10-21,PROD_03,Portable Bluetooth Speaker,STORE_01,Electronics,1469.02,87,92.6,5.599998474121094
2025-10-22,PROD_03,Portable Bluetooth Speaker,STORE_01,Electronics,1274.15,167,148.0,-19.0
2025-10-23,PROD_03,Portable Bluetooth Speaker,STORE_01,Electronics,1499.0,96,96.7,0.6999969482421875
2025-10-24,PROD_03,Portable Bluetooth Speaker,STORE_01,Electronics,1439.04,124,120.6,-3.4000015258789062
2025-10-25,PROD_03,Portable Bluetooth Speaker,STORE_01,Electronics,1274.15,218,207.3,-10.699996948242188
2025-10-26,PROD_03,Portable Bluetooth Speaker,STORE_01,Electronics,1499.0,112,132.4,20.399993896484375
2025-10-27,PROD_03,Portable Bluetooth Speaker,STORE_01,Electronics,1499.0,106,97.6,-8.400001525878906
2025-10-28,PROD_03,Portable Bluetooth Speaker,STORE_01,Electronics,1349.1,186,157.5,-28.5
2025-10-29,PROD_03,Portable Bluetooth Speaker,STORE_01,Electronics,1499.0,101,96.3,-4.6999969482421875
2025-10-30,PROD_03,Portable Bluetooth Speaker,STORE_01,Electronics,1499.0,86,95.2,9.199996948242188
2025-10-31,PROD_03,Portable Bluetooth Speaker,STORE_01,Electronics,1499.0,128,113.1,-14.900001525878906
2025-11-01,PROD_03,Portable Bluetooth Speaker,STORE_01,Electronics,1499.0,116,129.6,13.600006103515625
2025-11-02,PROD_03,Portable Bluetooth Speaker,STORE_01,Electronics,1349.1,209,196.9,-12.100006103515625
2025-11-03,PROD_03,Portable Bluetooth Speaker,STORE_01,Electronics,1499.0,93,93.9,0.9000015258789062
2025-11-04,PROD_03,Portable Bluetooth Speaker,STORE_01,Electronics,1499.0,117,94.6,-22.400001525878906
2025-11-05,PROD_03,Portable Bluetooth Speaker,STORE_01,Electronics,1499.0,75,96.5,21.5
2025-11-06,PROD_03,Portable Bluetooth Speaker,STORE_01,Electronics,1499.0,92,94.8,2.8000030517578125
2025-11-07,PROD_03,Portable Bluetooth Speaker,STORE_01,Electronics,1499.0,122,111.4,-10.599998474121094
2025-11-08,PROD_03,Portable Bluetooth Speaker,STORE_01,Electronics,1424.05,180,184.3,4.3000030517578125
2025-11-09,PROD_03,Portable Bluetooth Speaker,STORE_01,Electronics,1499.0,142,126.0,-16.0
2025-11-10,PROD_03,Portable Bluetooth Speaker,STORE_01,Electronics,1499.0,104,98.6,-5.400001525878906
2025-11-11,PROD_03,Portable Bluetooth Speaker,STORE_01,Electronics,1499.0,96,99.8,3.8000030517578125
2025-11-12,PROD_03,Portable Bluetooth Speaker,STORE_01,Electronics,1499.0,98,91.6,-6.400001525878906
2025-11-13,PROD_03,Portable Bluetooth Speaker,STORE_01,Electronics,1274.15,185,164.8,-20.199996948242188
2025-11-14,PROD_03,Portable Bluetooth Speaker,STORE_01,Electronics,1424.05,141,161.1,20.100006103515625
2025-11-15,PROD_03,Portable Bluetooth Speaker,STORE_01,Electronics,1499.0,116,133.0,17.0
2025-11-16,PROD_03,Portable Bluetooth Speaker,STORE_01,Electronics,1499.0,101,133.6,32.600006103515625
2025-11-17,PROD_03,Portable Bluetooth Speaker,STORE_01,Electronics,1499.0,112,92.8,-19.199996948242188
2025-11-18,PROD_03,Portable Bluetooth Speaker,STORE_01,Electronics,1499.0,94,92.5,-1.5
2025-11-19,PROD_03,Portable Bluetooth Speaker,STORE_01,Electronics,1499.0,87,91.3,4.3000030517578125
2025-11-20,PROD_03,Portable Bluetooth Speaker,STORE_01,Electronics,1499.0,91,91.4,0.40000152587890625
2025-11-21,PROD_03,Portable Bluetooth Speaker,STORE_01,Electronics,1499.0,116,114.3,-1.6999969482421875
2025-11-22,PROD_03,Portable Bluetooth Speaker,STORE_01,Electronics,1499.0,126,130.9,4.899993896484375
2025-11-23,PROD_03,Portable Bluetooth Speaker,STORE_01,Electronics,1499.0,141,126.1,-14.900001525878906
2025-11-24,PROD_03,Portable Bluetooth Speaker,STORE_01,Electronics,1469.02,110,99.0,-11.0
2025-11-25,PROD_03,Portable Bluetooth Speaker,STORE_01,Electronics,1424.05,112,124.5,12.5
2025-11-26,PROD_03,Portable Bluetooth Speaker,STORE_01,Electronics,1439.04,102,98.9,-3.0999984741210938
2025-11-27,PROD_03,Portable Bluetooth Speaker,STORE_01,Electronics,1424.05,132,127.4,-4.599998474121094
2025-11-28,PROD_03,Portable Bluetooth Speaker,STORE_01,Electronics,1499.0,113,116.3,3.3000030517578125
2025-11-29,PROD_03,Portable Bluetooth Speaker,STORE_01,Electronics,1469.02,128,127.4,-0.5999984741210938
2025-11-30,PROD_03,Portable Bluetooth Speaker,STORE_01,Electronics,1274.15,190,207.5,17.5
2025-12-01,PROD_03,Portable Bluetooth Speaker,STORE_01,Electronics,1469.02,99,97.0,-2.0
2025-12-02,PROD_03,Portable Bluetooth Speaker,STORE_01,Electronics,1499.0,96,95.9,-0.09999847412109375
2025-12-03,PROD_03,Portable Bluetooth Speaker,STORE_01,Electronics,1499.0,86,92.0,6.0
2025-12-04,PROD_03,Portable Bluetooth Speaker,STORE_01,Electronics,1499.0,95,89.7,-5.3000030517578125
2025-12-05,PROD_03,Portable Bluetooth Speaker,STORE_01,Electronics,1499.0,99,108.0,9.0
2025-12-06,PROD_03,Portable Bluetooth Speaker,STORE_01,Electronics,1274.15,220,189.7,-30.300003051757812
2025-12-07,PROD_03,Portable Bluetooth Speaker,STORE_01,Electronics,1499.0,154,121.7,-32.30000305175781
2025-12-08,PROD_03,Portable Bluetooth Speaker,STORE_01,Electronics,1424.05,164,124.3,-39.69999694824219
2025-12-09,PROD_03,Portable Bluetooth Speaker,STORE_01,Electronics,1439.04,103,100.0,-3.0
2025-12-10,PROD_03,Portable Bluetooth Speaker,STORE_01,Electronics,1469.02,81,95.8,14.800003051757812
2025-12-11,PROD_03,Portable Bluetooth Speaker,STORE_01,Electronics,1499.0,104,93.3,-10.699996948242188
2025-12-12,PROD_03,Portable Bluetooth Speaker,STORE_01,Electronics,1499.0,89,104.6,15.599998474121094
2025-12-13,PROD_03,Portable Bluetooth Speaker,STORE_01,Electronics,1499.0,114,112.1,-1.9000015258789062
2025-12-14,PROD_03,Portable Bluetooth Speaker,STORE_01,Electronics,1424.05,172,163.4,-8.600006103515625
2025-12-15,PROD_03,Portable Bluetooth Speaker,STORE_01,Electronics,1439.04,126,92.0,-34.0
2025-12-16,PROD_03,Portable Bluetooth Speaker,STORE_01,Electronics,1499.0,80,95.6,15.599998474121094
2025-12-17,PROD_03,Portable Bluetooth Speaker,STORE_01,Electronics,1499.0,89,91.4,2.4000015258789062
2025-12-18,PROD_03,Portable Bluetooth Speaker,STORE_01,Electronics,1499.0,94,94.1,0.09999847412109375
2025-12-19,PROD_03,Portable Bluetooth Speaker,STORE_01,Electronics,1499.0,123,107.1,-15.900001525878906
2025-12-20,PROD_03,Portable Bluetooth Speaker,STORE_01,Electronics,1499.0,119,122.7,3.6999969482421875
2025-12-21,PROD_03,Portable Bluetooth Speaker,STORE_01,Electronics,1499.0,143,123.1,-19.900001525878906
2025-12-22,PROD_03,Portable Bluetooth Speaker,STORE_01,Electronics,1424.05,114,126.2,12.199996948242188
2025-12-23,PROD_03,Portable Bluetooth Speaker,STORE_01,Electronics,1274.15,182,152.4,-29.600006103515625
2025-12-24,PROD_03,Portable Bluetooth Speaker,STORE_01,Electronics,1349.1,185,139.7,-45.30000305175781
2025-12-25,PROD_03,Portable Bluetooth Speaker,STORE_01,Electronics,1424.05,145,134.1,-10.899993896484375
2025-12-26,PROD_03,Portable Bluetooth Speaker,STORE_01,Electronics,1349.1,153,177.8,24.800003051757812
2025-12-27,PROD_03,Portable Bluetooth Speaker,STORE_01,Electronics,1499.0,113,137.9,24.899993896484375
2025-12-28,PROD_03,Portable Bluetooth Speaker,STORE_01,Electronics,1424.05,171,192.3,21.300003051757812
2025-12-29,PROD_03,Portable Bluetooth Speaker,STORE_01,Electronics,1499.0,83,105.7,22.699996948242188
2025-12-30,PROD_03,Portable Bluetooth Speaker,STORE_01,Electronics,1424.05,121,136.2,15.199996948242188
2025-12-31,PROD_03,Portable Bluetooth Speaker,STORE_01,Electronics,1499.0,74,99.0,25.0
2025-09-17,PROD_03,Portable Bluetooth Speaker,STORE_02,Electronics,1499.0,60,60.4,0.40000152587890625
2025-09-18,PROD_03,Portable Bluetooth Speaker,STORE_02,Electronics,1499.0,64,61.6,-2.4000015258789062
2025-09-19,PROD_03,Portable Bluetooth Speaker,STORE_02,Electronics,1499.0,66,68.0,2.0
2025-09-20,PROD_03,Portable Bluetooth Speaker,STORE_02,Electronics,1499.0,81,75.0,-6.0
2025-09-21,PROD_03,Portable Bluetooth Speaker,STORE_02,Electronics,1499.0,94,79.6,-14.400001525878906
2025-09-22,PROD_03,Portable Bluetooth Speaker,STORE_02,Electronics,1499.0,61,62.6,1.5999984741210938
2025-09-23,PROD_03,Portable Bluetooth Speaker,STORE_02,Electronics,1499.0,51,63.9,12.900001525878906
2025-09-24,PROD_03,Portable Bluetooth Speaker,STORE_02,Electronics,1499.0,69,60.4,-8.599998474121094
2025-09-25,PROD_03,Portable Bluetooth Speaker,STORE_02,Electronics,1499.0,56,63.4,7.400001525878906
2025-09-26,PROD_03,Portable Bluetooth Speaker,STORE_02,Electronics,1499.0,81,69.0,-12.0
2025-09-27,PROD_03,Portable Bluetooth Speaker,STORE_02,Electronics,1274.15,111,128.0,17.0
2025-09-28,PROD_03,Portable Bluetooth Speaker,STORE_02,Electronics,1424.05,109,113.9,4.900001525878906
2025-09-29,PROD_03,Portable Bluetooth Speaker,STORE_02,Electronics,1499.0,70,62.2,-7.799999237060547
2025-09-30,PROD_03,Portable Bluetooth Speaker,STORE_02,Electronics,1349.1,114,93.5,-20.5
2025-10-01,PROD_03,Portable Bluetooth Speaker,STORE_02,Electronics,1499.0,94,73.0,-21.0
2025-10-02,PROD_03,Portable Bluetooth Speaker,STORE_02,Electronics,1499.0,83,75.1,-7.900001525878906
2025-10-03,PROD_03,Portable Bluetooth Speaker,STORE_02,Electronics,1499.0,96,91.4,-4.599998474121094
2025-10-04,PROD_03,Portable Bluetooth Speaker,STORE_02,Electronics,1469.02,119,108.1,-10.900001525878906
2025-10-05,PROD_03,Portable Bluetooth Speaker,STORE_02,Electronics,1499.0,133,106.7,-26.300003051757812
2025-10-06,PROD_03,Portable Bluetooth Speaker,STORE_02,Electronics,1499.0,86,83.4,-2.5999984741210938
2025-10-07,PROD_03,Portable Bluetooth Speaker,STORE_02,Electronics,1499.0,61,85.3,24.300003051757812
2025-10-08,PROD_03,Portable Bluetooth Speaker,STORE_02,Electronics,1499.0,96,81.9,-14.099998474121094
2025-10-09,PROD_03,Portable Bluetooth Speaker,STORE_02,Electronics,1499.0,77,81.7,4.6999969482421875
2025-10-10,PROD_03,Portable Bluetooth Speaker,STORE_02,Electronics,1499.0,98,93.0,-5.0
2025-10-11,PROD_03,Portable Bluetooth Speaker,STORE_02,Electronics,1499.0,149,107.6,-41.400001525878906
2025-10-12,PROD_03,Portable Bluetooth Speaker,STORE_02,Electronics,1499.0,104,108.8,4.8000030517578125
2025-10-13,PROD_03,Portable Bluetooth Speaker,STORE_02,Electronics,1499.0,101,83.2,-17.800003051757812
2025-10-14,PROD_03,Portable Bluetooth Speaker,STORE_02,Electronics,1499.0,81,84.6,3.5999984741210938
2025-10-15,PROD_03,Portable Bluetooth Speaker,STORE_02,Electronics,1499.0,100,85.7,-14.300003051757812
2025-10-16,PROD_03,Portable Bluetooth Speaker,STORE_02,Electronics,1499.0,81,86.4,5.400001525878906
2025-10-17,PROD_03,Portable Bluetooth Speaker,STORE_02,Electronics,1499.0,107,98.1,-8.900001525878906
2025-10-18,PROD_03,Portable Bluetooth Speaker,STORE_02,Electronics,1274.15,185,180.9,-4.100006103515625
2025-10-19,PROD_03,Portable Bluetooth Speaker,STORE_02,Electronics,1499.0,103,111.2,8.199996948242188
2025-10-20,PROD_03,Portable Bluetooth Speaker,STORE_02,Electronics,1349.1,134,128.1,-5.899993896484375
2025-10-21,PROD_03,Portable Bluetooth Speaker,STORE_02,Electronics,1499.0,84,83.3,-0.6999969482421875
2025-10-22,PROD_03,Portable Bluetooth Speaker,STORE_02,Electronics,1499.0,75,83.8,8.800003051757812
2025-10-23,PROD_03,Portable Bluetooth Speaker,STORE_02,Electronics,1499.0,86,83.2,-2.8000030517578125
2025-10-24,PROD_03,Portable Bluetooth Speaker,STORE_02,Electronics,1499.0,115,96.7,-18.300003051757812
2025-10-25,PROD_03,Portable Bluetooth Speaker,STORE_02,Electronics,1499.0,119,112.5,-6.5
2025-10-26,PROD_03,Portable Bluetooth Speaker,STORE_02,Electronics,1499.0,122,119.5,-2.5
2025-10-27,PROD_03,Portable Bluetooth Speaker,STORE_02,Electronics,1499.0,97,89.6,-7.400001525878906
2025-10-28,PROD_03,Portable Bluetooth Speaker,STORE_02,Electronics,1499.0,75,94.2,19.199996948242188
2025-10-29,PROD_03,Portable Bluetooth Speaker,STORE_02,Electronics,1469.02,79,94.6,15.599998474121094
2025-10-30,PROD_03,Portable Bluetooth Speaker,STORE_02,Electronics,1499.0,89,94.0,5.0
2025-10-31,PROD_03,Portable Bluetooth Speaker,STORE_02,Electronics,1499.0,133,107.7,-25.300003051757812
2025-11-01,PROD_03,Portable Bluetooth Speaker,STORE_02,Electronics,1499.0,111,114.3,3.3000030517578125
2025-11-02,PROD_03,Portable Bluetooth Speaker,STORE_02,Electronics,1124.25,197,217.1,20.100006103515625
2025-11-03,PROD_03,Portable Bluetooth Speaker,STORE_02,Electronics,1499.0,91,81.5,-9.5
2025-11-04,PROD_03,Portable Bluetooth Speaker,STORE_02,Electronics,1499.0,89,79.2,-9.800003051757812
2025-11-05,PROD_03,Portable Bluetooth Speaker,STORE_02,Electronics,1469.02,108,85.6,-22.400001525878906
2025-11-06,PROD_03,Portable Bluetooth Speaker,STORE_02,Electronics,1499.0,78,83.6,5.599998474121094
2025-11-07,PROD_03,Portable Bluetooth Speaker,STORE_02,Electronics,1499.0,103,94.6,-8.400001525878906
2025-11-08,PROD_03,Portable Bluetooth Speaker,STORE_02,Electronics,1499.0,124,111.3,-12.699996948242188
2025-11-09,PROD_03,Portable Bluetooth Speaker,STORE_02,Electronics,1274.15,202,195.6,-6.399993896484375
2025-11-10,PROD_03,Portable Bluetooth Speaker,STORE_02,Electronics,1469.02,95,87.8,-7.1999969482421875
2025-11-11,PROD_03,Portable Bluetooth Speaker,STORE_02,Electronics,1499.0,91,85.2,-5.8000030517578125
2025-11-12,PROD_03,Portable Bluetooth Speaker,STORE_02,Electronics,1469.02,94,88.9,-5.099998474121094
2025-11-13,PROD_03,Portable Bluetooth Speaker,STORE_02,Electronics,1499.0,89,82.4,-6.599998474121094
2025-11-14,PROD_03,Portable Bluetooth Speaker,STORE_02,Electronics,1469.02,125,101.4,-23.599998474121094
2025-11-15,PROD_03,Portable Bluetooth Speaker,STORE_02,Electronics,1469.02,133,115.3,-17.699996948242188
2025-11-16,PROD_03,Portable Bluetooth Speaker,STORE_02,Electronics,1469.02,136,119.5,-16.5
2025-11-17,PROD_03,Portable Bluetooth Speaker,STORE_02,Electronics,1499.0,83,92.8,9.800003051757812
2025-11-18,PROD_03,Portable Bluetooth Speaker,STORE_02,Electronics,1499.0,98,90.5,-7.5
2025-11-19,PROD_03,Portable Bluetooth Speaker,STORE_02,Electronics,1439.04,90,92.6,2.5999984741210938
2025-11-20,PROD_03,Portable Bluetooth Speaker,STORE_02,Electronics,1199.2,156,170.3,14.300003051757812
2025-11-21,PROD_03,Portable Bluetooth Speaker,STORE_02,Electronics,1349.1,120,163.2,43.19999694824219
2025-11-22,PROD_03,Portable Bluetooth Speaker,STORE_02,Electronics,1499.0,123,124.1,1.0999984741210938
2025-11-23,PROD_03,Portable Bluetooth Speaker,STORE_02,Electronics,1124.25,204,224.6,20.600006103515625
2025-11-24,PROD_03,Portable Bluetooth Speaker,STORE_02,Electronics,1499.0,96,90.1,-5.900001525878906
2025-11-25,PROD_03,Portable Bluetooth Speaker,STORE_02,Electronics,1349.1,134,133.6,-0.399993896484375
2025-11-26,PROD_03,Portable Bluetooth Speaker,STORE_02,Electronics,1499.0,85,90.4,5.400001525878906
2025-11-27,PROD_03,Portable Bluetooth Speaker,STORE_02,Electronics,1499.0,81,92.6,11.599998474121094
2025-11-28,PROD_03,Portable Bluetooth Speaker,STORE_02,Electronics,1499.0,112,102.1,-9.900001525878906
2025-11-29,PROD_03,Portable Bluetooth Speaker,STORE_02,Electronics,1499.0,121,118.0,-3.0
2025-11-30,PROD_03,Portable Bluetooth Speaker,STORE_02,Electronics,1499.0,138,122.2,-15.800003051757812
2025-12-01,PROD_03,Portable Bluetooth Speaker,STORE_02,Electronics,1499.0,77,95.8,18.800003051757812
2025-12-02,PROD_03,Portable Bluetooth Speaker,STORE_02,Electronics,1499.0,95,93.3,-1.6999969482421875
2025-12-03,PROD_03,Portable Bluetooth Speaker,STORE_02,Electronics,1499.0,76,92.8,16.800003051757812
2025-12-04,PROD_03,Portable Bluetooth Speaker,STORE_02,Electronics,1499.0,85,91.6,6.599998474121094
2025-12-05,PROD_03,Portable Bluetooth Speaker,STORE_02,Electronics,1499.0,93,102.8,9.800003051757812
2025-12-06,PROD_03,Portable Bluetooth Speaker,STORE_02,Electronics,1499.0,116,114.7,-1.3000030517578125
2025-12-07,PROD_03,Portable Bluetooth Speaker,STORE_02,Electronics,1499.0,94,113.9,19.900001525878906
2025-12-08,PROD_03,Portable Bluetooth Speaker,STORE_02,Electronics,1499.0,84,83.6,-0.40000152587890625
2025-12-09,PROD_03,Portable Bluetooth Speaker,STORE_02,Electronics,1499.0,111,84.4,-26.599998474121094
2025-12-10,PROD_03,Portable Bluetooth Speaker,STORE_02,Electronics,1499.0,87,83.7,-3.3000030517578125
2025-12-11,PROD_03,Portable Bluetooth Speaker,STORE_02,Electronics,1439.04,100,89.0,-11.0
2025-12-12,PROD_03,Portable Bluetooth Speaker,STORE_02,Electronics,1499.0,88,102.8,14.800003051757812
2025-12-13,PROD_03,Portable Bluetooth Speaker,STORE_02,Electronics,1499.0,90,111.3,21.300003051757812
2025-12-14,PROD_03,Portable Bluetooth Speaker,STORE_02,Electronics,1499.0,109,110.2,1.1999969482421875
2025-12-15,PROD_03,Portable Bluetooth Speaker,STORE_02,Electronics,1349.1,137,129.1,-7.899993896484375
2025-12-16,PROD_03,Portable Bluetooth Speaker,STORE_02,Electronics,1499.0,102,87.3,-14.699996948242188
2025-12-17,PROD_03,Portable Bluetooth Speaker,STORE_02,Electronics,1499.0,112,86.8,-25.199996948242188
2025-12-18,PROD_03,Portable Bluetooth Speaker,STORE_02,Electronics,1499.0,102,89.2,-12.800003051757812
2025-12-19,PROD_03,Portable Bluetooth Speaker,STORE_02,Electronics,1469.02,127,105.8,-21.199996948242188
2025-12-20,PROD_03,Portable Bluetooth Speaker,STORE_02,Electronics,1424.05,153,166.9,13.899993896484375
2025-12-21,PROD_03,Portable Bluetooth Speaker,STORE_02,Electronics,1499.0,119,119.0,0.0
2025-12-22,PROD_03,Portable Bluetooth Speaker,STORE_02,Electronics,1499.0,98,88.7,-9.300003051757812
2025-12-23,PROD_03,Portable Bluetooth Speaker,STORE_02,Electronics,1439.04,87,91.9,4.900001525878906
2025-12-24,PROD_03,Portable Bluetooth Speaker,STORE_02,Electronics,1349.1,136,126.4,-9.599998474121094
2025-12-25,PROD_03,Portable Bluetooth Speaker,STORE_02,Electronics,1499.0,87,90.1,3.0999984741210938
2025-12-26,PROD_03,Portable Bluetooth Speaker,STORE_02,Electronics,1499.0,95,101.6,6.599998474121094
2025-12-27,PROD_03,Portable Bluetooth Speaker,STORE_02,Electronics,1274.15,233,184.6,-48.399993896484375
2025-12-28,PROD_03,Portable Bluetooth Speaker,STORE_02,Electronics,1499.0,133,113.4,-19.599998474121094
2025-12-29,PROD_03,Portable Bluetooth Speaker,STORE_02,Electronics,1274.15,148,154.2,6.1999969482421875
2025-12-30,PROD_03,Portable Bluetooth Speaker,STORE_02,Electronics,1499.0,75,84.5,9.5
2025-12-31,PROD_03,Portable Bluetooth Speaker,STORE_02,Electronics,1499.0,80,83.1,3.0999984741210938
2025-09-17,PROD_03,Portable Bluetooth Speaker,STORE_03,Electronics,1424.05,106,96.2,-9.800003051757812
2025-09-18,PROD_03,Portable Bluetooth Speaker,STORE_03,Electronics,1199.2,128,126.1,-1.9000015258789062
2025-09-19,PROD_03,Portable Bluetooth Speaker,STORE_03,Electronics,1499.0,69,83.8,14.800003051757812
2025-09-20,PROD_03,Portable Bluetooth Speaker,STORE_03,Electronics,1499.0,79,87.4,8.400001525878906
2025-09-21,PROD_03,Portable Bluetooth Speaker,STORE_03,Electronics,1499.0,81,90.6,9.599998474121094
2025-09-22,PROD_03,Portable Bluetooth Speaker,STORE_03,Electronics,1499.0,87,69.4,-17.599998474121094
2025-09-23,PROD_03,Portable Bluetooth Speaker,STORE_03,Electronics,1499.0,71,69.0,-2.0
2025-09-24,PROD_03,Portable Bluetooth Speaker,STORE_03,Electronics,1499.0,77,69.9,-7.099998474121094
2025-09-25,PROD_03,Portable Bluetooth Speaker,STORE_03,Electronics,1439.04,85,72.8,-12.199996948242188
2025-09-26,PROD_03,Portable Bluetooth Speaker,STORE_03,Electronics,1499.0,87,84.3,-2.6999969482421875
2025-09-27,PROD_03,Portable Bluetooth Speaker,STORE_03,Electronics,1499.0,110,92.9,-17.099998474121094
2025-09-28,PROD_03,Portable Bluetooth Speaker,STORE_03,Electronics,1499.0,91,94.9,3.9000015258789062
2025-09-29,PROD_03,Portable Bluetooth Speaker,STORE_03,Electronics,1499.0,60,72.6,12.599998474121094
2025-09-30,PROD_03,Portable Bluetooth Speaker,STORE_03,Electronics,1499.0,69,70.6,1.5999984741210938
2025-10-01,PROD_03,Portable Bluetooth Speaker,STORE_03,Electronics,1499.0,97,84.5,-12.5
2025-10-02,PROD_03,Portable Bluetooth Speaker,STORE_03,Electronics,1499.0,96,83.7,-12.300003051757812
2025-10-03,PROD_03,Portable Bluetooth Speaker,STORE_03,Electronics,1499.0,131,95.0,-36.0
2025-10-04,PROD_03,Portable Bluetooth Speaker,STORE_03,Electronics,1349.1,165,155.5,-9.5
2025-10-05,PROD_03,Portable Bluetooth Speaker,STORE_03,Electronics,1499.0,140,103.5,-36.5
2025-10-06,PROD_03,Portable Bluetooth Speaker,STORE_03,Electronics,1499.0,115,82.3,-32.69999694824219
2025-10-07,PROD_03,Portable Bluetooth Speaker,STORE_03,Electronics,1499.0,100,84.7,-15.300003051757812
2025-10-08,PROD_03,Portable Bluetooth Speaker,STORE_03,Electronics,1499.0,88,89.7,1.6999969482421875
2025-10-09,PROD_03,Portable Bluetooth Speaker,STORE_03,Electronics,1499.0,114,88.8,-25.199996948242188
2025-10-10,PROD_03,Portable Bluetooth Speaker,STORE_03,Electronics,1424.05,137,150.5,13.5
2025-10-11,PROD_03,Portable Bluetooth Speaker,STORE_03,Electronics,1124.25,290,234.5,-55.5
2025-10-12,PROD_03,Portable Bluetooth Speaker,STORE_03,Electronics,1499.0,127,125.3,-1.6999969482421875
2025-10-13,PROD_03,Portable Bluetooth Speaker,STORE_03,Electronics,1424.05,118,127.0,9.0
2025-10-14,PROD_03,Portable Bluetooth Speaker,STORE_03,Electronics,1349.1,155,147.4,-7.600006103515625
2025-10-15,PROD_03,Portable Bluetooth Speaker,STORE_03,Electronics,1424.05,107,137.4,30.399993896484375
2025-10-16,PROD_03,Portable Bluetooth Speaker,STORE_03,Electronics,1199.2,179,183.0,4.0
2025-10-17,PROD_03,Portable Bluetooth Speaker,STORE_03,Electronics,1499.0,93,125.9,32.900001525878906
2025-10-18,PROD_03,Portable Bluetooth Speaker,STORE_03,Electronics,1499.0,115,121.4,6.400001525878906
2025-10-19,PROD_03,Portable Bluetooth Speaker,STORE_03,Electronics,1499.0,121,133.8,12.800003051757812
2025-10-20,PROD_03,Portable Bluetooth Speaker,STORE_03,Electronics,1499.0,97,105.1,8.099998474121094
2025-10-21,PROD_03,Portable Bluetooth Speaker,STORE_03,Electronics,1499.0,92,99.0,7.0
2025-10-22,PROD_03,Portable Bluetooth Speaker,STORE_03,Electronics,1499.0,98,100.9,2.9000015258789062
2025-10-23,PROD_03,Portable Bluetooth Speaker,STORE_03,Electronics,1439.04,95,102.6,7.599998474121094
2025-10-24,PROD_03,Portable Bluetooth Speaker,STORE_03,Electronics,1499.0,92,119.8,27.800003051757812
2025-10-25,PROD_03,Portable Bluetooth Speaker,STORE_03,Electronics,1199.2,227,220.0,-7.0
2025-10-26,PROD_03,Portable Bluetooth Speaker,STORE_03,Electronics,1499.0,129,128.1,-0.899993896484375
2025-10-27,PROD_03,Portable Bluetooth Speaker,STORE_03,Electronics,1499.0,94,92.5,-1.5
2025-10-28,PROD_03,Portable Bluetooth Speaker,STORE_03,Electronics,1499.0,112,88.5,-23.5
2025-10-29,PROD_03,Portable Bluetooth Speaker,STORE_03,Electronics,1469.02,91,95.6,4.599998474121094
2025-10-30,PROD_03,Portable Bluetooth Speaker,STORE_03,Electronics,1469.02,89,94.6,5.599998474121094
2025-10-31,PROD_03,Portable Bluetooth Speaker,STORE_03,Electronics,1499.0,138,105.1,-32.900001525878906
2025-11-01,PROD_03,Portable Bluetooth Speaker,STORE_03,Electronics,1439.04,119,127.5,8.5
2025-11-02,PROD_03,Portable Bluetooth Speaker,STORE_03,Electronics,1469.02,129,126.6,-2.4000015258789062
2025-11-03,PROD_03,Portable Bluetooth Speaker,STORE_03,Electronics,1439.04,110,97.9,-12.099998474121094
2025-11-04,PROD_03,Portable Bluetooth Speaker,STORE_03,Electronics,1439.04,101,99.5,-1.5
2025-11-05,PROD_03,Portable Bluetooth Speaker,STORE_03,Electronics,1499.0,94,96.4,2.4000015258789062
2025-11-06,PROD_03,Portable Bluetooth Speaker,STORE_03,Electronics,1499.0,89,96.5,7.5
2025-11-07,PROD_03,Portable Bluetooth Speaker,STORE_03,Electronics,1439.04,109,114.9,5.900001525878906
2025-11-08,PROD_03,Portable Bluetooth Speaker,STORE_03,Electronics,1499.0,109,128.0,19.0
2025-11-09,PROD_03,Portable Bluetooth Speaker,STORE_03,Electronics,1499.0,120,120.4,0.40000152587890625
2025-11-10,PROD_03,Portable Bluetooth Speaker,STORE_03,Electronics,1439.04,109,96.3,-12.699996948242188
2025-11-11,PROD_03,Portable Bluetooth Speaker,STORE_03,Electronics,1499.0,98,94.6,-3.4000015258789062
2025-11-12,PROD_03,Portable Bluetooth Speaker,STORE_03,Electronics,1499.0,109,93.4,-15.599998474121094
2025-11-13,PROD_03,Portable Bluetooth Speaker,STORE_03,Electronics,1469.02,127,93.6,-33.400001525878906
2025-11-14,PROD_03,Portable Bluetooth Speaker,STORE_03,Electronics,1349.1,160,168.5,8.5
2025-11-15,PROD_03,Portable Bluetooth Speaker,STORE_03,Electronics,1499.0,105,120.0,15.0
2025-11-16,PROD_03,Portable Bluetooth Speaker,STORE_03,Electronics,1199.2,226,207.9,-18.100006103515625
2025-11-17,PROD_03,Portable Bluetooth Speaker,STORE_03,Electronics,1469.02,93,92.9,-0.09999847412109375
2025-11-18,PROD_03,Portable Bluetooth Speaker,STORE_03,Electronics,1499.0,92,88.4,-3.5999984741210938
2025-11-19,PROD_03,Portable Bluetooth Speaker,STORE_03,Electronics,1499.0,77,88.2,11.199996948242188
2025-11-20,PROD_03,Portable Bluetooth Speaker,STORE_03,Electronics,1499.0,91,89.6,-1.4000015258789062
2025-11-21,PROD_03,Portable Bluetooth Speaker,STORE_03,Electronics,1499.0,131,98.1,-32.900001525878906
2025-11-22,PROD_03,Portable Bluetooth Speaker,STORE_03,Electronics,1349.1,168,180.8,12.800003051757812
2025-11-23,PROD_03,Portable Bluetooth Speaker,STORE_03,Electronics,1469.02,115,122.7,7.6999969482421875
2025-11-24,PROD_03,Portable Bluetooth Speaker,STORE_03,Electronics,1439.04,97,97.3,0.3000030517578125
2025-11-25,PROD_03,Portable Bluetooth Speaker,STORE_03,Electronics,1469.02,101,96.1,-4.900001525878906
2025-11-26,PROD_03,Portable Bluetooth Speaker,STORE_03,Electronics,1499.0,84,94.2,10.199996948242188
2025-11-27,PROD_03,Portable Bluetooth Speaker,STORE_03,Electronics,1499.0,99,95.8,-3.1999969482421875
2025-11-28,PROD_03,Portable Bluetooth Speaker,STORE_03,Electronics,1499.0,92,113.0,21.0
2025-11-29,PROD_03,Portable Bluetooth Speaker,STORE_03,Electronics,1274.15,220,197.5,-22.5
2025-11-30,PROD_03,Portable Bluetooth Speaker,STORE_03,Electronics,1499.0,132,117.8,-14.199996948242188
2025-12-01,PROD_03,Portable Bluetooth Speaker,STORE_03,Electronics,1499.0,89,89.4,0.40000152587890625
2025-12-02,PROD_03,Portable Bluetooth Speaker,STORE_03,Electronics,1469.02,128,90.6,-37.400001525878906
2025-12-03,PROD_03,Portable Bluetooth Speaker,STORE_03,Electronics,1499.0,96,87.3,-8.699996948242188
2025-12-04,PROD_03,Portable Bluetooth Speaker,STORE_03,Electronics,1469.02,89,92.1,3.0999984741210938
2025-12-05,PROD_03,Portable Bluetooth Speaker,STORE_03,Electronics,1499.0,99,101.8,2.8000030517578125
2025-12-06,PROD_03,Portable Bluetooth Speaker,STORE_03,Electronics,1469.02,126,117.9,-8.099998474121094
2025-12-07,PROD_03,Portable Bluetooth Speaker,STORE_03,Electronics,1499.0,156,122.2,-33.80000305175781
2025-12-08,PROD_03,Portable Bluetooth Speaker,STORE_03,Electronics,1499.0,88,95.6,7.599998474121094
2025-12-09,PROD_03,Portable Bluetooth Speaker,STORE_03,Electronics,1469.02,116,97.0,-19.0
2025-12-10,PROD_03,Portable Bluetooth Speaker,STORE_03,Electronics,1439.04,119,98.3,-20.699996948242188
2025-12-11,PROD_03,Portable Bluetooth Speaker,STORE_03,Electronics,1499.0,119,94.8,-24.199996948242188
2025-12-12,PROD_03,Portable Bluetooth Speaker,STORE_03,Electronics,1469.02,123,119.5,-3.5
2025-12-13,PROD_03,Portable Bluetooth Speaker,STORE_03,Electronics,1499.0,131,126.6,-4.400001525878906
2025-12-14,PROD_03,Portable Bluetooth Speaker,STORE_03,Electronics,1349.1,211,187.9,-23.100006103515625
2025-12-15,PROD_03,Portable Bluetooth Speaker,STORE_03,Electronics,1499.0,78,94.6,16.599998474121094
2025-12-16,PROD_03,Portable Bluetooth Speaker,STORE_03,Electronics,1499.0,109,96.4,-12.599998474121094
2025-12-17,PROD_03,Portable Bluetooth Speaker,STORE_03,Electronics,1499.0,103,92.7,-10.300003051757812
2025-12-18,PROD_03,Portable Bluetooth Speaker,STORE_03,Electronics,1499.0,110,90.7,-19.300003051757812
2025-12-19,PROD_03,Portable Bluetooth Speaker,STORE_03,Electronics,1499.0,111,108.9,-2.0999984741210938
2025-12-20,PROD_03,Portable Bluetooth Speaker,STORE_03,Electronics,1124.25,316,234.0,-82.0
2025-12-21,PROD_03,Portable Bluetooth Speaker,STORE_03,Electronics,1499.0,124,128.1,4.100006103515625
2025-12-22,PROD_03,Portable Bluetooth Speaker,STORE_03,Electronics,1424.05,122,133.3,11.300003051757812
2025-12-23,PROD_03,Portable Bluetooth Speaker,STORE_03,Electronics,1499.0,86,97.6,11.599998474121094
2025-12-24,PROD_03,Portable Bluetooth Speaker,STORE_03,Electronics,1499.0,83,94.5,11.5
2025-12-25,PROD_03,Portable Bluetooth Speaker,STORE_03,Electronics,1424.05,117,134.7,17.699996948242188
2025-12-26,PROD_03,Portable Bluetooth Speaker,STORE_03,Electronics,1439.04,128,122.7,-5.3000030517578125
2025-12-27,PROD_03,Portable Bluetooth Speaker,STORE_03,Electronics,1424.05,169,200.8,31.800003051757812
2025-12-28,PROD_03,Portable Bluetooth Speaker,STORE_03,Electronics,1499.0,134,130.0,-4.0
2025-12-29,PROD_03,Portable Bluetooth Speaker,STORE_03,Electronics,1499.0,105,99.5,-5.5
2025-12-30,PROD_03,Portable Bluetooth Speaker,STORE_03,Electronics,1469.02,128,102.2,-25.800003051757812
2025-12-31,PROD_03,Portable Bluetooth Speaker,STORE_03,Electronics,1499.0,107,103.6,-3.4000015258789062
2025-09-17,PROD_03,Portable Bluetooth Speaker,STORE_04,Electronics,1499.0,56,47.3,-8.700000762939453
2025-09-18,PROD_03,Portable Bluetooth Speaker,STORE_04,Electronics,1499.0,42,48.0,6.0
2025-09-19,PROD_03,Portable Bluetooth Speaker,STORE_04,Electronics,1499.0,60,50.8,-9.200000762939453
2025-09-20,PROD_03,Portable Bluetooth Speaker,STORE_04,Electronics,1349.1,68,89.1,21.099998474121094
2025-09-21,PROD_03,Portable Bluetooth Speaker,STORE_04,Electronics,1439.04,78,67.5,-10.5
2025-09-22,PROD_03,Portable Bluetooth Speaker,STORE_04,Electronics,1499.0,49,49.6,0.5999984741210938
2025-09-23,PROD_03,Portable Bluetooth Speaker,STORE_04,Electronics,1499.0,53,49.1,-3.9000015258789062
2025-09-24,PROD_03,Portable Bluetooth Speaker,STORE_04,Electronics,1499.0,45,49.3,4.299999237060547
2025-09-25,PROD_03,Portable Bluetooth Speaker,STORE_04,Electronics,1499.0,39,47.8,8.799999237060547
2025-09-26,PROD_03,Portable Bluetooth Speaker,STORE_04,Electronics,1499.0,51,52.4,1.4000015258789062
2025-09-27,PROD_03,Portable Bluetooth Speaker,STORE_04,Electronics,1499.0,57,60.5,3.5
2025-09-28,PROD_03,Portable Bluetooth Speaker,STORE_04,Electronics,1499.0,76,58.8,-17.200000762939453
2025-09-29,PROD_03,Portable Bluetooth Speaker,STORE_04,Electronics,1499.0,63,47.2,-15.799999237060547
2025-09-30,PROD_03,Portable Bluetooth Speaker,STORE_04,Electronics,1499.0,43,47.6,4.599998474121094
2025-10-01,PROD_03,Portable Bluetooth Speaker,STORE_04,Electronics,1499.0,64,50.7,-13.299999237060547
2025-10-02,PROD_03,Portable Bluetooth Speaker,STORE_04,Electronics,1469.02,63,58.3,-4.700000762939453
2025-10-03,PROD_03,Portable Bluetooth Speaker,STORE_04,Electronics,1499.0,84,63.9,-20.099998474121094
2025-10-04,PROD_03,Portable Bluetooth Speaker,STORE_04,Electronics,1499.0,95,69.7,-25.300003051757812
2025-10-05,PROD_03,Portable Bluetooth Speaker,STORE_04,Electronics,1499.0,80,75.0,-5.0
2025-10-06,PROD_03,Portable Bluetooth Speaker,STORE_04,Electronics,1469.02,68,64.3,-3.6999969482421875
2025-10-07,PROD_03,Portable Bluetooth Speaker,STORE_04,Electronics,1499.0,70,60.1,-9.900001525878906
2025-10-08,PROD_03,Portable Bluetooth Speaker,STORE_04,Electronics,1469.02,94,64.0,-30.0
2025-10-09,PROD_03,Portable Bluetooth Speaker,STORE_04,Electronics,1499.0,64,66.5,2.5
2025-10-10,PROD_03,Portable Bluetooth Speaker,STORE_04,Electronics,1499.0,61,72.4,11.400001525878906
2025-10-11,PROD_03,Portable Bluetooth Speaker,STORE_04,Electronics,1499.0,89,78.0,-11.0
2025-10-12,PROD_03,Portable Bluetooth Speaker,STORE_04,Electronics,1469.02,78,83.6,5.599998474121094
2025-10-13,PROD_03,Portable Bluetooth Speaker,STORE_04,Electronics,1439.04,68,68.6,0.5999984741210938
2025-10-14,PROD_03,Portable Bluetooth Speaker,STORE_04,Electronics,1499.0,71,67.5,-3.5
2025-10-15,PROD_03,Portable Bluetooth Speaker,STORE_04,Electronics,1499.0,63,67.4,4.400001525878906
2025-10-16,PROD_03,Portable Bluetooth Speaker,STORE_04,Electronics,1499.0,89,66.0,-23.0
2025-10-17,PROD_03,Portable Bluetooth Speaker,STORE_04,Electronics,1499.0,72,76.7,4.6999969482421875
2025-10-18,PROD_03,Portable Bluetooth Speaker,STORE_04,Electronics,1499.0,92,81.4,-10.599998474121094
2025-10-19,PROD_03,Portable Bluetooth Speaker,STORE_04,Electronics,1499.0,82,83.4,1.4000015258789062
2025-10-20,PROD_03,Portable Bluetooth Speaker,STORE_04,Electronics,1349.1,115,96.1,-18.900001525878906
2025-10-21,PROD_03,Portable Bluetooth Speaker,STORE_04,Electronics,1499.0,57,70.5,13.5
2025-10-22,PROD_03,Portable Bluetooth Speaker,STORE_04,Electronics,1274.15,140,103.5,-36.5
2025-10-23,PROD_03,Portable Bluetooth Speaker,STORE_04,Electronics,1499.0,59,67.6,8.599998474121094
2025-10-24,PROD_03,Portable Bluetooth Speaker,STORE_04,Electronics,1499.0,83,75.8,-7.1999969482421875
2025-10-25,PROD_03,Portable Bluetooth Speaker,STORE_04,Electronics,1469.02,103,93.9,-9.099998474121094
2025-10-26,PROD_03,Portable Bluetooth Speaker,STORE_04,Electronics,1424.05,138,124.2,-13.800003051757812
2025-10-27,PROD_03,Portable Bluetooth Speaker,STORE_04,Electronics,1349.1,85,105.2,20.199996948242188
2025-10-28,PROD_03,Portable Bluetooth Speaker,STORE_04,Electronics,1499.0,57,68.6,11.599998474121094
2025-10-29,PROD_03,Portable Bluetooth Speaker,STORE_04,Electronics,1499.0,52,66.0,14.0
2025-10-30,PROD_03,Portable Bluetooth Speaker,STORE_04,Electronics,1499.0,65,70.3,5.3000030517578125
2025-10-31,PROD_03,Portable Bluetooth Speaker,STORE_04,Electronics,1274.15,123,129.6,6.600006103515625
2025-11-01,PROD_03,Portable Bluetooth Speaker,STORE_04,Electronics,1499.0,103,87.8,-15.199996948242188
2025-11-02,PROD_03,Portable Bluetooth Speaker,STORE_04,Electronics,1499.0,93,88.0,-5.0
2025-11-03,PROD_03,Portable Bluetooth Speaker,STORE_04,Electronics,1499.0,67,67.4,0.40000152587890625
2025-11-04,PROD_03,Portable Bluetooth Speaker,STORE_04,Electronics,1499.0,58,67.5,9.5
2025-11-05,PROD_03,Portable Bluetooth Speaker,STORE_04,Electronics,1499.0,67,67.3,0.3000030517578125
2025-11-06,PROD_03,Portable Bluetooth Speaker,STORE_04,Electronics,1499.0,87,69.0,-18.0
2025-11-07,PROD_03,Portable Bluetooth Speaker,STORE_04,Electronics,1499.0,106,78.6,-27.400001525878906
2025-11-08,PROD_03,Portable Bluetooth Speaker,STORE_04,Electronics,1424.05,120,121.5,1.5
2025-11-09,PROD_03,Portable Bluetooth Speaker,STORE_04,Electronics,1499.0,87,88.7,1.6999969482421875
2025-11-10,PROD_03,Portable Bluetooth Speaker,STORE_04,Electronics,1469.02,66,71.6,5.599998474121094
2025-11-11,PROD_03,Portable Bluetooth Speaker,STORE_04,Electronics,1499.0,64,69.4,5.400001525878906
2025-11-12,PROD_03,Portable Bluetooth Speaker,STORE_04,Electronics,1349.1,93,104.0,11.0
2025-11-13,PROD_03,Portable Bluetooth Speaker,STORE_04,Electronics,1349.1,91,113.1,22.099998474121094
2025-11-14,PROD_03,Portable Bluetooth Speaker,STORE_04,Electronics,1499.0,68,82.6,14.599998474121094
2025-11-15,PROD_03,Portable Bluetooth Speaker,STORE_04,Electronics,1199.2,153,178.1,25.100006103515625
2025-11-16,PROD_03,Portable Bluetooth Speaker,STORE_04,Electronics,1469.02,95,95.2,0.1999969482421875
2025-11-17,PROD_03,Portable Bluetooth Speaker,STORE_04,Electronics,1499.0,64,70.3,6.3000030517578125
2025-11-18,PROD_03,Portable Bluetooth Speaker,STORE_04,Electronics,1199.2,112,131.0,19.0
2025-11-19,PROD_03,Portable Bluetooth Speaker,STORE_04,Electronics,1499.0,57,72.4,15.400001525878906
2025-11-20,PROD_03,Portable Bluetooth Speaker,STORE_04,Electronics,1499.0,83,66.7,-16.300003051757812
2025-11-21,PROD_03,Portable Bluetooth Speaker,STORE_04,Electronics,1424.05,116,109.7,-6.3000030517578125
2025-11-22,PROD_03,Portable Bluetooth Speaker,STORE_04,Electronics,1424.05,134,127.5,-6.5
2025-11-23,PROD_03,Portable Bluetooth Speaker,STORE_04,Electronics,1424.05,149,131.3,-17.699996948242188
2025-11-24,PROD_03,Portable Bluetooth Speaker,STORE_04,Electronics,1424.05,106,103.2,-2.8000030517578125
2025-11-25,PROD_03,Portable Bluetooth Speaker,STORE_04,Electronics,1499.0,84,75.5,-8.5
2025-11-26,PROD_03,Portable Bluetooth Speaker,STORE_04,Electronics,1499.0,56,71.6,15.599998474121094
2025-11-27,PROD_03,Portable Bluetooth Speaker,STORE_04,Electronics,1199.2,138,137.4,-0.600006103515625
2025-11-28,PROD_03,Portable Bluetooth Speaker,STORE_04,Electronics,1499.0,69,90.2,21.199996948242188
2025-11-29,PROD_03,Portable Bluetooth Speaker,STORE_04,Electronics,1499.0,96,92.7,-3.3000030517578125
2025-11-30,PROD_03,Portable Bluetooth Speaker,STORE_04,Electronics,1439.04,81,100.9,19.900001525878906
2025-12-01,PROD_03,Portable Bluetooth Speaker,STORE_04,Electronics,1439.04,72,79.6,7.599998474121094
2025-12-02,PROD_03,Portable Bluetooth Speaker,STORE_04,Electronics,1439.04,70,77.3,7.3000030517578125
2025-12-03,PROD_03,Portable Bluetooth Speaker,STORE_04,Electronics,1499.0,70,68.2,-1.8000030517578125
2025-12-04,PROD_03,Portable Bluetooth Speaker,STORE_04,Electronics,1499.0,85,73.7,-11.300003051757812
2025-12-05,PROD_03,Portable Bluetooth Speaker,STORE_04,Electronics,1349.1,110,129.2,19.199996948242188
2025-12-06,PROD_03,Portable Bluetooth Speaker,STORE_04,Electronics,1499.0,80,99.4,19.400001525878906
2025-12-07,PROD_03,Portable Bluetooth Speaker,STORE_04,Electronics,1499.0,79,93.6,14.599998474121094
2025-12-08,PROD_03,Portable Bluetooth Speaker,STORE_04,Electronics,1499.0,56,71.6,15.599998474121094
2025-12-09,PROD_03,Portable Bluetooth Speaker,STORE_04,Electronics,1499.0,75,69.8,-5.1999969482421875
2025-12-10,PROD_03,Portable Bluetooth Speaker,STORE_04,Electronics,1499.0,71,73.4,2.4000015258789062
2025-12-11,PROD_03,Portable Bluetooth Speaker,STORE_04,Electronics,1499.0,70,72.9,2.9000015258789062
2025-12-12,PROD_03,Portable Bluetooth Speaker,STORE_04,Electronics,1499.0,69,78.7,9.699996948242188
2025-12-13,PROD_03,Portable Bluetooth Speaker,STORE_04,Electronics,1274.15,154,145.2,-8.800003051757812
2025-12-14,PROD_03,Portable Bluetooth Speaker,STORE_04,Electronics,1499.0,90,88.0,-2.0
2025-12-15,PROD_03,Portable Bluetooth Speaker,STORE_04,Electronics,1469.02,66,67.5,1.5
2025-12-16,PROD_03,Portable Bluetooth Speaker,STORE_04,Electronics,1499.0,51,69.3,18.300003051757812
2025-12-17,PROD_03,Portable Bluetooth Speaker,STORE_04,Electronics,1499.0,68,65.0,-3.0
2025-12-18,PROD_03,Portable Bluetooth Speaker,STORE_04,Electronics,1469.02,69,70.9,1.9000015258789062
2025-12-19,PROD_03,Portable Bluetooth Speaker,STORE_04,Electronics,1499.0,83,74.8,-8.199996948242188
2025-12-20,PROD_03,Portable Bluetooth Speaker,STORE_04,Electronics,1424.05,130,125.5,-4.5
2025-12-21,PROD_03,Portable Bluetooth Speaker,STORE_04,Electronics,1499.0,81,90.3,9.300003051757812
2025-12-22,PROD_03,Portable Bluetooth Speaker,STORE_04,Electronics,1499.0,72,69.3,-2.6999969482421875
2025-12-23,PROD_03,Portable Bluetooth Speaker,STORE_04,Electronics,1439.04,64,72.5,8.5
2025-12-24,PROD_03,Portable Bluetooth Speaker,STORE_04,Electronics,1439.04,74,70.6,-3.4000015258789062
2025-12-25,PROD_03,Portable Bluetooth Speaker,STORE_04,Electronics,1499.0,81,69.7,-11.300003051757812
2025-12-26,PROD_03,Portable Bluetooth Speaker,STORE_04,Electronics,1499.0,71,79.1,8.099998474121094
2025-12-27,PROD_03,Portable Bluetooth Speaker,STORE_04,Electronics,1499.0,80,88.2,8.199996948242188
2025-12-28,PROD_03,Portable Bluetooth Speaker,STORE_04,Electronics,1469.02,85,91.1,6.099998474121094
2025-12-29,PROD_03,Portable Bluetooth Speaker,STORE_04,Electronics,1349.1,114,111.3,-2.6999969482421875
2025-12-30,PROD_03,Portable Bluetooth Speaker,STORE_04,Electronics,1499.0,77,69.5,-7.5
2025-12-31,PROD_03,Portable Bluetooth Speaker,STORE_04,Electronics,1499.0,82,70.4,-11.599998474121094
2025-09-17,PROD_04,Fast-Charging 20000mAh Power Bank,STORE_01,Electronics,999.0,91,89.7,-1.3000030517578125
2025-09-18,PROD_04,Fast-Charging 20000mAh Power Bank,STORE_01,Electronics,979.02,98,90.2,-7.8000030517578125
2025-09-19,PROD_04,Fast-Charging 20000mAh Power Bank,STORE_01,Electronics,999.0,105,105.6,0.5999984741210938
2025-09-20,PROD_04,Fast-Charging 20000mAh Power Bank,STORE_01,Electronics,999.0,109,117.7,8.699996948242188
2025-09-21,PROD_04,Fast-Charging 20000mAh Power Bank,STORE_01,Electronics,999.0,107,115.8,8.800003051757812
2025-09-22,PROD_04,Fast-Charging 20000mAh Power Bank,STORE_01,Electronics,999.0,89,86.0,-3.0
2025-09-23,PROD_04,Fast-Charging 20000mAh Power Bank,STORE_01,Electronics,999.0,111,86.5,-24.5
2025-09-24,PROD_04,Fast-Charging 20000mAh Power Bank,STORE_01,Electronics,999.0,76,87.5,11.5
2025-09-25,PROD_04,Fast-Charging 20000mAh Power Bank,STORE_01,Electronics,999.0,88,86.5,-1.5
2025-09-26,PROD_04,Fast-Charging 20000mAh Power Bank,STORE_01,Electronics,999.0,89,99.9,10.900001525878906
2025-09-27,PROD_04,Fast-Charging 20000mAh Power Bank,STORE_01,Electronics,999.0,118,111.1,-6.900001525878906
2025-09-28,PROD_04,Fast-Charging 20000mAh Power Bank,STORE_01,Electronics,899.1,190,163.9,-26.100006103515625
2025-09-29,PROD_04,Fast-Charging 20000mAh Power Bank,STORE_01,Electronics,999.0,92,84.7,-7.3000030517578125
2025-09-30,PROD_04,Fast-Charging 20000mAh Power Bank,STORE_01,Electronics,979.02,95,85.6,-9.400001525878906
2025-10-01,PROD_04,Fast-Charging 20000mAh Power Bank,STORE_01,Electronics,959.04,116,107.7,-8.300003051757812
2025-10-02,PROD_04,Fast-Charging 20000mAh Power Bank,STORE_01,Electronics,999.0,105,100.5,-4.5
2025-10-03,PROD_04,Fast-Charging 20000mAh Power Bank,STORE_01,Electronics,999.0,141,123.7,-17.300003051757812
2025-10-04,PROD_04,Fast-Charging 20000mAh Power Bank,STORE_01,Electronics,999.0,153,140.7,-12.300003051757812
2025-10-05,PROD_04,Fast-Charging 20000mAh Power Bank,STORE_01,Electronics,999.0,165,143.3,-21.699996948242188
2025-10-06,PROD_04,Fast-Charging 20000mAh Power Bank,STORE_01,Electronics,999.0,103,114.2,11.199996948242188
2025-10-07,PROD_04,Fast-Charging 20000mAh Power Bank,STORE_01,Electronics,999.0,128,113.3,-14.699996948242188
2025-10-08,PROD_04,Fast-Charging 20000mAh Power Bank,STORE_01,Electronics,999.0,117,115.0,-2.0
2025-10-09,PROD_04,Fast-Charging 20000mAh Power Bank,STORE_01,Electronics,999.0,128,116.9,-11.099998474121094
2025-10-10,PROD_04,Fast-Charging 20000mAh Power Bank,STORE_01,Electronics,979.02,136,145.8,9.800003051757812
2025-10-11,PROD_04,Fast-Charging 20000mAh Power Bank,STORE_01,Electronics,959.04,133,160.3,27.300003051757812
2025-10-12,PROD_04,Fast-Charging 20000mAh Power Bank,STORE_01,Electronics,999.0,154,149.1,-4.899993896484375
2025-10-13,PROD_04,Fast-Charging 20000mAh Power Bank,STORE_01,Electronics,999.0,126,125.4,-0.5999984741210938
2025-10-14,PROD_04,Fast-Charging 20000mAh Power Bank,STORE_01,Electronics,999.0,105,121.1,16.099998474121094
2025-10-15,PROD_04,Fast-Charging 20000mAh Power Bank,STORE_01,Electronics,999.0,124,121.9,-2.0999984741210938
2025-10-16,PROD_04,Fast-Charging 20000mAh Power Bank,STORE_01,Electronics,849.15,220,183.6,-36.399993896484375
2025-10-17,PROD_04,Fast-Charging 20000mAh Power Bank,STORE_01,Electronics,959.04,204,145.6,-58.399993896484375
2025-10-18,PROD_04,Fast-Charging 20000mAh Power Bank,STORE_01,Electronics,999.0,157,155.0,-2.0
2025-10-19,PROD_04,Fast-Charging 20000mAh Power Bank,STORE_01,Electronics,999.0,136,153.0,17.0
2025-10-20,PROD_04,Fast-Charging 20000mAh Power Bank,STORE_01,Electronics,949.05,151,158.1,7.100006103515625
2025-10-21,PROD_04,Fast-Charging 20000mAh Power Bank,STORE_01,Electronics,999.0,112,120.9,8.900001525878906
2025-10-22,PROD_04,Fast-Charging 20000mAh Power Bank,STORE_01,Electronics,999.0,120,115.0,-5.0
2025-10-23,PROD_04,Fast-Charging 20000mAh Power Bank,STORE_01,Electronics,799.2,232,223.7,-8.300003051757812
2025-10-24,PROD_04,Fast-Charging 20000mAh Power Bank,STORE_01,Electronics,999.0,144,144.7,0.6999969482421875
2025-10-25,PROD_04,Fast-Charging 20000mAh Power Bank,STORE_01,Electronics,949.05,229,214.6,-14.399993896484375
2025-10-26,PROD_04,Fast-Charging 20000mAh Power Bank,STORE_01,Electronics,999.0,136,163.5,27.5
2025-10-27,PROD_04,Fast-Charging 20000mAh Power Bank,STORE_01,Electronics,999.0,132,115.1,-16.900001525878906
2025-10-28,PROD_04,Fast-Charging 20000mAh Power Bank,STORE_01,Electronics,999.0,139,119.2,-19.800003051757812
2025-10-29,PROD_04,Fast-Charging 20000mAh Power Bank,STORE_01,Electronics,999.0,108,120.3,12.300003051757812
2025-10-30,PROD_04,Fast-Charging 20000mAh Power Bank,STORE_01,Electronics,999.0,142,123.1,-18.900001525878906
2025-10-31,PROD_04,Fast-Charging 20000mAh Power Bank,STORE_01,Electronics,999.0,164,143.7,-20.300003051757812
2025-11-01,PROD_04,Fast-Charging 20000mAh Power Bank,STORE_01,Electronics,959.04,153,164.4,11.399993896484375
2025-11-02,PROD_04,Fast-Charging 20000mAh Power Bank,STORE_01,Electronics,999.0,150,160.8,10.800003051757812
2025-11-03,PROD_04,Fast-Charging 20000mAh Power Bank,STORE_01,Electronics,999.0,104,121.6,17.599998474121094
2025-11-04,PROD_04,Fast-Charging 20000mAh Power Bank,STORE_01,Electronics,999.0,124,119.7,-4.3000030517578125
2025-11-05,PROD_04,Fast-Charging 20000mAh Power Bank,STORE_01,Electronics,979.02,118,121.0,3.0
2025-11-06,PROD_04,Fast-Charging 20000mAh Power Bank,STORE_01,Electronics,999.0,91,120.0,29.0
2025-11-07,PROD_04,Fast-Charging 20000mAh Power Bank,STORE_01,Electronics,959.04,128,134.9,6.899993896484375
2025-11-08,PROD_04,Fast-Charging 20000mAh Power Bank,STORE_01,Electronics,979.02,154,150.6,-3.399993896484375
2025-11-09,PROD_04,Fast-Charging 20000mAh Power Bank,STORE_01,Electronics,999.0,141,148.6,7.600006103515625
2025-11-10,PROD_04,Fast-Charging 20000mAh Power Bank,STORE_01,Electronics,999.0,110,116.6,6.599998474121094
2025-11-11,PROD_04,Fast-Charging 20000mAh Power Bank,STORE_01,Electronics,999.0,119,119.5,0.5
2025-11-12,PROD_04,Fast-Charging 20000mAh Power Bank,STORE_01,Electronics,999.0,118,118.6,0.5999984741210938
2025-11-13,PROD_04,Fast-Charging 20000mAh Power Bank,STORE_01,Electronics,949.05,192,161.6,-30.399993896484375
2025-11-14,PROD_04,Fast-Charging 20000mAh Power Bank,STORE_01,Electronics,899.1,178,188.2,10.199996948242188
2025-11-15,PROD_04,Fast-Charging 20000mAh Power Bank,STORE_01,Electronics,899.1,237,234.1,-2.899993896484375
2025-11-16,PROD_04,Fast-Charging 20000mAh Power Bank,STORE_01,Electronics,999.0,167,144.7,-22.300003051757812
2025-11-17,PROD_04,Fast-Charging 20000mAh Power Bank,STORE_01,Electronics,999.0,90,114.9,24.900001525878906
2025-11-18,PROD_04,Fast-Charging 20000mAh Power Bank,STORE_01,Electronics,979.02,139,113.4,-25.599998474121094
2025-11-19,PROD_04,Fast-Charging 20000mAh Power Bank,STORE_01,Electronics,959.04,118,115.4,-2.5999984741210938
2025-11-20,PROD_04,Fast-Charging 20000mAh Power Bank,STORE_01,Electronics,949.05,161,169.7,8.699996948242188
2025-11-21,PROD_04,Fast-Charging 20000mAh Power Bank,STORE_01,Electronics,979.02,162,141.9,-20.100006103515625
2025-11-22,PROD_04,Fast-Charging 20000mAh Power Bank,STORE_01,Electronics,999.0,145,149.7,4.6999969482421875
2025-11-23,PROD_04,Fast-Charging 20000mAh Power Bank,STORE_01,Electronics,949.05,251,220.1,-30.899993896484375
2025-11-24,PROD_04,Fast-Charging 20000mAh Power Bank,STORE_01,Electronics,949.05,177,161.4,-15.600006103515625
2025-11-25,PROD_04,Fast-Charging 20000mAh Power Bank,STORE_01,Electronics,999.0,102,121.0,19.0
2025-11-26,PROD_04,Fast-Charging 20000mAh Power Bank,STORE_01,Electronics,959.04,132,115.1,-16.900001525878906
2025-11-27,PROD_04,Fast-Charging 20000mAh Power Bank,STORE_01,Electronics,999.0,111,121.4,10.400001525878906
2025-11-28,PROD_04,Fast-Charging 20000mAh Power Bank,STORE_01,Electronics,979.02,153,132.9,-20.100006103515625
2025-11-29,PROD_04,Fast-Charging 20000mAh Power Bank,STORE_01,Electronics,979.02,175,150.6,-24.399993896484375
2025-11-30,PROD_04,Fast-Charging 20000mAh Power Bank,STORE_01,Electronics,999.0,166,156.9,-9.100006103515625
2025-12-01,PROD_04,Fast-Charging 20000mAh Power Bank,STORE_01,Electronics,999.0,108,118.1,10.099998474121094
2025-12-02,PROD_04,Fast-Charging 20000mAh Power Bank,STORE_01,Electronics,999.0,148,124.4,-23.599998474121094
2025-12-03,PROD_04,Fast-Charging 20000mAh Power Bank,STORE_01,Electronics,979.02,133,121.2,-11.800003051757812
2025-12-04,PROD_04,Fast-Charging 20000mAh Power Bank,STORE_01,Electronics,999.0,114,122.9,8.900001525878906
2025-12-05,PROD_04,Fast-Charging 20000mAh Power Bank,STORE_01,Electronics,999.0,118,143.1,25.100006103515625
2025-12-06,PROD_04,Fast-Charging 20000mAh Power Bank,STORE_01,Electronics,999.0,159,164.9,5.899993896484375
2025-12-07,PROD_04,Fast-Charging 20000mAh Power Bank,STORE_01,Electronics,849.15,303,245.6,-57.399993896484375
2025-12-08,PROD_04,Fast-Charging 20000mAh Power Bank,STORE_01,Electronics,999.0,143,115.4,-27.599998474121094
2025-12-09,PROD_04,Fast-Charging 20000mAh Power Bank,STORE_01,Electronics,999.0,149,116.8,-32.19999694824219
2025-12-10,PROD_04,Fast-Charging 20000mAh Power Bank,STORE_01,Electronics,999.0,142,117.8,-24.199996948242188
2025-12-11,PROD_04,Fast-Charging 20000mAh Power Bank,STORE_01,Electronics,799.2,202,237.0,35.0
2025-12-12,PROD_04,Fast-Charging 20000mAh Power Bank,STORE_01,Electronics,999.0,131,137.9,6.899993896484375
2025-12-13,PROD_04,Fast-Charging 20000mAh Power Bank,STORE_01,Electronics,999.0,180,160.9,-19.100006103515625
2025-12-14,PROD_04,Fast-Charging 20000mAh Power Bank,STORE_01,Electronics,899.1,244,255.2,11.199996948242188
2025-12-15,PROD_04,Fast-Charging 20000mAh Power Bank,STORE_01,Electronics,849.15,218,200.5,-17.5
2025-12-16,PROD_04,Fast-Charging 20000mAh Power Bank,STORE_01,Electronics,999.0,124,131.1,7.100006103515625
2025-12-17,PROD_04,Fast-Charging 20000mAh Power Bank,STORE_01,Electronics,899.1,167,200.0,33.0
2025-12-18,PROD_04,Fast-Charging 20000mAh Power Bank,STORE_01,Electronics,799.2,198,236.5,38.5
2025-12-19,PROD_04,Fast-Charging 20000mAh Power Bank,STORE_01,Electronics,999.0,133,161.2,28.199996948242188
2025-12-20,PROD_04,Fast-Charging 20000mAh Power Bank,STORE_01,Electronics,949.05,207,261.1,54.100006103515625
2025-12-21,PROD_04,Fast-Charging 20000mAh Power Bank,STORE_01,Electronics,999.0,155,184.2,29.199996948242188
2025-12-22,PROD_04,Fast-Charging 20000mAh Power Bank,STORE_01,Electronics,999.0,114,136.9,22.899993896484375
2025-12-23,PROD_04,Fast-Charging 20000mAh Power Bank,STORE_01,Electronics,999.0,169,132.6,-36.399993896484375
2025-12-24,PROD_04,Fast-Charging 20000mAh Power Bank,STORE_01,Electronics,959.04,131,136.8,5.8000030517578125
2025-12-25,PROD_04,Fast-Charging 20000mAh Power Bank,STORE_01,Electronics,999.0,144,131.1,-12.899993896484375
2025-12-26,PROD_04,Fast-Charging 20000mAh Power Bank,STORE_01,Electronics,999.0,131,158.0,27.0
2025-12-27,PROD_04,Fast-Charging 20000mAh Power Bank,STORE_01,Electronics,979.02,179,179.1,0.100006103515625
2025-12-28,PROD_04,Fast-Charging 20000mAh Power Bank,STORE_01,Electronics,899.1,223,246.8,23.800003051757812
2025-12-29,PROD_04,Fast-Charging 20000mAh Power Bank,STORE_01,Electronics,999.0,108,120.4,12.400001525878906
2025-12-30,PROD_04,Fast-Charging 20000mAh Power Bank,STORE_01,Electronics,999.0,136,126.4,-9.599998474121094
2025-12-31,PROD_04,Fast-Charging 20000mAh Power Bank,STORE_01,Electronics,959.04,120,134.9,14.899993896484375
2025-09-17,PROD_04,Fast-Charging 20000mAh Power Bank,STORE_02,Electronics,999.0,77,87.6,10.599998474121094
2025-09-18,PROD_04,Fast-Charging 20000mAh Power Bank,STORE_02,Electronics,999.0,94,88.6,-5.400001525878906
2025-09-19,PROD_04,Fast-Charging 20000mAh Power Bank,STORE_02,Electronics,999.0,105,106.5,1.5
2025-09-20,PROD_04,Fast-Charging 20000mAh Power Bank,STORE_02,Electronics,849.15,178,191.9,13.899993896484375
2025-09-21,PROD_04,Fast-Charging 20000mAh Power Bank,STORE_02,Electronics,999.0,102,115.1,13.099998474121094
2025-09-22,PROD_04,Fast-Charging 20000mAh Power Bank,STORE_02,Electronics,999.0,86,85.7,-0.3000030517578125
2025-09-23,PROD_04,Fast-Charging 20000mAh Power Bank,STORE_02,Electronics,999.0,102,84.3,-17.699996948242188
2025-09-24,PROD_04,Fast-Charging 20000mAh Power Bank,STORE_02,Electronics,959.04,82,91.6,9.599998474121094
2025-09-25,PROD_04,Fast-Charging 20000mAh Power Bank,STORE_02,Electronics,999.0,103,86.4,-16.599998474121094
2025-09-26,PROD_04,Fast-Charging 20000mAh Power Bank,STORE_02,Electronics,959.04,104,107.9,3.9000015258789062
2025-09-27,PROD_04,Fast-Charging 20000mAh Power Bank,STORE_02,Electronics,979.02,110,115.4,5.400001525878906
2025-09-28,PROD_04,Fast-Charging 20000mAh Power Bank,STORE_02,Electronics,849.15,165,192.7,27.699996948242188
2025-09-29,PROD_04,Fast-Charging 20000mAh Power Bank,STORE_02,Electronics,959.04,101,91.6,-9.400001525878906
2025-09-30,PROD_04,Fast-Charging 20000mAh Power Bank,STORE_02,Electronics,999.0,98,87.9,-10.099998474121094
2025-10-01,PROD_04,Fast-Charging 20000mAh Power Bank,STORE_02,Electronics,999.0,117,106.0,-11.0
2025-10-02,PROD_04,Fast-Charging 20000mAh Power Bank,STORE_02,Electronics,999.0,112,107.2,-4.8000030517578125
2025-10-03,PROD_04,Fast-Charging 20000mAh Power Bank,STORE_02,Electronics,999.0,126,126.3,0.3000030517578125
2025-10-04,PROD_04,Fast-Charging 20000mAh Power Bank,STORE_02,Electronics,979.02,145,140.8,-4.1999969482421875
2025-10-05,PROD_04,Fast-Charging 20000mAh Power Bank,STORE_02,Electronics,949.05,179,197.1,18.100006103515625
2025-10-06,PROD_04,Fast-Charging 20000mAh Power Bank,STORE_02,Electronics,999.0,120,114.6,-5.400001525878906
2025-10-07,PROD_04,Fast-Charging 20000mAh Power Bank,STORE_02,Electronics,999.0,105,119.2,14.199996948242188
2025-10-08,PROD_04,Fast-Charging 20000mAh Power Bank,STORE_02,Electronics,999.0,119,114.9,-4.099998474121094
2025-10-09,PROD_04,Fast-Charging 20000mAh Power Bank,STORE_02,Electronics,959.04,130,121.3,-8.699996948242188
2025-10-10,PROD_04,Fast-Charging 20000mAh Power Bank,STORE_02,Electronics,999.0,126,141.2,15.199996948242188
2025-10-11,PROD_04,Fast-Charging 20000mAh Power Bank,STORE_02,Electronics,949.05,187,203.6,16.600006103515625
2025-10-12,PROD_04,Fast-Charging 20000mAh Power Bank,STORE_02,Electronics,749.25,316,259.1,-56.899993896484375
2025-10-13,PROD_04,Fast-Charging 20000mAh Power Bank,STORE_02,Electronics,999.0,130,111.6,-18.400001525878906
2025-10-14,PROD_04,Fast-Charging 20000mAh Power Bank,STORE_02,Electronics,999.0,88,110.2,22.199996948242188
2025-10-15,PROD_04,Fast-Charging 20000mAh Power Bank,STORE_02,Electronics,999.0,131,108.6,-22.400001525878906
2025-10-16,PROD_04,Fast-Charging 20000mAh Power Bank,STORE_02,Electronics,949.05,113,156.5,43.5
2025-10-17,PROD_04,Fast-Charging 20000mAh Power Bank,STORE_02,Electronics,999.0,135,134.4,-0.600006103515625
2025-10-18,PROD_04,Fast-Charging 20000mAh Power Bank,STORE_02,Electronics,999.0,136,151.9,15.899993896484375
2025-10-19,PROD_04,Fast-Charging 20000mAh Power Bank,STORE_02,Electronics,999.0,157,141.6,-15.399993896484375
2025-10-20,PROD_04,Fast-Charging 20000mAh Power Bank,STORE_02,Electronics,999.0,110,120.7,10.699996948242188
2025-10-21,PROD_04,Fast-Charging 20000mAh Power Bank,STORE_02,Electronics,949.05,157,160.5,3.5
2025-10-22,PROD_04,Fast-Charging 20000mAh Power Bank,STORE_02,Electronics,959.04,111,130.2,19.199996948242188
2025-10-23,PROD_04,Fast-Charging 20000mAh Power Bank,STORE_02,Electronics,949.05,149,164.1,15.100006103515625
2025-10-24,PROD_04,Fast-Charging 20000mAh Power Bank,STORE_02,Electronics,899.1,176,209.5,33.5
2025-10-25,PROD_04,Fast-Charging 20000mAh Power Bank,STORE_02,Electronics,949.05,215,208.4,-6.600006103515625
2025-10-26,PROD_04,Fast-Charging 20000mAh Power Bank,STORE_02,Electronics,999.0,157,159.4,2.399993896484375
2025-10-27,PROD_04,Fast-Charging 20000mAh Power Bank,STORE_02,Electronics,999.0,112,122.5,10.5
2025-10-28,PROD_04,Fast-Charging 20000mAh Power Bank,STORE_02,Electronics,849.15,208,193.7,-14.300003051757812
2025-10-29,PROD_04,Fast-Charging 20000mAh Power Bank,STORE_02,Electronics,999.0,116,121.9,5.900001525878906
2025-10-30,PROD_04,Fast-Charging 20000mAh Power Bank,STORE_02,Electronics,899.1,168,188.7,20.699996948242188
2025-10-31,PROD_04,Fast-Charging 20000mAh Power Bank,STORE_02,Electronics,959.04,134,158.6,24.600006103515625
2025-11-01,PROD_04,Fast-Charging 20000mAh Power Bank,STORE_02,Electronics,959.04,135,159.8,24.800003051757812
2025-11-02,PROD_04,Fast-Charging 20000mAh Power Bank,STORE_02,Electronics,999.0,149,152.7,3.6999969482421875
2025-11-03,PROD_04,Fast-Charging 20000mAh Power Bank,STORE_02,Electronics,979.02,112,117.5,5.5
2025-11-04,PROD_04,Fast-Charging 20000mAh Power Bank,STORE_02,Electronics,849.15,189,199.3,10.300003051757812
2025-11-05,PROD_04,Fast-Charging 20000mAh Power Bank,STORE_02,Electronics,999.0,126,116.7,-9.300003051757812
2025-11-06,PROD_04,Fast-Charging 20000mAh Power Bank,STORE_02,Electronics,999.0,100,124.6,24.599998474121094
2025-11-07,PROD_04,Fast-Charging 20000mAh Power Bank,STORE_02,Electronics,999.0,128,131.0,3.0
2025-11-08,PROD_04,Fast-Charging 20000mAh Power Bank,STORE_02,Electronics,999.0,158,154.4,-3.600006103515625
2025-11-09,PROD_04,Fast-Charging 20000mAh Power Bank,STORE_02,Electronics,959.04,159,162.1,3.100006103515625
2025-11-10,PROD_04,Fast-Charging 20000mAh Power Bank,STORE_02,Electronics,999.0,155,116.5,-38.5
2025-11-11,PROD_04,Fast-Charging 20000mAh Power Bank,STORE_02,Electronics,979.02,118,117.9,-0.09999847412109375
2025-11-12,PROD_04,Fast-Charging 20000mAh Power Bank,STORE_02,Electronics,899.1,205,177.7,-27.300003051757812
2025-11-13,PROD_04,Fast-Charging 20000mAh Power Bank,STORE_02,Electronics,999.0,102,115.6,13.599998474121094
2025-11-14,PROD_04,Fast-Charging 20000mAh Power Bank,STORE_02,Electronics,999.0,152,130.3,-21.699996948242188
2025-11-15,PROD_04,Fast-Charging 20000mAh Power Bank,STORE_02,Electronics,949.05,218,213.3,-4.6999969482421875
2025-11-16,PROD_04,Fast-Charging 20000mAh Power Bank,STORE_02,Electronics,999.0,167,155.2,-11.800003051757812
2025-11-17,PROD_04,Fast-Charging 20000mAh Power Bank,STORE_02,Electronics,999.0,109,115.3,6.3000030517578125
2025-11-18,PROD_04,Fast-Charging 20000mAh Power Bank,STORE_02,Electronics,999.0,114,117.8,3.8000030517578125
2025-11-19,PROD_04,Fast-Charging 20000mAh Power Bank,STORE_02,Electronics,979.02,125,118.1,-6.900001525878906
2025-11-20,PROD_04,Fast-Charging 20000mAh Power Bank,STORE_02,Electronics,999.0,123,115.3,-7.6999969482421875
2025-11-21,PROD_04,Fast-Charging 20000mAh Power Bank,STORE_02,Electronics,899.1,199,212.7,13.699996948242188
2025-11-22,PROD_04,Fast-Charging 20000mAh Power Bank,STORE_02,Electronics,949.05,198,208.0,10.0
2025-11-23,PROD_04,Fast-Charging 20000mAh Power Bank,STORE_02,Electronics,999.0,166,152.4,-13.600006103515625
2025-11-24,PROD_04,Fast-Charging 20000mAh Power Bank,STORE_02,Electronics,949.05,167,154.1,-12.899993896484375
2025-11-25,PROD_04,Fast-Charging 20000mAh Power Bank,STORE_02,Electronics,999.0,114,119.5,5.5
2025-11-26,PROD_04,Fast-Charging 20000mAh Power Bank,STORE_02,Electronics,999.0,89,114.3,25.300003051757812
2025-11-27,PROD_04,Fast-Charging 20000mAh Power Bank,STORE_02,Electronics,999.0,109,113.2,4.1999969482421875
2025-11-28,PROD_04,Fast-Charging 20000mAh Power Bank,STORE_02,Electronics,999.0,125,133.1,8.100006103515625
2025-11-29,PROD_04,Fast-Charging 20000mAh Power Bank,STORE_02,Electronics,999.0,146,152.2,6.1999969482421875
2025-11-30,PROD_04,Fast-Charging 20000mAh Power Bank,STORE_02,Electronics,999.0,116,155.8,39.80000305175781
2025-12-01,PROD_04,Fast-Charging 20000mAh Power Bank,STORE_02,Electronics,999.0,105,114.5,9.5
2025-12-02,PROD_04,Fast-Charging 20000mAh Power Bank,STORE_02,Electronics,999.0,105,109.3,4.3000030517578125
2025-12-03,PROD_04,Fast-Charging 20000mAh Power Bank,STORE_02,Electronics,979.02,106,107.7,1.6999969482421875
2025-12-04,PROD_04,Fast-Charging 20000mAh Power Bank,STORE_02,Electronics,999.0,111,107.1,-3.9000015258789062
2025-12-05,PROD_04,Fast-Charging 20000mAh Power Bank,STORE_02,Electronics,999.0,123,129.7,6.6999969482421875
2025-12-06,PROD_04,Fast-Charging 20000mAh Power Bank,STORE_02,Electronics,959.04,146,148.8,2.8000030517578125
2025-12-07,PROD_04,Fast-Charging 20000mAh Power Bank,STORE_02,Electronics,849.15,236,208.1,-27.899993896484375
2025-12-08,PROD_04,Fast-Charging 20000mAh Power Bank,STORE_02,Electronics,999.0,103,111.8,8.800003051757812
2025-12-09,PROD_04,Fast-Charging 20000mAh Power Bank,STORE_02,Electronics,999.0,108,106.4,-1.5999984741210938
2025-12-10,PROD_04,Fast-Charging 20000mAh Power Bank,STORE_02,Electronics,999.0,125,108.8,-16.199996948242188
2025-12-11,PROD_04,Fast-Charging 20000mAh Power Bank,STORE_02,Electronics,999.0,110,107.1,-2.9000015258789062
2025-12-12,PROD_04,Fast-Charging 20000mAh Power Bank,STORE_02,Electronics,959.04,151,125.7,-25.300003051757812
2025-12-13,PROD_04,Fast-Charging 20000mAh Power Bank,STORE_02,Electronics,999.0,143,143.2,0.1999969482421875
2025-12-14,PROD_04,Fast-Charging 20000mAh Power Bank,STORE_02,Electronics,999.0,154,144.4,-9.600006103515625
2025-12-15,PROD_04,Fast-Charging 20000mAh Power Bank,STORE_02,Electronics,999.0,114,114.1,0.09999847412109375
2025-12-16,PROD_04,Fast-Charging 20000mAh Power Bank,STORE_02,Electronics,999.0,99,117.1,18.099998474121094
2025-12-17,PROD_04,Fast-Charging 20000mAh Power Bank,STORE_02,Electronics,999.0,127,114.4,-12.599998474121094
2025-12-18,PROD_04,Fast-Charging 20000mAh Power Bank,STORE_02,Electronics,999.0,123,115.1,-7.900001525878906
2025-12-19,PROD_04,Fast-Charging 20000mAh Power Bank,STORE_02,Electronics,999.0,132,136.5,4.5
2025-12-20,PROD_04,Fast-Charging 20000mAh Power Bank,STORE_02,Electronics,999.0,158,143.7,-14.300003051757812
2025-12-21,PROD_04,Fast-Charging 20000mAh Power Bank,STORE_02,Electronics,999.0,132,142.8,10.800003051757812
2025-12-22,PROD_04,Fast-Charging 20000mAh Power Bank,STORE_02,Electronics,999.0,102,110.9,8.900001525878906
2025-12-23,PROD_04,Fast-Charging 20000mAh Power Bank,STORE_02,Electronics,849.15,171,169.4,-1.600006103515625
2025-12-24,PROD_04,Fast-Charging 20000mAh Power Bank,STORE_02,Electronics,999.0,92,110.6,18.599998474121094
2025-12-25,PROD_04,Fast-Charging 20000mAh Power Bank,STORE_02,Electronics,949.05,135,147.2,12.199996948242188
2025-12-26,PROD_04,Fast-Charging 20000mAh Power Bank,STORE_02,Electronics,999.0,147,133.9,-13.100006103515625
2025-12-27,PROD_04,Fast-Charging 20000mAh Power Bank,STORE_02,Electronics,949.05,195,194.8,-0.1999969482421875
2025-12-28,PROD_04,Fast-Charging 20000mAh Power Bank,STORE_02,Electronics,999.0,160,137.8,-22.199996948242188
2025-12-29,PROD_04,Fast-Charging 20000mAh Power Bank,STORE_02,Electronics,899.1,163,155.1,-7.899993896484375
2025-12-30,PROD_04,Fast-Charging 20000mAh Power Bank,STORE_02,Electronics,999.0,99,111.6,12.599998474121094
2025-12-31,PROD_04,Fast-Charging 20000mAh Power Bank,STORE_02,Electronics,899.1,157,164.9,7.899993896484375
2025-09-17,PROD_04,Fast-Charging 20000mAh Power Bank,STORE_03,Electronics,999.0,93,90.7,-2.3000030517578125
2025-09-18,PROD_04,Fast-Charging 20000mAh Power Bank,STORE_03,Electronics,999.0,85,90.3,5.3000030517578125
2025-09-19,PROD_04,Fast-Charging 20000mAh Power Bank,STORE_03,Electronics,899.1,152,155.3,3.3000030517578125
2025-09-20,PROD_04,Fast-Charging 20000mAh Power Bank,STORE_03,Electronics,979.02,132,126.0,-6.0
2025-09-21,PROD_04,Fast-Charging 20000mAh Power Bank,STORE_03,Electronics,999.0,133,122.3,-10.699996948242188
2025-09-22,PROD_04,Fast-Charging 20000mAh Power Bank,STORE_03,Electronics,999.0,102,94.8,-7.1999969482421875
2025-09-23,PROD_04,Fast-Charging 20000mAh Power Bank,STORE_03,Electronics,999.0,86,95.1,9.099998474121094
2025-09-24,PROD_04,Fast-Charging 20000mAh Power Bank,STORE_03,Electronics,999.0,107,93.6,-13.400001525878906
2025-09-25,PROD_04,Fast-Charging 20000mAh Power Bank,STORE_03,Electronics,979.02,108,98.2,-9.800003051757812
2025-09-26,PROD_04,Fast-Charging 20000mAh Power Bank,STORE_03,Electronics,899.1,157,181.0,24.0
2025-09-27,PROD_04,Fast-Charging 20000mAh Power Bank,STORE_03,Electronics,999.0,130,122.9,-7.099998474121094
2025-09-28,PROD_04,Fast-Charging 20000mAh Power Bank,STORE_03,Electronics,999.0,124,130.2,6.1999969482421875
2025-09-29,PROD_04,Fast-Charging 20000mAh Power Bank,STORE_03,Electronics,979.02,106,99.2,-6.8000030517578125
2025-09-30,PROD_04,Fast-Charging 20000mAh Power Bank,STORE_03,Electronics,999.0,98,96.2,-1.8000030517578125
2025-10-01,PROD_04,Fast-Charging 20000mAh Power Bank,STORE_03,Electronics,999.0,139,115.2,-23.800003051757812
2025-10-02,PROD_04,Fast-Charging 20000mAh Power Bank,STORE_03,Electronics,999.0,132,122.6,-9.400001525878906
2025-10-03,PROD_04,Fast-Charging 20000mAh Power Bank,STORE_03,Electronics,999.0,146,143.6,-2.399993896484375
2025-10-04,PROD_04,Fast-Charging 20000mAh Power Bank,STORE_03,Electronics,899.1,257,224.4,-32.600006103515625
2025-10-05,PROD_04,Fast-Charging 20000mAh Power Bank,STORE_03,Electronics,999.0,156,152.3,-3.6999969482421875
2025-10-06,PROD_04,Fast-Charging 20000mAh Power Bank,STORE_03,Electronics,999.0,157,114.4,-42.599998474121094
2025-10-07,PROD_04,Fast-Charging 20000mAh Power Bank,STORE_03,Electronics,999.0,143,113.2,-29.800003051757812
2025-10-08,PROD_04,Fast-Charging 20000mAh Power Bank,STORE_03,Electronics,979.02,140,118.8,-21.199996948242188
2025-10-09,PROD_04,Fast-Charging 20000mAh Power Bank,STORE_03,Electronics,999.0,132,114.5,-17.5
2025-10-10,PROD_04,Fast-Charging 20000mAh Power Bank,STORE_03,Electronics,999.0,172,144.9,-27.100006103515625
2025-10-11,PROD_04,Fast-Charging 20000mAh Power Bank,STORE_03,Electronics,999.0,192,161.3,-30.699996948242188
2025-10-12,PROD_04,Fast-Charging 20000mAh Power Bank,STORE_03,Electronics,849.15,295,259.0,-36.0
2025-10-13,PROD_04,Fast-Charging 20000mAh Power Bank,STORE_03,Electronics,949.05,173,165.4,-7.600006103515625
2025-10-14,PROD_04,Fast-Charging 20000mAh Power Bank,STORE_03,Electronics,999.0,114,127.5,13.5
2025-10-15,PROD_04,Fast-Charging 20000mAh Power Bank,STORE_03,Electronics,949.05,205,168.6,-36.399993896484375
2025-10-16,PROD_04,Fast-Charging 20000mAh Power Bank,STORE_03,Electronics,999.0,134,126.0,-8.0
2025-10-17,PROD_04,Fast-Charging 20000mAh Power Bank,STORE_03,Electronics,999.0,136,156.4,20.399993896484375
2025-10-18,PROD_04,Fast-Charging 20000mAh Power Bank,STORE_03,Electronics,849.15,289,250.8,-38.19999694824219
2025-10-19,PROD_04,Fast-Charging 20000mAh Power Bank,STORE_03,Electronics,799.2,302,296.0,-6.0
2025-10-20,PROD_04,Fast-Charging 20000mAh Power Bank,STORE_03,Electronics,999.0,155,141.1,-13.899993896484375
2025-10-21,PROD_04,Fast-Charging 20000mAh Power Bank,STORE_03,Electronics,959.04,118,142.9,24.899993896484375
2025-10-22,PROD_04,Fast-Charging 20000mAh Power Bank,STORE_03,Electronics,999.0,145,143.2,-1.8000030517578125
2025-10-23,PROD_04,Fast-Charging 20000mAh Power Bank,STORE_03,Electronics,999.0,136,144.2,8.199996948242188
2025-10-24,PROD_04,Fast-Charging 20000mAh Power Bank,STORE_03,Electronics,949.05,168,231.9,63.899993896484375
2025-10-25,PROD_04,Fast-Charging 20000mAh Power Bank,STORE_03,Electronics,979.02,160,193.3,33.30000305175781
2025-10-26,PROD_04,Fast-Charging 20000mAh Power Bank,STORE_03,Electronics,999.0,220,178.7,-41.30000305175781
2025-10-27,PROD_04,Fast-Charging 20000mAh Power Bank,STORE_03,Electronics,999.0,148,141.2,-6.8000030517578125
2025-10-28,PROD_04,Fast-Charging 20000mAh Power Bank,STORE_03,Electronics,999.0,135,138.3,3.3000030517578125
2025-10-29,PROD_04,Fast-Charging 20000mAh Power Bank,STORE_03,Electronics,899.1,214,223.1,9.100006103515625
2025-10-30,PROD_04,Fast-Charging 20000mAh Power Bank,STORE_03,Electronics,999.0,147,147.3,0.3000030517578125
2025-10-31,PROD_04,Fast-Charging 20000mAh Power Bank,STORE_03,Electronics,999.0,151,167.4,16.399993896484375
2025-11-01,PROD_04,Fast-Charging 20000mAh Power Bank,STORE_03,Electronics,959.04,184,190.5,6.5
2025-11-02,PROD_04,Fast-Charging 20000mAh Power Bank,STORE_03,Electronics,999.0,139,184.0,45.0
2025-11-03,PROD_04,Fast-Charging 20000mAh Power Bank,STORE_03,Electronics,999.0,135,135.3,0.3000030517578125
2025-11-04,PROD_04,Fast-Charging 20000mAh Power Bank,STORE_03,Electronics,999.0,172,129.8,-42.19999694824219
2025-11-05,PROD_04,Fast-Charging 20000mAh Power Bank,STORE_03,Electronics,999.0,144,137.5,-6.5
2025-11-06,PROD_04,Fast-Charging 20000mAh Power Bank,STORE_03,Electronics,999.0,116,134.0,18.0
2025-11-07,PROD_04,Fast-Charging 20000mAh Power Bank,STORE_03,Electronics,899.1,238,237.5,-0.5
2025-11-08,PROD_04,Fast-Charging 20000mAh Power Bank,STORE_03,Electronics,959.04,230,184.0,-46.0
2025-11-09,PROD_04,Fast-Charging 20000mAh Power Bank,STORE_03,Electronics,999.0,197,175.1,-21.899993896484375
2025-11-10,PROD_04,Fast-Charging 20000mAh Power Bank,STORE_03,Electronics,999.0,117,132.6,15.600006103515625
2025-11-11,PROD_04,Fast-Charging 20000mAh Power Bank,STORE_03,Electronics,999.0,102,128.3,26.300003051757812
2025-11-12,PROD_04,Fast-Charging 20000mAh Power Bank,STORE_03,Electronics,999.0,131,127.8,-3.1999969482421875
2025-11-13,PROD_04,Fast-Charging 20000mAh Power Bank,STORE_03,Electronics,899.1,189,193.1,4.100006103515625
2025-11-14,PROD_04,Fast-Charging 20000mAh Power Bank,STORE_03,Electronics,999.0,144,151.1,7.100006103515625
2025-11-15,PROD_04,Fast-Charging 20000mAh Power Bank,STORE_03,Electronics,999.0,183,161.7,-21.300003051757812
2025-11-16,PROD_04,Fast-Charging 20000mAh Power Bank,STORE_03,Electronics,959.04,191,176.9,-14.100006103515625
2025-11-17,PROD_04,Fast-Charging 20000mAh Power Bank,STORE_03,Electronics,999.0,143,130.2,-12.800003051757812
2025-11-18,PROD_04,Fast-Charging 20000mAh Power Bank,STORE_03,Electronics,999.0,120,125.4,5.400001525878906
2025-11-19,PROD_04,Fast-Charging 20000mAh Power Bank,STORE_03,Electronics,999.0,122,131.4,9.399993896484375
2025-11-20,PROD_04,Fast-Charging 20000mAh Power Bank,STORE_03,Electronics,999.0,115,129.9,14.899993896484375
2025-11-21,PROD_04,Fast-Charging 20000mAh Power Bank,STORE_03,Electronics,999.0,147,143.9,-3.100006103515625
2025-11-22,PROD_04,Fast-Charging 20000mAh Power Bank,STORE_03,Electronics,999.0,148,168.0,20.0
2025-11-23,PROD_04,Fast-Charging 20000mAh Power Bank,STORE_03,Electronics,949.05,251,221.9,-29.100006103515625
2025-11-24,PROD_04,Fast-Charging 20000mAh Power Bank,STORE_03,Electronics,999.0,114,121.9,7.900001525878906
2025-11-25,PROD_04,Fast-Charging 20000mAh Power Bank,STORE_03,Electronics,999.0,132,118.9,-13.099998474121094
2025-11-26,PROD_04,Fast-Charging 20000mAh Power Bank,STORE_03,Electronics,999.0,103,123.2,20.199996948242188
2025-11-27,PROD_04,Fast-Charging 20000mAh Power Bank,STORE_03,Electronics,999.0,109,117.8,8.800003051757812
2025-11-28,PROD_04,Fast-Charging 20000mAh Power Bank,STORE_03,Electronics,959.04,150,139.9,-10.100006103515625
2025-11-29,PROD_04,Fast-Charging 20000mAh Power Bank,STORE_03,Electronics,999.0,172,156.8,-15.199996948242188
2025-11-30,PROD_04,Fast-Charging 20000mAh Power Bank,STORE_03,Electronics,999.0,208,160.4,-47.600006103515625
2025-12-01,PROD_04,Fast-Charging 20000mAh Power Bank,STORE_03,Electronics,979.02,149,125.4,-23.599998474121094
2025-12-02,PROD_04,Fast-Charging 20000mAh Power Bank,STORE_03,Electronics,949.05,155,174.1,19.100006103515625
2025-12-03,PROD_04,Fast-Charging 20000mAh Power Bank,STORE_03,Electronics,999.0,101,125.8,24.800003051757812
2025-12-04,PROD_04,Fast-Charging 20000mAh Power Bank,STORE_03,Electronics,999.0,149,124.2,-24.800003051757812
2025-12-05,PROD_04,Fast-Charging 20000mAh Power Bank,STORE_03,Electronics,999.0,123,151.5,28.5
2025-12-06,PROD_04,Fast-Charging 20000mAh Power Bank,STORE_03,Electronics,959.04,181,160.8,-20.199996948242188
2025-12-07,PROD_04,Fast-Charging 20000mAh Power Bank,STORE_03,Electronics,849.15,272,242.2,-29.800003051757812
2025-12-08,PROD_04,Fast-Charging 20000mAh Power Bank,STORE_03,Electronics,999.0,121,113.6,-7.400001525878906
2025-12-09,PROD_04,Fast-Charging 20000mAh Power Bank,STORE_03,Electronics,999.0,151,118.3,-32.69999694824219
2025-12-10,PROD_04,Fast-Charging 20000mAh Power Bank,STORE_03,Electronics,959.04,129,119.5,-9.5
2025-12-11,PROD_04,Fast-Charging 20000mAh Power Bank,STORE_03,Electronics,979.02,105,121.2,16.199996948242188
2025-12-12,PROD_04,Fast-Charging 20000mAh Power Bank,STORE_03,Electronics,999.0,130,130.9,0.899993896484375
2025-12-13,PROD_04,Fast-Charging 20000mAh Power Bank,STORE_03,Electronics,979.02,195,152.2,-42.80000305175781
2025-12-14,PROD_04,Fast-Charging 20000mAh Power Bank,STORE_03,Electronics,949.05,278,208.4,-69.60000610351562
2025-12-15,PROD_04,Fast-Charging 20000mAh Power Bank,STORE_03,Electronics,999.0,133,120.3,-12.699996948242188
2025-12-16,PROD_04,Fast-Charging 20000mAh Power Bank,STORE_03,Electronics,979.02,129,123.1,-5.900001525878906
2025-12-17,PROD_04,Fast-Charging 20000mAh Power Bank,STORE_03,Electronics,979.02,123,116.0,-7.0
2025-12-18,PROD_04,Fast-Charging 20000mAh Power Bank,STORE_03,Electronics,999.0,135,116.4,-18.599998474121094
2025-12-19,PROD_04,Fast-Charging 20000mAh Power Bank,STORE_03,Electronics,999.0,122,136.9,14.899993896484375
2025-12-20,PROD_04,Fast-Charging 20000mAh Power Bank,STORE_03,Electronics,999.0,177,155.7,-21.300003051757812
2025-12-21,PROD_04,Fast-Charging 20000mAh Power Bank,STORE_03,Electronics,999.0,159,149.1,-9.899993896484375
2025-12-22,PROD_04,Fast-Charging 20000mAh Power Bank,STORE_03,Electronics,999.0,130,122.3,-7.6999969482421875
2025-12-23,PROD_04,Fast-Charging 20000mAh Power Bank,STORE_03,Electronics,899.1,173,198.2,25.199996948242188
2025-12-24,PROD_04,Fast-Charging 20000mAh Power Bank,STORE_03,Electronics,999.0,110,124.8,14.800003051757812
2025-12-25,PROD_04,Fast-Charging 20000mAh Power Bank,STORE_03,Electronics,899.1,201,184.1,-16.899993896484375
2025-12-26,PROD_04,Fast-Charging 20000mAh Power Bank,STORE_03,Electronics,999.0,125,147.1,22.100006103515625
2025-12-27,PROD_04,Fast-Charging 20000mAh Power Bank,STORE_03,Electronics,959.04,180,164.7,-15.300003051757812
2025-12-28,PROD_04,Fast-Charging 20000mAh Power Bank,STORE_03,Electronics,959.04,138,161.7,23.699996948242188
2025-12-29,PROD_04,Fast-Charging 20000mAh Power Bank,STORE_03,Electronics,899.1,201,196.7,-4.3000030517578125
2025-12-30,PROD_04,Fast-Charging 20000mAh Power Bank,STORE_03,Electronics,899.1,195,196.7,1.6999969482421875
2025-12-31,PROD_04,Fast-Charging 20000mAh Power Bank,STORE_03,Electronics,999.0,132,118.6,-13.400001525878906
2025-09-17,PROD_04,Fast-Charging 20000mAh Power Bank,STORE_04,Electronics,999.0,56,67.8,11.800003051757812
2025-09-18,PROD_04,Fast-Charging 20000mAh Power Bank,STORE_04,Electronics,999.0,80,66.4,-13.599998474121094
2025-09-19,PROD_04,Fast-Charging 20000mAh Power Bank,STORE_04,Electronics,979.02,84,83.1,-0.9000015258789062
2025-09-20,PROD_04,Fast-Charging 20000mAh Power Bank,STORE_04,Electronics,959.04,119,92.7,-26.300003051757812
2025-09-21,PROD_04,Fast-Charging 20000mAh Power Bank,STORE_04,Electronics,959.04,83,91.5,8.5
2025-09-22,PROD_04,Fast-Charging 20000mAh Power Bank,STORE_04,Electronics,999.0,62,66.3,4.3000030517578125
2025-09-23,PROD_04,Fast-Charging 20000mAh Power Bank,STORE_04,Electronics,979.02,65,66.9,1.9000015258789062
2025-09-24,PROD_04,Fast-Charging 20000mAh Power Bank,STORE_04,Electronics,999.0,65,66.0,1.0
2025-09-25,PROD_04,Fast-Charging 20000mAh Power Bank,STORE_04,Electronics,999.0,69,67.1,-1.9000015258789062
2025-09-26,PROD_04,Fast-Charging 20000mAh Power Bank,STORE_04,Electronics,979.02,74,79.4,5.400001525878906
2025-09-27,PROD_04,Fast-Charging 20000mAh Power Bank,STORE_04,Electronics,999.0,83,84.6,1.5999984741210938
2025-09-28,PROD_04,Fast-Charging 20000mAh Power Bank,STORE_04,Electronics,999.0,64,85.2,21.199996948242188
2025-09-29,PROD_04,Fast-Charging 20000mAh Power Bank,STORE_04,Electronics,999.0,64,64.7,0.6999969482421875
2025-09-30,PROD_04,Fast-Charging 20000mAh Power Bank,STORE_04,Electronics,999.0,71,65.3,-5.6999969482421875
2025-10-01,PROD_04,Fast-Charging 20000mAh Power Bank,STORE_04,Electronics,999.0,107,73.0,-34.0
2025-10-02,PROD_04,Fast-Charging 20000mAh Power Bank,STORE_04,Electronics,999.0,102,76.0,-26.0
2025-10-03,PROD_04,Fast-Charging 20000mAh Power Bank,STORE_04,Electronics,999.0,97,94.9,-2.0999984741210938
2025-10-04,PROD_04,Fast-Charging 20000mAh Power Bank,STORE_04,Electronics,899.1,160,138.1,-21.899993896484375
2025-10-05,PROD_04,Fast-Charging 20000mAh Power Bank,STORE_04,Electronics,849.15,204,153.5,-50.5
2025-10-06,PROD_04,Fast-Charging 20000mAh Power Bank,STORE_04,Electronics,999.0,77,86.5,9.5
2025-10-07,PROD_04,Fast-Charging 20000mAh Power Bank,STORE_04,Electronics,959.04,89,82.5,-6.5
2025-10-08,PROD_04,Fast-Charging 20000mAh Power Bank,STORE_04,Electronics,799.2,152,133.7,-18.300003051757812
2025-10-09,PROD_04,Fast-Charging 20000mAh Power Bank,STORE_04,Electronics,979.02,99,85.1,-13.900001525878906
2025-10-10,PROD_04,Fast-Charging 20000mAh Power Bank,STORE_04,Electronics,749.25,176,191.3,15.300003051757812
2025-10-11,PROD_04,Fast-Charging 20000mAh Power Bank,STORE_04,Electronics,999.0,137,120.9,-16.099998474121094
2025-10-12,PROD_04,Fast-Charging 20000mAh Power Bank,STORE_04,Electronics,899.1,189,179.5,-9.5
2025-10-13,PROD_04,Fast-Charging 20000mAh Power Bank,STORE_04,Electronics,999.0,96,96.3,0.3000030517578125
2025-10-14,PROD_04,Fast-Charging 20000mAh Power Bank,STORE_04,Electronics,999.0,91,100.0,9.0
2025-10-15,PROD_04,Fast-Charging 20000mAh Power Bank,STORE_04,Electronics,949.05,95,128.3,33.30000305175781
2025-10-16,PROD_04,Fast-Charging 20000mAh Power Bank,STORE_04,Electronics,949.05,109,124.0,15.0
2025-10-17,PROD_04,Fast-Charging 20000mAh Power Bank,STORE_04,Electronics,999.0,105,114.6,9.599998474121094
2025-10-18,PROD_04,Fast-Charging 20000mAh Power Bank,STORE_04,Electronics,999.0,138,124.2,-13.800003051757812
2025-10-19,PROD_04,Fast-Charging 20000mAh Power Bank,STORE_04,Electronics,999.0,150,124.0,-26.0
2025-10-20,PROD_04,Fast-Charging 20000mAh Power Bank,STORE_04,Electronics,999.0,84,96.6,12.599998474121094
2025-10-21,PROD_04,Fast-Charging 20000mAh Power Bank,STORE_04,Electronics,999.0,95,97.1,2.0999984741210938
2025-10-22,PROD_04,Fast-Charging 20000mAh Power Bank,STORE_04,Electronics,949.05,122,134.4,12.399993896484375
2025-10-23,PROD_04,Fast-Charging 20000mAh Power Bank,STORE_04,Electronics,959.04,80,97.4,17.400001525878906
2025-10-24,PROD_04,Fast-Charging 20000mAh Power Bank,STORE_04,Electronics,899.1,151,156.5,5.5
2025-10-25,PROD_04,Fast-Charging 20000mAh Power Bank,STORE_04,Electronics,999.0,107,126.2,19.199996948242188
2025-10-26,PROD_04,Fast-Charging 20000mAh Power Bank,STORE_04,Electronics,999.0,139,116.3,-22.699996948242188
2025-10-27,PROD_04,Fast-Charging 20000mAh Power Bank,STORE_04,Electronics,999.0,86,98.1,12.099998474121094
2025-10-28,PROD_04,Fast-Charging 20000mAh Power Bank,STORE_04,Electronics,999.0,95,95.4,0.40000152587890625
2025-10-29,PROD_04,Fast-Charging 20000mAh Power Bank,STORE_04,Electronics,999.0,99,100.4,1.4000015258789062
2025-10-30,PROD_04,Fast-Charging 20000mAh Power Bank,STORE_04,Electronics,999.0,83,100.6,17.599998474121094
2025-10-31,PROD_04,Fast-Charging 20000mAh Power Bank,STORE_04,Electronics,999.0,72,106.5,34.5
2025-11-01,PROD_04,Fast-Charging 20000mAh Power Bank,STORE_04,Electronics,899.1,153,167.5,14.5
2025-11-02,PROD_04,Fast-Charging 20000mAh Power Bank,STORE_04,Electronics,959.04,134,123.5,-10.5
2025-11-03,PROD_04,Fast-Charging 20000mAh Power Bank,STORE_04,Electronics,999.0,84,86.9,2.9000015258789062
2025-11-04,PROD_04,Fast-Charging 20000mAh Power Bank,STORE_04,Electronics,999.0,74,88.9,14.900001525878906
2025-11-05,PROD_04,Fast-Charging 20000mAh Power Bank,STORE_04,Electronics,999.0,115,87.6,-27.400001525878906
2025-11-06,PROD_04,Fast-Charging 20000mAh Power Bank,STORE_04,Electronics,999.0,89,88.6,-0.40000152587890625
2025-11-07,PROD_04,Fast-Charging 20000mAh Power Bank,STORE_04,Electronics,999.0,99,103.2,4.1999969482421875
2025-11-08,PROD_04,Fast-Charging 20000mAh Power Bank,STORE_04,Electronics,899.1,205,177.4,-27.600006103515625
2025-11-09,PROD_04,Fast-Charging 20000mAh Power Bank,STORE_04,Electronics,999.0,133,118.7,-14.300003051757812
2025-11-10,PROD_04,Fast-Charging 20000mAh Power Bank,STORE_04,Electronics,849.15,127,145.8,18.800003051757812
2025-11-11,PROD_04,Fast-Charging 20000mAh Power Bank,STORE_04,Electronics,979.02,95,88.3,-6.6999969482421875
2025-11-12,PROD_04,Fast-Charging 20000mAh Power Bank,STORE_04,Electronics,999.0,97,90.8,-6.1999969482421875
2025-11-13,PROD_04,Fast-Charging 20000mAh Power Bank,STORE_04,Electronics,849.15,125,152.6,27.600006103515625
2025-11-14,PROD_04,Fast-Charging 20000mAh Power Bank,STORE_04,Electronics,949.05,134,152.1,18.100006103515625
2025-11-15,PROD_04,Fast-Charging 20000mAh Power Bank,STORE_04,Electronics,999.0,108,133.4,25.399993896484375
2025-11-16,PROD_04,Fast-Charging 20000mAh Power Bank,STORE_04,Electronics,749.25,209,231.5,22.5
2025-11-17,PROD_04,Fast-Charging 20000mAh Power Bank,STORE_04,Electronics,999.0,77,96.8,19.800003051757812
2025-11-18,PROD_04,Fast-Charging 20000mAh Power Bank,STORE_04,Electronics,999.0,82,92.8,10.800003051757812
2025-11-19,PROD_04,Fast-Charging 20000mAh Power Bank,STORE_04,Electronics,999.0,91,90.0,-1.0
2025-11-20,PROD_04,Fast-Charging 20000mAh Power Bank,STORE_04,Electronics,999.0,81,87.8,6.8000030517578125
2025-11-21,PROD_04,Fast-Charging 20000mAh Power Bank,STORE_04,Electronics,899.1,141,148.6,7.600006103515625
2025-11-22,PROD_04,Fast-Charging 20000mAh Power Bank,STORE_04,Electronics,999.0,124,118.6,-5.400001525878906
2025-11-23,PROD_04,Fast-Charging 20000mAh Power Bank,STORE_04,Electronics,999.0,144,125.6,-18.400001525878906
2025-11-24,PROD_04,Fast-Charging 20000mAh Power Bank,STORE_04,Electronics,999.0,90,97.0,7.0
2025-11-25,PROD_04,Fast-Charging 20000mAh Power Bank,STORE_04,Electronics,999.0,87,99.5,12.5
2025-11-26,PROD_04,Fast-Charging 20000mAh Power Bank,STORE_04,Electronics,999.0,85,95.6,10.599998474121094
2025-11-27,PROD_04,Fast-Charging 20000mAh Power Bank,STORE_04,Electronics,999.0,83,96.5,13.5
2025-11-28,PROD_04,Fast-Charging 20000mAh Power Bank,STORE_04,Electronics,999.0,93,103.8,10.800003051757812
2025-11-29,PROD_04,Fast-Charging 20000mAh Power Bank,STORE_04,Electronics,999.0,121,119.6,-1.4000015258789062
2025-11-30,PROD_04,Fast-Charging 20000mAh Power Bank,STORE_04,Electronics,999.0,127,118.0,-9.0
2025-12-01,PROD_04,Fast-Charging 20000mAh Power Bank,STORE_04,Electronics,999.0,116,88.6,-27.400001525878906
2025-12-02,PROD_04,Fast-Charging 20000mAh Power Bank,STORE_04,Electronics,999.0,91,90.6,-0.40000152587890625
2025-12-03,PROD_04,Fast-Charging 20000mAh Power Bank,STORE_04,Electronics,999.0,93,93.7,0.6999969482421875
2025-12-04,PROD_04,Fast-Charging 20000mAh Power Bank,STORE_04,Electronics,999.0,86,92.7,6.6999969482421875
2025-12-05,PROD_04,Fast-Charging 20000mAh Power Bank,STORE_04,Electronics,979.02,108,108.9,0.9000015258789062
2025-12-06,PROD_04,Fast-Charging 20000mAh Power Bank,STORE_04,Electronics,959.04,101,126.6,25.599998474121094
2025-12-07,PROD_04,Fast-Charging 20000mAh Power Bank,STORE_04,Electronics,799.2,239,206.6,-32.399993896484375
2025-12-08,PROD_04,Fast-Charging 20000mAh Power Bank,STORE_04,Electronics,959.04,95,96.6,1.5999984741210938
2025-12-09,PROD_04,Fast-Charging 20000mAh Power Bank,STORE_04,Electronics,999.0,80,83.4,3.4000015258789062
2025-12-10,PROD_04,Fast-Charging 20000mAh Power Bank,STORE_04,Electronics,999.0,93,84.9,-8.099998474121094
2025-12-11,PROD_04,Fast-Charging 20000mAh Power Bank,STORE_04,Electronics,849.15,155,147.7,-7.3000030517578125
2025-12-12,PROD_04,Fast-Charging 20000mAh Power Bank,STORE_04,Electronics,999.0,120,103.8,-16.199996948242188
2025-12-13,PROD_04,Fast-Charging 20000mAh Power Bank,STORE_04,Electronics,899.1,216,183.7,-32.30000305175781
2025-12-14,PROD_04,Fast-Charging 20000mAh Power Bank,STORE_04,Electronics,999.0,115,129.8,14.800003051757812
2025-12-15,PROD_04,Fast-Charging 20000mAh Power Bank,STORE_04,Electronics,959.04,105,94.5,-10.5
2025-12-16,PROD_04,Fast-Charging 20000mAh Power Bank,STORE_04,Electronics,999.0,78,94.4,16.400001525878906
2025-12-17,PROD_04,Fast-Charging 20000mAh Power Bank,STORE_04,Electronics,849.15,129,149.0,20.0
2025-12-18,PROD_04,Fast-Charging 20000mAh Power Bank,STORE_04,Electronics,999.0,91,91.7,0.6999969482421875
2025-12-19,PROD_04,Fast-Charging 20000mAh Power Bank,STORE_04,Electronics,979.02,116,112.9,-3.0999984741210938
2025-12-20,PROD_04,Fast-Charging 20000mAh Power Bank,STORE_04,Electronics,999.0,135,121.4,-13.599998474121094
2025-12-21,PROD_04,Fast-Charging 20000mAh Power Bank,STORE_04,Electronics,999.0,112,129.2,17.199996948242188
2025-12-22,PROD_04,Fast-Charging 20000mAh Power Bank,STORE_04,Electronics,999.0,97,98.9,1.9000015258789062
2025-12-23,PROD_04,Fast-Charging 20000mAh Power Bank,STORE_04,Electronics,949.05,133,130.6,-2.399993896484375
2025-12-24,PROD_04,Fast-Charging 20000mAh Power Bank,STORE_04,Electronics,999.0,82,97.9,15.900001525878906
2025-12-25,PROD_04,Fast-Charging 20000mAh Power Bank,STORE_04,Electronics,999.0,102,99.3,-2.6999969482421875
2025-12-26,PROD_04,Fast-Charging 20000mAh Power Bank,STORE_04,Electronics,979.02,105,117.8,12.800003051757812
2025-12-27,PROD_04,Fast-Charging 20000mAh Power Bank,STORE_04,Electronics,999.0,138,126.1,-11.900001525878906
2025-12-28,PROD_04,Fast-Charging 20000mAh Power Bank,STORE_04,Electronics,949.05,186,168.5,-17.5
2025-12-29,PROD_04,Fast-Charging 20000mAh Power Bank,STORE_04,Electronics,949.05,129,123.2,-5.8000030517578125
2025-12-30,PROD_04,Fast-Charging 20000mAh Power Bank,STORE_04,Electronics,949.05,130,122.7,-7.3000030517578125
2025-12-31,PROD_04,Fast-Charging 20000mAh Power Bank,STORE_04,Electronics,999.0,92,96.0,4.0
2025-09-17,PROD_05,Organic Basmati Rice 5kg,STORE_01,Groceries,441.0,142,137.2,-4.8000030517578125
2025-09-18,PROD_05,Organic Basmati Rice 5kg,STORE_01,Groceries,450.0,107,137.2,30.199996948242188
2025-09-19,PROD_05,Organic Basmati Rice 5kg,STORE_01,Groceries,450.0,154,145.5,-8.5
2025-09-20,PROD_05,Organic Basmati Rice 5kg,STORE_01,Groceries,450.0,165,171.7,6.6999969482421875
2025-09-21,PROD_05,Organic Basmati Rice 5kg,STORE_01,Groceries,450.0,153,169.1,16.100006103515625
2025-09-22,PROD_05,Organic Basmati Rice 5kg,STORE_01,Groceries,450.0,132,128.8,-3.1999969482421875
2025-09-23,PROD_05,Organic Basmati Rice 5kg,STORE_01,Groceries,441.0,125,130.2,5.1999969482421875
2025-09-24,PROD_05,Organic Basmati Rice 5kg,STORE_01,Groceries,441.0,102,130.2,28.199996948242188
2025-09-25,PROD_05,Organic Basmati Rice 5kg,STORE_01,Groceries,450.0,146,126.1,-19.900001525878906
2025-09-26,PROD_05,Organic Basmati Rice 5kg,STORE_01,Groceries,450.0,182,149.7,-32.30000305175781
2025-09-27,PROD_05,Organic Basmati Rice 5kg,STORE_01,Groceries,450.0,165,170.3,5.3000030517578125
2025-09-28,PROD_05,Organic Basmati Rice 5kg,STORE_01,Groceries,450.0,181,170.9,-10.100006103515625
2025-09-29,PROD_05,Organic Basmati Rice 5kg,STORE_01,Groceries,450.0,145,125.9,-19.099998474121094
2025-09-30,PROD_05,Organic Basmati Rice 5kg,STORE_01,Groceries,450.0,117,130.6,13.600006103515625
2025-10-01,PROD_05,Organic Basmati Rice 5kg,STORE_01,Groceries,450.0,169,159.2,-9.800003051757812
2025-10-02,PROD_05,Organic Basmati Rice 5kg,STORE_01,Groceries,450.0,177,159.1,-17.899993896484375
2025-10-03,PROD_05,Organic Basmati Rice 5kg,STORE_01,Groceries,450.0,232,184.7,-47.30000305175781
2025-10-04,PROD_05,Organic Basmati Rice 5kg,STORE_01,Groceries,382.5,326,272.5,-53.5
2025-10-05,PROD_05,Organic Basmati Rice 5kg,STORE_01,Groceries,441.0,257,217.4,-39.600006103515625
2025-10-06,PROD_05,Organic Basmati Rice 5kg,STORE_01,Groceries,450.0,207,156.1,-50.899993896484375
2025-10-07,PROD_05,Organic Basmati Rice 5kg,STORE_01,Groceries,432.0,244,171.2,-72.80000305175781
2025-10-08,PROD_05,Organic Basmati Rice 5kg,STORE_01,Groceries,427.5,202,231.0,29.0
2025-10-09,PROD_05,Organic Basmati Rice 5kg,STORE_01,Groceries,450.0,206,182.2,-23.800003051757812
2025-10-10,PROD_05,Organic Basmati Rice 5kg,STORE_01,Groceries,441.0,197,215.1,18.100006103515625
2025-10-11,PROD_05,Organic Basmati Rice 5kg,STORE_01,Groceries,450.0,235,249.5,14.5
2025-10-12,PROD_05,Organic Basmati Rice 5kg,STORE_01,Groceries,360.0,315,358.9,43.899993896484375
2025-10-13,PROD_05,Organic Basmati Rice 5kg,STORE_01,Groceries,450.0,206,187.2,-18.800003051757812
2025-10-14,PROD_05,Organic Basmati Rice 5kg,STORE_01,Groceries,450.0,179,191.1,12.100006103515625
2025-10-15,PROD_05,Organic Basmati Rice 5kg,STORE_01,Groceries,427.5,213,235.7,22.699996948242188
2025-10-16,PROD_05,Organic Basmati Rice 5kg,STORE_01,Groceries,450.0,205,185.8,-19.199996948242188
2025-10-17,PROD_05,Organic Basmati Rice 5kg,STORE_01,Groceries,450.0,205,210.8,5.8000030517578125
2025-10-18,PROD_05,Organic Basmati Rice 5kg,STORE_01,Groceries,450.0,253,243.7,-9.300003051757812
2025-10-19,PROD_05,Organic Basmati Rice 5kg,STORE_01,Groceries,450.0,221,249.0,28.0
2025-10-20,PROD_05,Organic Basmati Rice 5kg,STORE_01,Groceries,450.0,229,188.2,-40.80000305175781
2025-10-21,PROD_05,Organic Basmati Rice 5kg,STORE_01,Groceries,450.0,141,186.4,45.399993896484375
2025-10-22,PROD_05,Organic Basmati Rice 5kg,STORE_01,Groceries,450.0,186,177.8,-8.199996948242188
2025-10-23,PROD_05,Organic Basmati Rice 5kg,STORE_01,Groceries,441.0,172,196.8,24.800003051757812
2025-10-24,PROD_05,Organic Basmati Rice 5kg,STORE_01,Groceries,450.0,196,211.8,15.800003051757812
2025-10-25,PROD_05,Organic Basmati Rice 5kg,STORE_01,Groceries,405.0,284,330.1,46.100006103515625
2025-10-26,PROD_05,Organic Basmati Rice 5kg,STORE_01,Groceries,450.0,227,246.5,19.5
2025-10-27,PROD_05,Organic Basmati Rice 5kg,STORE_01,Groceries,432.0,198,189.6,-8.399993896484375
2025-10-28,PROD_05,Organic Basmati Rice 5kg,STORE_01,Groceries,405.0,240,258.9,18.899993896484375
2025-10-29,PROD_05,Organic Basmati Rice 5kg,STORE_01,Groceries,432.0,177,201.8,24.800003051757812
2025-10-30,PROD_05,Organic Basmati Rice 5kg,STORE_01,Groceries,450.0,196,192.6,-3.399993896484375
2025-10-31,PROD_05,Organic Basmati Rice 5kg,STORE_01,Groceries,441.0,189,226.2,37.19999694824219
2025-11-01,PROD_05,Organic Basmati Rice 5kg,STORE_01,Groceries,405.0,275,328.4,53.399993896484375
2025-11-02,PROD_05,Organic Basmati Rice 5kg,STORE_01,Groceries,337.5,372,367.5,-4.5
2025-11-03,PROD_05,Organic Basmati Rice 5kg,STORE_01,Groceries,450.0,158,194.2,36.19999694824219
2025-11-04,PROD_05,Organic Basmati Rice 5kg,STORE_01,Groceries,441.0,199,198.4,-0.600006103515625
2025-11-05,PROD_05,Organic Basmati Rice 5kg,STORE_01,Groceries,450.0,188,189.0,1.0
2025-11-06,PROD_05,Organic Basmati Rice 5kg,STORE_01,Groceries,450.0,201,186.1,-14.899993896484375
2025-11-07,PROD_05,Organic Basmati Rice 5kg,STORE_01,Groceries,450.0,209,212.8,3.8000030517578125
2025-11-08,PROD_05,Organic Basmati Rice 5kg,STORE_01,Groceries,450.0,257,254.2,-2.8000030517578125
2025-11-09,PROD_05,Organic Basmati Rice 5kg,STORE_01,Groceries,441.0,280,249.1,-30.899993896484375
2025-11-10,PROD_05,Organic Basmati Rice 5kg,STORE_01,Groceries,450.0,184,180.1,-3.899993896484375
2025-11-11,PROD_05,Organic Basmati Rice 5kg,STORE_01,Groceries,405.0,275,252.7,-22.300003051757812
2025-11-12,PROD_05,Organic Basmati Rice 5kg,STORE_01,Groceries,405.0,253,259.4,6.399993896484375
2025-11-13,PROD_05,Organic Basmati Rice 5kg,STORE_01,Groceries,427.5,270,245.4,-24.600006103515625
2025-11-14,PROD_05,Organic Basmati Rice 5kg,STORE_01,Groceries,382.5,298,295.3,-2.70001220703125
2025-11-15,PROD_05,Organic Basmati Rice 5kg,STORE_01,Groceries,360.0,380,346.9,-33.100006103515625
2025-11-16,PROD_05,Organic Basmati Rice 5kg,STORE_01,Groceries,450.0,218,244.2,26.199996948242188
2025-11-17,PROD_05,Organic Basmati Rice 5kg,STORE_01,Groceries,450.0,177,191.6,14.600006103515625
2025-11-18,PROD_05,Organic Basmati Rice 5kg,STORE_01,Groceries,450.0,227,187.4,-39.600006103515625
2025-11-19,PROD_05,Organic Basmati Rice 5kg,STORE_01,Groceries,450.0,161,195.9,34.899993896484375
2025-11-20,PROD_05,Organic Basmati Rice 5kg,STORE_01,Groceries,382.5,243,252.4,9.399993896484375
2025-11-21,PROD_05,Organic Basmati Rice 5kg,STORE_01,Groceries,427.5,275,270.9,-4.100006103515625
2025-11-22,PROD_05,Organic Basmati Rice 5kg,STORE_01,Groceries,427.5,273,302.3,29.29998779296875
2025-11-23,PROD_05,Organic Basmati Rice 5kg,STORE_01,Groceries,450.0,298,249.5,-48.5
2025-11-24,PROD_05,Organic Basmati Rice 5kg,STORE_01,Groceries,432.0,161,200.4,39.399993896484375
2025-11-25,PROD_05,Organic Basmati Rice 5kg,STORE_01,Groceries,450.0,189,189.8,0.8000030517578125
2025-11-26,PROD_05,Organic Basmati Rice 5kg,STORE_01,Groceries,450.0,199,190.2,-8.800003051757812
2025-11-27,PROD_05,Organic Basmati Rice 5kg,STORE_01,Groceries,450.0,162,186.5,24.5
2025-11-28,PROD_05,Organic Basmati Rice 5kg,STORE_01,Groceries,450.0,208,211.5,3.5
2025-11-29,PROD_05,Organic Basmati Rice 5kg,STORE_01,Groceries,382.5,357,341.0,-16.0
2025-11-30,PROD_05,Organic Basmati Rice 5kg,STORE_01,Groceries,450.0,210,255.4,45.399993896484375
2025-12-01,PROD_05,Organic Basmati Rice 5kg,STORE_01,Groceries,450.0,188,195.5,7.5
2025-12-02,PROD_05,Organic Basmati Rice 5kg,STORE_01,Groceries,427.5,194,240.1,46.100006103515625
2025-12-03,PROD_05,Organic Basmati Rice 5kg,STORE_01,Groceries,360.0,290,245.7,-44.30000305175781
2025-12-04,PROD_05,Organic Basmati Rice 5kg,STORE_01,Groceries,432.0,199,199.0,0.0
2025-12-05,PROD_05,Organic Basmati Rice 5kg,STORE_01,Groceries,450.0,240,213.6,-26.399993896484375
2025-12-06,PROD_05,Organic Basmati Rice 5kg,STORE_01,Groceries,450.0,271,250.3,-20.699996948242188
2025-12-07,PROD_05,Organic Basmati Rice 5kg,STORE_01,Groceries,450.0,268,249.2,-18.800003051757812
2025-12-08,PROD_05,Organic Basmati Rice 5kg,STORE_01,Groceries,450.0,181,182.4,1.399993896484375
2025-12-09,PROD_05,Organic Basmati Rice 5kg,STORE_01,Groceries,450.0,180,184.8,4.8000030517578125
2025-12-10,PROD_05,Organic Basmati Rice 5kg,STORE_01,Groceries,450.0,217,184.8,-32.19999694824219
2025-12-11,PROD_05,Organic Basmati Rice 5kg,STORE_01,Groceries,450.0,207,182.0,-25.0
2025-12-12,PROD_05,Organic Basmati Rice 5kg,STORE_01,Groceries,450.0,234,212.5,-21.5
2025-12-13,PROD_05,Organic Basmati Rice 5kg,STORE_01,Groceries,450.0,248,251.1,3.100006103515625
2025-12-14,PROD_05,Organic Basmati Rice 5kg,STORE_01,Groceries,450.0,297,258.5,-38.5
2025-12-15,PROD_05,Organic Basmati Rice 5kg,STORE_01,Groceries,450.0,145,183.6,38.600006103515625
2025-12-16,PROD_05,Organic Basmati Rice 5kg,STORE_01,Groceries,450.0,163,188.1,25.100006103515625
2025-12-17,PROD_05,Organic Basmati Rice 5kg,STORE_01,Groceries,450.0,171,187.5,16.5
2025-12-18,PROD_05,Organic Basmati Rice 5kg,STORE_01,Groceries,427.5,186,241.9,55.899993896484375
2025-12-19,PROD_05,Organic Basmati Rice 5kg,STORE_01,Groceries,450.0,223,205.7,-17.300003051757812
2025-12-20,PROD_05,Organic Basmati Rice 5kg,STORE_01,Groceries,450.0,213,238.4,25.399993896484375
2025-12-21,PROD_05,Organic Basmati Rice 5kg,STORE_01,Groceries,450.0,259,237.6,-21.399993896484375
2025-12-22,PROD_05,Organic Basmati Rice 5kg,STORE_01,Groceries,450.0,195,178.5,-16.5
2025-12-23,PROD_05,Organic Basmati Rice 5kg,STORE_01,Groceries,427.5,259,236.9,-22.100006103515625
2025-12-24,PROD_05,Organic Basmati Rice 5kg,STORE_01,Groceries,405.0,265,257.6,-7.399993896484375
2025-12-25,PROD_05,Organic Basmati Rice 5kg,STORE_01,Groceries,450.0,179,189.2,10.199996948242188
2025-12-26,PROD_05,Organic Basmati Rice 5kg,STORE_01,Groceries,441.0,212,217.4,5.399993896484375
2025-12-27,PROD_05,Organic Basmati Rice 5kg,STORE_01,Groceries,450.0,302,248.2,-53.80000305175781
2025-12-28,PROD_05,Organic Basmati Rice 5kg,STORE_01,Groceries,427.5,360,317.7,-42.29998779296875
2025-12-29,PROD_05,Organic Basmati Rice 5kg,STORE_01,Groceries,427.5,243,246.0,3.0
2025-12-30,PROD_05,Organic Basmati Rice 5kg,STORE_01,Groceries,450.0,174,182.9,8.899993896484375
2025-12-31,PROD_05,Organic Basmati Rice 5kg,STORE_01,Groceries,450.0,232,183.7,-48.30000305175781
2025-09-17,PROD_05,Organic Basmati Rice 5kg,STORE_02,Groceries,450.0,164,126.2,-37.80000305175781
2025-09-18,PROD_05,Organic Basmati Rice 5kg,STORE_02,Groceries,441.0,133,128.2,-4.8000030517578125
2025-09-19,PROD_05,Organic Basmati Rice 5kg,STORE_02,Groceries,450.0,145,147.7,2.6999969482421875
2025-09-20,PROD_05,Organic Basmati Rice 5kg,STORE_02,Groceries,450.0,180,170.2,-9.800003051757812
2025-09-21,PROD_05,Organic Basmati Rice 5kg,STORE_02,Groceries,427.5,233,225.9,-7.100006103515625
2025-09-22,PROD_05,Organic Basmati Rice 5kg,STORE_02,Groceries,450.0,154,127.6,-26.400001525878906
2025-09-23,PROD_05,Organic Basmati Rice 5kg,STORE_02,Groceries,450.0,157,130.3,-26.699996948242188
2025-09-24,PROD_05,Organic Basmati Rice 5kg,STORE_02,Groceries,450.0,118,132.8,14.800003051757812
2025-09-25,PROD_05,Organic Basmati Rice 5kg,STORE_02,Groceries,450.0,189,133.9,-55.100006103515625
2025-09-26,PROD_05,Organic Basmati Rice 5kg,STORE_02,Groceries,450.0,122,155.7,33.69999694824219
2025-09-27,PROD_05,Organic Basmati Rice 5kg,STORE_02,Groceries,450.0,168,181.7,13.699996948242188
2025-09-28,PROD_05,Organic Basmati Rice 5kg,STORE_02,Groceries,441.0,207,176.6,-30.399993896484375
2025-09-29,PROD_05,Organic Basmati Rice 5kg,STORE_02,Groceries,450.0,129,133.9,4.899993896484375
2025-09-30,PROD_05,Organic Basmati Rice 5kg,STORE_02,Groceries,450.0,107,135.6,28.600006103515625
2025-10-01,PROD_05,Organic Basmati Rice 5kg,STORE_02,Groceries,450.0,173,148.0,-25.0
2025-10-02,PROD_05,Organic Basmati Rice 5kg,STORE_02,Groceries,450.0,169,160.8,-8.199996948242188
2025-10-03,PROD_05,Organic Basmati Rice 5kg,STORE_02,Groceries,382.5,302,245.3,-56.69999694824219
2025-10-04,PROD_05,Organic Basmati Rice 5kg,STORE_02,Groceries,450.0,175,207.3,32.30000305175781
2025-10-05,PROD_05,Organic Basmati Rice 5kg,STORE_02,Groceries,450.0,206,208.8,2.8000030517578125
2025-10-06,PROD_05,Organic Basmati Rice 5kg,STORE_02,Groceries,450.0,174,169.5,-4.5
2025-10-07,PROD_05,Organic Basmati Rice 5kg,STORE_02,Groceries,441.0,147,168.0,21.0
2025-10-08,PROD_05,Organic Basmati Rice 5kg,STORE_02,Groceries,450.0,171,157.9,-13.100006103515625
2025-10-09,PROD_05,Organic Basmati Rice 5kg,STORE_02,Groceries,450.0,205,157.6,-47.399993896484375
2025-10-10,PROD_05,Organic Basmati Rice 5kg,STORE_02,Groceries,382.5,305,260.1,-44.899993896484375
2025-10-11,PROD_05,Organic Basmati Rice 5kg,STORE_02,Groceries,450.0,261,216.8,-44.19999694824219
2025-10-12,PROD_05,Organic Basmati Rice 5kg,STORE_02,Groceries,382.5,271,349.2,78.20001220703125
2025-10-13,PROD_05,Organic Basmati Rice 5kg,STORE_02,Groceries,450.0,144,183.2,39.19999694824219
2025-10-14,PROD_05,Organic Basmati Rice 5kg,STORE_02,Groceries,360.0,230,238.8,8.800003051757812
2025-10-15,PROD_05,Organic Basmati Rice 5kg,STORE_02,Groceries,405.0,223,240.5,17.5
2025-10-16,PROD_05,Organic Basmati Rice 5kg,STORE_02,Groceries,450.0,192,179.4,-12.600006103515625
2025-10-17,PROD_05,Organic Basmati Rice 5kg,STORE_02,Groceries,441.0,205,206.7,1.6999969482421875
2025-10-18,PROD_05,Organic Basmati Rice 5kg,STORE_02,Groceries,450.0,242,240.3,-1.6999969482421875
2025-10-19,PROD_05,Organic Basmati Rice 5kg,STORE_02,Groceries,450.0,218,243.0,25.0
2025-10-20,PROD_05,Organic Basmati Rice 5kg,STORE_02,Groceries,450.0,173,174.4,1.399993896484375
2025-10-21,PROD_05,Organic Basmati Rice 5kg,STORE_02,Groceries,405.0,220,241.1,21.100006103515625
2025-10-22,PROD_05,Organic Basmati Rice 5kg,STORE_02,Groceries,450.0,160,171.7,11.699996948242188
2025-10-23,PROD_05,Organic Basmati Rice 5kg,STORE_02,Groceries,450.0,165,182.1,17.100006103515625
2025-10-24,PROD_05,Organic Basmati Rice 5kg,STORE_02,Groceries,450.0,171,187.2,16.199996948242188
2025-10-25,PROD_05,Organic Basmati Rice 5kg,STORE_02,Groceries,360.0,376,336.8,-39.20001220703125
2025-10-26,PROD_05,Organic Basmati Rice 5kg,STORE_02,Groceries,450.0,250,218.0,-32.0
2025-10-27,PROD_05,Organic Basmati Rice 5kg,STORE_02,Groceries,432.0,177,188.7,11.699996948242188
2025-10-28,PROD_05,Organic Basmati Rice 5kg,STORE_02,Groceries,450.0,166,164.4,-1.600006103515625
2025-10-29,PROD_05,Organic Basmati Rice 5kg,STORE_02,Groceries,450.0,142,168.1,26.100006103515625
2025-10-30,PROD_05,Organic Basmati Rice 5kg,STORE_02,Groceries,450.0,158,174.2,16.199996948242188
2025-10-31,PROD_05,Organic Basmati Rice 5kg,STORE_02,Groceries,450.0,190,205.3,15.300003051757812
2025-11-01,PROD_05,Organic Basmati Rice 5kg,STORE_02,Groceries,450.0,240,211.4,-28.600006103515625
2025-11-02,PROD_05,Organic Basmati Rice 5kg,STORE_02,Groceries,450.0,214,220.7,6.6999969482421875
2025-11-03,PROD_05,Organic Basmati Rice 5kg,STORE_02,Groceries,450.0,192,170.5,-21.5
2025-11-04,PROD_05,Organic Basmati Rice 5kg,STORE_02,Groceries,450.0,169,176.0,7.0
2025-11-05,PROD_05,Organic Basmati Rice 5kg,STORE_02,Groceries,450.0,141,166.3,25.300003051757812
2025-11-06,PROD_05,Organic Basmati Rice 5kg,STORE_02,Groceries,450.0,163,178.7,15.699996948242188
2025-11-07,PROD_05,Organic Basmati Rice 5kg,STORE_02,Groceries,450.0,189,189.3,0.3000030517578125
2025-11-08,PROD_05,Organic Basmati Rice 5kg,STORE_02,Groceries,427.5,248,293.8,45.79998779296875
2025-11-09,PROD_05,Organic Basmati Rice 5kg,STORE_02,Groceries,450.0,210,217.7,7.6999969482421875
2025-11-10,PROD_05,Organic Basmati Rice 5kg,STORE_02,Groceries,450.0,180,167.4,-12.600006103515625
2025-11-11,PROD_05,Organic Basmati Rice 5kg,STORE_02,Groceries,450.0,182,161.5,-20.5
2025-11-12,PROD_05,Organic Basmati Rice 5kg,STORE_02,Groceries,441.0,147,161.7,14.699996948242188
2025-11-13,PROD_05,Organic Basmati Rice 5kg,STORE_02,Groceries,450.0,211,172.2,-38.80000305175781
2025-11-14,PROD_05,Organic Basmati Rice 5kg,STORE_02,Groceries,450.0,210,191.0,-19.0
2025-11-15,PROD_05,Organic Basmati Rice 5kg,STORE_02,Groceries,450.0,221,217.5,-3.5
2025-11-16,PROD_05,Organic Basmati Rice 5kg,STORE_02,Groceries,337.5,319,340.4,21.399993896484375
2025-11-17,PROD_05,Organic Basmati Rice 5kg,STORE_02,Groceries,450.0,161,162.2,1.1999969482421875
2025-11-18,PROD_05,Organic Basmati Rice 5kg,STORE_02,Groceries,450.0,187,167.8,-19.199996948242188
2025-11-19,PROD_05,Organic Basmati Rice 5kg,STORE_02,Groceries,450.0,171,165.3,-5.6999969482421875
2025-11-20,PROD_05,Organic Basmati Rice 5kg,STORE_02,Groceries,405.0,215,232.3,17.300003051757812
2025-11-21,PROD_05,Organic Basmati Rice 5kg,STORE_02,Groceries,427.5,239,263.0,24.0
2025-11-22,PROD_05,Organic Basmati Rice 5kg,STORE_02,Groceries,427.5,284,309.3,25.29998779296875
2025-11-23,PROD_05,Organic Basmati Rice 5kg,STORE_02,Groceries,450.0,211,228.6,17.600006103515625
2025-11-24,PROD_05,Organic Basmati Rice 5kg,STORE_02,Groceries,450.0,181,169.2,-11.800003051757812
2025-11-25,PROD_05,Organic Basmati Rice 5kg,STORE_02,Groceries,450.0,209,168.5,-40.5
2025-11-26,PROD_05,Organic Basmati Rice 5kg,STORE_02,Groceries,405.0,245,239.1,-5.899993896484375
2025-11-27,PROD_05,Organic Basmati Rice 5kg,STORE_02,Groceries,450.0,174,168.8,-5.1999969482421875
2025-11-28,PROD_05,Organic Basmati Rice 5kg,STORE_02,Groceries,450.0,179,201.6,22.600006103515625
2025-11-29,PROD_05,Organic Basmati Rice 5kg,STORE_02,Groceries,450.0,177,212.9,35.899993896484375
2025-11-30,PROD_05,Organic Basmati Rice 5kg,STORE_02,Groceries,450.0,195,220.2,25.199996948242188
2025-12-01,PROD_05,Organic Basmati Rice 5kg,STORE_02,Groceries,450.0,181,168.2,-12.800003051757812
2025-12-02,PROD_05,Organic Basmati Rice 5kg,STORE_02,Groceries,450.0,144,169.9,25.899993896484375
2025-12-03,PROD_05,Organic Basmati Rice 5kg,STORE_02,Groceries,427.5,251,226.6,-24.399993896484375
2025-12-04,PROD_05,Organic Basmati Rice 5kg,STORE_02,Groceries,450.0,183,172.6,-10.399993896484375
2025-12-05,PROD_05,Organic Basmati Rice 5kg,STORE_02,Groceries,450.0,241,203.8,-37.19999694824219
2025-12-06,PROD_05,Organic Basmati Rice 5kg,STORE_02,Groceries,450.0,212,222.5,10.5
2025-12-07,PROD_05,Organic Basmati Rice 5kg,STORE_02,Groceries,450.0,158,220.7,62.69999694824219
2025-12-08,PROD_05,Organic Basmati Rice 5kg,STORE_02,Groceries,450.0,188,172.5,-15.5
2025-12-09,PROD_05,Organic Basmati Rice 5kg,STORE_02,Groceries,346.43,271,262.9,-8.100006103515625
2025-12-10,PROD_05,Organic Basmati Rice 5kg,STORE_02,Groceries,450.0,174,176.5,2.5
2025-12-11,PROD_05,Organic Basmati Rice 5kg,STORE_02,Groceries,450.0,164,164.5,0.5
2025-12-12,PROD_05,Organic Basmati Rice 5kg,STORE_02,Groceries,450.0,236,188.6,-47.399993896484375
2025-12-13,PROD_05,Organic Basmati Rice 5kg,STORE_02,Groceries,450.0,227,216.8,-10.199996948242188
2025-12-14,PROD_05,Organic Basmati Rice 5kg,STORE_02,Groceries,427.5,263,298.8,35.79998779296875
2025-12-15,PROD_05,Organic Basmati Rice 5kg,STORE_02,Groceries,432.0,160,176.0,16.0
2025-12-16,PROD_05,Organic Basmati Rice 5kg,STORE_02,Groceries,450.0,175,174.1,-0.899993896484375
2025-12-17,PROD_05,Organic Basmati Rice 5kg,STORE_02,Groceries,450.0,214,172.8,-41.19999694824219
2025-12-18,PROD_05,Organic Basmati Rice 5kg,STORE_02,Groceries,441.0,168,173.4,5.399993896484375
2025-12-19,PROD_05,Organic Basmati Rice 5kg,STORE_02,Groceries,450.0,189,195.8,6.8000030517578125
2025-12-20,PROD_05,Organic Basmati Rice 5kg,STORE_02,Groceries,382.5,278,319.7,41.70001220703125
2025-12-21,PROD_05,Organic Basmati Rice 5kg,STORE_02,Groceries,450.0,238,220.6,-17.399993896484375
2025-12-22,PROD_05,Organic Basmati Rice 5kg,STORE_02,Groceries,441.0,158,174.9,16.899993896484375
2025-12-23,PROD_05,Organic Basmati Rice 5kg,STORE_02,Groceries,405.0,208,246.6,38.600006103515625
2025-12-24,PROD_05,Organic Basmati Rice 5kg,STORE_02,Groceries,441.0,160,170.9,10.899993896484375
2025-12-25,PROD_05,Organic Basmati Rice 5kg,STORE_02,Groceries,450.0,198,173.7,-24.300003051757812
2025-12-26,PROD_05,Organic Basmati Rice 5kg,STORE_02,Groceries,450.0,208,195.6,-12.399993896484375
2025-12-27,PROD_05,Organic Basmati Rice 5kg,STORE_02,Groceries,382.5,282,324.5,42.5
2025-12-28,PROD_05,Organic Basmati Rice 5kg,STORE_02,Groceries,450.0,213,214.5,1.5
2025-12-29,PROD_05,Organic Basmati Rice 5kg,STORE_02,Groceries,450.0,178,167.7,-10.300003051757812
2025-12-30,PROD_05,Organic Basmati Rice 5kg,STORE_02,Groceries,450.0,159,172.1,13.100006103515625
2025-12-31,PROD_05,Organic Basmati Rice 5kg,STORE_02,Groceries,427.5,232,230.3,-1.6999969482421875
2025-09-17,PROD_05,Organic Basmati Rice 5kg,STORE_03,Groceries,450.0,138,144.4,6.399993896484375
2025-09-18,PROD_05,Organic Basmati Rice 5kg,STORE_03,Groceries,432.0,176,146.1,-29.899993896484375
2025-09-19,PROD_05,Organic Basmati Rice 5kg,STORE_03,Groceries,450.0,151,168.9,17.899993896484375
2025-09-20,PROD_05,Organic Basmati Rice 5kg,STORE_03,Groceries,427.5,260,239.7,-20.300003051757812
2025-09-21,PROD_05,Organic Basmati Rice 5kg,STORE_03,Groceries,450.0,171,195.6,24.600006103515625
2025-09-22,PROD_05,Organic Basmati Rice 5kg,STORE_03,Groceries,450.0,186,145.1,-40.899993896484375
2025-09-23,PROD_05,Organic Basmati Rice 5kg,STORE_03,Groceries,450.0,196,139.7,-56.30000305175781
2025-09-24,PROD_05,Organic Basmati Rice 5kg,STORE_03,Groceries,450.0,168,145.2,-22.800003051757812
2025-09-25,PROD_05,Organic Basmati Rice 5kg,STORE_03,Groceries,432.0,136,145.9,9.899993896484375
2025-09-26,PROD_05,Organic Basmati Rice 5kg,STORE_03,Groceries,450.0,139,165.0,26.0
2025-09-27,PROD_05,Organic Basmati Rice 5kg,STORE_03,Groceries,432.0,184,194.9,10.899993896484375
2025-09-28,PROD_05,Organic Basmati Rice 5kg,STORE_03,Groceries,450.0,159,204.0,45.0
2025-09-29,PROD_05,Organic Basmati Rice 5kg,STORE_03,Groceries,450.0,121,147.7,26.699996948242188
2025-09-30,PROD_05,Organic Basmati Rice 5kg,STORE_03,Groceries,450.0,152,144.2,-7.8000030517578125
2025-10-01,PROD_05,Organic Basmati Rice 5kg,STORE_03,Groceries,450.0,176,173.3,-2.6999969482421875
2025-10-02,PROD_05,Organic Basmati Rice 5kg,STORE_03,Groceries,450.0,171,174.9,3.899993896484375
2025-10-03,PROD_05,Organic Basmati Rice 5kg,STORE_03,Groceries,450.0,234,196.2,-37.80000305175781
2025-10-04,PROD_05,Organic Basmati Rice 5kg,STORE_03,Groceries,450.0,236,221.8,-14.199996948242188
2025-10-05,PROD_05,Organic Basmati Rice 5kg,STORE_03,Groceries,405.0,430,286.5,-143.5
2025-10-06,PROD_05,Organic Basmati Rice 5kg,STORE_03,Groceries,450.0,183,187.2,4.1999969482421875
2025-10-07,PROD_05,Organic Basmati Rice 5kg,STORE_03,Groceries,432.0,220,183.2,-36.80000305175781
2025-10-08,PROD_05,Organic Basmati Rice 5kg,STORE_03,Groceries,450.0,187,186.1,-0.899993896484375
2025-10-09,PROD_05,Organic Basmati Rice 5kg,STORE_03,Groceries,450.0,188,196.4,8.399993896484375
2025-10-10,PROD_05,Organic Basmati Rice 5kg,STORE_03,Groceries,382.5,305,296.2,-8.79998779296875
2025-10-11,PROD_05,Organic Basmati Rice 5kg,STORE_03,Groceries,450.0,238,241.6,3.600006103515625
2025-10-12,PROD_05,Organic Basmati Rice 5kg,STORE_03,Groceries,405.0,284,356.1,72.10000610351562
2025-10-13,PROD_05,Organic Basmati Rice 5kg,STORE_03,Groceries,432.0,196,200.1,4.100006103515625
2025-10-14,PROD_05,Organic Basmati Rice 5kg,STORE_03,Groceries,450.0,196,194.7,-1.3000030517578125
2025-10-15,PROD_05,Organic Basmati Rice 5kg,STORE_03,Groceries,450.0,206,191.9,-14.100006103515625
2025-10-16,PROD_05,Organic Basmati Rice 5kg,STORE_03,Groceries,450.0,210,197.2,-12.800003051757812
2025-10-17,PROD_05,Organic Basmati Rice 5kg,STORE_03,Groceries,450.0,234,216.5,-17.5
2025-10-18,PROD_05,Organic Basmati Rice 5kg,STORE_03,Groceries,450.0,217,250.0,33.0
2025-10-19,PROD_05,Organic Basmati Rice 5kg,STORE_03,Groceries,441.0,223,241.2,18.199996948242188
2025-10-20,PROD_05,Organic Basmati Rice 5kg,STORE_03,Groceries,450.0,158,198.7,40.69999694824219
2025-10-21,PROD_05,Organic Basmati Rice 5kg,STORE_03,Groceries,450.0,166,193.1,27.100006103515625
2025-10-22,PROD_05,Organic Basmati Rice 5kg,STORE_03,Groceries,450.0,222,193.2,-28.800003051757812
2025-10-23,PROD_05,Organic Basmati Rice 5kg,STORE_03,Groceries,360.0,304,266.2,-37.79998779296875
2025-10-24,PROD_05,Organic Basmati Rice 5kg,STORE_03,Groceries,450.0,232,217.8,-14.199996948242188
2025-10-25,PROD_05,Organic Basmati Rice 5kg,STORE_03,Groceries,450.0,267,256.7,-10.29998779296875
2025-10-26,PROD_05,Organic Basmati Rice 5kg,STORE_03,Groceries,450.0,242,251.7,9.699996948242188
2025-10-27,PROD_05,Organic Basmati Rice 5kg,STORE_03,Groceries,450.0,189,195.8,6.8000030517578125
2025-10-28,PROD_05,Organic Basmati Rice 5kg,STORE_03,Groceries,450.0,162,204.9,42.899993896484375
2025-10-29,PROD_05,Organic Basmati Rice 5kg,STORE_03,Groceries,450.0,152,199.3,47.30000305175781
2025-10-30,PROD_05,Organic Basmati Rice 5kg,STORE_03,Groceries,441.0,195,192.9,-2.100006103515625
2025-10-31,PROD_05,Organic Basmati Rice 5kg,STORE_03,Groceries,441.0,223,218.7,-4.3000030517578125
2025-11-01,PROD_05,Organic Basmati Rice 5kg,STORE_03,Groceries,450.0,267,242.8,-24.199996948242188
2025-11-02,PROD_05,Organic Basmati Rice 5kg,STORE_03,Groceries,432.0,300,241.9,-58.100006103515625
2025-11-03,PROD_05,Organic Basmati Rice 5kg,STORE_03,Groceries,360.0,262,266.1,4.100006103515625
2025-11-04,PROD_05,Organic Basmati Rice 5kg,STORE_03,Groceries,450.0,228,194.1,-33.899993896484375
2025-11-05,PROD_05,Organic Basmati Rice 5kg,STORE_03,Groceries,450.0,194,194.8,0.8000030517578125
2025-11-06,PROD_05,Organic Basmati Rice 5kg,STORE_03,Groceries,432.0,187,195.0,8.0
2025-11-07,PROD_05,Organic Basmati Rice 5kg,STORE_03,Groceries,405.0,252,299.4,47.399993896484375
2025-11-08,PROD_05,Organic Basmati Rice 5kg,STORE_03,Groceries,441.0,217,245.3,28.300003051757812
2025-11-09,PROD_05,Organic Basmati Rice 5kg,STORE_03,Groceries,450.0,242,247.5,5.5
2025-11-10,PROD_05,Organic Basmati Rice 5kg,STORE_03,Groceries,450.0,211,179.8,-31.199996948242188
2025-11-11,PROD_05,Organic Basmati Rice 5kg,STORE_03,Groceries,405.0,236,245.3,9.300003051757812
2025-11-12,PROD_05,Organic Basmati Rice 5kg,STORE_03,Groceries,450.0,175,187.1,12.100006103515625
2025-11-13,PROD_05,Organic Basmati Rice 5kg,STORE_03,Groceries,405.0,310,254.1,-55.899993896484375
2025-11-14,PROD_05,Organic Basmati Rice 5kg,STORE_03,Groceries,450.0,211,213.8,2.8000030517578125
2025-11-15,PROD_05,Organic Basmati Rice 5kg,STORE_03,Groceries,382.5,294,331.8,37.79998779296875
2025-11-16,PROD_05,Organic Basmati Rice 5kg,STORE_03,Groceries,405.0,396,342.9,-53.100006103515625
2025-11-17,PROD_05,Organic Basmati Rice 5kg,STORE_03,Groceries,450.0,159,192.8,33.80000305175781
2025-11-18,PROD_05,Organic Basmati Rice 5kg,STORE_03,Groceries,432.0,165,195.1,30.100006103515625
2025-11-19,PROD_05,Organic Basmati Rice 5kg,STORE_03,Groceries,427.5,190,262.4,72.39999389648438
2025-11-20,PROD_05,Organic Basmati Rice 5kg,STORE_03,Groceries,441.0,187,191.8,4.8000030517578125
2025-11-21,PROD_05,Organic Basmati Rice 5kg,STORE_03,Groceries,450.0,221,228.8,7.8000030517578125
2025-11-22,PROD_05,Organic Basmati Rice 5kg,STORE_03,Groceries,360.0,358,330.2,-27.79998779296875
2025-11-23,PROD_05,Organic Basmati Rice 5kg,STORE_03,Groceries,450.0,221,240.5,19.5
2025-11-24,PROD_05,Organic Basmati Rice 5kg,STORE_03,Groceries,405.0,251,255.7,4.6999969482421875
2025-11-25,PROD_05,Organic Basmati Rice 5kg,STORE_03,Groceries,450.0,217,193.4,-23.600006103515625
2025-11-26,PROD_05,Organic Basmati Rice 5kg,STORE_03,Groceries,450.0,175,191.4,16.399993896484375
2025-11-27,PROD_05,Organic Basmati Rice 5kg,STORE_03,Groceries,450.0,156,188.7,32.69999694824219
2025-11-28,PROD_05,Organic Basmati Rice 5kg,STORE_03,Groceries,450.0,258,215.9,-42.100006103515625
2025-11-29,PROD_05,Organic Basmati Rice 5kg,STORE_03,Groceries,450.0,236,241.8,5.8000030517578125
2025-11-30,PROD_05,Organic Basmati Rice 5kg,STORE_03,Groceries,450.0,259,243.9,-15.100006103515625
2025-12-01,PROD_05,Organic Basmati Rice 5kg,STORE_03,Groceries,427.5,259,239.2,-19.800003051757812
2025-12-02,PROD_05,Organic Basmati Rice 5kg,STORE_03,Groceries,450.0,218,189.0,-29.0
2025-12-03,PROD_05,Organic Basmati Rice 5kg,STORE_03,Groceries,450.0,183,190.5,7.5
2025-12-04,PROD_05,Organic Basmati Rice 5kg,STORE_03,Groceries,450.0,215,204.3,-10.699996948242188
2025-12-05,PROD_05,Organic Basmati Rice 5kg,STORE_03,Groceries,450.0,256,213.0,-43.0
2025-12-06,PROD_05,Organic Basmati Rice 5kg,STORE_03,Groceries,427.5,361,299.4,-61.600006103515625
2025-12-07,PROD_05,Organic Basmati Rice 5kg,STORE_03,Groceries,450.0,269,241.6,-27.399993896484375
2025-12-08,PROD_05,Organic Basmati Rice 5kg,STORE_03,Groceries,450.0,192,179.9,-12.100006103515625
2025-12-09,PROD_05,Organic Basmati Rice 5kg,STORE_03,Groceries,450.0,190,186.4,-3.600006103515625
2025-12-10,PROD_05,Organic Basmati Rice 5kg,STORE_03,Groceries,450.0,213,191.2,-21.800003051757812
2025-12-11,PROD_05,Organic Basmati Rice 5kg,STORE_03,Groceries,450.0,193,188.9,-4.100006103515625
2025-12-12,PROD_05,Organic Basmati Rice 5kg,STORE_03,Groceries,450.0,207,203.9,-3.100006103515625
2025-12-13,PROD_05,Organic Basmati Rice 5kg,STORE_03,Groceries,450.0,227,244.9,17.899993896484375
2025-12-14,PROD_05,Organic Basmati Rice 5kg,STORE_03,Groceries,432.0,240,246.1,6.100006103515625
2025-12-15,PROD_05,Organic Basmati Rice 5kg,STORE_03,Groceries,441.0,178,190.4,12.399993896484375
2025-12-16,PROD_05,Organic Basmati Rice 5kg,STORE_03,Groceries,450.0,168,195.4,27.399993896484375
2025-12-17,PROD_05,Organic Basmati Rice 5kg,STORE_03,Groceries,450.0,196,194.9,-1.100006103515625
2025-12-18,PROD_05,Organic Basmati Rice 5kg,STORE_03,Groceries,450.0,172,192.1,20.100006103515625
2025-12-19,PROD_05,Organic Basmati Rice 5kg,STORE_03,Groceries,450.0,223,212.3,-10.699996948242188
2025-12-20,PROD_05,Organic Basmati Rice 5kg,STORE_03,Groceries,450.0,268,240.3,-27.699996948242188
2025-12-21,PROD_05,Organic Basmati Rice 5kg,STORE_03,Groceries,360.0,415,352.9,-62.100006103515625
2025-12-22,PROD_05,Organic Basmati Rice 5kg,STORE_03,Groceries,382.5,233,256.0,23.0
2025-12-23,PROD_05,Organic Basmati Rice 5kg,STORE_03,Groceries,432.0,245,197.4,-47.600006103515625
2025-12-24,PROD_05,Organic Basmati Rice 5kg,STORE_03,Groceries,432.0,223,196.1,-26.899993896484375
2025-12-25,PROD_05,Organic Basmati Rice 5kg,STORE_03,Groceries,346.7,291,270.7,-20.29998779296875
2025-12-26,PROD_05,Organic Basmati Rice 5kg,STORE_03,Groceries,427.5,312,273.4,-38.600006103515625
2025-12-27,PROD_05,Organic Basmati Rice 5kg,STORE_03,Groceries,382.5,333,325.6,-7.399993896484375
2025-12-28,PROD_05,Organic Basmati Rice 5kg,STORE_03,Groceries,427.5,315,311.2,-3.79998779296875
2025-12-29,PROD_05,Organic Basmati Rice 5kg,STORE_03,Groceries,450.0,187,183.1,-3.899993896484375
2025-12-30,PROD_05,Organic Basmati Rice 5kg,STORE_03,Groceries,405.0,299,236.7,-62.30000305175781
2025-12-31,PROD_05,Organic Basmati Rice 5kg,STORE_03,Groceries,405.0,317,252.6,-64.39999389648438
2025-09-17,PROD_05,Organic Basmati Rice 5kg,STORE_04,Groceries,382.5,132,143.1,11.100006103515625
2025-09-18,PROD_05,Organic Basmati Rice 5kg,STORE_04,Groceries,450.0,78,100.1,22.099998474121094
2025-09-19,PROD_05,Organic Basmati Rice 5kg,STORE_04,Groceries,450.0,98,106.6,8.599998474121094
2025-09-20,PROD_05,Organic Basmati Rice 5kg,STORE_04,Groceries,450.0,151,125.2,-25.800003051757812
2025-09-21,PROD_05,Organic Basmati Rice 5kg,STORE_04,Groceries,450.0,103,121.1,18.099998474121094
2025-09-22,PROD_05,Organic Basmati Rice 5kg,STORE_04,Groceries,450.0,103,98.7,-4.3000030517578125
2025-09-23,PROD_05,Organic Basmati Rice 5kg,STORE_04,Groceries,450.0,79,98.4,19.400001525878906
2025-09-24,PROD_05,Organic Basmati Rice 5kg,STORE_04,Groceries,450.0,87,99.1,12.099998474121094
2025-09-25,PROD_05,Organic Basmati Rice 5kg,STORE_04,Groceries,450.0,106,95.5,-10.5
2025-09-26,PROD_05,Organic Basmati Rice 5kg,STORE_04,Groceries,450.0,117,111.8,-5.1999969482421875
2025-09-27,PROD_05,Organic Basmati Rice 5kg,STORE_04,Groceries,450.0,131,127.9,-3.0999984741210938
2025-09-28,PROD_05,Organic Basmati Rice 5kg,STORE_04,Groceries,405.0,209,174.3,-34.69999694824219
2025-09-29,PROD_05,Organic Basmati Rice 5kg,STORE_04,Groceries,450.0,103,95.7,-7.3000030517578125
2025-09-30,PROD_05,Organic Basmati Rice 5kg,STORE_04,Groceries,450.0,85,99.0,14.0
2025-10-01,PROD_05,Organic Basmati Rice 5kg,STORE_04,Groceries,450.0,152,111.4,-40.599998474121094
2025-10-02,PROD_05,Organic Basmati Rice 5kg,STORE_04,Groceries,450.0,131,117.5,-13.5
2025-10-03,PROD_05,Organic Basmati Rice 5kg,STORE_04,Groceries,450.0,155,138.8,-16.199996948242188
2025-10-04,PROD_05,Organic Basmati Rice 5kg,STORE_04,Groceries,441.0,195,149.7,-45.30000305175781
2025-10-05,PROD_05,Organic Basmati Rice 5kg,STORE_04,Groceries,450.0,161,152.2,-8.800003051757812
2025-10-06,PROD_05,Organic Basmati Rice 5kg,STORE_04,Groceries,450.0,137,125.1,-11.900001525878906
2025-10-07,PROD_05,Organic Basmati Rice 5kg,STORE_04,Groceries,450.0,126,125.3,-0.6999969482421875
2025-10-08,PROD_05,Organic Basmati Rice 5kg,STORE_04,Groceries,441.0,128,123.1,-4.900001525878906
2025-10-09,PROD_05,Organic Basmati Rice 5kg,STORE_04,Groceries,450.0,134,136.5,2.5
2025-10-10,PROD_05,Organic Basmati Rice 5kg,STORE_04,Groceries,382.5,195,200.7,5.6999969482421875
2025-10-11,PROD_05,Organic Basmati Rice 5kg,STORE_04,Groceries,382.5,241,240.5,-0.5
2025-10-12,PROD_05,Organic Basmati Rice 5kg,STORE_04,Groceries,360.0,233,255.3,22.300003051757812
2025-10-13,PROD_05,Organic Basmati Rice 5kg,STORE_04,Groceries,450.0,137,128.2,-8.800003051757812
2025-10-14,PROD_05,Organic Basmati Rice 5kg,STORE_04,Groceries,450.0,152,131.6,-20.399993896484375
2025-10-15,PROD_05,Organic Basmati Rice 5kg,STORE_04,Groceries,450.0,160,133.7,-26.300003051757812
2025-10-16,PROD_05,Organic Basmati Rice 5kg,STORE_04,Groceries,405.0,201,170.3,-30.699996948242188
2025-10-17,PROD_05,Organic Basmati Rice 5kg,STORE_04,Groceries,450.0,163,155.4,-7.600006103515625
2025-10-18,PROD_05,Organic Basmati Rice 5kg,STORE_04,Groceries,432.0,166,173.1,7.100006103515625
2025-10-19,PROD_05,Organic Basmati Rice 5kg,STORE_04,Groceries,450.0,145,177.0,32.0
2025-10-20,PROD_05,Organic Basmati Rice 5kg,STORE_04,Groceries,450.0,145,137.3,-7.6999969482421875
2025-10-21,PROD_05,Organic Basmati Rice 5kg,STORE_04,Groceries,382.5,184,183.3,-0.6999969482421875
2025-10-22,PROD_05,Organic Basmati Rice 5kg,STORE_04,Groceries,450.0,142,141.9,-0.100006103515625
2025-10-23,PROD_05,Organic Basmati Rice 5kg,STORE_04,Groceries,450.0,93,145.3,52.30000305175781
2025-10-24,PROD_05,Organic Basmati Rice 5kg,STORE_04,Groceries,450.0,142,150.8,8.800003051757812
2025-10-25,PROD_05,Organic Basmati Rice 5kg,STORE_04,Groceries,337.98,216,275.5,59.5
2025-10-26,PROD_05,Organic Basmati Rice 5kg,STORE_04,Groceries,441.0,222,175.4,-46.600006103515625
2025-10-27,PROD_05,Organic Basmati Rice 5kg,STORE_04,Groceries,450.0,133,138.9,5.899993896484375
2025-10-28,PROD_05,Organic Basmati Rice 5kg,STORE_04,Groceries,432.0,144,142.1,-1.899993896484375
2025-10-29,PROD_05,Organic Basmati Rice 5kg,STORE_04,Groceries,450.0,157,139.4,-17.600006103515625
2025-10-30,PROD_05,Organic Basmati Rice 5kg,STORE_04,Groceries,441.0,148,145.0,-3.0
2025-10-31,PROD_05,Organic Basmati Rice 5kg,STORE_04,Groceries,450.0,172,165.6,-6.399993896484375
2025-11-01,PROD_05,Organic Basmati Rice 5kg,STORE_04,Groceries,450.0,180,175.5,-4.5
2025-11-02,PROD_05,Organic Basmati Rice 5kg,STORE_04,Groceries,450.0,157,184.3,27.300003051757812
2025-11-03,PROD_05,Organic Basmati Rice 5kg,STORE_04,Groceries,450.0,112,134.7,22.699996948242188
2025-11-04,PROD_05,Organic Basmati Rice 5kg,STORE_04,Groceries,450.0,141,131.8,-9.199996948242188
2025-11-05,PROD_05,Organic Basmati Rice 5kg,STORE_04,Groceries,360.0,161,192.1,31.100006103515625
2025-11-06,PROD_05,Organic Basmati Rice 5kg,STORE_04,Groceries,450.0,139,133.8,-5.1999969482421875
2025-11-07,PROD_05,Organic Basmati Rice 5kg,STORE_04,Groceries,450.0,162,153.0,-9.0
2025-11-08,PROD_05,Organic Basmati Rice 5kg,STORE_04,Groceries,450.0,178,172.9,-5.100006103515625
2025-11-09,PROD_05,Organic Basmati Rice 5kg,STORE_04,Groceries,441.0,181,173.3,-7.6999969482421875
2025-11-10,PROD_05,Organic Basmati Rice 5kg,STORE_04,Groceries,450.0,138,132.5,-5.5
2025-11-11,PROD_05,Organic Basmati Rice 5kg,STORE_04,Groceries,450.0,130,135.8,5.8000030517578125
2025-11-12,PROD_05,Organic Basmati Rice 5kg,STORE_04,Groceries,382.5,199,196.6,-2.399993896484375
2025-11-13,PROD_05,Organic Basmati Rice 5kg,STORE_04,Groceries,441.0,157,136.7,-20.300003051757812
2025-11-14,PROD_05,Organic Basmati Rice 5kg,STORE_04,Groceries,427.5,188,199.5,11.5
2025-11-15,PROD_05,Organic Basmati Rice 5kg,STORE_04,Groceries,450.0,203,179.5,-23.5
2025-11-16,PROD_05,Organic Basmati Rice 5kg,STORE_04,Groceries,441.0,188,175.8,-12.199996948242188
2025-11-17,PROD_05,Organic Basmati Rice 5kg,STORE_04,Groceries,450.0,189,131.7,-57.30000305175781
2025-11-18,PROD_05,Organic Basmati Rice 5kg,STORE_04,Groceries,450.0,123,138.0,15.0
2025-11-19,PROD_05,Organic Basmati Rice 5kg,STORE_04,Groceries,450.0,131,131.2,0.1999969482421875
2025-11-20,PROD_05,Organic Basmati Rice 5kg,STORE_04,Groceries,441.0,123,137.5,14.5
2025-11-21,PROD_05,Organic Basmati Rice 5kg,STORE_04,Groceries,450.0,186,155.8,-30.199996948242188
2025-11-22,PROD_05,Organic Basmati Rice 5kg,STORE_04,Groceries,432.0,172,176.0,4.0
2025-11-23,PROD_05,Organic Basmati Rice 5kg,STORE_04,Groceries,450.0,152,178.9,26.899993896484375
2025-11-24,PROD_05,Organic Basmati Rice 5kg,STORE_04,Groceries,405.0,202,186.3,-15.699996948242188
2025-11-25,PROD_05,Organic Basmati Rice 5kg,STORE_04,Groceries,441.0,143,137.7,-5.3000030517578125
2025-11-26,PROD_05,Organic Basmati Rice 5kg,STORE_04,Groceries,450.0,127,128.6,1.600006103515625
2025-11-27,PROD_05,Organic Basmati Rice 5kg,STORE_04,Groceries,450.0,155,146.1,-8.899993896484375
2025-11-28,PROD_05,Organic Basmati Rice 5kg,STORE_04,Groceries,450.0,157,156.6,-0.399993896484375
2025-11-29,PROD_05,Organic Basmati Rice 5kg,STORE_04,Groceries,450.0,194,172.7,-21.300003051757812
2025-11-30,PROD_05,Organic Basmati Rice 5kg,STORE_04,Groceries,450.0,148,181.6,33.600006103515625
2025-12-01,PROD_05,Organic Basmati Rice 5kg,STORE_04,Groceries,450.0,144,127.2,-16.800003051757812
2025-12-02,PROD_05,Organic Basmati Rice 5kg,STORE_04,Groceries,450.0,95,133.4,38.399993896484375
2025-12-03,PROD_05,Organic Basmati Rice 5kg,STORE_04,Groceries,427.5,150,171.2,21.199996948242188
2025-12-04,PROD_05,Organic Basmati Rice 5kg,STORE_04,Groceries,450.0,142,137.8,-4.1999969482421875
2025-12-05,PROD_05,Organic Basmati Rice 5kg,STORE_04,Groceries,450.0,155,151.0,-4.0
2025-12-06,PROD_05,Organic Basmati Rice 5kg,STORE_04,Groceries,450.0,197,171.1,-25.899993896484375
2025-12-07,PROD_05,Organic Basmati Rice 5kg,STORE_04,Groceries,450.0,197,170.8,-26.199996948242188
2025-12-08,PROD_05,Organic Basmati Rice 5kg,STORE_04,Groceries,450.0,124,128.5,4.5
2025-12-09,PROD_05,Organic Basmati Rice 5kg,STORE_04,Groceries,450.0,146,140.9,-5.100006103515625
2025-12-10,PROD_05,Organic Basmati Rice 5kg,STORE_04,Groceries,450.0,149,142.3,-6.6999969482421875
2025-12-11,PROD_05,Organic Basmati Rice 5kg,STORE_04,Groceries,450.0,135,134.9,-0.100006103515625
2025-12-12,PROD_05,Organic Basmati Rice 5kg,STORE_04,Groceries,432.0,161,154.6,-6.399993896484375
2025-12-13,PROD_05,Organic Basmati Rice 5kg,STORE_04,Groceries,432.0,216,174.5,-41.5
2025-12-14,PROD_05,Organic Basmati Rice 5kg,STORE_04,Groceries,450.0,172,178.0,6.0
2025-12-15,PROD_05,Organic Basmati Rice 5kg,STORE_04,Groceries,450.0,151,134.0,-17.0
2025-12-16,PROD_05,Organic Basmati Rice 5kg,STORE_04,Groceries,450.0,127,127.2,0.1999969482421875
2025-12-17,PROD_05,Organic Basmati Rice 5kg,STORE_04,Groceries,450.0,163,130.7,-32.30000305175781
2025-12-18,PROD_05,Organic Basmati Rice 5kg,STORE_04,Groceries,450.0,117,133.1,16.100006103515625
2025-12-19,PROD_05,Organic Basmati Rice 5kg,STORE_04,Groceries,450.0,151,153.7,2.6999969482421875
2025-12-20,PROD_05,Organic Basmati Rice 5kg,STORE_04,Groceries,441.0,220,172.3,-47.69999694824219
2025-12-21,PROD_05,Organic Basmati Rice 5kg,STORE_04,Groceries,405.0,236,228.7,-7.3000030517578125
2025-12-22,PROD_05,Organic Basmati Rice 5kg,STORE_04,Groceries,450.0,121,133.7,12.699996948242188
2025-12-23,PROD_05,Organic Basmati Rice 5kg,STORE_04,Groceries,450.0,125,135.6,10.600006103515625
2025-12-24,PROD_05,Organic Basmati Rice 5kg,STORE_04,Groceries,450.0,127,136.5,9.5
2025-12-25,PROD_05,Organic Basmati Rice 5kg,STORE_04,Groceries,450.0,134,136.0,2.0
2025-12-26,PROD_05,Organic Basmati Rice 5kg,STORE_04,Groceries,405.0,193,206.7,13.699996948242188
2025-12-27,PROD_05,Organic Basmati Rice 5kg,STORE_04,Groceries,450.0,177,173.1,-3.899993896484375
2025-12-28,PROD_05,Organic Basmati Rice 5kg,STORE_04,Groceries,450.0,176,166.6,-9.399993896484375
2025-12-29,PROD_05,Organic Basmati Rice 5kg,STORE_04,Groceries,450.0,116,131.1,15.100006103515625
2025-12-30,PROD_05,Organic Basmati Rice 5kg,STORE_04,Groceries,360.0,185,185.6,0.600006103515625
2025-12-31,PROD_05,Organic Basmati Rice 5kg,STORE_04,Groceries,441.0,124,131.4,7.399993896484375
2025-09-17,PROD_06,Extra Virgin Olive Oil 1L,STORE_01,Groceries,850.0,47,55.5,8.5
2025-09-18,PROD_06,Extra Virgin Olive Oil 1L,STORE_01,Groceries,722.5,99,81.2,-17.800003051757812
2025-09-19,PROD_06,Extra Virgin Olive Oil 1L,STORE_01,Groceries,850.0,64,66.1,2.0999984741210938
2025-09-20,PROD_06,Extra Virgin Olive Oil 1L,STORE_01,Groceries,816.0,88,74.6,-13.400001525878906
2025-09-21,PROD_06,Extra Virgin Olive Oil 1L,STORE_01,Groceries,833.0,66,73.6,7.599998474121094
2025-09-22,PROD_06,Extra Virgin Olive Oil 1L,STORE_01,Groceries,816.0,57,57.3,0.2999992370605469
2025-09-23,PROD_06,Extra Virgin Olive Oil 1L,STORE_01,Groceries,850.0,62,56.5,-5.5
2025-09-24,PROD_06,Extra Virgin Olive Oil 1L,STORE_01,Groceries,850.0,60,56.6,-3.4000015258789062
2025-09-25,PROD_06,Extra Virgin Olive Oil 1L,STORE_01,Groceries,816.0,54,57.7,3.700000762939453
2025-09-26,PROD_06,Extra Virgin Olive Oil 1L,STORE_01,Groceries,850.0,60,65.3,5.3000030517578125
2025-09-27,PROD_06,Extra Virgin Olive Oil 1L,STORE_01,Groceries,765.0,98,110.1,12.099998474121094
2025-09-28,PROD_06,Extra Virgin Olive Oil 1L,STORE_01,Groceries,850.0,60,73.9,13.900001525878906
2025-09-29,PROD_06,Extra Virgin Olive Oil 1L,STORE_01,Groceries,850.0,57,55.5,-1.5
2025-09-30,PROD_06,Extra Virgin Olive Oil 1L,STORE_01,Groceries,850.0,66,56.4,-9.599998474121094
2025-10-01,PROD_06,Extra Virgin Olive Oil 1L,STORE_01,Groceries,850.0,79,69.3,-9.699996948242188
2025-10-02,PROD_06,Extra Virgin Olive Oil 1L,STORE_01,Groceries,850.0,63,69.6,6.599998474121094
2025-10-03,PROD_06,Extra Virgin Olive Oil 1L,STORE_01,Groceries,850.0,93,79.2,-13.800003051757812
2025-10-04,PROD_06,Extra Virgin Olive Oil 1L,STORE_01,Groceries,850.0,75,91.8,16.800003051757812
2025-10-05,PROD_06,Extra Virgin Olive Oil 1L,STORE_01,Groceries,850.0,94,86.3,-7.6999969482421875
2025-10-06,PROD_06,Extra Virgin Olive Oil 1L,STORE_01,Groceries,833.0,78,73.3,-4.6999969482421875
2025-10-07,PROD_06,Extra Virgin Olive Oil 1L,STORE_01,Groceries,850.0,72,73.7,1.6999969482421875
2025-10-08,PROD_06,Extra Virgin Olive Oil 1L,STORE_01,Groceries,850.0,86,73.5,-12.5
2025-10-09,PROD_06,Extra Virgin Olive Oil 1L,STORE_01,Groceries,850.0,70,73.1,3.0999984741210938
2025-10-10,PROD_06,Extra Virgin Olive Oil 1L,STORE_01,Groceries,765.0,124,117.7,-6.3000030517578125
2025-10-11,PROD_06,Extra Virgin Olive Oil 1L,STORE_01,Groceries,850.0,106,100.0,-6.0
2025-10-12,PROD_06,Extra Virgin Olive Oil 1L,STORE_01,Groceries,850.0,98,98.7,0.6999969482421875
2025-10-13,PROD_06,Extra Virgin Olive Oil 1L,STORE_01,Groceries,850.0,63,78.3,15.300003051757812
2025-10-14,PROD_06,Extra Virgin Olive Oil 1L,STORE_01,Groceries,816.0,76,77.6,1.5999984741210938
2025-10-15,PROD_06,Extra Virgin Olive Oil 1L,STORE_01,Groceries,850.0,72,76.5,4.5
2025-10-16,PROD_06,Extra Virgin Olive Oil 1L,STORE_01,Groceries,850.0,81,80.1,-0.9000015258789062
2025-10-17,PROD_06,Extra Virgin Olive Oil 1L,STORE_01,Groceries,850.0,73,89.2,16.199996948242188
2025-10-18,PROD_06,Extra Virgin Olive Oil 1L,STORE_01,Groceries,850.0,89,101.4,12.400001525878906
2025-10-19,PROD_06,Extra Virgin Olive Oil 1L,STORE_01,Groceries,833.0,84,100.3,16.300003051757812
2025-10-20,PROD_06,Extra Virgin Olive Oil 1L,STORE_01,Groceries,833.0,86,77.5,-8.5
2025-10-21,PROD_06,Extra Virgin Olive Oil 1L,STORE_01,Groceries,850.0,85,77.3,-7.6999969482421875
2025-10-22,PROD_06,Extra Virgin Olive Oil 1L,STORE_01,Groceries,850.0,79,79.1,0.09999847412109375
2025-10-23,PROD_06,Extra Virgin Olive Oil 1L,STORE_01,Groceries,833.0,98,78.4,-19.599998474121094
2025-10-24,PROD_06,Extra Virgin Olive Oil 1L,STORE_01,Groceries,850.0,82,90.4,8.400001525878906
2025-10-25,PROD_06,Extra Virgin Olive Oil 1L,STORE_01,Groceries,722.5,165,155.7,-9.300003051757812
2025-10-26,PROD_06,Extra Virgin Olive Oil 1L,STORE_01,Groceries,680.0,129,161.5,32.5
2025-10-27,PROD_06,Extra Virgin Olive Oil 1L,STORE_01,Groceries,850.0,90,83.0,-7.0
2025-10-28,PROD_06,Extra Virgin Olive Oil 1L,STORE_01,Groceries,833.0,76,85.1,9.099998474121094
2025-10-29,PROD_06,Extra Virgin Olive Oil 1L,STORE_01,Groceries,850.0,86,83.3,-2.6999969482421875
2025-10-30,PROD_06,Extra Virgin Olive Oil 1L,STORE_01,Groceries,850.0,87,81.3,-5.6999969482421875
2025-10-31,PROD_06,Extra Virgin Olive Oil 1L,STORE_01,Groceries,722.5,119,144.2,25.199996948242188
2025-11-01,PROD_06,Extra Virgin Olive Oil 1L,STORE_01,Groceries,807.5,135,142.9,7.899993896484375
2025-11-02,PROD_06,Extra Virgin Olive Oil 1L,STORE_01,Groceries,850.0,111,109.7,-1.3000030517578125
2025-11-03,PROD_06,Extra Virgin Olive Oil 1L,STORE_01,Groceries,833.0,76,84.3,8.300003051757812
2025-11-04,PROD_06,Extra Virgin Olive Oil 1L,STORE_01,Groceries,833.0,77,83.3,6.3000030517578125
2025-11-05,PROD_06,Extra Virgin Olive Oil 1L,STORE_01,Groceries,833.0,82,83.5,1.5
2025-11-06,PROD_06,Extra Virgin Olive Oil 1L,STORE_01,Groceries,850.0,74,81.6,7.599998474121094
2025-11-07,PROD_06,Extra Virgin Olive Oil 1L,STORE_01,Groceries,850.0,73,96.1,23.099998474121094
2025-11-08,PROD_06,Extra Virgin Olive Oil 1L,STORE_01,Groceries,850.0,127,101.7,-25.300003051757812
2025-11-09,PROD_06,Extra Virgin Olive Oil 1L,STORE_01,Groceries,722.5,159,155.9,-3.100006103515625
2025-11-10,PROD_06,Extra Virgin Olive Oil 1L,STORE_01,Groceries,816.0,77,78.1,1.0999984741210938
2025-11-11,PROD_06,Extra Virgin Olive Oil 1L,STORE_01,Groceries,850.0,91,78.5,-12.5
2025-11-12,PROD_06,Extra Virgin Olive Oil 1L,STORE_01,Groceries,722.5,104,117.8,13.800003051757812
2025-11-13,PROD_06,Extra Virgin Olive Oil 1L,STORE_01,Groceries,816.0,80,81.6,1.5999984741210938
2025-11-14,PROD_06,Extra Virgin Olive Oil 1L,STORE_01,Groceries,807.5,106,124.3,18.300003051757812
2025-11-15,PROD_06,Extra Virgin Olive Oil 1L,STORE_01,Groceries,833.0,80,109.3,29.300003051757812
2025-11-16,PROD_06,Extra Virgin Olive Oil 1L,STORE_01,Groceries,807.5,136,133.7,-2.3000030517578125
2025-11-17,PROD_06,Extra Virgin Olive Oil 1L,STORE_01,Groceries,850.0,75,82.0,7.0
2025-11-18,PROD_06,Extra Virgin Olive Oil 1L,STORE_01,Groceries,850.0,64,82.8,18.800003051757812
2025-11-19,PROD_06,Extra Virgin Olive Oil 1L,STORE_01,Groceries,850.0,67,80.1,13.099998474121094
2025-11-20,PROD_06,Extra Virgin Olive Oil 1L,STORE_01,Groceries,850.0,88,78.8,-9.199996948242188
2025-11-21,PROD_06,Extra Virgin Olive Oil 1L,STORE_01,Groceries,807.5,136,121.7,-14.300003051757812
2025-11-22,PROD_06,Extra Virgin Olive Oil 1L,STORE_01,Groceries,850.0,88,105.2,17.199996948242188
2025-11-23,PROD_06,Extra Virgin Olive Oil 1L,STORE_01,Groceries,850.0,101,103.5,2.5
2025-11-24,PROD_06,Extra Virgin Olive Oil 1L,STORE_01,Groceries,765.0,103,105.4,2.4000015258789062
2025-11-25,PROD_06,Extra Virgin Olive Oil 1L,STORE_01,Groceries,850.0,66,78.7,12.699996948242188
2025-11-26,PROD_06,Extra Virgin Olive Oil 1L,STORE_01,Groceries,850.0,75,76.9,1.9000015258789062
2025-11-27,PROD_06,Extra Virgin Olive Oil 1L,STORE_01,Groceries,850.0,71,78.1,7.099998474121094
2025-11-28,PROD_06,Extra Virgin Olive Oil 1L,STORE_01,Groceries,850.0,102,86.3,-15.699996948242188
2025-11-29,PROD_06,Extra Virgin Olive Oil 1L,STORE_01,Groceries,850.0,92,100.8,8.800003051757812
2025-11-30,PROD_06,Extra Virgin Olive Oil 1L,STORE_01,Groceries,850.0,115,98.4,-16.599998474121094
2025-12-01,PROD_06,Extra Virgin Olive Oil 1L,STORE_01,Groceries,850.0,78,76.4,-1.5999984741210938
2025-12-02,PROD_06,Extra Virgin Olive Oil 1L,STORE_01,Groceries,850.0,98,75.8,-22.199996948242188
2025-12-03,PROD_06,Extra Virgin Olive Oil 1L,STORE_01,Groceries,850.0,60,78.1,18.099998474121094
2025-12-04,PROD_06,Extra Virgin Olive Oil 1L,STORE_01,Groceries,850.0,72,76.7,4.6999969482421875
2025-12-05,PROD_06,Extra Virgin Olive Oil 1L,STORE_01,Groceries,850.0,104,84.8,-19.199996948242188
2025-12-06,PROD_06,Extra Virgin Olive Oil 1L,STORE_01,Groceries,850.0,95,101.8,6.8000030517578125
2025-12-07,PROD_06,Extra Virgin Olive Oil 1L,STORE_01,Groceries,850.0,87,102.6,15.599998474121094
2025-12-08,PROD_06,Extra Virgin Olive Oil 1L,STORE_01,Groceries,850.0,65,74.5,9.5
2025-12-09,PROD_06,Extra Virgin Olive Oil 1L,STORE_01,Groceries,850.0,79,73.5,-5.5
2025-12-10,PROD_06,Extra Virgin Olive Oil 1L,STORE_01,Groceries,850.0,68,74.1,6.099998474121094
2025-12-11,PROD_06,Extra Virgin Olive Oil 1L,STORE_01,Groceries,850.0,83,72.9,-10.099998474121094
2025-12-12,PROD_06,Extra Virgin Olive Oil 1L,STORE_01,Groceries,850.0,81,85.9,4.900001525878906
2025-12-13,PROD_06,Extra Virgin Olive Oil 1L,STORE_01,Groceries,850.0,96,93.1,-2.9000015258789062
2025-12-14,PROD_06,Extra Virgin Olive Oil 1L,STORE_01,Groceries,850.0,99,93.5,-5.5
2025-12-15,PROD_06,Extra Virgin Olive Oil 1L,STORE_01,Groceries,850.0,76,72.2,-3.8000030517578125
2025-12-16,PROD_06,Extra Virgin Olive Oil 1L,STORE_01,Groceries,850.0,77,71.9,-5.099998474121094
2025-12-17,PROD_06,Extra Virgin Olive Oil 1L,STORE_01,Groceries,850.0,86,72.8,-13.199996948242188
2025-12-18,PROD_06,Extra Virgin Olive Oil 1L,STORE_01,Groceries,850.0,74,74.1,0.09999847412109375
2025-12-19,PROD_06,Extra Virgin Olive Oil 1L,STORE_01,Groceries,833.0,103,87.4,-15.599998474121094
2025-12-20,PROD_06,Extra Virgin Olive Oil 1L,STORE_01,Groceries,722.5,180,143.2,-36.80000305175781
2025-12-21,PROD_06,Extra Virgin Olive Oil 1L,STORE_01,Groceries,807.5,120,132.8,12.800003051757812
2025-12-22,PROD_06,Extra Virgin Olive Oil 1L,STORE_01,Groceries,833.0,79,80.5,1.5
2025-12-23,PROD_06,Extra Virgin Olive Oil 1L,STORE_01,Groceries,850.0,75,76.5,1.5
2025-12-24,PROD_06,Extra Virgin Olive Oil 1L,STORE_01,Groceries,765.0,105,105.3,0.3000030517578125
2025-12-25,PROD_06,Extra Virgin Olive Oil 1L,STORE_01,Groceries,850.0,75,79.3,4.3000030517578125
2025-12-26,PROD_06,Extra Virgin Olive Oil 1L,STORE_01,Groceries,850.0,80,91.7,11.699996948242188
2025-12-27,PROD_06,Extra Virgin Olive Oil 1L,STORE_01,Groceries,807.5,139,134.9,-4.100006103515625
2025-12-28,PROD_06,Extra Virgin Olive Oil 1L,STORE_01,Groceries,807.5,120,145.4,25.399993896484375
2025-12-29,PROD_06,Extra Virgin Olive Oil 1L,STORE_01,Groceries,765.0,97,110.7,13.699996948242188
2025-12-30,PROD_06,Extra Virgin Olive Oil 1L,STORE_01,Groceries,850.0,76,82.4,6.400001525878906
2025-12-31,PROD_06,Extra Virgin Olive Oil 1L,STORE_01,Groceries,850.0,81,80.8,-0.1999969482421875
2025-09-17,PROD_06,Extra Virgin Olive Oil 1L,STORE_02,Groceries,833.0,45,50.9,5.900001525878906
2025-09-18,PROD_06,Extra Virgin Olive Oil 1L,STORE_02,Groceries,850.0,45,50.7,5.700000762939453
2025-09-19,PROD_06,Extra Virgin Olive Oil 1L,STORE_02,Groceries,850.0,60,56.7,-3.299999237060547
2025-09-20,PROD_06,Extra Virgin Olive Oil 1L,STORE_02,Groceries,850.0,75,66.3,-8.699996948242188
2025-09-21,PROD_06,Extra Virgin Olive Oil 1L,STORE_02,Groceries,850.0,66,67.0,1.0
2025-09-22,PROD_06,Extra Virgin Olive Oil 1L,STORE_02,Groceries,765.0,80,74.3,-5.6999969482421875
2025-09-23,PROD_06,Extra Virgin Olive Oil 1L,STORE_02,Groceries,807.5,71,66.6,-4.400001525878906
2025-09-24,PROD_06,Extra Virgin Olive Oil 1L,STORE_02,Groceries,850.0,65,51.9,-13.099998474121094
2025-09-25,PROD_06,Extra Virgin Olive Oil 1L,STORE_02,Groceries,850.0,52,52.9,0.9000015258789062
2025-09-26,PROD_06,Extra Virgin Olive Oil 1L,STORE_02,Groceries,850.0,58,61.7,3.700000762939453
2025-09-27,PROD_06,Extra Virgin Olive Oil 1L,STORE_02,Groceries,850.0,59,68.1,9.099998474121094
2025-09-28,PROD_06,Extra Virgin Olive Oil 1L,STORE_02,Groceries,833.0,64,68.1,4.099998474121094
2025-09-29,PROD_06,Extra Virgin Olive Oil 1L,STORE_02,Groceries,807.5,63,70.6,7.599998474121094
2025-09-30,PROD_06,Extra Virgin Olive Oil 1L,STORE_02,Groceries,850.0,64,53.0,-11.0
2025-10-01,PROD_06,Extra Virgin Olive Oil 1L,STORE_02,Groceries,850.0,54,66.1,12.099998474121094
2025-10-02,PROD_06,Extra Virgin Olive Oil 1L,STORE_02,Groceries,850.0,77,65.9,-11.099998474121094
2025-10-03,PROD_06,Extra Virgin Olive Oil 1L,STORE_02,Groceries,850.0,77,80.6,3.5999984741210938
2025-10-04,PROD_06,Extra Virgin Olive Oil 1L,STORE_02,Groceries,850.0,104,84.0,-20.0
2025-10-05,PROD_06,Extra Virgin Olive Oil 1L,STORE_02,Groceries,833.0,110,89.1,-20.900001525878906
2025-10-06,PROD_06,Extra Virgin Olive Oil 1L,STORE_02,Groceries,850.0,83,69.9,-13.099998474121094
2025-10-07,PROD_06,Extra Virgin Olive Oil 1L,STORE_02,Groceries,850.0,62,69.5,7.5
2025-10-08,PROD_06,Extra Virgin Olive Oil 1L,STORE_02,Groceries,850.0,76,69.5,-6.5
2025-10-09,PROD_06,Extra Virgin Olive Oil 1L,STORE_02,Groceries,850.0,65,70.9,5.900001525878906
2025-10-10,PROD_06,Extra Virgin Olive Oil 1L,STORE_02,Groceries,850.0,77,80.8,3.8000030517578125
2025-10-11,PROD_06,Extra Virgin Olive Oil 1L,STORE_02,Groceries,807.5,104,115.8,11.800003051757812
2025-10-12,PROD_06,Extra Virgin Olive Oil 1L,STORE_02,Groceries,850.0,87,93.8,6.8000030517578125
2025-10-13,PROD_06,Extra Virgin Olive Oil 1L,STORE_02,Groceries,850.0,57,74.3,17.300003051757812
2025-10-14,PROD_06,Extra Virgin Olive Oil 1L,STORE_02,Groceries,850.0,67,73.3,6.3000030517578125
2025-10-15,PROD_06,Extra Virgin Olive Oil 1L,STORE_02,Groceries,850.0,67,73.8,6.8000030517578125
2025-10-16,PROD_06,Extra Virgin Olive Oil 1L,STORE_02,Groceries,850.0,69,73.5,4.5
2025-10-17,PROD_06,Extra Virgin Olive Oil 1L,STORE_02,Groceries,850.0,82,83.5,1.5
2025-10-18,PROD_06,Extra Virgin Olive Oil 1L,STORE_02,Groceries,807.5,115,124.2,9.199996948242188
2025-10-19,PROD_06,Extra Virgin Olive Oil 1L,STORE_02,Groceries,680.0,142,147.2,5.1999969482421875
2025-10-20,PROD_06,Extra Virgin Olive Oil 1L,STORE_02,Groceries,850.0,87,76.7,-10.300003051757812
2025-10-21,PROD_06,Extra Virgin Olive Oil 1L,STORE_02,Groceries,722.5,97,107.2,10.199996948242188
2025-10-22,PROD_06,Extra Virgin Olive Oil 1L,STORE_02,Groceries,765.0,126,106.1,-19.900001525878906
2025-10-23,PROD_06,Extra Virgin Olive Oil 1L,STORE_02,Groceries,765.0,103,111.0,8.0
2025-10-24,PROD_06,Extra Virgin Olive Oil 1L,STORE_02,Groceries,850.0,83,97.6,14.599998474121094
2025-10-25,PROD_06,Extra Virgin Olive Oil 1L,STORE_02,Groceries,850.0,89,105.0,16.0
2025-10-26,PROD_06,Extra Virgin Olive Oil 1L,STORE_02,Groceries,850.0,105,105.8,0.8000030517578125
2025-10-27,PROD_06,Extra Virgin Olive Oil 1L,STORE_02,Groceries,850.0,78,84.9,6.900001525878906
2025-10-28,PROD_06,Extra Virgin Olive Oil 1L,STORE_02,Groceries,722.5,78,124.4,46.400001525878906
2025-10-29,PROD_06,Extra Virgin Olive Oil 1L,STORE_02,Groceries,850.0,73,81.8,8.800003051757812
2025-10-30,PROD_06,Extra Virgin Olive Oil 1L,STORE_02,Groceries,850.0,57,83.6,26.599998474121094
2025-10-31,PROD_06,Extra Virgin Olive Oil 1L,STORE_02,Groceries,850.0,81,88.7,7.6999969482421875
2025-11-01,PROD_06,Extra Virgin Olive Oil 1L,STORE_02,Groceries,850.0,94,91.6,-2.4000015258789062
2025-11-02,PROD_06,Extra Virgin Olive Oil 1L,STORE_02,Groceries,850.0,78,94.2,16.199996948242188
2025-11-03,PROD_06,Extra Virgin Olive Oil 1L,STORE_02,Groceries,833.0,73,76.0,3.0
2025-11-04,PROD_06,Extra Virgin Olive Oil 1L,STORE_02,Groceries,850.0,67,72.3,5.3000030517578125
2025-11-05,PROD_06,Extra Virgin Olive Oil 1L,STORE_02,Groceries,850.0,71,70.7,-0.3000030517578125
2025-11-06,PROD_06,Extra Virgin Olive Oil 1L,STORE_02,Groceries,850.0,78,68.9,-9.099998474121094
2025-11-07,PROD_06,Extra Virgin Olive Oil 1L,STORE_02,Groceries,850.0,90,83.1,-6.900001525878906
2025-11-08,PROD_06,Extra Virgin Olive Oil 1L,STORE_02,Groceries,765.0,115,133.1,18.100006103515625
2025-11-09,PROD_06,Extra Virgin Olive Oil 1L,STORE_02,Groceries,850.0,94,92.7,-1.3000030517578125
2025-11-10,PROD_06,Extra Virgin Olive Oil 1L,STORE_02,Groceries,850.0,76,71.2,-4.8000030517578125
2025-11-11,PROD_06,Extra Virgin Olive Oil 1L,STORE_02,Groceries,680.0,130,108.4,-21.599998474121094
2025-11-12,PROD_06,Extra Virgin Olive Oil 1L,STORE_02,Groceries,850.0,81,74.4,-6.599998474121094
2025-11-13,PROD_06,Extra Virgin Olive Oil 1L,STORE_02,Groceries,722.5,103,106.4,3.4000015258789062
2025-11-14,PROD_06,Extra Virgin Olive Oil 1L,STORE_02,Groceries,850.0,98,91.7,-6.3000030517578125
2025-11-15,PROD_06,Extra Virgin Olive Oil 1L,STORE_02,Groceries,850.0,107,102.4,-4.599998474121094
2025-11-16,PROD_06,Extra Virgin Olive Oil 1L,STORE_02,Groceries,816.0,111,109.6,-1.4000015258789062
2025-11-17,PROD_06,Extra Virgin Olive Oil 1L,STORE_02,Groceries,850.0,62,79.2,17.199996948242188
2025-11-18,PROD_06,Extra Virgin Olive Oil 1L,STORE_02,Groceries,850.0,73,78.3,5.3000030517578125
2025-11-19,PROD_06,Extra Virgin Olive Oil 1L,STORE_02,Groceries,807.5,111,103.1,-7.900001525878906
2025-11-20,PROD_06,Extra Virgin Olive Oil 1L,STORE_02,Groceries,765.0,119,111.2,-7.8000030517578125
2025-11-21,PROD_06,Extra Virgin Olive Oil 1L,STORE_02,Groceries,850.0,85,93.6,8.599998474121094
2025-11-22,PROD_06,Extra Virgin Olive Oil 1L,STORE_02,Groceries,807.5,168,138.1,-29.899993896484375
2025-11-23,PROD_06,Extra Virgin Olive Oil 1L,STORE_02,Groceries,850.0,97,105.5,8.5
2025-11-24,PROD_06,Extra Virgin Olive Oil 1L,STORE_02,Groceries,765.0,107,111.7,4.6999969482421875
2025-11-25,PROD_06,Extra Virgin Olive Oil 1L,STORE_02,Groceries,765.0,110,115.0,5.0
2025-11-26,PROD_06,Extra Virgin Olive Oil 1L,STORE_02,Groceries,850.0,59,82.5,23.5
2025-11-27,PROD_06,Extra Virgin Olive Oil 1L,STORE_02,Groceries,850.0,66,76.1,10.099998474121094
2025-11-28,PROD_06,Extra Virgin Olive Oil 1L,STORE_02,Groceries,850.0,77,90.1,13.099998474121094
2025-11-29,PROD_06,Extra Virgin Olive Oil 1L,STORE_02,Groceries,816.0,95,102.0,7.0
2025-11-30,PROD_06,Extra Virgin Olive Oil 1L,STORE_02,Groceries,833.0,117,101.7,-15.300003051757812
2025-12-01,PROD_06,Extra Virgin Olive Oil 1L,STORE_02,Groceries,833.0,62,78.0,16.0
2025-12-02,PROD_06,Extra Virgin Olive Oil 1L,STORE_02,Groceries,850.0,80,75.7,-4.3000030517578125
2025-12-03,PROD_06,Extra Virgin Olive Oil 1L,STORE_02,Groceries,816.0,76,78.0,2.0
2025-12-04,PROD_06,Extra Virgin Olive Oil 1L,STORE_02,Groceries,850.0,76,75.8,-0.1999969482421875
2025-12-05,PROD_06,Extra Virgin Olive Oil 1L,STORE_02,Groceries,850.0,99,85.5,-13.5
2025-12-06,PROD_06,Extra Virgin Olive Oil 1L,STORE_02,Groceries,850.0,103,97.9,-5.099998474121094
2025-12-07,PROD_06,Extra Virgin Olive Oil 1L,STORE_02,Groceries,722.5,154,148.2,-5.8000030517578125
2025-12-08,PROD_06,Extra Virgin Olive Oil 1L,STORE_02,Groceries,850.0,76,75.8,-0.1999969482421875
2025-12-09,PROD_06,Extra Virgin Olive Oil 1L,STORE_02,Groceries,850.0,78,78.2,0.1999969482421875
2025-12-10,PROD_06,Extra Virgin Olive Oil 1L,STORE_02,Groceries,850.0,70,76.8,6.8000030517578125
2025-12-11,PROD_06,Extra Virgin Olive Oil 1L,STORE_02,Groceries,816.0,65,78.2,13.199996948242188
2025-12-12,PROD_06,Extra Virgin Olive Oil 1L,STORE_02,Groceries,850.0,69,81.1,12.099998474121094
2025-12-13,PROD_06,Extra Virgin Olive Oil 1L,STORE_02,Groceries,807.5,139,129.2,-9.800003051757812
2025-12-14,PROD_06,Extra Virgin Olive Oil 1L,STORE_02,Groceries,850.0,82,96.6,14.599998474121094
2025-12-15,PROD_06,Extra Virgin Olive Oil 1L,STORE_02,Groceries,807.5,82,96.1,14.099998474121094
2025-12-16,PROD_06,Extra Virgin Olive Oil 1L,STORE_02,Groceries,850.0,67,73.5,6.5
2025-12-17,PROD_06,Extra Virgin Olive Oil 1L,STORE_02,Groceries,850.0,66,73.8,7.8000030517578125
2025-12-18,PROD_06,Extra Virgin Olive Oil 1L,STORE_02,Groceries,850.0,81,73.6,-7.400001525878906
2025-12-19,PROD_06,Extra Virgin Olive Oil 1L,STORE_02,Groceries,833.0,80,84.0,4.0
2025-12-20,PROD_06,Extra Virgin Olive Oil 1L,STORE_02,Groceries,850.0,91,96.1,5.099998474121094
2025-12-21,PROD_06,Extra Virgin Olive Oil 1L,STORE_02,Groceries,850.0,95,93.7,-1.3000030517578125
2025-12-22,PROD_06,Extra Virgin Olive Oil 1L,STORE_02,Groceries,850.0,85,73.4,-11.599998474121094
2025-12-23,PROD_06,Extra Virgin Olive Oil 1L,STORE_02,Groceries,833.0,88,73.9,-14.099998474121094
2025-12-24,PROD_06,Extra Virgin Olive Oil 1L,STORE_02,Groceries,850.0,85,71.3,-13.699996948242188
2025-12-25,PROD_06,Extra Virgin Olive Oil 1L,STORE_02,Groceries,833.0,84,74.4,-9.599998474121094
2025-12-26,PROD_06,Extra Virgin Olive Oil 1L,STORE_02,Groceries,816.0,106,88.3,-17.699996948242188
2025-12-27,PROD_06,Extra Virgin Olive Oil 1L,STORE_02,Groceries,850.0,97,97.5,0.5
2025-12-28,PROD_06,Extra Virgin Olive Oil 1L,STORE_02,Groceries,765.0,190,143.0,-47.0
2025-12-29,PROD_06,Extra Virgin Olive Oil 1L,STORE_02,Groceries,833.0,69,77.5,8.5
2025-12-30,PROD_06,Extra Virgin Olive Oil 1L,STORE_02,Groceries,850.0,61,76.2,15.199996948242188
2025-12-31,PROD_06,Extra Virgin Olive Oil 1L,STORE_02,Groceries,816.0,51,74.7,23.699996948242188
2025-09-17,PROD_06,Extra Virgin Olive Oil 1L,STORE_03,Groceries,850.0,51,61.1,10.099998474121094
2025-09-18,PROD_06,Extra Virgin Olive Oil 1L,STORE_03,Groceries,850.0,57,59.1,2.0999984741210938
2025-09-19,PROD_06,Extra Virgin Olive Oil 1L,STORE_03,Groceries,850.0,73,67.2,-5.8000030517578125
2025-09-20,PROD_06,Extra Virgin Olive Oil 1L,STORE_03,Groceries,850.0,66,76.4,10.400001525878906
2025-09-21,PROD_06,Extra Virgin Olive Oil 1L,STORE_03,Groceries,807.5,98,99.6,1.5999984741210938
2025-09-22,PROD_06,Extra Virgin Olive Oil 1L,STORE_03,Groceries,850.0,40,58.1,18.099998474121094
2025-09-23,PROD_06,Extra Virgin Olive Oil 1L,STORE_03,Groceries,850.0,66,56.2,-9.799999237060547
2025-09-24,PROD_06,Extra Virgin Olive Oil 1L,STORE_03,Groceries,816.0,64,58.5,-5.5
2025-09-25,PROD_06,Extra Virgin Olive Oil 1L,STORE_03,Groceries,833.0,63,57.9,-5.099998474121094
2025-09-26,PROD_06,Extra Virgin Olive Oil 1L,STORE_03,Groceries,850.0,86,68.3,-17.699996948242188
2025-09-27,PROD_06,Extra Virgin Olive Oil 1L,STORE_03,Groceries,850.0,71,75.5,4.5
2025-09-28,PROD_06,Extra Virgin Olive Oil 1L,STORE_03,Groceries,850.0,84,75.5,-8.5
2025-09-29,PROD_06,Extra Virgin Olive Oil 1L,STORE_03,Groceries,722.5,75,84.8,9.800003051757812
2025-09-30,PROD_06,Extra Virgin Olive Oil 1L,STORE_03,Groceries,807.5,84,81.2,-2.8000030517578125
2025-10-01,PROD_06,Extra Virgin Olive Oil 1L,STORE_03,Groceries,850.0,80,73.8,-6.1999969482421875
2025-10-02,PROD_06,Extra Virgin Olive Oil 1L,STORE_03,Groceries,850.0,85,75.1,-9.900001525878906
2025-10-03,PROD_06,Extra Virgin Olive Oil 1L,STORE_03,Groceries,850.0,86,89.3,3.3000030517578125
2025-10-04,PROD_06,Extra Virgin Olive Oil 1L,STORE_03,Groceries,833.0,137,99.4,-37.599998474121094
2025-10-05,PROD_06,Extra Virgin Olive Oil 1L,STORE_03,Groceries,850.0,128,106.0,-22.0
2025-10-06,PROD_06,Extra Virgin Olive Oil 1L,STORE_03,Groceries,850.0,76,82.2,6.1999969482421875
2025-10-07,PROD_06,Extra Virgin Olive Oil 1L,STORE_03,Groceries,850.0,87,81.9,-5.099998474121094
2025-10-08,PROD_06,Extra Virgin Olive Oil 1L,STORE_03,Groceries,850.0,97,81.6,-15.400001525878906
2025-10-09,PROD_06,Extra Virgin Olive Oil 1L,STORE_03,Groceries,850.0,104,83.8,-20.199996948242188
2025-10-10,PROD_06,Extra Virgin Olive Oil 1L,STORE_03,Groceries,850.0,83,100.4,17.400001525878906
2025-10-11,PROD_06,Extra Virgin Olive Oil 1L,STORE_03,Groceries,850.0,107,109.9,2.9000015258789062
2025-10-12,PROD_06,Extra Virgin Olive Oil 1L,STORE_03,Groceries,850.0,90,114.7,24.699996948242188
2025-10-13,PROD_06,Extra Virgin Olive Oil 1L,STORE_03,Groceries,722.5,110,124.5,14.5
2025-10-14,PROD_06,Extra Virgin Olive Oil 1L,STORE_03,Groceries,722.5,114,129.1,15.100006103515625
2025-10-15,PROD_06,Extra Virgin Olive Oil 1L,STORE_03,Groceries,765.0,129,119.5,-9.5
2025-10-16,PROD_06,Extra Virgin Olive Oil 1L,STORE_03,Groceries,850.0,82,89.7,7.6999969482421875
2025-10-17,PROD_06,Extra Virgin Olive Oil 1L,STORE_03,Groceries,833.0,82,105.3,23.300003051757812
2025-10-18,PROD_06,Extra Virgin Olive Oil 1L,STORE_03,Groceries,765.0,135,158.8,23.800003051757812
2025-10-19,PROD_06,Extra Virgin Olive Oil 1L,STORE_03,Groceries,850.0,90,115.8,25.800003051757812
2025-10-20,PROD_06,Extra Virgin Olive Oil 1L,STORE_03,Groceries,850.0,73,86.8,13.800003051757812
2025-10-21,PROD_06,Extra Virgin Olive Oil 1L,STORE_03,Groceries,850.0,91,84.0,-7.0
2025-10-22,PROD_06,Extra Virgin Olive Oil 1L,STORE_03,Groceries,850.0,68,87.0,19.0
2025-10-23,PROD_06,Extra Virgin Olive Oil 1L,STORE_03,Groceries,833.0,85,84.7,-0.3000030517578125
2025-10-24,PROD_06,Extra Virgin Olive Oil 1L,STORE_03,Groceries,850.0,116,101.9,-14.099998474121094
2025-10-25,PROD_06,Extra Virgin Olive Oil 1L,STORE_03,Groceries,765.0,150,162.8,12.800003051757812
2025-10-26,PROD_06,Extra Virgin Olive Oil 1L,STORE_03,Groceries,850.0,118,115.4,-2.5999984741210938
2025-10-27,PROD_06,Extra Virgin Olive Oil 1L,STORE_03,Groceries,765.0,104,125.6,21.599998474121094
2025-10-28,PROD_06,Extra Virgin Olive Oil 1L,STORE_03,Groceries,850.0,68,92.0,24.0
2025-10-29,PROD_06,Extra Virgin Olive Oil 1L,STORE_03,Groceries,850.0,89,88.9,-0.09999847412109375
2025-10-30,PROD_06,Extra Virgin Olive Oil 1L,STORE_03,Groceries,850.0,87,92.2,5.1999969482421875
2025-10-31,PROD_06,Extra Virgin Olive Oil 1L,STORE_03,Groceries,850.0,107,104.0,-3.0
2025-11-01,PROD_06,Extra Virgin Olive Oil 1L,STORE_03,Groceries,722.5,177,182.7,5.6999969482421875
2025-11-02,PROD_06,Extra Virgin Olive Oil 1L,STORE_03,Groceries,833.0,95,111.2,16.199996948242188
2025-11-03,PROD_06,Extra Virgin Olive Oil 1L,STORE_03,Groceries,850.0,80,82.0,2.0
2025-11-04,PROD_06,Extra Virgin Olive Oil 1L,STORE_03,Groceries,850.0,98,81.9,-16.099998474121094
2025-11-05,PROD_06,Extra Virgin Olive Oil 1L,STORE_03,Groceries,850.0,70,86.3,16.300003051757812
2025-11-06,PROD_06,Extra Virgin Olive Oil 1L,STORE_03,Groceries,850.0,83,84.1,1.0999984741210938
2025-11-07,PROD_06,Extra Virgin Olive Oil 1L,STORE_03,Groceries,816.0,108,95.3,-12.699996948242188
2025-11-08,PROD_06,Extra Virgin Olive Oil 1L,STORE_03,Groceries,850.0,88,111.7,23.699996948242188
2025-11-09,PROD_06,Extra Virgin Olive Oil 1L,STORE_03,Groceries,850.0,99,104.4,5.400001525878906
2025-11-10,PROD_06,Extra Virgin Olive Oil 1L,STORE_03,Groceries,850.0,74,84.6,10.599998474121094
2025-11-11,PROD_06,Extra Virgin Olive Oil 1L,STORE_03,Groceries,850.0,87,83.1,-3.9000015258789062
2025-11-12,PROD_06,Extra Virgin Olive Oil 1L,STORE_03,Groceries,850.0,75,82.2,7.1999969482421875
2025-11-13,PROD_06,Extra Virgin Olive Oil 1L,STORE_03,Groceries,850.0,86,79.6,-6.400001525878906
2025-11-14,PROD_06,Extra Virgin Olive Oil 1L,STORE_03,Groceries,850.0,93,90.5,-2.5
2025-11-15,PROD_06,Extra Virgin Olive Oil 1L,STORE_03,Groceries,816.0,112,104.4,-7.599998474121094
2025-11-16,PROD_06,Extra Virgin Olive Oil 1L,STORE_03,Groceries,850.0,111,101.3,-9.699996948242188
2025-11-17,PROD_06,Extra Virgin Olive Oil 1L,STORE_03,Groceries,850.0,89,78.2,-10.800003051757812
2025-11-18,PROD_06,Extra Virgin Olive Oil 1L,STORE_03,Groceries,833.0,76,81.6,5.599998474121094
2025-11-19,PROD_06,Extra Virgin Olive Oil 1L,STORE_03,Groceries,850.0,92,77.1,-14.900001525878906
2025-11-20,PROD_06,Extra Virgin Olive Oil 1L,STORE_03,Groceries,850.0,92,80.1,-11.900001525878906
2025-11-21,PROD_06,Extra Virgin Olive Oil 1L,STORE_03,Groceries,833.0,117,95.0,-22.0
2025-11-22,PROD_06,Extra Virgin Olive Oil 1L,STORE_03,Groceries,850.0,112,111.0,-1.0
2025-11-23,PROD_06,Extra Virgin Olive Oil 1L,STORE_03,Groceries,807.5,148,146.5,-1.5
2025-11-24,PROD_06,Extra Virgin Olive Oil 1L,STORE_03,Groceries,850.0,92,85.7,-6.3000030517578125
2025-11-25,PROD_06,Extra Virgin Olive Oil 1L,STORE_03,Groceries,850.0,87,83.6,-3.4000015258789062
2025-11-26,PROD_06,Extra Virgin Olive Oil 1L,STORE_03,Groceries,850.0,89,86.3,-2.6999969482421875
2025-11-27,PROD_06,Extra Virgin Olive Oil 1L,STORE_03,Groceries,850.0,87,86.3,-0.6999969482421875
2025-11-28,PROD_06,Extra Virgin Olive Oil 1L,STORE_03,Groceries,850.0,101,98.5,-2.5
2025-11-29,PROD_06,Extra Virgin Olive Oil 1L,STORE_03,Groceries,850.0,127,112.0,-15.0
2025-11-30,PROD_06,Extra Virgin Olive Oil 1L,STORE_03,Groceries,850.0,92,112.1,20.099998474121094
2025-12-01,PROD_06,Extra Virgin Olive Oil 1L,STORE_03,Groceries,850.0,65,82.2,17.199996948242188
2025-12-02,PROD_06,Extra Virgin Olive Oil 1L,STORE_03,Groceries,850.0,73,82.4,9.400001525878906
2025-12-03,PROD_06,Extra Virgin Olive Oil 1L,STORE_03,Groceries,850.0,86,81.1,-4.900001525878906
2025-12-04,PROD_06,Extra Virgin Olive Oil 1L,STORE_03,Groceries,833.0,83,83.0,0.0
2025-12-05,PROD_06,Extra Virgin Olive Oil 1L,STORE_03,Groceries,833.0,82,92.9,10.900001525878906
2025-12-06,PROD_06,Extra Virgin Olive Oil 1L,STORE_03,Groceries,833.0,93,100.9,7.900001525878906
2025-12-07,PROD_06,Extra Virgin Olive Oil 1L,STORE_03,Groceries,722.5,156,152.0,-4.0
2025-12-08,PROD_06,Extra Virgin Olive Oil 1L,STORE_03,Groceries,850.0,93,77.1,-15.900001525878906
2025-12-09,PROD_06,Extra Virgin Olive Oil 1L,STORE_03,Groceries,850.0,94,81.1,-12.900001525878906
2025-12-10,PROD_06,Extra Virgin Olive Oil 1L,STORE_03,Groceries,850.0,83,81.6,-1.4000015258789062
2025-12-11,PROD_06,Extra Virgin Olive Oil 1L,STORE_03,Groceries,850.0,69,82.3,13.300003051757812
2025-12-12,PROD_06,Extra Virgin Olive Oil 1L,STORE_03,Groceries,816.0,95,92.8,-2.1999969482421875
2025-12-13,PROD_06,Extra Virgin Olive Oil 1L,STORE_03,Groceries,850.0,105,100.7,-4.3000030517578125
2025-12-14,PROD_06,Extra Virgin Olive Oil 1L,STORE_03,Groceries,850.0,136,102.5,-33.5
2025-12-15,PROD_06,Extra Virgin Olive Oil 1L,STORE_03,Groceries,816.0,89,85.7,-3.3000030517578125
2025-12-16,PROD_06,Extra Virgin Olive Oil 1L,STORE_03,Groceries,850.0,91,82.1,-8.900001525878906
2025-12-17,PROD_06,Extra Virgin Olive Oil 1L,STORE_03,Groceries,850.0,67,84.3,17.300003051757812
2025-12-18,PROD_06,Extra Virgin Olive Oil 1L,STORE_03,Groceries,850.0,107,82.9,-24.099998474121094
2025-12-19,PROD_06,Extra Virgin Olive Oil 1L,STORE_03,Groceries,833.0,80,100.3,20.300003051757812
2025-12-20,PROD_06,Extra Virgin Olive Oil 1L,STORE_03,Groceries,722.5,151,156.4,5.399993896484375
2025-12-21,PROD_06,Extra Virgin Olive Oil 1L,STORE_03,Groceries,850.0,115,111.0,-4.0
2025-12-22,PROD_06,Extra Virgin Olive Oil 1L,STORE_03,Groceries,850.0,66,84.4,18.400001525878906
2025-12-23,PROD_06,Extra Virgin Olive Oil 1L,STORE_03,Groceries,850.0,91,82.4,-8.599998474121094
2025-12-24,PROD_06,Extra Virgin Olive Oil 1L,STORE_03,Groceries,722.5,103,122.6,19.599998474121094
2025-12-25,PROD_06,Extra Virgin Olive Oil 1L,STORE_03,Groceries,850.0,71,83.2,12.199996948242188
2025-12-26,PROD_06,Extra Virgin Olive Oil 1L,STORE_03,Groceries,680.0,143,148.0,5.0
2025-12-27,PROD_06,Extra Virgin Olive Oil 1L,STORE_03,Groceries,850.0,118,111.1,-6.900001525878906
2025-12-28,PROD_06,Extra Virgin Olive Oil 1L,STORE_03,Groceries,850.0,112,109.4,-2.5999984741210938
2025-12-29,PROD_06,Extra Virgin Olive Oil 1L,STORE_03,Groceries,807.5,97,113.8,16.800003051757812
2025-12-30,PROD_06,Extra Virgin Olive Oil 1L,STORE_03,Groceries,850.0,82,85.5,3.5
2025-12-31,PROD_06,Extra Virgin Olive Oil 1L,STORE_03,Groceries,850.0,76,85.8,9.800003051757812
2025-09-17,PROD_06,Extra Virgin Olive Oil 1L,STORE_04,Groceries,850.0,36,40.6,4.599998474121094
2025-09-18,PROD_06,Extra Virgin Olive Oil 1L,STORE_04,Groceries,850.0,32,40.1,8.099998474121094
2025-09-19,PROD_06,Extra Virgin Olive Oil 1L,STORE_04,Groceries,680.0,66,70.5,4.5
2025-09-20,PROD_06,Extra Virgin Olive Oil 1L,STORE_04,Groceries,850.0,45,54.3,9.299999237060547
2025-09-21,PROD_06,Extra Virgin Olive Oil 1L,STORE_04,Groceries,850.0,67,51.4,-15.599998474121094
2025-09-22,PROD_06,Extra Virgin Olive Oil 1L,STORE_04,Groceries,850.0,47,40.9,-6.099998474121094
2025-09-23,PROD_06,Extra Virgin Olive Oil 1L,STORE_04,Groceries,850.0,39,40.7,1.7000007629394531
2025-09-24,PROD_06,Extra Virgin Olive Oil 1L,STORE_04,Groceries,850.0,32,40.4,8.400001525878906
2025-09-25,PROD_06,Extra Virgin Olive Oil 1L,STORE_04,Groceries,850.0,39,39.9,0.9000015258789062
2025-09-26,PROD_06,Extra Virgin Olive Oil 1L,STORE_04,Groceries,850.0,40,46.2,6.200000762939453
2025-09-27,PROD_06,Extra Virgin Olive Oil 1L,STORE_04,Groceries,680.0,64,74.3,10.300003051757812
2025-09-28,PROD_06,Extra Virgin Olive Oil 1L,STORE_04,Groceries,765.0,68,73.9,5.900001525878906
2025-09-29,PROD_06,Extra Virgin Olive Oil 1L,STORE_04,Groceries,850.0,37,40.6,3.5999984741210938
2025-09-30,PROD_06,Extra Virgin Olive Oil 1L,STORE_04,Groceries,850.0,48,38.0,-10.0
2025-10-01,PROD_06,Extra Virgin Olive Oil 1L,STORE_04,Groceries,850.0,48,46.8,-1.2000007629394531
2025-10-02,PROD_06,Extra Virgin Olive Oil 1L,STORE_04,Groceries,850.0,61,48.0,-13.0
2025-10-03,PROD_06,Extra Virgin Olive Oil 1L,STORE_04,Groceries,850.0,64,57.6,-6.400001525878906
2025-10-04,PROD_06,Extra Virgin Olive Oil 1L,STORE_04,Groceries,850.0,77,66.8,-10.199996948242188
2025-10-05,PROD_06,Extra Virgin Olive Oil 1L,STORE_04,Groceries,850.0,77,68.0,-9.0
2025-10-06,PROD_06,Extra Virgin Olive Oil 1L,STORE_04,Groceries,850.0,53,53.3,0.2999992370605469
2025-10-07,PROD_06,Extra Virgin Olive Oil 1L,STORE_04,Groceries,850.0,51,53.2,2.200000762939453
2025-10-08,PROD_06,Extra Virgin Olive Oil 1L,STORE_04,Groceries,850.0,46,54.1,8.099998474121094
2025-10-09,PROD_06,Extra Virgin Olive Oil 1L,STORE_04,Groceries,850.0,54,53.2,-0.7999992370605469
2025-10-10,PROD_06,Extra Virgin Olive Oil 1L,STORE_04,Groceries,850.0,56,64.1,8.099998474121094
2025-10-11,PROD_06,Extra Virgin Olive Oil 1L,STORE_04,Groceries,765.0,92,94.1,2.0999984741210938
2025-10-12,PROD_06,Extra Virgin Olive Oil 1L,STORE_04,Groceries,765.0,91,98.4,7.400001525878906
2025-10-13,PROD_06,Extra Virgin Olive Oil 1L,STORE_04,Groceries,850.0,68,56.5,-11.5
2025-10-14,PROD_06,Extra Virgin Olive Oil 1L,STORE_04,Groceries,850.0,60,57.2,-2.799999237060547
2025-10-15,PROD_06,Extra Virgin Olive Oil 1L,STORE_04,Groceries,850.0,51,59.2,8.200000762939453
2025-10-16,PROD_06,Extra Virgin Olive Oil 1L,STORE_04,Groceries,850.0,47,58.6,11.599998474121094
2025-10-17,PROD_06,Extra Virgin Olive Oil 1L,STORE_04,Groceries,850.0,57,66.1,9.099998474121094
2025-10-18,PROD_06,Extra Virgin Olive Oil 1L,STORE_04,Groceries,850.0,74,70.6,-3.4000015258789062
2025-10-19,PROD_06,Extra Virgin Olive Oil 1L,STORE_04,Groceries,850.0,74,73.2,-0.8000030517578125
2025-10-20,PROD_06,Extra Virgin Olive Oil 1L,STORE_04,Groceries,850.0,55,59.1,4.099998474121094
2025-10-21,PROD_06,Extra Virgin Olive Oil 1L,STORE_04,Groceries,816.0,63,60.6,-2.4000015258789062
2025-10-22,PROD_06,Extra Virgin Olive Oil 1L,STORE_04,Groceries,850.0,71,58.9,-12.099998474121094
2025-10-23,PROD_06,Extra Virgin Olive Oil 1L,STORE_04,Groceries,816.0,57,62.1,5.099998474121094
2025-10-24,PROD_06,Extra Virgin Olive Oil 1L,STORE_04,Groceries,807.5,81,89.9,8.900001525878906
2025-10-25,PROD_06,Extra Virgin Olive Oil 1L,STORE_04,Groceries,850.0,74,78.9,4.900001525878906
2025-10-26,PROD_06,Extra Virgin Olive Oil 1L,STORE_04,Groceries,850.0,78,78.5,0.5
2025-10-27,PROD_06,Extra Virgin Olive Oil 1L,STORE_04,Groceries,833.0,57,61.2,4.200000762939453
2025-10-28,PROD_06,Extra Virgin Olive Oil 1L,STORE_04,Groceries,833.0,49,63.3,14.299999237060547
2025-10-29,PROD_06,Extra Virgin Olive Oil 1L,STORE_04,Groceries,850.0,56,58.9,2.9000015258789062
2025-10-30,PROD_06,Extra Virgin Olive Oil 1L,STORE_04,Groceries,850.0,54,60.8,6.799999237060547
2025-10-31,PROD_06,Extra Virgin Olive Oil 1L,STORE_04,Groceries,833.0,48,70.7,22.699996948242188
2025-11-01,PROD_06,Extra Virgin Olive Oil 1L,STORE_04,Groceries,850.0,70,67.7,-2.3000030517578125
2025-11-02,PROD_06,Extra Virgin Olive Oil 1L,STORE_04,Groceries,807.5,109,92.0,-17.0
2025-11-03,PROD_06,Extra Virgin Olive Oil 1L,STORE_04,Groceries,850.0,63,55.2,-7.799999237060547
2025-11-04,PROD_06,Extra Virgin Olive Oil 1L,STORE_04,Groceries,850.0,54,55.3,1.2999992370605469
2025-11-05,PROD_06,Extra Virgin Olive Oil 1L,STORE_04,Groceries,765.0,83,72.9,-10.099998474121094
2025-11-06,PROD_06,Extra Virgin Olive Oil 1L,STORE_04,Groceries,850.0,58,56.6,-1.4000015258789062
2025-11-07,PROD_06,Extra Virgin Olive Oil 1L,STORE_04,Groceries,850.0,59,63.9,4.900001525878906
2025-11-08,PROD_06,Extra Virgin Olive Oil 1L,STORE_04,Groceries,816.0,72,73.7,1.6999969482421875
2025-11-09,PROD_06,Extra Virgin Olive Oil 1L,STORE_04,Groceries,850.0,62,72.7,10.699996948242188
2025-11-10,PROD_06,Extra Virgin Olive Oil 1L,STORE_04,Groceries,722.5,77,80.4,3.4000015258789062
2025-11-11,PROD_06,Extra Virgin Olive Oil 1L,STORE_04,Groceries,850.0,52,56.0,4.0
2025-11-12,PROD_06,Extra Virgin Olive Oil 1L,STORE_04,Groceries,765.0,75,78.3,3.3000030517578125
2025-11-13,PROD_06,Extra Virgin Olive Oil 1L,STORE_04,Groceries,807.5,68,75.0,7.0
2025-11-14,PROD_06,Extra Virgin Olive Oil 1L,STORE_04,Groceries,850.0,71,66.9,-4.099998474121094
2025-11-15,PROD_06,Extra Virgin Olive Oil 1L,STORE_04,Groceries,807.5,100,103.6,3.5999984741210938
2025-11-16,PROD_06,Extra Virgin Olive Oil 1L,STORE_04,Groceries,833.0,61,78.8,17.800003051757812
2025-11-17,PROD_06,Extra Virgin Olive Oil 1L,STORE_04,Groceries,850.0,58,59.8,1.7999992370605469
2025-11-18,PROD_06,Extra Virgin Olive Oil 1L,STORE_04,Groceries,850.0,56,58.9,2.9000015258789062
2025-11-19,PROD_06,Extra Virgin Olive Oil 1L,STORE_04,Groceries,850.0,59,59.2,0.20000076293945312
2025-11-20,PROD_06,Extra Virgin Olive Oil 1L,STORE_04,Groceries,850.0,55,57.1,2.0999984741210938
2025-11-21,PROD_06,Extra Virgin Olive Oil 1L,STORE_04,Groceries,850.0,63,66.0,3.0
2025-11-22,PROD_06,Extra Virgin Olive Oil 1L,STORE_04,Groceries,850.0,73,70.4,-2.5999984741210938
2025-11-23,PROD_06,Extra Virgin Olive Oil 1L,STORE_04,Groceries,807.5,101,98.7,-2.3000030517578125
2025-11-24,PROD_06,Extra Virgin Olive Oil 1L,STORE_04,Groceries,765.0,70,80.8,10.800003051757812
2025-11-25,PROD_06,Extra Virgin Olive Oil 1L,STORE_04,Groceries,850.0,67,57.8,-9.200000762939453
2025-11-26,PROD_06,Extra Virgin Olive Oil 1L,STORE_04,Groceries,850.0,55,59.3,4.299999237060547
2025-11-27,PROD_06,Extra Virgin Olive Oil 1L,STORE_04,Groceries,850.0,55,57.4,2.4000015258789062
2025-11-28,PROD_06,Extra Virgin Olive Oil 1L,STORE_04,Groceries,850.0,52,64.7,12.699996948242188
2025-11-29,PROD_06,Extra Virgin Olive Oil 1L,STORE_04,Groceries,850.0,68,70.7,2.6999969482421875
2025-11-30,PROD_06,Extra Virgin Olive Oil 1L,STORE_04,Groceries,850.0,79,72.5,-6.5
2025-12-01,PROD_06,Extra Virgin Olive Oil 1L,STORE_04,Groceries,850.0,55,58.2,3.200000762939453
2025-12-02,PROD_06,Extra Virgin Olive Oil 1L,STORE_04,Groceries,850.0,56,56.7,0.7000007629394531
2025-12-03,PROD_06,Extra Virgin Olive Oil 1L,STORE_04,Groceries,850.0,49,58.2,9.200000762939453
2025-12-04,PROD_06,Extra Virgin Olive Oil 1L,STORE_04,Groceries,833.0,65,55.9,-9.099998474121094
2025-12-05,PROD_06,Extra Virgin Olive Oil 1L,STORE_04,Groceries,850.0,57,65.2,8.199996948242188
2025-12-06,PROD_06,Extra Virgin Olive Oil 1L,STORE_04,Groceries,850.0,76,70.0,-6.0
2025-12-07,PROD_06,Extra Virgin Olive Oil 1L,STORE_04,Groceries,833.0,62,72.6,10.599998474121094
2025-12-08,PROD_06,Extra Virgin Olive Oil 1L,STORE_04,Groceries,850.0,58,56.1,-1.9000015258789062
2025-12-09,PROD_06,Extra Virgin Olive Oil 1L,STORE_04,Groceries,850.0,66,54.8,-11.200000762939453
2025-12-10,PROD_06,Extra Virgin Olive Oil 1L,STORE_04,Groceries,850.0,51,56.0,5.0
2025-12-11,PROD_06,Extra Virgin Olive Oil 1L,STORE_04,Groceries,850.0,45,55.1,10.099998474121094
2025-12-12,PROD_06,Extra Virgin Olive Oil 1L,STORE_04,Groceries,850.0,63,59.6,-3.4000015258789062
2025-12-13,PROD_06,Extra Virgin Olive Oil 1L,STORE_04,Groceries,850.0,106,69.6,-36.400001525878906
2025-12-14,PROD_06,Extra Virgin Olive Oil 1L,STORE_04,Groceries,850.0,88,68.8,-19.199996948242188
2025-12-15,PROD_06,Extra Virgin Olive Oil 1L,STORE_04,Groceries,833.0,49,55.5,6.5
2025-12-16,PROD_06,Extra Virgin Olive Oil 1L,STORE_04,Groceries,850.0,52,53.5,1.5
2025-12-17,PROD_06,Extra Virgin Olive Oil 1L,STORE_04,Groceries,833.0,75,52.1,-22.900001525878906
2025-12-18,PROD_06,Extra Virgin Olive Oil 1L,STORE_04,Groceries,833.0,53,54.4,1.4000015258789062
2025-12-19,PROD_06,Extra Virgin Olive Oil 1L,STORE_04,Groceries,850.0,54,63.8,9.799999237060547
2025-12-20,PROD_06,Extra Virgin Olive Oil 1L,STORE_04,Groceries,850.0,69,67.1,-1.9000015258789062
2025-12-21,PROD_06,Extra Virgin Olive Oil 1L,STORE_04,Groceries,850.0,71,72.1,1.0999984741210938
2025-12-22,PROD_06,Extra Virgin Olive Oil 1L,STORE_04,Groceries,850.0,60,56.8,-3.200000762939453
2025-12-23,PROD_06,Extra Virgin Olive Oil 1L,STORE_04,Groceries,850.0,59,56.7,-2.299999237060547
2025-12-24,PROD_06,Extra Virgin Olive Oil 1L,STORE_04,Groceries,816.0,57,56.7,-0.2999992370605469
2025-12-25,PROD_06,Extra Virgin Olive Oil 1L,STORE_04,Groceries,850.0,64,55.4,-8.599998474121094
2025-12-26,PROD_06,Extra Virgin Olive Oil 1L,STORE_04,Groceries,850.0,60,65.0,5.0
2025-12-27,PROD_06,Extra Virgin Olive Oil 1L,STORE_04,Groceries,850.0,78,71.9,-6.099998474121094
2025-12-28,PROD_06,Extra Virgin Olive Oil 1L,STORE_04,Groceries,833.0,72,71.8,-0.1999969482421875
2025-12-29,PROD_06,Extra Virgin Olive Oil 1L,STORE_04,Groceries,807.5,83,72.1,-10.900001525878906
2025-12-30,PROD_06,Extra Virgin Olive Oil 1L,STORE_04,Groceries,833.0,60,55.8,-4.200000762939453
2025-12-31,PROD_06,Extra Virgin Olive Oil 1L,STORE_04,Groceries,850.0,73,55.9,-17.099998474121094
2025-09-17,PROD_07,Premium Arabica Coffee Beans 500g,STORE_01,Groceries,509.15,112,111.4,-0.5999984741210938
2025-09-18,PROD_07,Premium Arabica Coffee Beans 500g,STORE_01,Groceries,599.0,81,77.9,-3.0999984741210938
2025-09-19,PROD_07,Premium Arabica Coffee Beans 500g,STORE_01,Groceries,599.0,113,89.7,-23.300003051757812
2025-09-20,PROD_07,Premium Arabica Coffee Beans 500g,STORE_01,Groceries,599.0,99,106.5,7.5
2025-09-21,PROD_07,Premium Arabica Coffee Beans 500g,STORE_01,Groceries,599.0,102,102.4,0.40000152587890625
2025-09-22,PROD_07,Premium Arabica Coffee Beans 500g,STORE_01,Groceries,599.0,95,79.2,-15.800003051757812
2025-09-23,PROD_07,Premium Arabica Coffee Beans 500g,STORE_01,Groceries,599.0,86,78.2,-7.8000030517578125
2025-09-24,PROD_07,Premium Arabica Coffee Beans 500g,STORE_01,Groceries,599.0,93,81.0,-12.0
2025-09-25,PROD_07,Premium Arabica Coffee Beans 500g,STORE_01,Groceries,599.0,79,80.0,1.0
2025-09-26,PROD_07,Premium Arabica Coffee Beans 500g,STORE_01,Groceries,599.0,84,92.9,8.900001525878906
2025-09-27,PROD_07,Premium Arabica Coffee Beans 500g,STORE_01,Groceries,599.0,96,103.2,7.1999969482421875
2025-09-28,PROD_07,Premium Arabica Coffee Beans 500g,STORE_01,Groceries,599.0,90,104.4,14.400001525878906
2025-09-29,PROD_07,Premium Arabica Coffee Beans 500g,STORE_01,Groceries,449.25,136,122.1,-13.900001525878906
2025-09-30,PROD_07,Premium Arabica Coffee Beans 500g,STORE_01,Groceries,539.1,100,113.1,13.099998474121094
2025-10-01,PROD_07,Premium Arabica Coffee Beans 500g,STORE_01,Groceries,599.0,133,98.5,-34.5
2025-10-02,PROD_07,Premium Arabica Coffee Beans 500g,STORE_01,Groceries,599.0,97,96.4,-0.5999984741210938
2025-10-03,PROD_07,Premium Arabica Coffee Beans 500g,STORE_01,Groceries,599.0,125,120.1,-4.900001525878906
2025-10-04,PROD_07,Premium Arabica Coffee Beans 500g,STORE_01,Groceries,599.0,142,133.8,-8.199996948242188
2025-10-05,PROD_07,Premium Arabica Coffee Beans 500g,STORE_01,Groceries,599.0,136,138.4,2.399993896484375
2025-10-06,PROD_07,Premium Arabica Coffee Beans 500g,STORE_01,Groceries,599.0,104,103.3,-0.6999969482421875
2025-10-07,PROD_07,Premium Arabica Coffee Beans 500g,STORE_01,Groceries,599.0,105,101.0,-4.0
2025-10-08,PROD_07,Premium Arabica Coffee Beans 500g,STORE_01,Groceries,599.0,102,103.2,1.1999969482421875
2025-10-09,PROD_07,Premium Arabica Coffee Beans 500g,STORE_01,Groceries,599.0,100,104.9,4.900001525878906
2025-10-10,PROD_07,Premium Arabica Coffee Beans 500g,STORE_01,Groceries,599.0,114,123.2,9.199996948242188
2025-10-11,PROD_07,Premium Arabica Coffee Beans 500g,STORE_01,Groceries,539.1,180,187.6,7.600006103515625
2025-10-12,PROD_07,Premium Arabica Coffee Beans 500g,STORE_01,Groceries,599.0,132,144.0,12.0
2025-10-13,PROD_07,Premium Arabica Coffee Beans 500g,STORE_01,Groceries,587.02,105,107.8,2.8000030517578125
2025-10-14,PROD_07,Premium Arabica Coffee Beans 500g,STORE_01,Groceries,599.0,119,103.1,-15.900001525878906
2025-10-15,PROD_07,Premium Arabica Coffee Beans 500g,STORE_01,Groceries,587.02,100,110.7,10.699996948242188
2025-10-16,PROD_07,Premium Arabica Coffee Beans 500g,STORE_01,Groceries,599.0,139,102.2,-36.80000305175781
2025-10-17,PROD_07,Premium Arabica Coffee Beans 500g,STORE_01,Groceries,599.0,150,132.1,-17.899993896484375
2025-10-18,PROD_07,Premium Arabica Coffee Beans 500g,STORE_01,Groceries,587.02,183,145.6,-37.399993896484375
2025-10-19,PROD_07,Premium Arabica Coffee Beans 500g,STORE_01,Groceries,599.0,161,147.5,-13.5
2025-10-20,PROD_07,Premium Arabica Coffee Beans 500g,STORE_01,Groceries,569.05,146,147.3,1.3000030517578125
2025-10-21,PROD_07,Premium Arabica Coffee Beans 500g,STORE_01,Groceries,599.0,111,116.8,5.8000030517578125
2025-10-22,PROD_07,Premium Arabica Coffee Beans 500g,STORE_01,Groceries,569.05,125,152.8,27.800003051757812
2025-10-23,PROD_07,Premium Arabica Coffee Beans 500g,STORE_01,Groceries,509.15,192,167.7,-24.300003051757812
2025-10-24,PROD_07,Premium Arabica Coffee Beans 500g,STORE_01,Groceries,539.1,158,199.9,41.899993896484375
2025-10-25,PROD_07,Premium Arabica Coffee Beans 500g,STORE_01,Groceries,575.04,155,162.0,7.0
2025-10-26,PROD_07,Premium Arabica Coffee Beans 500g,STORE_01,Groceries,599.0,170,158.6,-11.399993896484375
2025-10-27,PROD_07,Premium Arabica Coffee Beans 500g,STORE_01,Groceries,599.0,106,126.4,20.400001525878906
2025-10-28,PROD_07,Premium Arabica Coffee Beans 500g,STORE_01,Groceries,599.0,97,120.9,23.900001525878906
2025-10-29,PROD_07,Premium Arabica Coffee Beans 500g,STORE_01,Groceries,599.0,113,121.6,8.599998474121094
2025-10-30,PROD_07,Premium Arabica Coffee Beans 500g,STORE_01,Groceries,599.0,117,119.5,2.5
2025-10-31,PROD_07,Premium Arabica Coffee Beans 500g,STORE_01,Groceries,509.15,183,210.6,27.600006103515625
2025-11-01,PROD_07,Premium Arabica Coffee Beans 500g,STORE_01,Groceries,599.0,155,153.7,-1.3000030517578125
2025-11-02,PROD_07,Premium Arabica Coffee Beans 500g,STORE_01,Groceries,599.0,171,147.3,-23.699996948242188
2025-11-03,PROD_07,Premium Arabica Coffee Beans 500g,STORE_01,Groceries,569.05,185,141.2,-43.80000305175781
2025-11-04,PROD_07,Premium Arabica Coffee Beans 500g,STORE_01,Groceries,575.04,130,114.5,-15.5
2025-11-05,PROD_07,Premium Arabica Coffee Beans 500g,STORE_01,Groceries,587.02,124,117.3,-6.6999969482421875
2025-11-06,PROD_07,Premium Arabica Coffee Beans 500g,STORE_01,Groceries,599.0,101,116.1,15.099998474121094
2025-11-07,PROD_07,Premium Arabica Coffee Beans 500g,STORE_01,Groceries,599.0,125,129.7,4.6999969482421875
2025-11-08,PROD_07,Premium Arabica Coffee Beans 500g,STORE_01,Groceries,599.0,133,154.9,21.899993896484375
2025-11-09,PROD_07,Premium Arabica Coffee Beans 500g,STORE_01,Groceries,599.0,153,149.0,-4.0
2025-11-10,PROD_07,Premium Arabica Coffee Beans 500g,STORE_01,Groceries,569.05,120,142.2,22.199996948242188
2025-11-11,PROD_07,Premium Arabica Coffee Beans 500g,STORE_01,Groceries,599.0,93,112.2,19.199996948242188
2025-11-12,PROD_07,Premium Arabica Coffee Beans 500g,STORE_01,Groceries,599.0,119,103.4,-15.599998474121094
2025-11-13,PROD_07,Premium Arabica Coffee Beans 500g,STORE_01,Groceries,599.0,110,108.4,-1.5999984741210938
2025-11-14,PROD_07,Premium Arabica Coffee Beans 500g,STORE_01,Groceries,599.0,137,125.7,-11.300003051757812
2025-11-15,PROD_07,Premium Arabica Coffee Beans 500g,STORE_01,Groceries,599.0,151,147.4,-3.600006103515625
2025-11-16,PROD_07,Premium Arabica Coffee Beans 500g,STORE_01,Groceries,599.0,140,144.0,4.0
2025-11-17,PROD_07,Premium Arabica Coffee Beans 500g,STORE_01,Groceries,509.15,187,172.3,-14.699996948242188
2025-11-18,PROD_07,Premium Arabica Coffee Beans 500g,STORE_01,Groceries,599.0,99,110.3,11.300003051757812
2025-11-19,PROD_07,Premium Arabica Coffee Beans 500g,STORE_01,Groceries,599.0,115,110.6,-4.400001525878906
2025-11-20,PROD_07,Premium Arabica Coffee Beans 500g,STORE_01,Groceries,599.0,103,114.7,11.699996948242188
2025-11-21,PROD_07,Premium Arabica Coffee Beans 500g,STORE_01,Groceries,539.1,180,180.2,0.1999969482421875
2025-11-22,PROD_07,Premium Arabica Coffee Beans 500g,STORE_01,Groceries,599.0,145,145.2,0.1999969482421875
2025-11-23,PROD_07,Premium Arabica Coffee Beans 500g,STORE_01,Groceries,569.05,189,200.2,11.199996948242188
2025-11-24,PROD_07,Premium Arabica Coffee Beans 500g,STORE_01,Groceries,509.15,176,166.3,-9.699996948242188
2025-11-25,PROD_07,Premium Arabica Coffee Beans 500g,STORE_01,Groceries,599.0,113,110.2,-2.8000030517578125
2025-11-26,PROD_07,Premium Arabica Coffee Beans 500g,STORE_01,Groceries,575.04,131,117.2,-13.800003051757812
2025-11-27,PROD_07,Premium Arabica Coffee Beans 500g,STORE_01,Groceries,599.0,136,115.0,-21.0
2025-11-28,PROD_07,Premium Arabica Coffee Beans 500g,STORE_01,Groceries,575.04,131,146.8,15.800003051757812
2025-11-29,PROD_07,Premium Arabica Coffee Beans 500g,STORE_01,Groceries,587.02,148,155.6,7.600006103515625
2025-11-30,PROD_07,Premium Arabica Coffee Beans 500g,STORE_01,Groceries,599.0,131,154.5,23.5
2025-12-01,PROD_07,Premium Arabica Coffee Beans 500g,STORE_01,Groceries,599.0,117,116.7,-0.3000030517578125
2025-12-02,PROD_07,Premium Arabica Coffee Beans 500g,STORE_01,Groceries,539.1,161,154.0,-7.0
2025-12-03,PROD_07,Premium Arabica Coffee Beans 500g,STORE_01,Groceries,599.0,124,114.9,-9.099998474121094
2025-12-04,PROD_07,Premium Arabica Coffee Beans 500g,STORE_01,Groceries,599.0,107,114.9,7.900001525878906
2025-12-05,PROD_07,Premium Arabica Coffee Beans 500g,STORE_01,Groceries,599.0,117,128.5,11.5
2025-12-06,PROD_07,Premium Arabica Coffee Beans 500g,STORE_01,Groceries,509.15,228,212.7,-15.300003051757812
2025-12-07,PROD_07,Premium Arabica Coffee Beans 500g,STORE_01,Groceries,587.02,128,149.5,21.5
2025-12-08,PROD_07,Premium Arabica Coffee Beans 500g,STORE_01,Groceries,575.04,126,113.3,-12.699996948242188
2025-12-09,PROD_07,Premium Arabica Coffee Beans 500g,STORE_01,Groceries,599.0,102,108.8,6.8000030517578125
2025-12-10,PROD_07,Premium Arabica Coffee Beans 500g,STORE_01,Groceries,599.0,113,105.2,-7.8000030517578125
2025-12-11,PROD_07,Premium Arabica Coffee Beans 500g,STORE_01,Groceries,599.0,98,105.9,7.900001525878906
2025-12-12,PROD_07,Premium Arabica Coffee Beans 500g,STORE_01,Groceries,599.0,143,119.4,-23.599998474121094
2025-12-13,PROD_07,Premium Arabica Coffee Beans 500g,STORE_01,Groceries,599.0,169,144.3,-24.699996948242188
2025-12-14,PROD_07,Premium Arabica Coffee Beans 500g,STORE_01,Groceries,599.0,155,142.1,-12.899993896484375
2025-12-15,PROD_07,Premium Arabica Coffee Beans 500g,STORE_01,Groceries,599.0,106,110.9,4.900001525878906
2025-12-16,PROD_07,Premium Arabica Coffee Beans 500g,STORE_01,Groceries,599.0,126,108.9,-17.099998474121094
2025-12-17,PROD_07,Premium Arabica Coffee Beans 500g,STORE_01,Groceries,575.04,115,114.3,-0.6999969482421875
2025-12-18,PROD_07,Premium Arabica Coffee Beans 500g,STORE_01,Groceries,575.04,111,112.5,1.5
2025-12-19,PROD_07,Premium Arabica Coffee Beans 500g,STORE_01,Groceries,599.0,138,129.2,-8.800003051757812
2025-12-20,PROD_07,Premium Arabica Coffee Beans 500g,STORE_01,Groceries,599.0,149,143.9,-5.100006103515625
2025-12-21,PROD_07,Premium Arabica Coffee Beans 500g,STORE_01,Groceries,539.1,187,200.0,13.0
2025-12-22,PROD_07,Premium Arabica Coffee Beans 500g,STORE_01,Groceries,539.1,135,150.1,15.100006103515625
2025-12-23,PROD_07,Premium Arabica Coffee Beans 500g,STORE_01,Groceries,599.0,96,111.9,15.900001525878906
2025-12-24,PROD_07,Premium Arabica Coffee Beans 500g,STORE_01,Groceries,509.15,136,164.0,28.0
2025-12-25,PROD_07,Premium Arabica Coffee Beans 500g,STORE_01,Groceries,599.0,121,113.4,-7.599998474121094
2025-12-26,PROD_07,Premium Arabica Coffee Beans 500g,STORE_01,Groceries,599.0,107,133.0,26.0
2025-12-27,PROD_07,Premium Arabica Coffee Beans 500g,STORE_01,Groceries,599.0,147,138.4,-8.600006103515625
2025-12-28,PROD_07,Premium Arabica Coffee Beans 500g,STORE_01,Groceries,599.0,167,146.1,-20.899993896484375
2025-12-29,PROD_07,Premium Arabica Coffee Beans 500g,STORE_01,Groceries,599.0,120,109.1,-10.900001525878906
2025-12-30,PROD_07,Premium Arabica Coffee Beans 500g,STORE_01,Groceries,569.05,147,148.1,1.100006103515625
2025-12-31,PROD_07,Premium Arabica Coffee Beans 500g,STORE_01,Groceries,599.0,90,111.9,21.900001525878906
2025-09-17,PROD_07,Premium Arabica Coffee Beans 500g,STORE_02,Groceries,599.0,75,73.5,-1.5
2025-09-18,PROD_07,Premium Arabica Coffee Beans 500g,STORE_02,Groceries,575.04,67,75.5,8.5
2025-09-19,PROD_07,Premium Arabica Coffee Beans 500g,STORE_02,Groceries,599.0,90,80.8,-9.199996948242188
2025-09-20,PROD_07,Premium Arabica Coffee Beans 500g,STORE_02,Groceries,575.04,99,96.7,-2.3000030517578125
2025-09-21,PROD_07,Premium Arabica Coffee Beans 500g,STORE_02,Groceries,599.0,137,93.9,-43.099998474121094
2025-09-22,PROD_07,Premium Arabica Coffee Beans 500g,STORE_02,Groceries,599.0,63,75.2,12.199996948242188
2025-09-23,PROD_07,Premium Arabica Coffee Beans 500g,STORE_02,Groceries,599.0,57,71.0,14.0
2025-09-24,PROD_07,Premium Arabica Coffee Beans 500g,STORE_02,Groceries,599.0,71,70.6,-0.40000152587890625
2025-09-25,PROD_07,Premium Arabica Coffee Beans 500g,STORE_02,Groceries,599.0,83,69.1,-13.900001525878906
2025-09-26,PROD_07,Premium Arabica Coffee Beans 500g,STORE_02,Groceries,599.0,75,84.5,9.5
2025-09-27,PROD_07,Premium Arabica Coffee Beans 500g,STORE_02,Groceries,599.0,110,90.8,-19.199996948242188
2025-09-28,PROD_07,Premium Arabica Coffee Beans 500g,STORE_02,Groceries,599.0,76,91.3,15.300003051757812
2025-09-29,PROD_07,Premium Arabica Coffee Beans 500g,STORE_02,Groceries,587.02,78,71.9,-6.099998474121094
2025-09-30,PROD_07,Premium Arabica Coffee Beans 500g,STORE_02,Groceries,599.0,68,70.1,2.0999984741210938
2025-10-01,PROD_07,Premium Arabica Coffee Beans 500g,STORE_02,Groceries,587.02,106,91.3,-14.699996948242188
2025-10-02,PROD_07,Premium Arabica Coffee Beans 500g,STORE_02,Groceries,599.0,103,91.5,-11.5
2025-10-03,PROD_07,Premium Arabica Coffee Beans 500g,STORE_02,Groceries,599.0,111,106.3,-4.6999969482421875
2025-10-04,PROD_07,Premium Arabica Coffee Beans 500g,STORE_02,Groceries,575.04,125,123.7,-1.3000030517578125
2025-10-05,PROD_07,Premium Arabica Coffee Beans 500g,STORE_02,Groceries,599.0,154,117.5,-36.5
2025-10-06,PROD_07,Premium Arabica Coffee Beans 500g,STORE_02,Groceries,599.0,102,94.1,-7.900001525878906
2025-10-07,PROD_07,Premium Arabica Coffee Beans 500g,STORE_02,Groceries,599.0,94,96.1,2.0999984741210938
2025-10-08,PROD_07,Premium Arabica Coffee Beans 500g,STORE_02,Groceries,575.04,83,101.2,18.199996948242188
2025-10-09,PROD_07,Premium Arabica Coffee Beans 500g,STORE_02,Groceries,599.0,96,91.7,-4.3000030517578125
2025-10-10,PROD_07,Premium Arabica Coffee Beans 500g,STORE_02,Groceries,569.05,148,151.6,3.600006103515625
2025-10-11,PROD_07,Premium Arabica Coffee Beans 500g,STORE_02,Groceries,599.0,153,137.3,-15.699996948242188
2025-10-12,PROD_07,Premium Arabica Coffee Beans 500g,STORE_02,Groceries,509.15,201,179.3,-21.699996948242188
2025-10-13,PROD_07,Premium Arabica Coffee Beans 500g,STORE_02,Groceries,599.0,92,100.9,8.900001525878906
2025-10-14,PROD_07,Premium Arabica Coffee Beans 500g,STORE_02,Groceries,599.0,90,100.0,10.0
2025-10-15,PROD_07,Premium Arabica Coffee Beans 500g,STORE_02,Groceries,569.05,146,128.0,-18.0
2025-10-16,PROD_07,Premium Arabica Coffee Beans 500g,STORE_02,Groceries,599.0,75,102.5,27.5
2025-10-17,PROD_07,Premium Arabica Coffee Beans 500g,STORE_02,Groceries,599.0,116,114.2,-1.8000030517578125
2025-10-18,PROD_07,Premium Arabica Coffee Beans 500g,STORE_02,Groceries,599.0,124,138.3,14.300003051757812
2025-10-19,PROD_07,Premium Arabica Coffee Beans 500g,STORE_02,Groceries,599.0,125,137.6,12.600006103515625
2025-10-20,PROD_07,Premium Arabica Coffee Beans 500g,STORE_02,Groceries,599.0,92,102.2,10.199996948242188
2025-10-21,PROD_07,Premium Arabica Coffee Beans 500g,STORE_02,Groceries,569.05,121,131.8,10.800003051757812
2025-10-22,PROD_07,Premium Arabica Coffee Beans 500g,STORE_02,Groceries,569.05,140,132.7,-7.3000030517578125
2025-10-23,PROD_07,Premium Arabica Coffee Beans 500g,STORE_02,Groceries,569.05,129,138.7,9.699996948242188
2025-10-24,PROD_07,Premium Arabica Coffee Beans 500g,STORE_02,Groceries,539.1,174,173.3,-0.6999969482421875
2025-10-25,PROD_07,Premium Arabica Coffee Beans 500g,STORE_02,Groceries,569.05,162,191.4,29.399993896484375
2025-10-26,PROD_07,Premium Arabica Coffee Beans 500g,STORE_02,Groceries,599.0,149,143.3,-5.6999969482421875
2025-10-27,PROD_07,Premium Arabica Coffee Beans 500g,STORE_02,Groceries,509.15,145,160.8,15.800003051757812
2025-10-28,PROD_07,Premium Arabica Coffee Beans 500g,STORE_02,Groceries,599.0,104,116.1,12.099998474121094
2025-10-29,PROD_07,Premium Arabica Coffee Beans 500g,STORE_02,Groceries,599.0,123,114.5,-8.5
2025-10-30,PROD_07,Premium Arabica Coffee Beans 500g,STORE_02,Groceries,599.0,95,117.1,22.099998474121094
2025-10-31,PROD_07,Premium Arabica Coffee Beans 500g,STORE_02,Groceries,599.0,85,127.9,42.900001525878906
2025-11-01,PROD_07,Premium Arabica Coffee Beans 500g,STORE_02,Groceries,599.0,202,129.9,-72.10000610351562
2025-11-02,PROD_07,Premium Arabica Coffee Beans 500g,STORE_02,Groceries,587.02,147,138.7,-8.300003051757812
2025-11-03,PROD_07,Premium Arabica Coffee Beans 500g,STORE_02,Groceries,599.0,97,102.7,5.6999969482421875
2025-11-04,PROD_07,Premium Arabica Coffee Beans 500g,STORE_02,Groceries,599.0,120,98.2,-21.800003051757812
2025-11-05,PROD_07,Premium Arabica Coffee Beans 500g,STORE_02,Groceries,599.0,105,103.3,-1.6999969482421875
2025-11-06,PROD_07,Premium Arabica Coffee Beans 500g,STORE_02,Groceries,599.0,92,100.0,8.0
2025-11-07,PROD_07,Premium Arabica Coffee Beans 500g,STORE_02,Groceries,575.04,126,121.3,-4.6999969482421875
2025-11-08,PROD_07,Premium Arabica Coffee Beans 500g,STORE_02,Groceries,599.0,156,139.0,-17.0
2025-11-09,PROD_07,Premium Arabica Coffee Beans 500g,STORE_02,Groceries,599.0,120,137.5,17.5
2025-11-10,PROD_07,Premium Arabica Coffee Beans 500g,STORE_02,Groceries,539.1,133,138.0,5.0
2025-11-11,PROD_07,Premium Arabica Coffee Beans 500g,STORE_02,Groceries,599.0,104,100.9,-3.0999984741210938
2025-11-12,PROD_07,Premium Arabica Coffee Beans 500g,STORE_02,Groceries,599.0,91,102.0,11.0
2025-11-13,PROD_07,Premium Arabica Coffee Beans 500g,STORE_02,Groceries,509.15,121,147.5,26.5
2025-11-14,PROD_07,Premium Arabica Coffee Beans 500g,STORE_02,Groceries,569.05,133,156.8,23.800003051757812
2025-11-15,PROD_07,Premium Arabica Coffee Beans 500g,STORE_02,Groceries,599.0,144,139.4,-4.600006103515625
2025-11-16,PROD_07,Premium Arabica Coffee Beans 500g,STORE_02,Groceries,599.0,147,135.6,-11.399993896484375
2025-11-17,PROD_07,Premium Arabica Coffee Beans 500g,STORE_02,Groceries,599.0,106,101.7,-4.3000030517578125
2025-11-18,PROD_07,Premium Arabica Coffee Beans 500g,STORE_02,Groceries,599.0,94,100.4,6.400001525878906
2025-11-19,PROD_07,Premium Arabica Coffee Beans 500g,STORE_02,Groceries,575.04,115,103.2,-11.800003051757812
2025-11-20,PROD_07,Premium Arabica Coffee Beans 500g,STORE_02,Groceries,587.02,87,104.7,17.699996948242188
2025-11-21,PROD_07,Premium Arabica Coffee Beans 500g,STORE_02,Groceries,575.04,106,118.6,12.599998474121094
2025-11-22,PROD_07,Premium Arabica Coffee Beans 500g,STORE_02,Groceries,569.05,167,173.1,6.100006103515625
2025-11-23,PROD_07,Premium Arabica Coffee Beans 500g,STORE_02,Groceries,539.1,177,184.5,7.5
2025-11-24,PROD_07,Premium Arabica Coffee Beans 500g,STORE_02,Groceries,479.2,153,166.6,13.600006103515625
2025-11-25,PROD_07,Premium Arabica Coffee Beans 500g,STORE_02,Groceries,479.2,148,160.1,12.100006103515625
2025-11-26,PROD_07,Premium Arabica Coffee Beans 500g,STORE_02,Groceries,599.0,75,105.5,30.5
2025-11-27,PROD_07,Premium Arabica Coffee Beans 500g,STORE_02,Groceries,599.0,85,102.4,17.400001525878906
2025-11-28,PROD_07,Premium Arabica Coffee Beans 500g,STORE_02,Groceries,575.04,127,115.2,-11.800003051757812
2025-11-29,PROD_07,Premium Arabica Coffee Beans 500g,STORE_02,Groceries,587.02,176,140.9,-35.100006103515625
2025-11-30,PROD_07,Premium Arabica Coffee Beans 500g,STORE_02,Groceries,599.0,117,139.5,22.5
2025-12-01,PROD_07,Premium Arabica Coffee Beans 500g,STORE_02,Groceries,599.0,93,99.6,6.599998474121094
2025-12-02,PROD_07,Premium Arabica Coffee Beans 500g,STORE_02,Groceries,599.0,95,95.9,0.9000015258789062
2025-12-03,PROD_07,Premium Arabica Coffee Beans 500g,STORE_02,Groceries,599.0,101,96.9,-4.099998474121094
2025-12-04,PROD_07,Premium Arabica Coffee Beans 500g,STORE_02,Groceries,599.0,118,97.5,-20.5
2025-12-05,PROD_07,Premium Arabica Coffee Beans 500g,STORE_02,Groceries,599.0,108,123.9,15.900001525878906
2025-12-06,PROD_07,Premium Arabica Coffee Beans 500g,STORE_02,Groceries,569.05,151,174.0,23.0
2025-12-07,PROD_07,Premium Arabica Coffee Beans 500g,STORE_02,Groceries,599.0,111,132.6,21.600006103515625
2025-12-08,PROD_07,Premium Arabica Coffee Beans 500g,STORE_02,Groceries,599.0,91,99.9,8.900001525878906
2025-12-09,PROD_07,Premium Arabica Coffee Beans 500g,STORE_02,Groceries,599.0,103,98.3,-4.6999969482421875
2025-12-10,PROD_07,Premium Arabica Coffee Beans 500g,STORE_02,Groceries,587.02,113,98.7,-14.300003051757812
2025-12-11,PROD_07,Premium Arabica Coffee Beans 500g,STORE_02,Groceries,509.15,139,147.1,8.100006103515625
2025-12-12,PROD_07,Premium Arabica Coffee Beans 500g,STORE_02,Groceries,599.0,130,121.0,-9.0
2025-12-13,PROD_07,Premium Arabica Coffee Beans 500g,STORE_02,Groceries,599.0,119,137.1,18.100006103515625
2025-12-14,PROD_07,Premium Arabica Coffee Beans 500g,STORE_02,Groceries,569.05,140,176.3,36.30000305175781
2025-12-15,PROD_07,Premium Arabica Coffee Beans 500g,STORE_02,Groceries,599.0,101,99.0,-2.0
2025-12-16,PROD_07,Premium Arabica Coffee Beans 500g,STORE_02,Groceries,599.0,98,97.5,-0.5
2025-12-17,PROD_07,Premium Arabica Coffee Beans 500g,STORE_02,Groceries,575.04,99,99.8,0.8000030517578125
2025-12-18,PROD_07,Premium Arabica Coffee Beans 500g,STORE_02,Groceries,599.0,105,94.8,-10.199996948242188
2025-12-19,PROD_07,Premium Arabica Coffee Beans 500g,STORE_02,Groceries,599.0,152,114.6,-37.400001525878906
2025-12-20,PROD_07,Premium Arabica Coffee Beans 500g,STORE_02,Groceries,599.0,96,134.5,38.5
2025-12-21,PROD_07,Premium Arabica Coffee Beans 500g,STORE_02,Groceries,599.0,132,126.2,-5.8000030517578125
2025-12-22,PROD_07,Premium Arabica Coffee Beans 500g,STORE_02,Groceries,599.0,114,99.1,-14.900001525878906
2025-12-23,PROD_07,Premium Arabica Coffee Beans 500g,STORE_02,Groceries,599.0,97,98.2,1.1999969482421875
2025-12-24,PROD_07,Premium Arabica Coffee Beans 500g,STORE_02,Groceries,539.1,154,132.6,-21.399993896484375
2025-12-25,PROD_07,Premium Arabica Coffee Beans 500g,STORE_02,Groceries,539.1,120,132.2,12.199996948242188
2025-12-26,PROD_07,Premium Arabica Coffee Beans 500g,STORE_02,Groceries,599.0,121,121.6,0.5999984741210938
2025-12-27,PROD_07,Premium Arabica Coffee Beans 500g,STORE_02,Groceries,539.1,218,184.1,-33.899993896484375
2025-12-28,PROD_07,Premium Arabica Coffee Beans 500g,STORE_02,Groceries,479.2,201,203.6,2.600006103515625
2025-12-29,PROD_07,Premium Arabica Coffee Beans 500g,STORE_02,Groceries,479.2,151,165.4,14.399993896484375
2025-12-30,PROD_07,Premium Arabica Coffee Beans 500g,STORE_02,Groceries,449.25,159,175.4,16.399993896484375
2025-12-31,PROD_07,Premium Arabica Coffee Beans 500g,STORE_02,Groceries,509.15,155,167.7,12.699996948242188
2025-09-17,PROD_07,Premium Arabica Coffee Beans 500g,STORE_03,Groceries,587.02,84,83.0,-1.0
2025-09-18,PROD_07,Premium Arabica Coffee Beans 500g,STORE_03,Groceries,599.0,77,81.4,4.400001525878906
2025-09-19,PROD_07,Premium Arabica Coffee Beans 500g,STORE_03,Groceries,599.0,80,93.3,13.300003051757812
2025-09-20,PROD_07,Premium Arabica Coffee Beans 500g,STORE_03,Groceries,539.1,161,149.8,-11.199996948242188
2025-09-21,PROD_07,Premium Arabica Coffee Beans 500g,STORE_03,Groceries,599.0,112,104.0,-8.0
2025-09-22,PROD_07,Premium Arabica Coffee Beans 500g,STORE_03,Groceries,599.0,79,81.0,2.0
2025-09-23,PROD_07,Premium Arabica Coffee Beans 500g,STORE_03,Groceries,569.05,121,111.7,-9.300003051757812
2025-09-24,PROD_07,Premium Arabica Coffee Beans 500g,STORE_03,Groceries,599.0,94,82.1,-11.900001525878906
2025-09-25,PROD_07,Premium Arabica Coffee Beans 500g,STORE_03,Groceries,575.04,109,87.6,-21.400001525878906
2025-09-26,PROD_07,Premium Arabica Coffee Beans 500g,STORE_03,Groceries,539.1,133,150.2,17.199996948242188
2025-09-27,PROD_07,Premium Arabica Coffee Beans 500g,STORE_03,Groceries,599.0,116,119.4,3.4000015258789062
2025-09-28,PROD_07,Premium Arabica Coffee Beans 500g,STORE_03,Groceries,599.0,103,119.0,16.0
2025-09-29,PROD_07,Premium Arabica Coffee Beans 500g,STORE_03,Groceries,599.0,62,85.7,23.699996948242188
2025-09-30,PROD_07,Premium Arabica Coffee Beans 500g,STORE_03,Groceries,599.0,91,83.7,-7.3000030517578125
2025-10-01,PROD_07,Premium Arabica Coffee Beans 500g,STORE_03,Groceries,599.0,107,99.3,-7.6999969482421875
2025-10-02,PROD_07,Premium Arabica Coffee Beans 500g,STORE_03,Groceries,599.0,97,101.1,4.099998474121094
2025-10-03,PROD_07,Premium Arabica Coffee Beans 500g,STORE_03,Groceries,575.04,124,125.6,1.5999984741210938
2025-10-04,PROD_07,Premium Arabica Coffee Beans 500g,STORE_03,Groceries,599.0,187,135.3,-51.69999694824219
2025-10-05,PROD_07,Premium Arabica Coffee Beans 500g,STORE_03,Groceries,599.0,138,141.4,3.399993896484375
2025-10-06,PROD_07,Premium Arabica Coffee Beans 500g,STORE_03,Groceries,599.0,80,102.9,22.900001525878906
2025-10-07,PROD_07,Premium Arabica Coffee Beans 500g,STORE_03,Groceries,599.0,115,101.0,-14.0
2025-10-08,PROD_07,Premium Arabica Coffee Beans 500g,STORE_03,Groceries,599.0,131,100.9,-30.099998474121094
2025-10-09,PROD_07,Premium Arabica Coffee Beans 500g,STORE_03,Groceries,575.04,135,112.9,-22.099998474121094
2025-10-10,PROD_07,Premium Arabica Coffee Beans 500g,STORE_03,Groceries,599.0,138,130.4,-7.600006103515625
2025-10-11,PROD_07,Premium Arabica Coffee Beans 500g,STORE_03,Groceries,599.0,132,145.9,13.899993896484375
2025-10-12,PROD_07,Premium Arabica Coffee Beans 500g,STORE_03,Groceries,599.0,149,146.7,-2.3000030517578125
2025-10-13,PROD_07,Premium Arabica Coffee Beans 500g,STORE_03,Groceries,509.15,169,151.8,-17.199996948242188
2025-10-14,PROD_07,Premium Arabica Coffee Beans 500g,STORE_03,Groceries,539.1,140,155.3,15.300003051757812
2025-10-15,PROD_07,Premium Arabica Coffee Beans 500g,STORE_03,Groceries,599.0,109,118.0,9.0
2025-10-16,PROD_07,Premium Arabica Coffee Beans 500g,STORE_03,Groceries,599.0,100,116.2,16.199996948242188
2025-10-17,PROD_07,Premium Arabica Coffee Beans 500g,STORE_03,Groceries,575.04,140,131.1,-8.899993896484375
2025-10-18,PROD_07,Premium Arabica Coffee Beans 500g,STORE_03,Groceries,599.0,147,149.9,2.899993896484375
2025-10-19,PROD_07,Premium Arabica Coffee Beans 500g,STORE_03,Groceries,539.1,199,201.1,2.100006103515625
2025-10-20,PROD_07,Premium Arabica Coffee Beans 500g,STORE_03,Groceries,509.15,152,166.9,14.899993896484375
2025-10-21,PROD_07,Premium Arabica Coffee Beans 500g,STORE_03,Groceries,587.02,132,123.0,-9.0
2025-10-22,PROD_07,Premium Arabica Coffee Beans 500g,STORE_03,Groceries,599.0,100,118.3,18.300003051757812
2025-10-23,PROD_07,Premium Arabica Coffee Beans 500g,STORE_03,Groceries,599.0,118,115.9,-2.0999984741210938
2025-10-24,PROD_07,Premium Arabica Coffee Beans 500g,STORE_03,Groceries,569.05,160,190.6,30.600006103515625
2025-10-25,PROD_07,Premium Arabica Coffee Beans 500g,STORE_03,Groceries,587.02,146,160.2,14.199996948242188
2025-10-26,PROD_07,Premium Arabica Coffee Beans 500g,STORE_03,Groceries,599.0,125,155.8,30.800003051757812
2025-10-27,PROD_07,Premium Arabica Coffee Beans 500g,STORE_03,Groceries,599.0,111,114.7,3.6999969482421875
2025-10-28,PROD_07,Premium Arabica Coffee Beans 500g,STORE_03,Groceries,599.0,134,117.1,-16.900001525878906
2025-10-29,PROD_07,Premium Arabica Coffee Beans 500g,STORE_03,Groceries,599.0,107,120.1,13.099998474121094
2025-10-30,PROD_07,Premium Arabica Coffee Beans 500g,STORE_03,Groceries,599.0,131,117.2,-13.800003051757812
2025-10-31,PROD_07,Premium Arabica Coffee Beans 500g,STORE_03,Groceries,599.0,129,140.3,11.300003051757812
2025-11-01,PROD_07,Premium Arabica Coffee Beans 500g,STORE_03,Groceries,539.1,245,212.9,-32.100006103515625
2025-11-02,PROD_07,Premium Arabica Coffee Beans 500g,STORE_03,Groceries,587.02,135,146.9,11.899993896484375
2025-11-03,PROD_07,Premium Arabica Coffee Beans 500g,STORE_03,Groceries,539.1,169,149.5,-19.5
2025-11-04,PROD_07,Premium Arabica Coffee Beans 500g,STORE_03,Groceries,599.0,90,112.9,22.900001525878906
2025-11-05,PROD_07,Premium Arabica Coffee Beans 500g,STORE_03,Groceries,599.0,108,106.8,-1.1999969482421875
2025-11-06,PROD_07,Premium Arabica Coffee Beans 500g,STORE_03,Groceries,569.05,159,148.6,-10.399993896484375
2025-11-07,PROD_07,Premium Arabica Coffee Beans 500g,STORE_03,Groceries,599.0,122,131.0,9.0
2025-11-08,PROD_07,Premium Arabica Coffee Beans 500g,STORE_03,Groceries,509.15,237,213.5,-23.5
2025-11-09,PROD_07,Premium Arabica Coffee Beans 500g,STORE_03,Groceries,575.04,180,152.2,-27.800003051757812
2025-11-10,PROD_07,Premium Arabica Coffee Beans 500g,STORE_03,Groceries,509.15,130,175.7,45.69999694824219
2025-11-11,PROD_07,Premium Arabica Coffee Beans 500g,STORE_03,Groceries,599.0,127,116.6,-10.400001525878906
2025-11-12,PROD_07,Premium Arabica Coffee Beans 500g,STORE_03,Groceries,599.0,119,114.6,-4.400001525878906
2025-11-13,PROD_07,Premium Arabica Coffee Beans 500g,STORE_03,Groceries,587.02,132,115.8,-16.199996948242188
2025-11-14,PROD_07,Premium Arabica Coffee Beans 500g,STORE_03,Groceries,599.0,142,134.7,-7.3000030517578125
2025-11-15,PROD_07,Premium Arabica Coffee Beans 500g,STORE_03,Groceries,539.1,247,224.6,-22.399993896484375
2025-11-16,PROD_07,Premium Arabica Coffee Beans 500g,STORE_03,Groceries,599.0,136,148.9,12.899993896484375
2025-11-17,PROD_07,Premium Arabica Coffee Beans 500g,STORE_03,Groceries,599.0,106,121.5,15.5
2025-11-18,PROD_07,Premium Arabica Coffee Beans 500g,STORE_03,Groceries,599.0,96,114.2,18.199996948242188
2025-11-19,PROD_07,Premium Arabica Coffee Beans 500g,STORE_03,Groceries,599.0,110,108.0,-2.0
2025-11-20,PROD_07,Premium Arabica Coffee Beans 500g,STORE_03,Groceries,449.25,180,196.6,16.600006103515625
2025-11-21,PROD_07,Premium Arabica Coffee Beans 500g,STORE_03,Groceries,599.0,142,128.5,-13.5
2025-11-22,PROD_07,Premium Arabica Coffee Beans 500g,STORE_03,Groceries,599.0,154,149.9,-4.100006103515625
2025-11-23,PROD_07,Premium Arabica Coffee Beans 500g,STORE_03,Groceries,509.15,166,222.3,56.30000305175781
2025-11-24,PROD_07,Premium Arabica Coffee Beans 500g,STORE_03,Groceries,599.0,86,111.9,25.900001525878906
2025-11-25,PROD_07,Premium Arabica Coffee Beans 500g,STORE_03,Groceries,539.1,170,150.9,-19.100006103515625
2025-11-26,PROD_07,Premium Arabica Coffee Beans 500g,STORE_03,Groceries,599.0,107,114.6,7.599998474121094
2025-11-27,PROD_07,Premium Arabica Coffee Beans 500g,STORE_03,Groceries,599.0,125,118.7,-6.3000030517578125
2025-11-28,PROD_07,Premium Arabica Coffee Beans 500g,STORE_03,Groceries,599.0,159,135.0,-24.0
2025-11-29,PROD_07,Premium Arabica Coffee Beans 500g,STORE_03,Groceries,599.0,151,153.1,2.100006103515625
2025-11-30,PROD_07,Premium Arabica Coffee Beans 500g,STORE_03,Groceries,599.0,149,148.2,-0.8000030517578125
2025-12-01,PROD_07,Premium Arabica Coffee Beans 500g,STORE_03,Groceries,599.0,127,112.9,-14.099998474121094
2025-12-02,PROD_07,Premium Arabica Coffee Beans 500g,STORE_03,Groceries,599.0,107,114.5,7.5
2025-12-03,PROD_07,Premium Arabica Coffee Beans 500g,STORE_03,Groceries,599.0,112,111.7,-0.3000030517578125
2025-12-04,PROD_07,Premium Arabica Coffee Beans 500g,STORE_03,Groceries,587.02,102,117.2,15.199996948242188
2025-12-05,PROD_07,Premium Arabica Coffee Beans 500g,STORE_03,Groceries,587.02,135,125.0,-10.0
2025-12-06,PROD_07,Premium Arabica Coffee Beans 500g,STORE_03,Groceries,599.0,162,150.0,-12.0
2025-12-07,PROD_07,Premium Arabica Coffee Beans 500g,STORE_03,Groceries,599.0,131,144.6,13.600006103515625
2025-12-08,PROD_07,Premium Arabica Coffee Beans 500g,STORE_03,Groceries,599.0,110,111.5,1.5
2025-12-09,PROD_07,Premium Arabica Coffee Beans 500g,STORE_03,Groceries,599.0,98,109.5,11.5
2025-12-10,PROD_07,Premium Arabica Coffee Beans 500g,STORE_03,Groceries,599.0,112,103.8,-8.199996948242188
2025-12-11,PROD_07,Premium Arabica Coffee Beans 500g,STORE_03,Groceries,599.0,122,107.5,-14.5
2025-12-12,PROD_07,Premium Arabica Coffee Beans 500g,STORE_03,Groceries,599.0,154,132.1,-21.899993896484375
2025-12-13,PROD_07,Premium Arabica Coffee Beans 500g,STORE_03,Groceries,509.15,247,221.2,-25.800003051757812
2025-12-14,PROD_07,Premium Arabica Coffee Beans 500g,STORE_03,Groceries,509.15,220,221.5,1.5
2025-12-15,PROD_07,Premium Arabica Coffee Beans 500g,STORE_03,Groceries,599.0,106,110.8,4.8000030517578125
2025-12-16,PROD_07,Premium Arabica Coffee Beans 500g,STORE_03,Groceries,599.0,132,108.0,-24.0
2025-12-17,PROD_07,Premium Arabica Coffee Beans 500g,STORE_03,Groceries,599.0,105,113.5,8.5
2025-12-18,PROD_07,Premium Arabica Coffee Beans 500g,STORE_03,Groceries,599.0,140,112.9,-27.099998474121094
2025-12-19,PROD_07,Premium Arabica Coffee Beans 500g,STORE_03,Groceries,587.02,113,139.3,26.300003051757812
2025-12-20,PROD_07,Premium Arabica Coffee Beans 500g,STORE_03,Groceries,479.2,206,253.7,47.69999694824219
2025-12-21,PROD_07,Premium Arabica Coffee Beans 500g,STORE_03,Groceries,599.0,148,147.4,-0.600006103515625
2025-12-22,PROD_07,Premium Arabica Coffee Beans 500g,STORE_03,Groceries,599.0,114,111.4,-2.5999984741210938
2025-12-23,PROD_07,Premium Arabica Coffee Beans 500g,STORE_03,Groceries,599.0,110,118.0,8.0
2025-12-24,PROD_07,Premium Arabica Coffee Beans 500g,STORE_03,Groceries,599.0,114,114.9,0.9000015258789062
2025-12-25,PROD_07,Premium Arabica Coffee Beans 500g,STORE_03,Groceries,539.1,194,161.9,-32.100006103515625
2025-12-26,PROD_07,Premium Arabica Coffee Beans 500g,STORE_03,Groceries,599.0,130,134.3,4.3000030517578125
2025-12-27,PROD_07,Premium Arabica Coffee Beans 500g,STORE_03,Groceries,599.0,187,147.6,-39.399993896484375
2025-12-28,PROD_07,Premium Arabica Coffee Beans 500g,STORE_03,Groceries,479.2,192,258.4,66.39999389648438
2025-12-29,PROD_07,Premium Arabica Coffee Beans 500g,STORE_03,Groceries,599.0,125,116.0,-9.0
2025-12-30,PROD_07,Premium Arabica Coffee Beans 500g,STORE_03,Groceries,599.0,103,118.9,15.900001525878906
2025-12-31,PROD_07,Premium Arabica Coffee Beans 500g,STORE_03,Groceries,599.0,127,112.3,-14.699996948242188
2025-09-17,PROD_07,Premium Arabica Coffee Beans 500g,STORE_04,Groceries,575.04,54,63.9,9.900001525878906
2025-09-18,PROD_07,Premium Arabica Coffee Beans 500g,STORE_04,Groceries,599.0,46,60.4,14.400001525878906
2025-09-19,PROD_07,Premium Arabica Coffee Beans 500g,STORE_04,Groceries,599.0,54,65.8,11.800003051757812
2025-09-20,PROD_07,Premium Arabica Coffee Beans 500g,STORE_04,Groceries,599.0,63,73.6,10.599998474121094
2025-09-21,PROD_07,Premium Arabica Coffee Beans 500g,STORE_04,Groceries,599.0,72,74.6,2.5999984741210938
2025-09-22,PROD_07,Premium Arabica Coffee Beans 500g,STORE_04,Groceries,509.15,105,85.8,-19.199996948242188
2025-09-23,PROD_07,Premium Arabica Coffee Beans 500g,STORE_04,Groceries,575.04,57,61.2,4.200000762939453
2025-09-24,PROD_07,Premium Arabica Coffee Beans 500g,STORE_04,Groceries,599.0,60,58.4,-1.5999984741210938
2025-09-25,PROD_07,Premium Arabica Coffee Beans 500g,STORE_04,Groceries,587.02,52,59.9,7.900001525878906
2025-09-26,PROD_07,Premium Arabica Coffee Beans 500g,STORE_04,Groceries,539.1,120,92.5,-27.5
2025-09-27,PROD_07,Premium Arabica Coffee Beans 500g,STORE_04,Groceries,509.15,105,118.9,13.900001525878906
2025-09-28,PROD_07,Premium Arabica Coffee Beans 500g,STORE_04,Groceries,569.05,101,105.4,4.400001525878906
2025-09-29,PROD_07,Premium Arabica Coffee Beans 500g,STORE_04,Groceries,599.0,42,63.6,21.599998474121094
2025-09-30,PROD_07,Premium Arabica Coffee Beans 500g,STORE_04,Groceries,575.04,72,60.7,-11.299999237060547
2025-10-01,PROD_07,Premium Arabica Coffee Beans 500g,STORE_04,Groceries,575.04,85,68.9,-16.099998474121094
2025-10-02,PROD_07,Premium Arabica Coffee Beans 500g,STORE_04,Groceries,599.0,75,68.7,-6.3000030517578125
2025-10-03,PROD_07,Premium Arabica Coffee Beans 500g,STORE_04,Groceries,599.0,91,82.3,-8.699996948242188
2025-10-04,PROD_07,Premium Arabica Coffee Beans 500g,STORE_04,Groceries,587.02,118,99.2,-18.800003051757812
2025-10-05,PROD_07,Premium Arabica Coffee Beans 500g,STORE_04,Groceries,599.0,110,100.2,-9.800003051757812
2025-10-06,PROD_07,Premium Arabica Coffee Beans 500g,STORE_04,Groceries,599.0,87,75.2,-11.800003051757812
2025-10-07,PROD_07,Premium Arabica Coffee Beans 500g,STORE_04,Groceries,599.0,78,77.9,-0.09999847412109375
2025-10-08,PROD_07,Premium Arabica Coffee Beans 500g,STORE_04,Groceries,569.05,100,102.5,2.5
2025-10-09,PROD_07,Premium Arabica Coffee Beans 500g,STORE_04,Groceries,599.0,85,83.0,-2.0
2025-10-10,PROD_07,Premium Arabica Coffee Beans 500g,STORE_04,Groceries,599.0,91,92.1,1.0999984741210938
2025-10-11,PROD_07,Premium Arabica Coffee Beans 500g,STORE_04,Groceries,599.0,108,106.9,-1.0999984741210938
2025-10-12,PROD_07,Premium Arabica Coffee Beans 500g,STORE_04,Groceries,569.05,148,138.2,-9.800003051757812
2025-10-13,PROD_07,Premium Arabica Coffee Beans 500g,STORE_04,Groceries,599.0,81,87.4,6.400001525878906
2025-10-14,PROD_07,Premium Arabica Coffee Beans 500g,STORE_04,Groceries,539.1,83,114.0,31.0
2025-10-15,PROD_07,Premium Arabica Coffee Beans 500g,STORE_04,Groceries,539.1,122,113.4,-8.599998474121094
2025-10-16,PROD_07,Premium Arabica Coffee Beans 500g,STORE_04,Groceries,599.0,76,85.9,9.900001525878906
2025-10-17,PROD_07,Premium Arabica Coffee Beans 500g,STORE_04,Groceries,599.0,112,93.1,-18.900001525878906
2025-10-18,PROD_07,Premium Arabica Coffee Beans 500g,STORE_04,Groceries,599.0,116,110.1,-5.900001525878906
2025-10-19,PROD_07,Premium Arabica Coffee Beans 500g,STORE_04,Groceries,587.02,114,111.7,-2.3000030517578125
2025-10-20,PROD_07,Premium Arabica Coffee Beans 500g,STORE_04,Groceries,587.02,86,93.3,7.3000030517578125
2025-10-21,PROD_07,Premium Arabica Coffee Beans 500g,STORE_04,Groceries,599.0,94,85.9,-8.099998474121094
2025-10-22,PROD_07,Premium Arabica Coffee Beans 500g,STORE_04,Groceries,569.05,82,120.1,38.099998474121094
2025-10-23,PROD_07,Premium Arabica Coffee Beans 500g,STORE_04,Groceries,569.05,103,117.4,14.400001525878906
2025-10-24,PROD_07,Premium Arabica Coffee Beans 500g,STORE_04,Groceries,599.0,101,108.8,7.8000030517578125
2025-10-25,PROD_07,Premium Arabica Coffee Beans 500g,STORE_04,Groceries,569.05,130,158.4,28.399993896484375
2025-10-26,PROD_07,Premium Arabica Coffee Beans 500g,STORE_04,Groceries,509.15,146,170.1,24.100006103515625
2025-10-27,PROD_07,Premium Arabica Coffee Beans 500g,STORE_04,Groceries,599.0,81,91.0,10.0
2025-10-28,PROD_07,Premium Arabica Coffee Beans 500g,STORE_04,Groceries,587.02,82,91.8,9.800003051757812
2025-10-29,PROD_07,Premium Arabica Coffee Beans 500g,STORE_04,Groceries,599.0,67,90.3,23.300003051757812
2025-10-30,PROD_07,Premium Arabica Coffee Beans 500g,STORE_04,Groceries,575.04,78,87.1,9.099998474121094
2025-10-31,PROD_07,Premium Arabica Coffee Beans 500g,STORE_04,Groceries,599.0,82,99.5,17.5
2025-11-01,PROD_07,Premium Arabica Coffee Beans 500g,STORE_04,Groceries,575.04,129,104.2,-24.800003051757812
2025-11-02,PROD_07,Premium Arabica Coffee Beans 500g,STORE_04,Groceries,479.2,179,172.5,-6.5
2025-11-03,PROD_07,Premium Arabica Coffee Beans 500g,STORE_04,Groceries,599.0,83,82.6,-0.40000152587890625
2025-11-04,PROD_07,Premium Arabica Coffee Beans 500g,STORE_04,Groceries,599.0,80,82.0,2.0
2025-11-05,PROD_07,Premium Arabica Coffee Beans 500g,STORE_04,Groceries,599.0,83,81.9,-1.0999984741210938
2025-11-06,PROD_07,Premium Arabica Coffee Beans 500g,STORE_04,Groceries,599.0,72,81.7,9.699996948242188
2025-11-07,PROD_07,Premium Arabica Coffee Beans 500g,STORE_04,Groceries,599.0,76,90.5,14.5
2025-11-08,PROD_07,Premium Arabica Coffee Beans 500g,STORE_04,Groceries,599.0,122,100.1,-21.900001525878906
2025-11-09,PROD_07,Premium Arabica Coffee Beans 500g,STORE_04,Groceries,587.02,106,107.5,1.5
2025-11-10,PROD_07,Premium Arabica Coffee Beans 500g,STORE_04,Groceries,599.0,74,82.2,8.199996948242188
2025-11-11,PROD_07,Premium Arabica Coffee Beans 500g,STORE_04,Groceries,587.02,76,80.5,4.5
2025-11-12,PROD_07,Premium Arabica Coffee Beans 500g,STORE_04,Groceries,599.0,68,81.0,13.0
2025-11-13,PROD_07,Premium Arabica Coffee Beans 500g,STORE_04,Groceries,599.0,74,78.5,4.5
2025-11-14,PROD_07,Premium Arabica Coffee Beans 500g,STORE_04,Groceries,569.05,124,120.1,-3.9000015258789062
2025-11-15,PROD_07,Premium Arabica Coffee Beans 500g,STORE_04,Groceries,539.1,138,151.6,13.600006103515625
2025-11-16,PROD_07,Premium Arabica Coffee Beans 500g,STORE_04,Groceries,599.0,115,102.2,-12.800003051757812
2025-11-17,PROD_07,Premium Arabica Coffee Beans 500g,STORE_04,Groceries,599.0,81,79.2,-1.8000030517578125
2025-11-18,PROD_07,Premium Arabica Coffee Beans 500g,STORE_04,Groceries,599.0,87,79.6,-7.400001525878906
2025-11-19,PROD_07,Premium Arabica Coffee Beans 500g,STORE_04,Groceries,509.15,109,120.2,11.199996948242188
2025-11-20,PROD_07,Premium Arabica Coffee Beans 500g,STORE_04,Groceries,449.25,138,140.6,2.600006103515625
2025-11-21,PROD_07,Premium Arabica Coffee Beans 500g,STORE_04,Groceries,575.04,100,104.9,4.900001525878906
2025-11-22,PROD_07,Premium Arabica Coffee Beans 500g,STORE_04,Groceries,569.05,146,158.6,12.600006103515625
2025-11-23,PROD_07,Premium Arabica Coffee Beans 500g,STORE_04,Groceries,599.0,96,116.7,20.699996948242188
2025-11-24,PROD_07,Premium Arabica Coffee Beans 500g,STORE_04,Groceries,599.0,81,84.5,3.5
2025-11-25,PROD_07,Premium Arabica Coffee Beans 500g,STORE_04,Groceries,599.0,73,85.5,12.5
2025-11-26,PROD_07,Premium Arabica Coffee Beans 500g,STORE_04,Groceries,599.0,90,83.5,-6.5
2025-11-27,PROD_07,Premium Arabica Coffee Beans 500g,STORE_04,Groceries,599.0,72,81.0,9.0
2025-11-28,PROD_07,Premium Arabica Coffee Beans 500g,STORE_04,Groceries,587.02,92,93.8,1.8000030517578125
2025-11-29,PROD_07,Premium Arabica Coffee Beans 500g,STORE_04,Groceries,599.0,99,109.1,10.099998474121094
2025-11-30,PROD_07,Premium Arabica Coffee Beans 500g,STORE_04,Groceries,599.0,98,105.9,7.900001525878906
2025-12-01,PROD_07,Premium Arabica Coffee Beans 500g,STORE_04,Groceries,599.0,97,81.8,-15.199996948242188
2025-12-02,PROD_07,Premium Arabica Coffee Beans 500g,STORE_04,Groceries,599.0,88,82.9,-5.099998474121094
2025-12-03,PROD_07,Premium Arabica Coffee Beans 500g,STORE_04,Groceries,575.04,88,86.9,-1.0999984741210938
2025-12-04,PROD_07,Premium Arabica Coffee Beans 500g,STORE_04,Groceries,599.0,84,85.2,1.1999969482421875
2025-12-05,PROD_07,Premium Arabica Coffee Beans 500g,STORE_04,Groceries,599.0,77,93.0,16.0
2025-12-06,PROD_07,Premium Arabica Coffee Beans 500g,STORE_04,Groceries,599.0,113,103.3,-9.699996948242188
2025-12-07,PROD_07,Premium Arabica Coffee Beans 500g,STORE_04,Groceries,569.05,159,133.6,-25.399993896484375
2025-12-08,PROD_07,Premium Arabica Coffee Beans 500g,STORE_04,Groceries,599.0,93,79.2,-13.800003051757812
2025-12-09,PROD_07,Premium Arabica Coffee Beans 500g,STORE_04,Groceries,599.0,109,80.3,-28.699996948242188
2025-12-10,PROD_07,Premium Arabica Coffee Beans 500g,STORE_04,Groceries,599.0,79,82.0,3.0
2025-12-11,PROD_07,Premium Arabica Coffee Beans 500g,STORE_04,Groceries,599.0,75,80.6,5.599998474121094
2025-12-12,PROD_07,Premium Arabica Coffee Beans 500g,STORE_04,Groceries,599.0,98,93.7,-4.3000030517578125
2025-12-13,PROD_07,Premium Arabica Coffee Beans 500g,STORE_04,Groceries,539.1,148,156.8,8.800003051757812
2025-12-14,PROD_07,Premium Arabica Coffee Beans 500g,STORE_04,Groceries,599.0,119,108.4,-10.599998474121094
2025-12-15,PROD_07,Premium Arabica Coffee Beans 500g,STORE_04,Groceries,599.0,69,83.3,14.300003051757812
2025-12-16,PROD_07,Premium Arabica Coffee Beans 500g,STORE_04,Groceries,599.0,67,80.7,13.699996948242188
2025-12-17,PROD_07,Premium Arabica Coffee Beans 500g,STORE_04,Groceries,587.02,83,83.4,0.40000152587890625
2025-12-18,PROD_07,Premium Arabica Coffee Beans 500g,STORE_04,Groceries,599.0,81,83.5,2.5
2025-12-19,PROD_07,Premium Arabica Coffee Beans 500g,STORE_04,Groceries,599.0,95,91.2,-3.8000030517578125
2025-12-20,PROD_07,Premium Arabica Coffee Beans 500g,STORE_04,Groceries,509.15,146,156.1,10.100006103515625
2025-12-21,PROD_07,Premium Arabica Coffee Beans 500g,STORE_04,Groceries,569.05,134,139.7,5.6999969482421875
2025-12-22,PROD_07,Premium Arabica Coffee Beans 500g,STORE_04,Groceries,539.1,110,111.2,1.1999969482421875
2025-12-23,PROD_07,Premium Arabica Coffee Beans 500g,STORE_04,Groceries,599.0,69,81.7,12.699996948242188
2025-12-24,PROD_07,Premium Arabica Coffee Beans 500g,STORE_04,Groceries,569.05,103,112.6,9.599998474121094
2025-12-25,PROD_07,Premium Arabica Coffee Beans 500g,STORE_04,Groceries,599.0,65,83.5,18.5
2025-12-26,PROD_07,Premium Arabica Coffee Beans 500g,STORE_04,Groceries,599.0,78,91.3,13.300003051757812
2025-12-27,PROD_07,Premium Arabica Coffee Beans 500g,STORE_04,Groceries,587.02,88,101.6,13.599998474121094
2025-12-28,PROD_07,Premium Arabica Coffee Beans 500g,STORE_04,Groceries,509.15,152,145.8,-6.1999969482421875
2025-12-29,PROD_07,Premium Arabica Coffee Beans 500g,STORE_04,Groceries,599.0,92,82.0,-10.0
2025-12-30,PROD_07,Premium Arabica Coffee Beans 500g,STORE_04,Groceries,599.0,71,79.7,8.699996948242188
2025-12-31,PROD_07,Premium Arabica Coffee Beans 500g,STORE_04,Groceries,599.0,66,80.0,14.0
2025-09-17,PROD_08,Almond & Oat Milk 1L Pack of 3,STORE_01,Groceries,380.0,114,107.8,-6.1999969482421875
2025-09-18,PROD_08,Almond & Oat Milk 1L Pack of 3,STORE_01,Groceries,380.0,126,112.3,-13.699996948242188
2025-09-19,PROD_08,Almond & Oat Milk 1L Pack of 3,STORE_01,Groceries,372.4,137,131.7,-5.3000030517578125
2025-09-20,PROD_08,Almond & Oat Milk 1L Pack of 3,STORE_01,Groceries,380.0,148,144.9,-3.100006103515625
2025-09-21,PROD_08,Almond & Oat Milk 1L Pack of 3,STORE_01,Groceries,380.0,121,145.0,24.0
2025-09-22,PROD_08,Almond & Oat Milk 1L Pack of 3,STORE_01,Groceries,380.0,111,110.4,-0.5999984741210938
2025-09-23,PROD_08,Almond & Oat Milk 1L Pack of 3,STORE_01,Groceries,380.0,112,107.3,-4.6999969482421875
2025-09-24,PROD_08,Almond & Oat Milk 1L Pack of 3,STORE_01,Groceries,380.0,84,108.2,24.199996948242188
2025-09-25,PROD_08,Almond & Oat Milk 1L Pack of 3,STORE_01,Groceries,380.0,130,103.2,-26.800003051757812
2025-09-26,PROD_08,Almond & Oat Milk 1L Pack of 3,STORE_01,Groceries,380.0,93,128.8,35.80000305175781
2025-09-27,PROD_08,Almond & Oat Milk 1L Pack of 3,STORE_01,Groceries,364.8,134,134.8,0.8000030517578125
2025-09-28,PROD_08,Almond & Oat Milk 1L Pack of 3,STORE_01,Groceries,380.0,101,136.2,35.19999694824219
2025-09-29,PROD_08,Almond & Oat Milk 1L Pack of 3,STORE_01,Groceries,372.4,113,101.6,-11.400001525878906
2025-09-30,PROD_08,Almond & Oat Milk 1L Pack of 3,STORE_01,Groceries,380.0,69,100.9,31.900001525878906
2025-10-01,PROD_08,Almond & Oat Milk 1L Pack of 3,STORE_01,Groceries,380.0,175,120.1,-54.900001525878906
2025-10-02,PROD_08,Almond & Oat Milk 1L Pack of 3,STORE_01,Groceries,380.0,122,122.7,0.6999969482421875
2025-10-03,PROD_08,Almond & Oat Milk 1L Pack of 3,STORE_01,Groceries,380.0,199,143.8,-55.19999694824219
2025-10-04,PROD_08,Almond & Oat Milk 1L Pack of 3,STORE_01,Groceries,372.4,201,163.1,-37.899993896484375
2025-10-05,PROD_08,Almond & Oat Milk 1L Pack of 3,STORE_01,Groceries,380.0,185,163.2,-21.800003051757812
2025-10-06,PROD_08,Almond & Oat Milk 1L Pack of 3,STORE_01,Groceries,380.0,122,130.3,8.300003051757812
2025-10-07,PROD_08,Almond & Oat Milk 1L Pack of 3,STORE_01,Groceries,380.0,121,129.5,8.5
2025-10-08,PROD_08,Almond & Oat Milk 1L Pack of 3,STORE_01,Groceries,372.4,152,136.0,-16.0
2025-10-09,PROD_08,Almond & Oat Milk 1L Pack of 3,STORE_01,Groceries,380.0,142,135.5,-6.5
2025-10-10,PROD_08,Almond & Oat Milk 1L Pack of 3,STORE_01,Groceries,372.4,154,160.3,6.3000030517578125
2025-10-11,PROD_08,Almond & Oat Milk 1L Pack of 3,STORE_01,Groceries,342.0,309,235.5,-73.5
2025-10-12,PROD_08,Almond & Oat Milk 1L Pack of 3,STORE_01,Groceries,380.0,165,175.5,10.5
2025-10-13,PROD_08,Almond & Oat Milk 1L Pack of 3,STORE_01,Groceries,342.0,237,176.3,-60.69999694824219
2025-10-14,PROD_08,Almond & Oat Milk 1L Pack of 3,STORE_01,Groceries,364.8,140,139.9,-0.100006103515625
2025-10-15,PROD_08,Almond & Oat Milk 1L Pack of 3,STORE_01,Groceries,364.8,160,141.4,-18.600006103515625
2025-10-16,PROD_08,Almond & Oat Milk 1L Pack of 3,STORE_01,Groceries,372.4,133,144.7,11.699996948242188
2025-10-17,PROD_08,Almond & Oat Milk 1L Pack of 3,STORE_01,Groceries,380.0,146,161.4,15.399993896484375
2025-10-18,PROD_08,Almond & Oat Milk 1L Pack of 3,STORE_01,Groceries,372.4,205,190.7,-14.300003051757812
2025-10-19,PROD_08,Almond & Oat Milk 1L Pack of 3,STORE_01,Groceries,372.4,175,188.3,13.300003051757812
2025-10-20,PROD_08,Almond & Oat Milk 1L Pack of 3,STORE_01,Groceries,380.0,154,145.0,-9.0
2025-10-21,PROD_08,Almond & Oat Milk 1L Pack of 3,STORE_01,Groceries,323.0,200,197.4,-2.600006103515625
2025-10-22,PROD_08,Almond & Oat Milk 1L Pack of 3,STORE_01,Groceries,380.0,129,143.8,14.800003051757812
2025-10-23,PROD_08,Almond & Oat Milk 1L Pack of 3,STORE_01,Groceries,364.8,108,154.6,46.600006103515625
2025-10-24,PROD_08,Almond & Oat Milk 1L Pack of 3,STORE_01,Groceries,380.0,151,161.9,10.899993896484375
2025-10-25,PROD_08,Almond & Oat Milk 1L Pack of 3,STORE_01,Groceries,380.0,169,183.0,14.0
2025-10-26,PROD_08,Almond & Oat Milk 1L Pack of 3,STORE_01,Groceries,304.0,280,274.3,-5.70001220703125
2025-10-27,PROD_08,Almond & Oat Milk 1L Pack of 3,STORE_01,Groceries,380.0,139,145.7,6.6999969482421875
2025-10-28,PROD_08,Almond & Oat Milk 1L Pack of 3,STORE_01,Groceries,361.0,170,178.8,8.800003051757812
2025-10-29,PROD_08,Almond & Oat Milk 1L Pack of 3,STORE_01,Groceries,372.4,193,149.5,-43.5
2025-10-30,PROD_08,Almond & Oat Milk 1L Pack of 3,STORE_01,Groceries,372.4,142,144.5,2.5
2025-10-31,PROD_08,Almond & Oat Milk 1L Pack of 3,STORE_01,Groceries,372.4,184,164.1,-19.899993896484375
2025-11-01,PROD_08,Almond & Oat Milk 1L Pack of 3,STORE_01,Groceries,372.4,168,191.0,23.0
2025-11-02,PROD_08,Almond & Oat Milk 1L Pack of 3,STORE_01,Groceries,342.0,222,243.1,21.100006103515625
2025-11-03,PROD_08,Almond & Oat Milk 1L Pack of 3,STORE_01,Groceries,380.0,131,138.7,7.6999969482421875
2025-11-04,PROD_08,Almond & Oat Milk 1L Pack of 3,STORE_01,Groceries,380.0,118,141.8,23.800003051757812
2025-11-05,PROD_08,Almond & Oat Milk 1L Pack of 3,STORE_01,Groceries,380.0,140,142.6,2.600006103515625
2025-11-06,PROD_08,Almond & Oat Milk 1L Pack of 3,STORE_01,Groceries,380.0,153,136.7,-16.300003051757812
2025-11-07,PROD_08,Almond & Oat Milk 1L Pack of 3,STORE_01,Groceries,380.0,139,163.1,24.100006103515625
2025-11-08,PROD_08,Almond & Oat Milk 1L Pack of 3,STORE_01,Groceries,304.0,274,282.7,8.70001220703125
2025-11-09,PROD_08,Almond & Oat Milk 1L Pack of 3,STORE_01,Groceries,364.8,183,189.1,6.100006103515625
2025-11-10,PROD_08,Almond & Oat Milk 1L Pack of 3,STORE_01,Groceries,380.0,128,147.5,19.5
2025-11-11,PROD_08,Almond & Oat Milk 1L Pack of 3,STORE_01,Groceries,380.0,129,143.1,14.100006103515625
2025-11-12,PROD_08,Almond & Oat Milk 1L Pack of 3,STORE_01,Groceries,361.0,181,180.9,-0.100006103515625
2025-11-13,PROD_08,Almond & Oat Milk 1L Pack of 3,STORE_01,Groceries,372.4,120,142.5,22.5
2025-11-14,PROD_08,Almond & Oat Milk 1L Pack of 3,STORE_01,Groceries,380.0,134,155.5,21.5
2025-11-15,PROD_08,Almond & Oat Milk 1L Pack of 3,STORE_01,Groceries,380.0,215,182.2,-32.80000305175781
2025-11-16,PROD_08,Almond & Oat Milk 1L Pack of 3,STORE_01,Groceries,380.0,196,173.6,-22.399993896484375
2025-11-17,PROD_08,Almond & Oat Milk 1L Pack of 3,STORE_01,Groceries,380.0,132,142.4,10.399993896484375
2025-11-18,PROD_08,Almond & Oat Milk 1L Pack of 3,STORE_01,Groceries,380.0,137,138.5,1.5
2025-11-19,PROD_08,Almond & Oat Milk 1L Pack of 3,STORE_01,Groceries,380.0,134,138.9,4.899993896484375
2025-11-20,PROD_08,Almond & Oat Milk 1L Pack of 3,STORE_01,Groceries,372.4,145,135.6,-9.399993896484375
2025-11-21,PROD_08,Almond & Oat Milk 1L Pack of 3,STORE_01,Groceries,372.4,183,159.1,-23.899993896484375
2025-11-22,PROD_08,Almond & Oat Milk 1L Pack of 3,STORE_01,Groceries,380.0,156,180.4,24.399993896484375
2025-11-23,PROD_08,Almond & Oat Milk 1L Pack of 3,STORE_01,Groceries,372.4,204,181.8,-22.199996948242188
2025-11-24,PROD_08,Almond & Oat Milk 1L Pack of 3,STORE_01,Groceries,380.0,150,134.6,-15.399993896484375
2025-11-25,PROD_08,Almond & Oat Milk 1L Pack of 3,STORE_01,Groceries,380.0,139,134.6,-4.399993896484375
2025-11-26,PROD_08,Almond & Oat Milk 1L Pack of 3,STORE_01,Groceries,380.0,134,143.6,9.600006103515625
2025-11-27,PROD_08,Almond & Oat Milk 1L Pack of 3,STORE_01,Groceries,380.0,143,137.5,-5.5
2025-11-28,PROD_08,Almond & Oat Milk 1L Pack of 3,STORE_01,Groceries,380.0,153,157.3,4.3000030517578125
2025-11-29,PROD_08,Almond & Oat Milk 1L Pack of 3,STORE_01,Groceries,380.0,166,174.4,8.399993896484375
2025-11-30,PROD_08,Almond & Oat Milk 1L Pack of 3,STORE_01,Groceries,380.0,168,177.0,9.0
2025-12-01,PROD_08,Almond & Oat Milk 1L Pack of 3,STORE_01,Groceries,380.0,144,136.5,-7.5
2025-12-02,PROD_08,Almond & Oat Milk 1L Pack of 3,STORE_01,Groceries,380.0,142,133.8,-8.199996948242188
2025-12-03,PROD_08,Almond & Oat Milk 1L Pack of 3,STORE_01,Groceries,380.0,127,135.4,8.399993896484375
2025-12-04,PROD_08,Almond & Oat Milk 1L Pack of 3,STORE_01,Groceries,380.0,117,135.8,18.800003051757812
2025-12-05,PROD_08,Almond & Oat Milk 1L Pack of 3,STORE_01,Groceries,380.0,164,151.1,-12.899993896484375
2025-12-06,PROD_08,Almond & Oat Milk 1L Pack of 3,STORE_01,Groceries,380.0,151,177.3,26.300003051757812
2025-12-07,PROD_08,Almond & Oat Milk 1L Pack of 3,STORE_01,Groceries,380.0,197,175.9,-21.100006103515625
2025-12-08,PROD_08,Almond & Oat Milk 1L Pack of 3,STORE_01,Groceries,380.0,133,129.2,-3.8000030517578125
2025-12-09,PROD_08,Almond & Oat Milk 1L Pack of 3,STORE_01,Groceries,380.0,159,133.8,-25.199996948242188
2025-12-10,PROD_08,Almond & Oat Milk 1L Pack of 3,STORE_01,Groceries,364.8,147,133.1,-13.899993896484375
2025-12-11,PROD_08,Almond & Oat Milk 1L Pack of 3,STORE_01,Groceries,372.4,116,131.0,15.0
2025-12-12,PROD_08,Almond & Oat Milk 1L Pack of 3,STORE_01,Groceries,380.0,139,154.0,15.0
2025-12-13,PROD_08,Almond & Oat Milk 1L Pack of 3,STORE_01,Groceries,372.4,159,179.1,20.100006103515625
2025-12-14,PROD_08,Almond & Oat Milk 1L Pack of 3,STORE_01,Groceries,380.0,189,172.6,-16.399993896484375
2025-12-15,PROD_08,Almond & Oat Milk 1L Pack of 3,STORE_01,Groceries,380.0,150,135.4,-14.600006103515625
2025-12-16,PROD_08,Almond & Oat Milk 1L Pack of 3,STORE_01,Groceries,364.8,125,136.2,11.199996948242188
2025-12-17,PROD_08,Almond & Oat Milk 1L Pack of 3,STORE_01,Groceries,364.8,154,132.3,-21.699996948242188
2025-12-18,PROD_08,Almond & Oat Milk 1L Pack of 3,STORE_01,Groceries,372.4,143,132.5,-10.5
2025-12-19,PROD_08,Almond & Oat Milk 1L Pack of 3,STORE_01,Groceries,364.8,166,157.2,-8.800003051757812
2025-12-20,PROD_08,Almond & Oat Milk 1L Pack of 3,STORE_01,Groceries,380.0,170,173.1,3.100006103515625
2025-12-21,PROD_08,Almond & Oat Milk 1L Pack of 3,STORE_01,Groceries,380.0,182,175.8,-6.1999969482421875
2025-12-22,PROD_08,Almond & Oat Milk 1L Pack of 3,STORE_01,Groceries,361.0,169,178.7,9.699996948242188
2025-12-23,PROD_08,Almond & Oat Milk 1L Pack of 3,STORE_01,Groceries,361.0,199,179.7,-19.300003051757812
2025-12-24,PROD_08,Almond & Oat Milk 1L Pack of 3,STORE_01,Groceries,364.8,135,137.7,2.6999969482421875
2025-12-25,PROD_08,Almond & Oat Milk 1L Pack of 3,STORE_01,Groceries,364.8,148,137.9,-10.100006103515625
2025-12-26,PROD_08,Almond & Oat Milk 1L Pack of 3,STORE_01,Groceries,380.0,162,161.8,-0.1999969482421875
2025-12-27,PROD_08,Almond & Oat Milk 1L Pack of 3,STORE_01,Groceries,380.0,168,185.6,17.600006103515625
2025-12-28,PROD_08,Almond & Oat Milk 1L Pack of 3,STORE_01,Groceries,361.0,259,228.0,-31.0
2025-12-29,PROD_08,Almond & Oat Milk 1L Pack of 3,STORE_01,Groceries,380.0,127,141.9,14.899993896484375
2025-12-30,PROD_08,Almond & Oat Milk 1L Pack of 3,STORE_01,Groceries,323.0,196,187.8,-8.199996948242188
2025-12-31,PROD_08,Almond & Oat Milk 1L Pack of 3,STORE_01,Groceries,323.0,184,184.3,0.3000030517578125
2025-09-17,PROD_08,Almond & Oat Milk 1L Pack of 3,STORE_02,Groceries,380.0,85,97.1,12.099998474121094
2025-09-18,PROD_08,Almond & Oat Milk 1L Pack of 3,STORE_02,Groceries,380.0,86,95.5,9.5
2025-09-19,PROD_08,Almond & Oat Milk 1L Pack of 3,STORE_02,Groceries,380.0,104,102.3,-1.6999969482421875
2025-09-20,PROD_08,Almond & Oat Milk 1L Pack of 3,STORE_02,Groceries,380.0,139,120.9,-18.099998474121094
2025-09-21,PROD_08,Almond & Oat Milk 1L Pack of 3,STORE_02,Groceries,380.0,115,120.7,5.6999969482421875
2025-09-22,PROD_08,Almond & Oat Milk 1L Pack of 3,STORE_02,Groceries,364.8,101,95.3,-5.6999969482421875
2025-09-23,PROD_08,Almond & Oat Milk 1L Pack of 3,STORE_02,Groceries,380.0,103,92.6,-10.400001525878906
2025-09-24,PROD_08,Almond & Oat Milk 1L Pack of 3,STORE_02,Groceries,380.0,128,93.9,-34.099998474121094
2025-09-25,PROD_08,Almond & Oat Milk 1L Pack of 3,STORE_02,Groceries,380.0,90,94.8,4.8000030517578125
2025-09-26,PROD_08,Almond & Oat Milk 1L Pack of 3,STORE_02,Groceries,380.0,107,108.5,1.5
2025-09-27,PROD_08,Almond & Oat Milk 1L Pack of 3,STORE_02,Groceries,361.0,152,168.2,16.199996948242188
2025-09-28,PROD_08,Almond & Oat Milk 1L Pack of 3,STORE_02,Groceries,380.0,136,125.6,-10.400001525878906
2025-09-29,PROD_08,Almond & Oat Milk 1L Pack of 3,STORE_02,Groceries,380.0,87,93.8,6.8000030517578125
2025-09-30,PROD_08,Almond & Oat Milk 1L Pack of 3,STORE_02,Groceries,380.0,83,92.8,9.800003051757812
2025-10-01,PROD_08,Almond & Oat Milk 1L Pack of 3,STORE_02,Groceries,380.0,122,108.7,-13.300003051757812
2025-10-02,PROD_08,Almond & Oat Milk 1L Pack of 3,STORE_02,Groceries,380.0,146,115.3,-30.699996948242188
2025-10-03,PROD_08,Almond & Oat Milk 1L Pack of 3,STORE_02,Groceries,380.0,135,137.5,2.5
2025-10-04,PROD_08,Almond & Oat Milk 1L Pack of 3,STORE_02,Groceries,304.0,238,213.9,-24.100006103515625
2025-10-05,PROD_08,Almond & Oat Milk 1L Pack of 3,STORE_02,Groceries,380.0,164,160.8,-3.1999969482421875
2025-10-06,PROD_08,Almond & Oat Milk 1L Pack of 3,STORE_02,Groceries,380.0,139,127.6,-11.400001525878906
2025-10-07,PROD_08,Almond & Oat Milk 1L Pack of 3,STORE_02,Groceries,380.0,123,119.2,-3.8000030517578125
2025-10-08,PROD_08,Almond & Oat Milk 1L Pack of 3,STORE_02,Groceries,364.8,134,123.6,-10.400001525878906
2025-10-09,PROD_08,Almond & Oat Milk 1L Pack of 3,STORE_02,Groceries,380.0,137,126.0,-11.0
2025-10-10,PROD_08,Almond & Oat Milk 1L Pack of 3,STORE_02,Groceries,380.0,143,147.4,4.399993896484375
2025-10-11,PROD_08,Almond & Oat Milk 1L Pack of 3,STORE_02,Groceries,361.0,215,211.7,-3.3000030517578125
2025-10-12,PROD_08,Almond & Oat Milk 1L Pack of 3,STORE_02,Groceries,342.0,242,243.7,1.6999969482421875
2025-10-13,PROD_08,Almond & Oat Milk 1L Pack of 3,STORE_02,Groceries,380.0,131,124.2,-6.8000030517578125
2025-10-14,PROD_08,Almond & Oat Milk 1L Pack of 3,STORE_02,Groceries,361.0,197,160.3,-36.69999694824219
2025-10-15,PROD_08,Almond & Oat Milk 1L Pack of 3,STORE_02,Groceries,380.0,131,132.6,1.600006103515625
2025-10-16,PROD_08,Almond & Oat Milk 1L Pack of 3,STORE_02,Groceries,380.0,99,132.4,33.399993896484375
2025-10-17,PROD_08,Almond & Oat Milk 1L Pack of 3,STORE_02,Groceries,380.0,128,145.3,17.300003051757812
2025-10-18,PROD_08,Almond & Oat Milk 1L Pack of 3,STORE_02,Groceries,380.0,186,163.2,-22.800003051757812
2025-10-19,PROD_08,Almond & Oat Milk 1L Pack of 3,STORE_02,Groceries,380.0,187,171.8,-15.199996948242188
2025-10-20,PROD_08,Almond & Oat Milk 1L Pack of 3,STORE_02,Groceries,361.0,142,169.9,27.899993896484375
2025-10-21,PROD_08,Almond & Oat Milk 1L Pack of 3,STORE_02,Groceries,342.0,136,179.4,43.399993896484375
2025-10-22,PROD_08,Almond & Oat Milk 1L Pack of 3,STORE_02,Groceries,380.0,126,137.1,11.100006103515625
2025-10-23,PROD_08,Almond & Oat Milk 1L Pack of 3,STORE_02,Groceries,380.0,131,133.1,2.100006103515625
2025-10-24,PROD_08,Almond & Oat Milk 1L Pack of 3,STORE_02,Groceries,372.4,138,160.7,22.699996948242188
2025-10-25,PROD_08,Almond & Oat Milk 1L Pack of 3,STORE_02,Groceries,285.0,293,289.6,-3.399993896484375
2025-10-26,PROD_08,Almond & Oat Milk 1L Pack of 3,STORE_02,Groceries,361.0,247,229.0,-18.0
2025-10-27,PROD_08,Almond & Oat Milk 1L Pack of 3,STORE_02,Groceries,380.0,98,133.4,35.399993896484375
2025-10-28,PROD_08,Almond & Oat Milk 1L Pack of 3,STORE_02,Groceries,380.0,129,134.5,5.5
2025-10-29,PROD_08,Almond & Oat Milk 1L Pack of 3,STORE_02,Groceries,342.0,188,184.1,-3.899993896484375
2025-10-30,PROD_08,Almond & Oat Milk 1L Pack of 3,STORE_02,Groceries,380.0,128,141.2,13.199996948242188
2025-10-31,PROD_08,Almond & Oat Milk 1L Pack of 3,STORE_02,Groceries,323.0,199,219.2,20.199996948242188
2025-11-01,PROD_08,Almond & Oat Milk 1L Pack of 3,STORE_02,Groceries,380.0,152,180.3,28.300003051757812
2025-11-02,PROD_08,Almond & Oat Milk 1L Pack of 3,STORE_02,Groceries,380.0,155,179.6,24.600006103515625
2025-11-03,PROD_08,Almond & Oat Milk 1L Pack of 3,STORE_02,Groceries,380.0,105,133.8,28.800003051757812
2025-11-04,PROD_08,Almond & Oat Milk 1L Pack of 3,STORE_02,Groceries,380.0,157,132.4,-24.600006103515625
2025-11-05,PROD_08,Almond & Oat Milk 1L Pack of 3,STORE_02,Groceries,380.0,136,133.5,-2.5
2025-11-06,PROD_08,Almond & Oat Milk 1L Pack of 3,STORE_02,Groceries,361.0,141,176.6,35.600006103515625
2025-11-07,PROD_08,Almond & Oat Milk 1L Pack of 3,STORE_02,Groceries,380.0,167,153.0,-14.0
2025-11-08,PROD_08,Almond & Oat Milk 1L Pack of 3,STORE_02,Groceries,372.4,174,174.8,0.8000030517578125
2025-11-09,PROD_08,Almond & Oat Milk 1L Pack of 3,STORE_02,Groceries,380.0,183,170.1,-12.899993896484375
2025-11-10,PROD_08,Almond & Oat Milk 1L Pack of 3,STORE_02,Groceries,361.0,220,165.1,-54.899993896484375
2025-11-11,PROD_08,Almond & Oat Milk 1L Pack of 3,STORE_02,Groceries,323.0,160,200.4,40.399993896484375
2025-11-12,PROD_08,Almond & Oat Milk 1L Pack of 3,STORE_02,Groceries,380.0,150,137.2,-12.800003051757812
2025-11-13,PROD_08,Almond & Oat Milk 1L Pack of 3,STORE_02,Groceries,380.0,126,133.4,7.399993896484375
2025-11-14,PROD_08,Almond & Oat Milk 1L Pack of 3,STORE_02,Groceries,380.0,181,157.0,-24.0
2025-11-15,PROD_08,Almond & Oat Milk 1L Pack of 3,STORE_02,Groceries,380.0,171,180.0,9.0
2025-11-16,PROD_08,Almond & Oat Milk 1L Pack of 3,STORE_02,Groceries,380.0,153,180.7,27.699996948242188
2025-11-17,PROD_08,Almond & Oat Milk 1L Pack of 3,STORE_02,Groceries,380.0,136,135.8,-0.1999969482421875
2025-11-18,PROD_08,Almond & Oat Milk 1L Pack of 3,STORE_02,Groceries,372.4,125,138.3,13.300003051757812
2025-11-19,PROD_08,Almond & Oat Milk 1L Pack of 3,STORE_02,Groceries,380.0,135,134.1,-0.899993896484375
2025-11-20,PROD_08,Almond & Oat Milk 1L Pack of 3,STORE_02,Groceries,380.0,132,135.1,3.100006103515625
2025-11-21,PROD_08,Almond & Oat Milk 1L Pack of 3,STORE_02,Groceries,380.0,145,152.5,7.5
2025-11-22,PROD_08,Almond & Oat Milk 1L Pack of 3,STORE_02,Groceries,361.0,180,228.1,48.100006103515625
2025-11-23,PROD_08,Almond & Oat Milk 1L Pack of 3,STORE_02,Groceries,323.0,237,234.2,-2.8000030517578125
2025-11-24,PROD_08,Almond & Oat Milk 1L Pack of 3,STORE_02,Groceries,285.0,180,212.2,32.19999694824219
2025-11-25,PROD_08,Almond & Oat Milk 1L Pack of 3,STORE_02,Groceries,323.0,159,186.7,27.699996948242188
2025-11-26,PROD_08,Almond & Oat Milk 1L Pack of 3,STORE_02,Groceries,380.0,135,135.6,0.600006103515625
2025-11-27,PROD_08,Almond & Oat Milk 1L Pack of 3,STORE_02,Groceries,380.0,129,131.8,2.8000030517578125
2025-11-28,PROD_08,Almond & Oat Milk 1L Pack of 3,STORE_02,Groceries,380.0,170,151.7,-18.300003051757812
2025-11-29,PROD_08,Almond & Oat Milk 1L Pack of 3,STORE_02,Groceries,364.8,193,181.1,-11.899993896484375
2025-11-30,PROD_08,Almond & Oat Milk 1L Pack of 3,STORE_02,Groceries,372.4,209,179.9,-29.100006103515625
2025-12-01,PROD_08,Almond & Oat Milk 1L Pack of 3,STORE_02,Groceries,380.0,152,130.5,-21.5
2025-12-02,PROD_08,Almond & Oat Milk 1L Pack of 3,STORE_02,Groceries,380.0,111,137.2,26.199996948242188
2025-12-03,PROD_08,Almond & Oat Milk 1L Pack of 3,STORE_02,Groceries,380.0,119,137.0,18.0
2025-12-04,PROD_08,Almond & Oat Milk 1L Pack of 3,STORE_02,Groceries,380.0,148,133.7,-14.300003051757812
2025-12-05,PROD_08,Almond & Oat Milk 1L Pack of 3,STORE_02,Groceries,380.0,152,155.7,3.6999969482421875
2025-12-06,PROD_08,Almond & Oat Milk 1L Pack of 3,STORE_02,Groceries,380.0,143,174.1,31.100006103515625
2025-12-07,PROD_08,Almond & Oat Milk 1L Pack of 3,STORE_02,Groceries,323.0,235,235.8,0.8000030517578125
2025-12-08,PROD_08,Almond & Oat Milk 1L Pack of 3,STORE_02,Groceries,380.0,109,130.9,21.899993896484375
2025-12-09,PROD_08,Almond & Oat Milk 1L Pack of 3,STORE_02,Groceries,380.0,136,128.0,-8.0
2025-12-10,PROD_08,Almond & Oat Milk 1L Pack of 3,STORE_02,Groceries,361.0,159,172.4,13.399993896484375
2025-12-11,PROD_08,Almond & Oat Milk 1L Pack of 3,STORE_02,Groceries,380.0,116,130.0,14.0
2025-12-12,PROD_08,Almond & Oat Milk 1L Pack of 3,STORE_02,Groceries,364.8,166,148.4,-17.600006103515625
2025-12-13,PROD_08,Almond & Oat Milk 1L Pack of 3,STORE_02,Groceries,364.8,160,173.2,13.199996948242188
2025-12-14,PROD_08,Almond & Oat Milk 1L Pack of 3,STORE_02,Groceries,323.0,316,236.9,-79.10000610351562
2025-12-15,PROD_08,Almond & Oat Milk 1L Pack of 3,STORE_02,Groceries,380.0,123,130.5,7.5
2025-12-16,PROD_08,Almond & Oat Milk 1L Pack of 3,STORE_02,Groceries,361.0,191,169.0,-22.0
2025-12-17,PROD_08,Almond & Oat Milk 1L Pack of 3,STORE_02,Groceries,380.0,124,128.7,4.6999969482421875
2025-12-18,PROD_08,Almond & Oat Milk 1L Pack of 3,STORE_02,Groceries,380.0,125,134.8,9.800003051757812
2025-12-19,PROD_08,Almond & Oat Milk 1L Pack of 3,STORE_02,Groceries,380.0,165,149.6,-15.399993896484375
2025-12-20,PROD_08,Almond & Oat Milk 1L Pack of 3,STORE_02,Groceries,380.0,159,172.8,13.800003051757812
2025-12-21,PROD_08,Almond & Oat Milk 1L Pack of 3,STORE_02,Groceries,380.0,160,168.8,8.800003051757812
2025-12-22,PROD_08,Almond & Oat Milk 1L Pack of 3,STORE_02,Groceries,304.0,168,196.9,28.899993896484375
2025-12-23,PROD_08,Almond & Oat Milk 1L Pack of 3,STORE_02,Groceries,323.0,173,182.9,9.899993896484375
2025-12-24,PROD_08,Almond & Oat Milk 1L Pack of 3,STORE_02,Groceries,380.0,153,132.0,-21.0
2025-12-25,PROD_08,Almond & Oat Milk 1L Pack of 3,STORE_02,Groceries,380.0,139,135.2,-3.8000030517578125
2025-12-26,PROD_08,Almond & Oat Milk 1L Pack of 3,STORE_02,Groceries,380.0,152,153.0,1.0
2025-12-27,PROD_08,Almond & Oat Milk 1L Pack of 3,STORE_02,Groceries,372.4,159,175.3,16.300003051757812
2025-12-28,PROD_08,Almond & Oat Milk 1L Pack of 3,STORE_02,Groceries,342.0,201,235.7,34.69999694824219
2025-12-29,PROD_08,Almond & Oat Milk 1L Pack of 3,STORE_02,Groceries,372.4,132,136.0,4.0
2025-12-30,PROD_08,Almond & Oat Milk 1L Pack of 3,STORE_02,Groceries,361.0,167,170.9,3.899993896484375
2025-12-31,PROD_08,Almond & Oat Milk 1L Pack of 3,STORE_02,Groceries,380.0,164,130.4,-33.600006103515625
2025-09-17,PROD_08,Almond & Oat Milk 1L Pack of 3,STORE_03,Groceries,380.0,79,112.2,33.19999694824219
2025-09-18,PROD_08,Almond & Oat Milk 1L Pack of 3,STORE_03,Groceries,380.0,130,107.3,-22.699996948242188
2025-09-19,PROD_08,Almond & Oat Milk 1L Pack of 3,STORE_03,Groceries,380.0,108,135.6,27.600006103515625
2025-09-20,PROD_08,Almond & Oat Milk 1L Pack of 3,STORE_03,Groceries,380.0,121,137.3,16.300003051757812
2025-09-21,PROD_08,Almond & Oat Milk 1L Pack of 3,STORE_03,Groceries,380.0,146,147.1,1.100006103515625
2025-09-22,PROD_08,Almond & Oat Milk 1L Pack of 3,STORE_03,Groceries,380.0,115,104.2,-10.800003051757812
2025-09-23,PROD_08,Almond & Oat Milk 1L Pack of 3,STORE_03,Groceries,380.0,104,107.7,3.6999969482421875
2025-09-24,PROD_08,Almond & Oat Milk 1L Pack of 3,STORE_03,Groceries,380.0,99,102.0,3.0
2025-09-25,PROD_08,Almond & Oat Milk 1L Pack of 3,STORE_03,Groceries,364.8,103,104.2,1.1999969482421875
2025-09-26,PROD_08,Almond & Oat Milk 1L Pack of 3,STORE_03,Groceries,380.0,112,123.3,11.300003051757812
2025-09-27,PROD_08,Almond & Oat Milk 1L Pack of 3,STORE_03,Groceries,380.0,114,142.1,28.100006103515625
2025-09-28,PROD_08,Almond & Oat Milk 1L Pack of 3,STORE_03,Groceries,380.0,121,136.6,15.600006103515625
2025-09-29,PROD_08,Almond & Oat Milk 1L Pack of 3,STORE_03,Groceries,342.0,126,141.3,15.300003051757812
2025-09-30,PROD_08,Almond & Oat Milk 1L Pack of 3,STORE_03,Groceries,380.0,89,104.3,15.300003051757812
2025-10-01,PROD_08,Almond & Oat Milk 1L Pack of 3,STORE_03,Groceries,372.4,133,126.3,-6.6999969482421875
2025-10-02,PROD_08,Almond & Oat Milk 1L Pack of 3,STORE_03,Groceries,380.0,179,127.5,-51.5
2025-10-03,PROD_08,Almond & Oat Milk 1L Pack of 3,STORE_03,Groceries,380.0,161,156.5,-4.5
2025-10-04,PROD_08,Almond & Oat Milk 1L Pack of 3,STORE_03,Groceries,380.0,184,170.9,-13.100006103515625
2025-10-05,PROD_08,Almond & Oat Milk 1L Pack of 3,STORE_03,Groceries,380.0,190,171.8,-18.199996948242188
2025-10-06,PROD_08,Almond & Oat Milk 1L Pack of 3,STORE_03,Groceries,380.0,154,128.7,-25.300003051757812
2025-10-07,PROD_08,Almond & Oat Milk 1L Pack of 3,STORE_03,Groceries,342.0,261,184.7,-76.30000305175781
2025-10-08,PROD_08,Almond & Oat Milk 1L Pack of 3,STORE_03,Groceries,380.0,149,143.8,-5.1999969482421875
2025-10-09,PROD_08,Almond & Oat Milk 1L Pack of 3,STORE_03,Groceries,364.8,153,146.0,-7.0
2025-10-10,PROD_08,Almond & Oat Milk 1L Pack of 3,STORE_03,Groceries,380.0,145,163.1,18.100006103515625
2025-10-11,PROD_08,Almond & Oat Milk 1L Pack of 3,STORE_03,Groceries,380.0,231,178.0,-53.0
2025-10-12,PROD_08,Almond & Oat Milk 1L Pack of 3,STORE_03,Groceries,304.0,245,275.1,30.100006103515625
2025-10-13,PROD_08,Almond & Oat Milk 1L Pack of 3,STORE_03,Groceries,372.4,131,143.2,12.199996948242188
2025-10-14,PROD_08,Almond & Oat Milk 1L Pack of 3,STORE_03,Groceries,380.0,132,135.1,3.100006103515625
2025-10-15,PROD_08,Almond & Oat Milk 1L Pack of 3,STORE_03,Groceries,380.0,117,139.3,22.300003051757812
2025-10-16,PROD_08,Almond & Oat Milk 1L Pack of 3,STORE_03,Groceries,380.0,165,149.1,-15.899993896484375
2025-10-17,PROD_08,Almond & Oat Milk 1L Pack of 3,STORE_03,Groceries,380.0,180,166.4,-13.600006103515625
2025-10-18,PROD_08,Almond & Oat Milk 1L Pack of 3,STORE_03,Groceries,380.0,172,180.5,8.5
2025-10-19,PROD_08,Almond & Oat Milk 1L Pack of 3,STORE_03,Groceries,380.0,179,181.5,2.5
2025-10-20,PROD_08,Almond & Oat Milk 1L Pack of 3,STORE_03,Groceries,364.8,168,152.6,-15.399993896484375
2025-10-21,PROD_08,Almond & Oat Milk 1L Pack of 3,STORE_03,Groceries,380.0,152,144.7,-7.3000030517578125
2025-10-22,PROD_08,Almond & Oat Milk 1L Pack of 3,STORE_03,Groceries,361.0,199,180.3,-18.699996948242188
2025-10-23,PROD_08,Almond & Oat Milk 1L Pack of 3,STORE_03,Groceries,323.0,204,211.2,7.1999969482421875
2025-10-24,PROD_08,Almond & Oat Milk 1L Pack of 3,STORE_03,Groceries,342.0,233,238.8,5.8000030517578125
2025-10-25,PROD_08,Almond & Oat Milk 1L Pack of 3,STORE_03,Groceries,364.8,185,195.8,10.800003051757812
2025-10-26,PROD_08,Almond & Oat Milk 1L Pack of 3,STORE_03,Groceries,380.0,186,191.4,5.399993896484375
2025-10-27,PROD_08,Almond & Oat Milk 1L Pack of 3,STORE_03,Groceries,380.0,132,155.6,23.600006103515625
2025-10-28,PROD_08,Almond & Oat Milk 1L Pack of 3,STORE_03,Groceries,380.0,159,146.5,-12.5
2025-10-29,PROD_08,Almond & Oat Milk 1L Pack of 3,STORE_03,Groceries,380.0,152,152.1,0.100006103515625
2025-10-30,PROD_08,Almond & Oat Milk 1L Pack of 3,STORE_03,Groceries,380.0,111,151.7,40.69999694824219
2025-10-31,PROD_08,Almond & Oat Milk 1L Pack of 3,STORE_03,Groceries,380.0,213,159.3,-53.69999694824219
2025-11-01,PROD_08,Almond & Oat Milk 1L Pack of 3,STORE_03,Groceries,361.0,280,241.9,-38.100006103515625
2025-11-02,PROD_08,Almond & Oat Milk 1L Pack of 3,STORE_03,Groceries,372.4,185,191.1,6.100006103515625
2025-11-03,PROD_08,Almond & Oat Milk 1L Pack of 3,STORE_03,Groceries,380.0,154,151.0,-3.0
2025-11-04,PROD_08,Almond & Oat Milk 1L Pack of 3,STORE_03,Groceries,380.0,134,150.8,16.800003051757812
2025-11-05,PROD_08,Almond & Oat Milk 1L Pack of 3,STORE_03,Groceries,380.0,130,145.2,15.199996948242188
2025-11-06,PROD_08,Almond & Oat Milk 1L Pack of 3,STORE_03,Groceries,380.0,136,143.4,7.399993896484375
2025-11-07,PROD_08,Almond & Oat Milk 1L Pack of 3,STORE_03,Groceries,380.0,167,159.7,-7.3000030517578125
2025-11-08,PROD_08,Almond & Oat Milk 1L Pack of 3,STORE_03,Groceries,380.0,184,172.2,-11.800003051757812
2025-11-09,PROD_08,Almond & Oat Milk 1L Pack of 3,STORE_03,Groceries,342.0,223,239.0,16.0
2025-11-10,PROD_08,Almond & Oat Milk 1L Pack of 3,STORE_03,Groceries,380.0,161,146.7,-14.300003051757812
2025-11-11,PROD_08,Almond & Oat Milk 1L Pack of 3,STORE_03,Groceries,380.0,154,143.9,-10.100006103515625
2025-11-12,PROD_08,Almond & Oat Milk 1L Pack of 3,STORE_03,Groceries,372.4,124,144.1,20.100006103515625
2025-11-13,PROD_08,Almond & Oat Milk 1L Pack of 3,STORE_03,Groceries,323.0,194,200.0,6.0
2025-11-14,PROD_08,Almond & Oat Milk 1L Pack of 3,STORE_03,Groceries,372.4,175,169.8,-5.1999969482421875
2025-11-15,PROD_08,Almond & Oat Milk 1L Pack of 3,STORE_03,Groceries,323.0,264,257.7,-6.29998779296875
2025-11-16,PROD_08,Almond & Oat Milk 1L Pack of 3,STORE_03,Groceries,364.8,208,201.5,-6.5
2025-11-17,PROD_08,Almond & Oat Milk 1L Pack of 3,STORE_03,Groceries,380.0,148,145.9,-2.100006103515625
2025-11-18,PROD_08,Almond & Oat Milk 1L Pack of 3,STORE_03,Groceries,364.8,126,154.4,28.399993896484375
2025-11-19,PROD_08,Almond & Oat Milk 1L Pack of 3,STORE_03,Groceries,380.0,131,140.5,9.5
2025-11-20,PROD_08,Almond & Oat Milk 1L Pack of 3,STORE_03,Groceries,361.0,200,190.4,-9.600006103515625
2025-11-21,PROD_08,Almond & Oat Milk 1L Pack of 3,STORE_03,Groceries,380.0,196,160.8,-35.19999694824219
2025-11-22,PROD_08,Almond & Oat Milk 1L Pack of 3,STORE_03,Groceries,380.0,210,178.4,-31.600006103515625
2025-11-23,PROD_08,Almond & Oat Milk 1L Pack of 3,STORE_03,Groceries,380.0,202,180.5,-21.5
2025-11-24,PROD_08,Almond & Oat Milk 1L Pack of 3,STORE_03,Groceries,372.4,167,140.6,-26.399993896484375
2025-11-25,PROD_08,Almond & Oat Milk 1L Pack of 3,STORE_03,Groceries,380.0,146,140.0,-6.0
2025-11-26,PROD_08,Almond & Oat Milk 1L Pack of 3,STORE_03,Groceries,380.0,127,138.7,11.699996948242188
2025-11-27,PROD_08,Almond & Oat Milk 1L Pack of 3,STORE_03,Groceries,380.0,124,135.9,11.899993896484375
2025-11-28,PROD_08,Almond & Oat Milk 1L Pack of 3,STORE_03,Groceries,380.0,173,164.0,-9.0
2025-11-29,PROD_08,Almond & Oat Milk 1L Pack of 3,STORE_03,Groceries,380.0,155,188.0,33.0
2025-11-30,PROD_08,Almond & Oat Milk 1L Pack of 3,STORE_03,Groceries,380.0,195,174.3,-20.699996948242188
2025-12-01,PROD_08,Almond & Oat Milk 1L Pack of 3,STORE_03,Groceries,372.4,171,143.0,-28.0
2025-12-02,PROD_08,Almond & Oat Milk 1L Pack of 3,STORE_03,Groceries,364.8,160,142.6,-17.399993896484375
2025-12-03,PROD_08,Almond & Oat Milk 1L Pack of 3,STORE_03,Groceries,380.0,147,141.9,-5.100006103515625
2025-12-04,PROD_08,Almond & Oat Milk 1L Pack of 3,STORE_03,Groceries,380.0,126,147.5,21.5
2025-12-05,PROD_08,Almond & Oat Milk 1L Pack of 3,STORE_03,Groceries,380.0,189,161.0,-28.0
2025-12-06,PROD_08,Almond & Oat Milk 1L Pack of 3,STORE_03,Groceries,380.0,204,184.2,-19.800003051757812
2025-12-07,PROD_08,Almond & Oat Milk 1L Pack of 3,STORE_03,Groceries,380.0,156,185.9,29.899993896484375
2025-12-08,PROD_08,Almond & Oat Milk 1L Pack of 3,STORE_03,Groceries,380.0,138,144.2,6.1999969482421875
2025-12-09,PROD_08,Almond & Oat Milk 1L Pack of 3,STORE_03,Groceries,380.0,123,144.7,21.699996948242188
2025-12-10,PROD_08,Almond & Oat Milk 1L Pack of 3,STORE_03,Groceries,380.0,128,137.0,9.0
2025-12-11,PROD_08,Almond & Oat Milk 1L Pack of 3,STORE_03,Groceries,372.4,181,138.6,-42.399993896484375
2025-12-12,PROD_08,Almond & Oat Milk 1L Pack of 3,STORE_03,Groceries,380.0,166,163.7,-2.3000030517578125
2025-12-13,PROD_08,Almond & Oat Milk 1L Pack of 3,STORE_03,Groceries,380.0,190,182.4,-7.600006103515625
2025-12-14,PROD_08,Almond & Oat Milk 1L Pack of 3,STORE_03,Groceries,380.0,199,181.0,-18.0
2025-12-15,PROD_08,Almond & Oat Milk 1L Pack of 3,STORE_03,Groceries,380.0,123,142.9,19.899993896484375
2025-12-16,PROD_08,Almond & Oat Milk 1L Pack of 3,STORE_03,Groceries,380.0,125,139.8,14.800003051757812
2025-12-17,PROD_08,Almond & Oat Milk 1L Pack of 3,STORE_03,Groceries,380.0,123,139.0,16.0
2025-12-18,PROD_08,Almond & Oat Milk 1L Pack of 3,STORE_03,Groceries,380.0,144,134.1,-9.899993896484375
2025-12-19,PROD_08,Almond & Oat Milk 1L Pack of 3,STORE_03,Groceries,380.0,181,157.0,-24.0
2025-12-20,PROD_08,Almond & Oat Milk 1L Pack of 3,STORE_03,Groceries,380.0,207,176.0,-31.0
2025-12-21,PROD_08,Almond & Oat Milk 1L Pack of 3,STORE_03,Groceries,285.0,208,286.3,78.29998779296875
2025-12-22,PROD_08,Almond & Oat Milk 1L Pack of 3,STORE_03,Groceries,342.0,214,189.2,-24.800003051757812
2025-12-23,PROD_08,Almond & Oat Milk 1L Pack of 3,STORE_03,Groceries,364.8,142,144.4,2.399993896484375
2025-12-24,PROD_08,Almond & Oat Milk 1L Pack of 3,STORE_03,Groceries,380.0,144,137.6,-6.399993896484375
2025-12-25,PROD_08,Almond & Oat Milk 1L Pack of 3,STORE_03,Groceries,380.0,122,143.1,21.100006103515625
2025-12-26,PROD_08,Almond & Oat Milk 1L Pack of 3,STORE_03,Groceries,380.0,189,157.4,-31.600006103515625
2025-12-27,PROD_08,Almond & Oat Milk 1L Pack of 3,STORE_03,Groceries,380.0,239,185.5,-53.5
2025-12-28,PROD_08,Almond & Oat Milk 1L Pack of 3,STORE_03,Groceries,361.0,281,238.9,-42.100006103515625
2025-12-29,PROD_08,Almond & Oat Milk 1L Pack of 3,STORE_03,Groceries,380.0,129,138.5,9.5
2025-12-30,PROD_08,Almond & Oat Milk 1L Pack of 3,STORE_03,Groceries,323.0,205,191.6,-13.399993896484375
2025-12-31,PROD_08,Almond & Oat Milk 1L Pack of 3,STORE_03,Groceries,361.0,173,180.3,7.3000030517578125
2025-09-17,PROD_08,Almond & Oat Milk 1L Pack of 3,STORE_04,Groceries,380.0,74,76.0,2.0
2025-09-18,PROD_08,Almond & Oat Milk 1L Pack of 3,STORE_04,Groceries,372.4,89,76.1,-12.900001525878906
2025-09-19,PROD_08,Almond & Oat Milk 1L Pack of 3,STORE_04,Groceries,380.0,76,85.9,9.900001525878906
2025-09-20,PROD_08,Almond & Oat Milk 1L Pack of 3,STORE_04,Groceries,380.0,84,97.4,13.400001525878906
2025-09-21,PROD_08,Almond & Oat Milk 1L Pack of 3,STORE_04,Groceries,342.0,128,131.7,3.6999969482421875
2025-09-22,PROD_08,Almond & Oat Milk 1L Pack of 3,STORE_04,Groceries,380.0,71,75.8,4.8000030517578125
2025-09-23,PROD_08,Almond & Oat Milk 1L Pack of 3,STORE_04,Groceries,380.0,57,74.3,17.300003051757812
2025-09-24,PROD_08,Almond & Oat Milk 1L Pack of 3,STORE_04,Groceries,364.8,80,73.0,-7.0
2025-09-25,PROD_08,Almond & Oat Milk 1L Pack of 3,STORE_04,Groceries,364.8,64,77.5,13.5
2025-09-26,PROD_08,Almond & Oat Milk 1L Pack of 3,STORE_04,Groceries,380.0,83,81.5,-1.5
2025-09-27,PROD_08,Almond & Oat Milk 1L Pack of 3,STORE_04,Groceries,323.0,128,142.9,14.899993896484375
2025-09-28,PROD_08,Almond & Oat Milk 1L Pack of 3,STORE_04,Groceries,380.0,100,95.3,-4.6999969482421875
2025-09-29,PROD_08,Almond & Oat Milk 1L Pack of 3,STORE_04,Groceries,361.0,108,99.8,-8.199996948242188
2025-09-30,PROD_08,Almond & Oat Milk 1L Pack of 3,STORE_04,Groceries,380.0,68,73.2,5.1999969482421875
2025-10-01,PROD_08,Almond & Oat Milk 1L Pack of 3,STORE_04,Groceries,380.0,117,85.8,-31.199996948242188
2025-10-02,PROD_08,Almond & Oat Milk 1L Pack of 3,STORE_04,Groceries,380.0,97,89.5,-7.5
2025-10-03,PROD_08,Almond & Oat Milk 1L Pack of 3,STORE_04,Groceries,372.4,134,104.9,-29.099998474121094
2025-10-04,PROD_08,Almond & Oat Milk 1L Pack of 3,STORE_04,Groceries,372.4,162,119.7,-42.30000305175781
2025-10-05,PROD_08,Almond & Oat Milk 1L Pack of 3,STORE_04,Groceries,361.0,143,167.4,24.399993896484375
2025-10-06,PROD_08,Almond & Oat Milk 1L Pack of 3,STORE_04,Groceries,380.0,130,92.3,-37.69999694824219
2025-10-07,PROD_08,Almond & Oat Milk 1L Pack of 3,STORE_04,Groceries,372.4,108,100.5,-7.5
2025-10-08,PROD_08,Almond & Oat Milk 1L Pack of 3,STORE_04,Groceries,380.0,101,101.3,0.3000030517578125
2025-10-09,PROD_08,Almond & Oat Milk 1L Pack of 3,STORE_04,Groceries,380.0,95,103.2,8.199996948242188
2025-10-10,PROD_08,Almond & Oat Milk 1L Pack of 3,STORE_04,Groceries,380.0,116,118.9,2.9000015258789062
2025-10-11,PROD_08,Almond & Oat Milk 1L Pack of 3,STORE_04,Groceries,342.0,167,176.6,9.600006103515625
2025-10-12,PROD_08,Almond & Oat Milk 1L Pack of 3,STORE_04,Groceries,323.0,179,195.0,16.0
2025-10-13,PROD_08,Almond & Oat Milk 1L Pack of 3,STORE_04,Groceries,380.0,89,104.6,15.599998474121094
2025-10-14,PROD_08,Almond & Oat Milk 1L Pack of 3,STORE_04,Groceries,380.0,108,100.3,-7.6999969482421875
2025-10-15,PROD_08,Almond & Oat Milk 1L Pack of 3,STORE_04,Groceries,342.0,146,133.2,-12.800003051757812
2025-10-16,PROD_08,Almond & Oat Milk 1L Pack of 3,STORE_04,Groceries,285.0,164,160.4,-3.600006103515625
2025-10-17,PROD_08,Almond & Oat Milk 1L Pack of 3,STORE_04,Groceries,380.0,132,131.8,-0.1999969482421875
2025-10-18,PROD_08,Almond & Oat Milk 1L Pack of 3,STORE_04,Groceries,364.8,132,143.3,11.300003051757812
2025-10-19,PROD_08,Almond & Oat Milk 1L Pack of 3,STORE_04,Groceries,380.0,114,146.5,32.5
2025-10-20,PROD_08,Almond & Oat Milk 1L Pack of 3,STORE_04,Groceries,380.0,108,111.8,3.8000030517578125
2025-10-21,PROD_08,Almond & Oat Milk 1L Pack of 3,STORE_04,Groceries,372.4,95,111.4,16.400001525878906
2025-10-22,PROD_08,Almond & Oat Milk 1L Pack of 3,STORE_04,Groceries,323.0,142,144.7,2.6999969482421875
2025-10-23,PROD_08,Almond & Oat Milk 1L Pack of 3,STORE_04,Groceries,364.8,110,109.5,-0.5
2025-10-24,PROD_08,Almond & Oat Milk 1L Pack of 3,STORE_04,Groceries,380.0,108,126.9,18.900001525878906
2025-10-25,PROD_08,Almond & Oat Milk 1L Pack of 3,STORE_04,Groceries,342.0,225,185.0,-40.0
2025-10-26,PROD_08,Almond & Oat Milk 1L Pack of 3,STORE_04,Groceries,380.0,159,141.3,-17.699996948242188
2025-10-27,PROD_08,Almond & Oat Milk 1L Pack of 3,STORE_04,Groceries,380.0,105,111.3,6.3000030517578125
2025-10-28,PROD_08,Almond & Oat Milk 1L Pack of 3,STORE_04,Groceries,380.0,126,108.1,-17.900001525878906
2025-10-29,PROD_08,Almond & Oat Milk 1L Pack of 3,STORE_04,Groceries,380.0,126,111.1,-14.900001525878906
2025-10-30,PROD_08,Almond & Oat Milk 1L Pack of 3,STORE_04,Groceries,380.0,86,113.5,27.5
2025-10-31,PROD_08,Almond & Oat Milk 1L Pack of 3,STORE_04,Groceries,380.0,98,126.4,28.400001525878906
2025-11-01,PROD_08,Almond & Oat Milk 1L Pack of 3,STORE_04,Groceries,304.0,178,202.3,24.300003051757812
2025-11-02,PROD_08,Almond & Oat Milk 1L Pack of 3,STORE_04,Groceries,380.0,136,134.2,-1.8000030517578125
2025-11-03,PROD_08,Almond & Oat Milk 1L Pack of 3,STORE_04,Groceries,380.0,109,106.0,-3.0
2025-11-04,PROD_08,Almond & Oat Milk 1L Pack of 3,STORE_04,Groceries,380.0,124,106.4,-17.599998474121094
2025-11-05,PROD_08,Almond & Oat Milk 1L Pack of 3,STORE_04,Groceries,380.0,120,106.4,-13.599998474121094
2025-11-06,PROD_08,Almond & Oat Milk 1L Pack of 3,STORE_04,Groceries,380.0,107,106.3,-0.6999969482421875
2025-11-07,PROD_08,Almond & Oat Milk 1L Pack of 3,STORE_04,Groceries,380.0,109,120.9,11.900001525878906
2025-11-08,PROD_08,Almond & Oat Milk 1L Pack of 3,STORE_04,Groceries,323.0,175,205.1,30.100006103515625
2025-11-09,PROD_08,Almond & Oat Milk 1L Pack of 3,STORE_04,Groceries,380.0,109,140.1,31.100006103515625
2025-11-10,PROD_08,Almond & Oat Milk 1L Pack of 3,STORE_04,Groceries,372.4,85,104.4,19.400001525878906
2025-11-11,PROD_08,Almond & Oat Milk 1L Pack of 3,STORE_04,Groceries,380.0,110,100.7,-9.300003051757812
2025-11-12,PROD_08,Almond & Oat Milk 1L Pack of 3,STORE_04,Groceries,372.4,120,103.5,-16.5
2025-11-13,PROD_08,Almond & Oat Milk 1L Pack of 3,STORE_04,Groceries,380.0,104,101.6,-2.4000015258789062
2025-11-14,PROD_08,Almond & Oat Milk 1L Pack of 3,STORE_04,Groceries,380.0,147,117.3,-29.699996948242188
2025-11-15,PROD_08,Almond & Oat Milk 1L Pack of 3,STORE_04,Groceries,380.0,135,135.4,0.399993896484375
2025-11-16,PROD_08,Almond & Oat Milk 1L Pack of 3,STORE_04,Groceries,380.0,155,136.4,-18.600006103515625
2025-11-17,PROD_08,Almond & Oat Milk 1L Pack of 3,STORE_04,Groceries,285.0,143,157.5,14.5
2025-11-18,PROD_08,Almond & Oat Milk 1L Pack of 3,STORE_04,Groceries,380.0,87,107.4,20.400001525878906
2025-11-19,PROD_08,Almond & Oat Milk 1L Pack of 3,STORE_04,Groceries,364.8,105,107.4,2.4000015258789062
2025-11-20,PROD_08,Almond & Oat Milk 1L Pack of 3,STORE_04,Groceries,364.8,101,103.6,2.5999984741210938
2025-11-21,PROD_08,Almond & Oat Milk 1L Pack of 3,STORE_04,Groceries,380.0,118,118.4,0.40000152587890625
2025-11-22,PROD_08,Almond & Oat Milk 1L Pack of 3,STORE_04,Groceries,380.0,114,139.7,25.699996948242188
2025-11-23,PROD_08,Almond & Oat Milk 1L Pack of 3,STORE_04,Groceries,380.0,163,135.1,-27.899993896484375
2025-11-24,PROD_08,Almond & Oat Milk 1L Pack of 3,STORE_04,Groceries,380.0,109,97.2,-11.800003051757812
2025-11-25,PROD_08,Almond & Oat Milk 1L Pack of 3,STORE_04,Groceries,380.0,104,101.6,-2.4000015258789062
2025-11-26,PROD_08,Almond & Oat Milk 1L Pack of 3,STORE_04,Groceries,380.0,86,102.5,16.5
2025-11-27,PROD_08,Almond & Oat Milk 1L Pack of 3,STORE_04,Groceries,380.0,102,98.7,-3.3000030517578125
2025-11-28,PROD_08,Almond & Oat Milk 1L Pack of 3,STORE_04,Groceries,372.4,101,117.4,16.400001525878906
2025-11-29,PROD_08,Almond & Oat Milk 1L Pack of 3,STORE_04,Groceries,380.0,140,132.6,-7.399993896484375
2025-11-30,PROD_08,Almond & Oat Milk 1L Pack of 3,STORE_04,Groceries,380.0,144,133.4,-10.600006103515625
2025-12-01,PROD_08,Almond & Oat Milk 1L Pack of 3,STORE_04,Groceries,372.4,117,100.7,-16.300003051757812
2025-12-02,PROD_08,Almond & Oat Milk 1L Pack of 3,STORE_04,Groceries,380.0,111,100.7,-10.300003051757812
2025-12-03,PROD_08,Almond & Oat Milk 1L Pack of 3,STORE_04,Groceries,380.0,102,101.5,-0.5
2025-12-04,PROD_08,Almond & Oat Milk 1L Pack of 3,STORE_04,Groceries,364.8,94,101.5,7.5
2025-12-05,PROD_08,Almond & Oat Milk 1L Pack of 3,STORE_04,Groceries,380.0,111,116.1,5.099998474121094
2025-12-06,PROD_08,Almond & Oat Milk 1L Pack of 3,STORE_04,Groceries,380.0,127,132.2,5.1999969482421875
2025-12-07,PROD_08,Almond & Oat Milk 1L Pack of 3,STORE_04,Groceries,380.0,151,127.5,-23.5
2025-12-08,PROD_08,Almond & Oat Milk 1L Pack of 3,STORE_04,Groceries,380.0,101,98.6,-2.4000015258789062
2025-12-09,PROD_08,Almond & Oat Milk 1L Pack of 3,STORE_04,Groceries,361.0,131,128.2,-2.8000030517578125
2025-12-10,PROD_08,Almond & Oat Milk 1L Pack of 3,STORE_04,Groceries,380.0,123,101.1,-21.900001525878906
2025-12-11,PROD_08,Almond & Oat Milk 1L Pack of 3,STORE_04,Groceries,361.0,125,128.3,3.3000030517578125
2025-12-12,PROD_08,Almond & Oat Milk 1L Pack of 3,STORE_04,Groceries,380.0,105,124.8,19.800003051757812
2025-12-13,PROD_08,Almond & Oat Milk 1L Pack of 3,STORE_04,Groceries,364.8,149,129.5,-19.5
2025-12-14,PROD_08,Almond & Oat Milk 1L Pack of 3,STORE_04,Groceries,380.0,141,136.2,-4.8000030517578125
2025-12-15,PROD_08,Almond & Oat Milk 1L Pack of 3,STORE_04,Groceries,372.4,94,106.1,12.099998474121094
2025-12-16,PROD_08,Almond & Oat Milk 1L Pack of 3,STORE_04,Groceries,380.0,104,100.4,-3.5999984741210938
2025-12-17,PROD_08,Almond & Oat Milk 1L Pack of 3,STORE_04,Groceries,364.8,110,101.1,-8.900001525878906
2025-12-18,PROD_08,Almond & Oat Milk 1L Pack of 3,STORE_04,Groceries,380.0,119,100.3,-18.699996948242188
2025-12-19,PROD_08,Almond & Oat Milk 1L Pack of 3,STORE_04,Groceries,380.0,110,120.5,10.5
2025-12-20,PROD_08,Almond & Oat Milk 1L Pack of 3,STORE_04,Groceries,380.0,151,129.1,-21.899993896484375
2025-12-21,PROD_08,Almond & Oat Milk 1L Pack of 3,STORE_04,Groceries,364.8,171,134.2,-36.80000305175781
2025-12-22,PROD_08,Almond & Oat Milk 1L Pack of 3,STORE_04,Groceries,380.0,89,97.4,8.400001525878906
2025-12-23,PROD_08,Almond & Oat Milk 1L Pack of 3,STORE_04,Groceries,380.0,100,97.2,-2.8000030517578125
2025-12-24,PROD_08,Almond & Oat Milk 1L Pack of 3,STORE_04,Groceries,380.0,116,93.7,-22.300003051757812
2025-12-25,PROD_08,Almond & Oat Milk 1L Pack of 3,STORE_04,Groceries,380.0,90,102.7,12.699996948242188
2025-12-26,PROD_08,Almond & Oat Milk 1L Pack of 3,STORE_04,Groceries,372.4,124,114.3,-9.699996948242188
2025-12-27,PROD_08,Almond & Oat Milk 1L Pack of 3,STORE_04,Groceries,380.0,104,131.0,27.0
2025-12-28,PROD_08,Almond & Oat Milk 1L Pack of 3,STORE_04,Groceries,342.0,211,172.2,-38.80000305175781
2025-12-29,PROD_08,Almond & Oat Milk 1L Pack of 3,STORE_04,Groceries,361.0,129,125.4,-3.5999984741210938
2025-12-30,PROD_08,Almond & Oat Milk 1L Pack of 3,STORE_04,Groceries,361.0,140,129.6,-10.399993896484375
2025-12-31,PROD_08,Almond & Oat Milk 1L Pack of 3,STORE_04,Groceries,380.0,95,105.1,10.099998474121094
2025-09-17,PROD_09,Breathable Running Shoes,STORE_01,Apparel,2499.0,52,46.9,-5.099998474121094
2025-09-18,PROD_09,Breathable Running Shoes,STORE_01,Apparel,2449.02,40,48.4,8.400001525878906
2025-09-19,PROD_09,Breathable Running Shoes,STORE_01,Apparel,2499.0,52,52.1,0.09999847412109375
2025-09-20,PROD_09,Breathable Running Shoes,STORE_01,Apparel,2499.0,66,59.6,-6.400001525878906
2025-09-21,PROD_09,Breathable Running Shoes,STORE_01,Apparel,2124.15,100,98.8,-1.1999969482421875
2025-09-22,PROD_09,Breathable Running Shoes,STORE_01,Apparel,2499.0,61,47.7,-13.299999237060547
2025-09-23,PROD_09,Breathable Running Shoes,STORE_01,Apparel,2499.0,57,47.7,-9.299999237060547
2025-09-24,PROD_09,Breathable Running Shoes,STORE_01,Apparel,2399.04,51,50.1,-0.9000015258789062
2025-09-25,PROD_09,Breathable Running Shoes,STORE_01,Apparel,2499.0,50,47.7,-2.299999237060547
2025-09-26,PROD_09,Breathable Running Shoes,STORE_01,Apparel,2499.0,51,56.4,5.400001525878906
2025-09-27,PROD_09,Breathable Running Shoes,STORE_01,Apparel,2499.0,63,61.3,-1.7000007629394531
2025-09-28,PROD_09,Breathable Running Shoes,STORE_01,Apparel,2499.0,59,63.4,4.400001525878906
2025-09-29,PROD_09,Breathable Running Shoes,STORE_01,Apparel,2499.0,52,49.7,-2.299999237060547
2025-09-30,PROD_09,Breathable Running Shoes,STORE_01,Apparel,2499.0,36,48.3,12.299999237060547
2025-10-01,PROD_09,Breathable Running Shoes,STORE_01,Apparel,2499.0,60,53.1,-6.900001525878906
2025-10-02,PROD_09,Breathable Running Shoes,STORE_01,Apparel,2499.0,58,53.6,-4.400001525878906
2025-10-03,PROD_09,Breathable Running Shoes,STORE_01,Apparel,2499.0,82,63.0,-19.0
2025-10-04,PROD_09,Breathable Running Shoes,STORE_01,Apparel,2499.0,100,73.2,-26.800003051757812
2025-10-05,PROD_09,Breathable Running Shoes,STORE_01,Apparel,2499.0,74,71.6,-2.4000015258789062
2025-10-06,PROD_09,Breathable Running Shoes,STORE_01,Apparel,2399.04,66,60.3,-5.700000762939453
2025-10-07,PROD_09,Breathable Running Shoes,STORE_01,Apparel,2399.04,70,58.4,-11.599998474121094
2025-10-08,PROD_09,Breathable Running Shoes,STORE_01,Apparel,2499.0,62,59.8,-2.200000762939453
2025-10-09,PROD_09,Breathable Running Shoes,STORE_01,Apparel,2499.0,58,59.9,1.9000015258789062
2025-10-10,PROD_09,Breathable Running Shoes,STORE_01,Apparel,2249.1,115,103.4,-11.599998474121094
2025-10-11,PROD_09,Breathable Running Shoes,STORE_01,Apparel,2399.04,87,84.7,-2.3000030517578125
2025-10-12,PROD_09,Breathable Running Shoes,STORE_01,Apparel,2499.0,86,77.6,-8.400001525878906
2025-10-13,PROD_09,Breathable Running Shoes,STORE_01,Apparel,2249.1,82,93.2,11.199996948242188
2025-10-14,PROD_09,Breathable Running Shoes,STORE_01,Apparel,2374.05,85,87.9,2.9000015258789062
2025-10-15,PROD_09,Breathable Running Shoes,STORE_01,Apparel,2499.0,63,65.5,2.5
2025-10-16,PROD_09,Breathable Running Shoes,STORE_01,Apparel,2499.0,64,64.5,0.5
2025-10-17,PROD_09,Breathable Running Shoes,STORE_01,Apparel,2499.0,63,73.6,10.599998474121094
2025-10-18,PROD_09,Breathable Running Shoes,STORE_01,Apparel,2499.0,68,79.5,11.5
2025-10-19,PROD_09,Breathable Running Shoes,STORE_01,Apparel,2449.02,77,86.0,9.0
2025-10-20,PROD_09,Breathable Running Shoes,STORE_01,Apparel,2499.0,60,66.3,6.3000030517578125
2025-10-21,PROD_09,Breathable Running Shoes,STORE_01,Apparel,2249.1,99,96.3,-2.6999969482421875
2025-10-22,PROD_09,Breathable Running Shoes,STORE_01,Apparel,1874.25,118,120.6,2.5999984741210938
2025-10-23,PROD_09,Breathable Running Shoes,STORE_01,Apparel,2449.02,59,69.8,10.800003051757812
2025-10-24,PROD_09,Breathable Running Shoes,STORE_01,Apparel,2249.1,102,107.6,5.599998474121094
2025-10-25,PROD_09,Breathable Running Shoes,STORE_01,Apparel,2499.0,84,85.9,1.9000015258789062
2025-10-26,PROD_09,Breathable Running Shoes,STORE_01,Apparel,2374.05,111,120.4,9.400001525878906
2025-10-27,PROD_09,Breathable Running Shoes,STORE_01,Apparel,2499.0,65,67.8,2.8000030517578125
2025-10-28,PROD_09,Breathable Running Shoes,STORE_01,Apparel,2499.0,57,68.0,11.0
2025-10-29,PROD_09,Breathable Running Shoes,STORE_01,Apparel,2499.0,68,65.2,-2.8000030517578125
2025-10-30,PROD_09,Breathable Running Shoes,STORE_01,Apparel,2499.0,58,68.8,10.800003051757812
2025-10-31,PROD_09,Breathable Running Shoes,STORE_01,Apparel,2499.0,53,76.5,23.5
2025-11-01,PROD_09,Breathable Running Shoes,STORE_01,Apparel,2499.0,70,78.6,8.599998474121094
2025-11-02,PROD_09,Breathable Running Shoes,STORE_01,Apparel,2499.0,68,79.6,11.599998474121094
2025-11-03,PROD_09,Breathable Running Shoes,STORE_01,Apparel,2499.0,63,60.4,-2.5999984741210938
2025-11-04,PROD_09,Breathable Running Shoes,STORE_01,Apparel,2499.0,53,58.5,5.5
2025-11-05,PROD_09,Breathable Running Shoes,STORE_01,Apparel,2499.0,51,57.8,6.799999237060547
2025-11-06,PROD_09,Breathable Running Shoes,STORE_01,Apparel,2499.0,67,58.3,-8.700000762939453
2025-11-07,PROD_09,Breathable Running Shoes,STORE_01,Apparel,2499.0,69,68.8,-0.1999969482421875
2025-11-08,PROD_09,Breathable Running Shoes,STORE_01,Apparel,2249.1,124,110.8,-13.199996948242188
2025-11-09,PROD_09,Breathable Running Shoes,STORE_01,Apparel,2499.0,65,75.7,10.699996948242188
2025-11-10,PROD_09,Breathable Running Shoes,STORE_01,Apparel,2499.0,57,58.5,1.5
2025-11-11,PROD_09,Breathable Running Shoes,STORE_01,Apparel,2249.1,104,85.8,-18.199996948242188
2025-11-12,PROD_09,Breathable Running Shoes,STORE_01,Apparel,2499.0,51,59.2,8.200000762939453
2025-11-13,PROD_09,Breathable Running Shoes,STORE_01,Apparel,2449.02,60,60.6,0.5999984741210938
2025-11-14,PROD_09,Breathable Running Shoes,STORE_01,Apparel,2124.15,150,104.4,-45.599998474121094
2025-11-15,PROD_09,Breathable Running Shoes,STORE_01,Apparel,2374.05,100,108.4,8.400001525878906
2025-11-16,PROD_09,Breathable Running Shoes,STORE_01,Apparel,2499.0,87,80.8,-6.1999969482421875
2025-11-17,PROD_09,Breathable Running Shoes,STORE_01,Apparel,2499.0,59,61.7,2.700000762939453
2025-11-18,PROD_09,Breathable Running Shoes,STORE_01,Apparel,2449.02,66,65.7,-0.3000030517578125
2025-11-19,PROD_09,Breathable Running Shoes,STORE_01,Apparel,2449.02,68,64.3,-3.6999969482421875
2025-11-20,PROD_09,Breathable Running Shoes,STORE_01,Apparel,2499.0,70,62.4,-7.599998474121094
2025-11-21,PROD_09,Breathable Running Shoes,STORE_01,Apparel,2449.02,84,76.3,-7.6999969482421875
2025-11-22,PROD_09,Breathable Running Shoes,STORE_01,Apparel,2399.04,94,90.1,-3.9000015258789062
2025-11-23,PROD_09,Breathable Running Shoes,STORE_01,Apparel,2124.15,122,141.9,19.899993896484375
2025-11-24,PROD_09,Breathable Running Shoes,STORE_01,Apparel,2374.05,70,86.9,16.900001525878906
2025-11-25,PROD_09,Breathable Running Shoes,STORE_01,Apparel,2124.15,87,97.9,10.900001525878906
2025-11-26,PROD_09,Breathable Running Shoes,STORE_01,Apparel,2499.0,61,64.3,3.3000030517578125
2025-11-27,PROD_09,Breathable Running Shoes,STORE_01,Apparel,2499.0,59,63.5,4.5
2025-11-28,PROD_09,Breathable Running Shoes,STORE_01,Apparel,2499.0,76,71.7,-4.3000030517578125
2025-11-29,PROD_09,Breathable Running Shoes,STORE_01,Apparel,2499.0,82,83.5,1.5
2025-11-30,PROD_09,Breathable Running Shoes,STORE_01,Apparel,2499.0,71,83.5,12.5
2025-12-01,PROD_09,Breathable Running Shoes,STORE_01,Apparel,2499.0,54,63.7,9.700000762939453
2025-12-02,PROD_09,Breathable Running Shoes,STORE_01,Apparel,2499.0,70,62.3,-7.700000762939453
2025-12-03,PROD_09,Breathable Running Shoes,STORE_01,Apparel,2449.02,63,62.9,-0.09999847412109375
2025-12-04,PROD_09,Breathable Running Shoes,STORE_01,Apparel,2449.02,69,64.2,-4.8000030517578125
2025-12-05,PROD_09,Breathable Running Shoes,STORE_01,Apparel,2399.04,74,75.2,1.1999969482421875
2025-12-06,PROD_09,Breathable Running Shoes,STORE_01,Apparel,2499.0,63,82.9,19.900001525878906
2025-12-07,PROD_09,Breathable Running Shoes,STORE_01,Apparel,2499.0,85,76.7,-8.300003051757812
2025-12-08,PROD_09,Breathable Running Shoes,STORE_01,Apparel,2499.0,58,59.8,1.7999992370605469
2025-12-09,PROD_09,Breathable Running Shoes,STORE_01,Apparel,2499.0,62,61.2,-0.7999992370605469
2025-12-10,PROD_09,Breathable Running Shoes,STORE_01,Apparel,2374.05,94,81.2,-12.800003051757812
2025-12-11,PROD_09,Breathable Running Shoes,STORE_01,Apparel,2499.0,66,62.6,-3.4000015258789062
2025-12-12,PROD_09,Breathable Running Shoes,STORE_01,Apparel,2499.0,80,72.8,-7.1999969482421875
2025-12-13,PROD_09,Breathable Running Shoes,STORE_01,Apparel,2499.0,80,79.8,-0.1999969482421875
2025-12-14,PROD_09,Breathable Running Shoes,STORE_01,Apparel,2499.0,92,80.4,-11.599998474121094
2025-12-15,PROD_09,Breathable Running Shoes,STORE_01,Apparel,2499.0,60,62.0,2.0
2025-12-16,PROD_09,Breathable Running Shoes,STORE_01,Apparel,2499.0,67,63.6,-3.4000015258789062
2025-12-17,PROD_09,Breathable Running Shoes,STORE_01,Apparel,2499.0,50,64.8,14.800003051757812
2025-12-18,PROD_09,Breathable Running Shoes,STORE_01,Apparel,2374.05,83,86.6,3.5999984741210938
2025-12-19,PROD_09,Breathable Running Shoes,STORE_01,Apparel,2499.0,60,72.9,12.900001525878906
2025-12-20,PROD_09,Breathable Running Shoes,STORE_01,Apparel,2499.0,94,76.8,-17.199996948242188
2025-12-21,PROD_09,Breathable Running Shoes,STORE_01,Apparel,2399.04,82,81.9,-0.09999847412109375
2025-12-22,PROD_09,Breathable Running Shoes,STORE_01,Apparel,2499.0,57,61.8,4.799999237060547
2025-12-23,PROD_09,Breathable Running Shoes,STORE_01,Apparel,2399.04,64,64.7,0.6999969482421875
2025-12-24,PROD_09,Breathable Running Shoes,STORE_01,Apparel,2499.0,55,60.4,5.400001525878906
2025-12-25,PROD_09,Breathable Running Shoes,STORE_01,Apparel,2499.0,54,59.9,5.900001525878906
2025-12-26,PROD_09,Breathable Running Shoes,STORE_01,Apparel,2499.0,60,65.2,5.1999969482421875
2025-12-27,PROD_09,Breathable Running Shoes,STORE_01,Apparel,2499.0,79,74.2,-4.8000030517578125
2025-12-28,PROD_09,Breathable Running Shoes,STORE_01,Apparel,2449.02,82,75.1,-6.900001525878906
2025-12-29,PROD_09,Breathable Running Shoes,STORE_01,Apparel,2499.0,72,57.8,-14.200000762939453
2025-12-30,PROD_09,Breathable Running Shoes,STORE_01,Apparel,2399.04,62,62.1,0.09999847412109375
2025-12-31,PROD_09,Breathable Running Shoes,STORE_01,Apparel,2499.0,60,58.9,-1.0999984741210938
2025-09-17,PROD_09,Breathable Running Shoes,STORE_02,Apparel,2499.0,52,41.4,-10.599998474121094
2025-09-18,PROD_09,Breathable Running Shoes,STORE_02,Apparel,2499.0,54,42.6,-11.400001525878906
2025-09-19,PROD_09,Breathable Running Shoes,STORE_02,Apparel,2499.0,54,51.7,-2.299999237060547
2025-09-20,PROD_09,Breathable Running Shoes,STORE_02,Apparel,2499.0,48,58.5,10.5
2025-09-21,PROD_09,Breathable Running Shoes,STORE_02,Apparel,2499.0,54,57.4,3.4000015258789062
2025-09-22,PROD_09,Breathable Running Shoes,STORE_02,Apparel,2499.0,47,44.4,-2.5999984741210938
2025-09-23,PROD_09,Breathable Running Shoes,STORE_02,Apparel,2499.0,41,43.1,2.0999984741210938
2025-09-24,PROD_09,Breathable Running Shoes,STORE_02,Apparel,2499.0,43,43.0,0.0
2025-09-25,PROD_09,Breathable Running Shoes,STORE_02,Apparel,2499.0,48,43.6,-4.400001525878906
2025-09-26,PROD_09,Breathable Running Shoes,STORE_02,Apparel,2499.0,47,49.6,2.5999984741210938
2025-09-27,PROD_09,Breathable Running Shoes,STORE_02,Apparel,2449.02,48,57.6,9.599998474121094
2025-09-28,PROD_09,Breathable Running Shoes,STORE_02,Apparel,2499.0,49,54.7,5.700000762939453
2025-09-29,PROD_09,Breathable Running Shoes,STORE_02,Apparel,2499.0,36,42.4,6.400001525878906
2025-09-30,PROD_09,Breathable Running Shoes,STORE_02,Apparel,2499.0,44,39.8,-4.200000762939453
2025-10-01,PROD_09,Breathable Running Shoes,STORE_02,Apparel,2499.0,66,48.0,-18.0
2025-10-02,PROD_09,Breathable Running Shoes,STORE_02,Apparel,2499.0,53,50.6,-2.4000015258789062
2025-10-03,PROD_09,Breathable Running Shoes,STORE_02,Apparel,2499.0,69,58.9,-10.099998474121094
2025-10-04,PROD_09,Breathable Running Shoes,STORE_02,Apparel,2499.0,79,62.8,-16.200000762939453
2025-10-05,PROD_09,Breathable Running Shoes,STORE_02,Apparel,2499.0,79,64.3,-14.699996948242188
2025-10-06,PROD_09,Breathable Running Shoes,STORE_02,Apparel,2499.0,66,52.0,-14.0
2025-10-07,PROD_09,Breathable Running Shoes,STORE_02,Apparel,2499.0,51,52.7,1.7000007629394531
2025-10-08,PROD_09,Breathable Running Shoes,STORE_02,Apparel,2449.02,56,56.0,0.0
2025-10-09,PROD_09,Breathable Running Shoes,STORE_02,Apparel,2249.1,84,82.4,-1.5999984741210938
2025-10-10,PROD_09,Breathable Running Shoes,STORE_02,Apparel,2499.0,57,66.1,9.099998474121094
2025-10-11,PROD_09,Breathable Running Shoes,STORE_02,Apparel,1999.2,128,125.1,-2.9000015258789062
2025-10-12,PROD_09,Breathable Running Shoes,STORE_02,Apparel,2374.05,108,105.4,-2.5999984741210938
2025-10-13,PROD_09,Breathable Running Shoes,STORE_02,Apparel,2374.05,80,83.0,3.0
2025-10-14,PROD_09,Breathable Running Shoes,STORE_02,Apparel,2499.0,63,60.1,-2.9000015258789062
2025-10-15,PROD_09,Breathable Running Shoes,STORE_02,Apparel,2499.0,67,61.1,-5.900001525878906
2025-10-16,PROD_09,Breathable Running Shoes,STORE_02,Apparel,2449.02,53,64.5,11.5
2025-10-17,PROD_09,Breathable Running Shoes,STORE_02,Apparel,2499.0,64,68.5,4.5
2025-10-18,PROD_09,Breathable Running Shoes,STORE_02,Apparel,2499.0,98,74.8,-23.199996948242188
2025-10-19,PROD_09,Breathable Running Shoes,STORE_02,Apparel,2499.0,77,78.6,1.5999984741210938
2025-10-20,PROD_09,Breathable Running Shoes,STORE_02,Apparel,2249.1,99,95.8,-3.1999969482421875
2025-10-21,PROD_09,Breathable Running Shoes,STORE_02,Apparel,2499.0,51,62.6,11.599998474121094
2025-10-22,PROD_09,Breathable Running Shoes,STORE_02,Apparel,2499.0,56,62.2,6.200000762939453
2025-10-23,PROD_09,Breathable Running Shoes,STORE_02,Apparel,2499.0,52,63.0,11.0
2025-10-24,PROD_09,Breathable Running Shoes,STORE_02,Apparel,2499.0,75,69.1,-5.900001525878906
2025-10-25,PROD_09,Breathable Running Shoes,STORE_02,Apparel,2499.0,74,76.7,2.6999969482421875
2025-10-26,PROD_09,Breathable Running Shoes,STORE_02,Apparel,2124.15,125,124.7,-0.3000030517578125
2025-10-27,PROD_09,Breathable Running Shoes,STORE_02,Apparel,2374.05,75,84.2,9.199996948242188
2025-10-28,PROD_09,Breathable Running Shoes,STORE_02,Apparel,2399.04,62,64.7,2.6999969482421875
2025-10-29,PROD_09,Breathable Running Shoes,STORE_02,Apparel,2499.0,56,62.5,6.5
2025-10-30,PROD_09,Breathable Running Shoes,STORE_02,Apparel,2499.0,55,62.3,7.299999237060547
2025-10-31,PROD_09,Breathable Running Shoes,STORE_02,Apparel,2499.0,72,69.4,-2.5999984741210938
2025-11-01,PROD_09,Breathable Running Shoes,STORE_02,Apparel,2499.0,82,74.6,-7.400001525878906
2025-11-02,PROD_09,Breathable Running Shoes,STORE_02,Apparel,2124.15,113,127.7,14.699996948242188
2025-11-03,PROD_09,Breathable Running Shoes,STORE_02,Apparel,2499.0,50,62.6,12.599998474121094
2025-11-04,PROD_09,Breathable Running Shoes,STORE_02,Apparel,2449.02,58,59.6,1.5999984741210938
2025-11-05,PROD_09,Breathable Running Shoes,STORE_02,Apparel,2499.0,52,58.0,6.0
2025-11-06,PROD_09,Breathable Running Shoes,STORE_02,Apparel,2249.1,87,89.5,2.5
2025-11-07,PROD_09,Breathable Running Shoes,STORE_02,Apparel,2499.0,70,69.8,-0.1999969482421875
2025-11-08,PROD_09,Breathable Running Shoes,STORE_02,Apparel,2499.0,58,77.6,19.599998474121094
2025-11-09,PROD_09,Breathable Running Shoes,STORE_02,Apparel,2499.0,72,71.9,-0.09999847412109375
2025-11-10,PROD_09,Breathable Running Shoes,STORE_02,Apparel,2374.05,70,79.2,9.199996948242188
2025-11-11,PROD_09,Breathable Running Shoes,STORE_02,Apparel,2399.04,53,61.3,8.299999237060547
2025-11-12,PROD_09,Breathable Running Shoes,STORE_02,Apparel,2249.1,91,86.4,-4.599998474121094
2025-11-13,PROD_09,Breathable Running Shoes,STORE_02,Apparel,2499.0,48,61.3,13.299999237060547
2025-11-14,PROD_09,Breathable Running Shoes,STORE_02,Apparel,2499.0,87,65.3,-21.699996948242188
2025-11-15,PROD_09,Breathable Running Shoes,STORE_02,Apparel,2399.04,99,79.5,-19.5
2025-11-16,PROD_09,Breathable Running Shoes,STORE_02,Apparel,2499.0,76,74.2,-1.8000030517578125
2025-11-17,PROD_09,Breathable Running Shoes,STORE_02,Apparel,2499.0,45,60.1,15.099998474121094
2025-11-18,PROD_09,Breathable Running Shoes,STORE_02,Apparel,2499.0,51,56.5,5.5
2025-11-19,PROD_09,Breathable Running Shoes,STORE_02,Apparel,2499.0,58,56.4,-1.5999984741210938
2025-11-20,PROD_09,Breathable Running Shoes,STORE_02,Apparel,2449.02,61,56.9,-4.099998474121094
2025-11-21,PROD_09,Breathable Running Shoes,STORE_02,Apparel,2499.0,69,64.8,-4.1999969482421875
2025-11-22,PROD_09,Breathable Running Shoes,STORE_02,Apparel,2499.0,67,70.1,3.0999984741210938
2025-11-23,PROD_09,Breathable Running Shoes,STORE_02,Apparel,1999.2,108,128.1,20.100006103515625
2025-11-24,PROD_09,Breathable Running Shoes,STORE_02,Apparel,2499.0,56,56.7,0.7000007629394531
2025-11-25,PROD_09,Breathable Running Shoes,STORE_02,Apparel,2399.04,54,57.5,3.5
2025-11-26,PROD_09,Breathable Running Shoes,STORE_02,Apparel,2499.0,47,54.0,7.0
2025-11-27,PROD_09,Breathable Running Shoes,STORE_02,Apparel,2499.0,58,53.5,-4.5
2025-11-28,PROD_09,Breathable Running Shoes,STORE_02,Apparel,2499.0,55,61.8,6.799999237060547
2025-11-29,PROD_09,Breathable Running Shoes,STORE_02,Apparel,2499.0,71,66.4,-4.599998474121094
2025-11-30,PROD_09,Breathable Running Shoes,STORE_02,Apparel,2499.0,80,68.0,-12.0
2025-12-01,PROD_09,Breathable Running Shoes,STORE_02,Apparel,2499.0,46,52.5,6.5
2025-12-02,PROD_09,Breathable Running Shoes,STORE_02,Apparel,2499.0,55,53.5,-1.5
2025-12-03,PROD_09,Breathable Running Shoes,STORE_02,Apparel,2499.0,53,51.9,-1.0999984741210938
2025-12-04,PROD_09,Breathable Running Shoes,STORE_02,Apparel,2499.0,59,53.9,-5.099998474121094
2025-12-05,PROD_09,Breathable Running Shoes,STORE_02,Apparel,2399.04,68,64.4,-3.5999984741210938
2025-12-06,PROD_09,Breathable Running Shoes,STORE_02,Apparel,2374.05,94,93.1,-0.9000015258789062
2025-12-07,PROD_09,Breathable Running Shoes,STORE_02,Apparel,2499.0,68,69.0,1.0
2025-12-08,PROD_09,Breathable Running Shoes,STORE_02,Apparel,2449.02,62,53.8,-8.200000762939453
2025-12-09,PROD_09,Breathable Running Shoes,STORE_02,Apparel,2449.02,49,54.0,5.0
2025-12-10,PROD_09,Breathable Running Shoes,STORE_02,Apparel,2449.02,55,54.6,-0.40000152587890625
2025-12-11,PROD_09,Breathable Running Shoes,STORE_02,Apparel,2449.02,52,53.4,1.4000015258789062
2025-12-12,PROD_09,Breathable Running Shoes,STORE_02,Apparel,2249.1,89,92.5,3.5
2025-12-13,PROD_09,Breathable Running Shoes,STORE_02,Apparel,2499.0,69,70.5,1.5
2025-12-14,PROD_09,Breathable Running Shoes,STORE_02,Apparel,2499.0,86,70.2,-15.800003051757812
2025-12-15,PROD_09,Breathable Running Shoes,STORE_02,Apparel,2499.0,46,52.7,6.700000762939453
2025-12-16,PROD_09,Breathable Running Shoes,STORE_02,Apparel,2499.0,61,52.5,-8.5
2025-12-17,PROD_09,Breathable Running Shoes,STORE_02,Apparel,2249.1,69,83.0,14.0
2025-12-18,PROD_09,Breathable Running Shoes,STORE_02,Apparel,2449.02,51,55.8,4.799999237060547
2025-12-19,PROD_09,Breathable Running Shoes,STORE_02,Apparel,2499.0,71,62.0,-9.0
2025-12-20,PROD_09,Breathable Running Shoes,STORE_02,Apparel,2499.0,62,70.5,8.5
2025-12-21,PROD_09,Breathable Running Shoes,STORE_02,Apparel,2499.0,60,71.1,11.099998474121094
2025-12-22,PROD_09,Breathable Running Shoes,STORE_02,Apparel,2499.0,56,53.6,-2.4000015258789062
2025-12-23,PROD_09,Breathable Running Shoes,STORE_02,Apparel,2449.02,59,53.5,-5.5
2025-12-24,PROD_09,Breathable Running Shoes,STORE_02,Apparel,2499.0,50,53.7,3.700000762939453
2025-12-25,PROD_09,Breathable Running Shoes,STORE_02,Apparel,2499.0,46,53.2,7.200000762939453
2025-12-26,PROD_09,Breathable Running Shoes,STORE_02,Apparel,2499.0,64,60.0,-4.0
2025-12-27,PROD_09,Breathable Running Shoes,STORE_02,Apparel,2249.1,122,98.7,-23.300003051757812
2025-12-28,PROD_09,Breathable Running Shoes,STORE_02,Apparel,2374.05,102,94.6,-7.400001525878906
2025-12-29,PROD_09,Breathable Running Shoes,STORE_02,Apparel,2124.15,78,88.6,10.599998474121094
2025-12-30,PROD_09,Breathable Running Shoes,STORE_02,Apparel,2249.1,92,82.4,-9.599998474121094
2025-12-31,PROD_09,Breathable Running Shoes,STORE_02,Apparel,2499.0,56,57.7,1.7000007629394531
2025-09-17,PROD_09,Breathable Running Shoes,STORE_03,Apparel,2499.0,45,51.1,6.099998474121094
2025-09-18,PROD_09,Breathable Running Shoes,STORE_03,Apparel,2499.0,44,49.7,5.700000762939453
2025-09-19,PROD_09,Breathable Running Shoes,STORE_03,Apparel,2499.0,61,56.0,-5.0
2025-09-20,PROD_09,Breathable Running Shoes,STORE_03,Apparel,2499.0,69,64.8,-4.1999969482421875
2025-09-21,PROD_09,Breathable Running Shoes,STORE_03,Apparel,2499.0,67,64.4,-2.5999984741210938
2025-09-22,PROD_09,Breathable Running Shoes,STORE_03,Apparel,2449.02,46,50.3,4.299999237060547
2025-09-23,PROD_09,Breathable Running Shoes,STORE_03,Apparel,2499.0,53,50.5,-2.5
2025-09-24,PROD_09,Breathable Running Shoes,STORE_03,Apparel,2399.04,44,51.7,7.700000762939453
2025-09-25,PROD_09,Breathable Running Shoes,STORE_03,Apparel,2449.02,50,51.1,1.0999984741210938
2025-09-26,PROD_09,Breathable Running Shoes,STORE_03,Apparel,2399.04,62,60.3,-1.7000007629394531
2025-09-27,PROD_09,Breathable Running Shoes,STORE_03,Apparel,2499.0,63,65.2,2.1999969482421875
2025-09-28,PROD_09,Breathable Running Shoes,STORE_03,Apparel,1999.2,94,117.2,23.199996948242188
2025-09-29,PROD_09,Breathable Running Shoes,STORE_03,Apparel,2499.0,42,48.9,6.900001525878906
2025-09-30,PROD_09,Breathable Running Shoes,STORE_03,Apparel,2499.0,38,48.8,10.799999237060547
2025-10-01,PROD_09,Breathable Running Shoes,STORE_03,Apparel,2499.0,61,53.3,-7.700000762939453
2025-10-02,PROD_09,Breathable Running Shoes,STORE_03,Apparel,2499.0,70,55.1,-14.900001525878906
2025-10-03,PROD_09,Breathable Running Shoes,STORE_03,Apparel,2249.1,133,94.9,-38.099998474121094
2025-10-04,PROD_09,Breathable Running Shoes,STORE_03,Apparel,2499.0,87,74.5,-12.5
2025-10-05,PROD_09,Breathable Running Shoes,STORE_03,Apparel,2499.0,90,76.8,-13.199996948242188
2025-10-06,PROD_09,Breathable Running Shoes,STORE_03,Apparel,2449.02,72,61.0,-11.0
2025-10-07,PROD_09,Breathable Running Shoes,STORE_03,Apparel,2499.0,74,61.2,-12.799999237060547
2025-10-08,PROD_09,Breathable Running Shoes,STORE_03,Apparel,2499.0,72,63.8,-8.200000762939453
2025-10-09,PROD_09,Breathable Running Shoes,STORE_03,Apparel,2499.0,51,64.0,13.0
2025-10-10,PROD_09,Breathable Running Shoes,STORE_03,Apparel,2449.02,68,72.6,4.599998474121094
2025-10-11,PROD_09,Breathable Running Shoes,STORE_03,Apparel,2374.05,145,114.1,-30.900001525878906
2025-10-12,PROD_09,Breathable Running Shoes,STORE_03,Apparel,2374.05,120,118.2,-1.8000030517578125
2025-10-13,PROD_09,Breathable Running Shoes,STORE_03,Apparel,2499.0,72,64.3,-7.6999969482421875
2025-10-14,PROD_09,Breathable Running Shoes,STORE_03,Apparel,1874.25,114,121.9,7.900001525878906
2025-10-15,PROD_09,Breathable Running Shoes,STORE_03,Apparel,2124.15,104,108.5,4.5
2025-10-16,PROD_09,Breathable Running Shoes,STORE_03,Apparel,2499.0,63,70.5,7.5
2025-10-17,PROD_09,Breathable Running Shoes,STORE_03,Apparel,2499.0,73,80.9,7.900001525878906
2025-10-18,PROD_09,Breathable Running Shoes,STORE_03,Apparel,2499.0,92,91.0,-1.0
2025-10-19,PROD_09,Breathable Running Shoes,STORE_03,Apparel,2499.0,77,94.2,17.199996948242188
2025-10-20,PROD_09,Breathable Running Shoes,STORE_03,Apparel,2124.15,129,111.1,-17.900001525878906
2025-10-21,PROD_09,Breathable Running Shoes,STORE_03,Apparel,2499.0,72,72.5,0.5
2025-10-22,PROD_09,Breathable Running Shoes,STORE_03,Apparel,2499.0,60,71.7,11.699996948242188
2025-10-23,PROD_09,Breathable Running Shoes,STORE_03,Apparel,2374.05,85,94.2,9.199996948242188
2025-10-24,PROD_09,Breathable Running Shoes,STORE_03,Apparel,2374.05,90,114.0,24.0
2025-10-25,PROD_09,Breathable Running Shoes,STORE_03,Apparel,2499.0,89,92.5,3.5
2025-10-26,PROD_09,Breathable Running Shoes,STORE_03,Apparel,2499.0,78,92.7,14.699996948242188
2025-10-27,PROD_09,Breathable Running Shoes,STORE_03,Apparel,2499.0,68,71.3,3.3000030517578125
2025-10-28,PROD_09,Breathable Running Shoes,STORE_03,Apparel,2399.04,61,75.7,14.699996948242188
2025-10-29,PROD_09,Breathable Running Shoes,STORE_03,Apparel,2499.0,57,72.0,15.0
2025-10-30,PROD_09,Breathable Running Shoes,STORE_03,Apparel,2499.0,54,71.0,17.0
2025-10-31,PROD_09,Breathable Running Shoes,STORE_03,Apparel,2499.0,83,81.4,-1.5999984741210938
2025-11-01,PROD_09,Breathable Running Shoes,STORE_03,Apparel,2499.0,97,86.6,-10.400001525878906
2025-11-02,PROD_09,Breathable Running Shoes,STORE_03,Apparel,2499.0,97,86.9,-10.099998474121094
2025-11-03,PROD_09,Breathable Running Shoes,STORE_03,Apparel,2499.0,55,67.3,12.300003051757812
2025-11-04,PROD_09,Breathable Running Shoes,STORE_03,Apparel,2499.0,70,64.1,-5.900001525878906
2025-11-05,PROD_09,Breathable Running Shoes,STORE_03,Apparel,2499.0,63,64.7,1.6999969482421875
2025-11-06,PROD_09,Breathable Running Shoes,STORE_03,Apparel,2499.0,66,62.8,-3.200000762939453
2025-11-07,PROD_09,Breathable Running Shoes,STORE_03,Apparel,2399.04,90,76.1,-13.900001525878906
2025-11-08,PROD_09,Breathable Running Shoes,STORE_03,Apparel,2399.04,78,86.4,8.400001525878906
2025-11-09,PROD_09,Breathable Running Shoes,STORE_03,Apparel,2499.0,107,82.3,-24.699996948242188
2025-11-10,PROD_09,Breathable Running Shoes,STORE_03,Apparel,2499.0,60,65.1,5.099998474121094
2025-11-11,PROD_09,Breathable Running Shoes,STORE_03,Apparel,2374.05,106,90.6,-15.400001525878906
2025-11-12,PROD_09,Breathable Running Shoes,STORE_03,Apparel,2374.05,95,91.0,-4.0
2025-11-13,PROD_09,Breathable Running Shoes,STORE_03,Apparel,1999.2,105,110.4,5.400001525878906
2025-11-14,PROD_09,Breathable Running Shoes,STORE_03,Apparel,2499.0,85,79.7,-5.3000030517578125
2025-11-15,PROD_09,Breathable Running Shoes,STORE_03,Apparel,2499.0,83,93.1,10.099998474121094
2025-11-16,PROD_09,Breathable Running Shoes,STORE_03,Apparel,2249.1,123,135.7,12.699996948242188
2025-11-17,PROD_09,Breathable Running Shoes,STORE_03,Apparel,2499.0,78,72.5,-5.5
2025-11-18,PROD_09,Breathable Running Shoes,STORE_03,Apparel,2499.0,52,74.0,22.0
2025-11-19,PROD_09,Breathable Running Shoes,STORE_03,Apparel,2499.0,69,66.5,-2.5
2025-11-20,PROD_09,Breathable Running Shoes,STORE_03,Apparel,2449.02,68,70.7,2.6999969482421875
2025-11-21,PROD_09,Breathable Running Shoes,STORE_03,Apparel,2499.0,66,76.5,10.5
2025-11-22,PROD_09,Breathable Running Shoes,STORE_03,Apparel,2499.0,73,83.5,10.5
2025-11-23,PROD_09,Breathable Running Shoes,STORE_03,Apparel,2124.15,151,133.6,-17.399993896484375
2025-11-24,PROD_09,Breathable Running Shoes,STORE_03,Apparel,2499.0,62,65.8,3.8000030517578125
2025-11-25,PROD_09,Breathable Running Shoes,STORE_03,Apparel,2374.05,87,88.0,1.0
2025-11-26,PROD_09,Breathable Running Shoes,STORE_03,Apparel,2499.0,66,66.0,0.0
2025-11-27,PROD_09,Breathable Running Shoes,STORE_03,Apparel,2499.0,69,63.6,-5.400001525878906
2025-11-28,PROD_09,Breathable Running Shoes,STORE_03,Apparel,2499.0,61,75.5,14.5
2025-11-29,PROD_09,Breathable Running Shoes,STORE_03,Apparel,2499.0,81,81.3,0.3000030517578125
2025-11-30,PROD_09,Breathable Running Shoes,STORE_03,Apparel,2499.0,83,85.1,2.0999984741210938
2025-12-01,PROD_09,Breathable Running Shoes,STORE_03,Apparel,2399.04,61,67.1,6.099998474121094
2025-12-02,PROD_09,Breathable Running Shoes,STORE_03,Apparel,2499.0,49,64.5,15.5
2025-12-03,PROD_09,Breathable Running Shoes,STORE_03,Apparel,2449.02,74,62.9,-11.099998474121094
2025-12-04,PROD_09,Breathable Running Shoes,STORE_03,Apparel,2499.0,63,63.7,0.7000007629394531
2025-12-05,PROD_09,Breathable Running Shoes,STORE_03,Apparel,2499.0,72,71.9,-0.09999847412109375
2025-12-06,PROD_09,Breathable Running Shoes,STORE_03,Apparel,2499.0,88,81.6,-6.400001525878906
2025-12-07,PROD_09,Breathable Running Shoes,STORE_03,Apparel,2374.05,115,121.0,6.0
2025-12-08,PROD_09,Breathable Running Shoes,STORE_03,Apparel,2499.0,62,63.9,1.9000015258789062
2025-12-09,PROD_09,Breathable Running Shoes,STORE_03,Apparel,2399.04,70,65.1,-4.900001525878906
2025-12-10,PROD_09,Breathable Running Shoes,STORE_03,Apparel,2499.0,64,66.4,2.4000015258789062
2025-12-11,PROD_09,Breathable Running Shoes,STORE_03,Apparel,2499.0,52,64.8,12.800003051757812
2025-12-12,PROD_09,Breathable Running Shoes,STORE_03,Apparel,2399.04,74,71.4,-2.5999984741210938
2025-12-13,PROD_09,Breathable Running Shoes,STORE_03,Apparel,2499.0,74,79.1,5.099998474121094
2025-12-14,PROD_09,Breathable Running Shoes,STORE_03,Apparel,2499.0,75,79.5,4.5
2025-12-15,PROD_09,Breathable Running Shoes,STORE_03,Apparel,2499.0,65,60.3,-4.700000762939453
2025-12-16,PROD_09,Breathable Running Shoes,STORE_03,Apparel,2499.0,67,58.7,-8.299999237060547
2025-12-17,PROD_09,Breathable Running Shoes,STORE_03,Apparel,2499.0,81,60.7,-20.299999237060547
2025-12-18,PROD_09,Breathable Running Shoes,STORE_03,Apparel,2499.0,65,61.4,-3.5999984741210938
2025-12-19,PROD_09,Breathable Running Shoes,STORE_03,Apparel,2499.0,68,71.1,3.0999984741210938
2025-12-20,PROD_09,Breathable Running Shoes,STORE_03,Apparel,2124.15,131,124.4,-6.599998474121094
2025-12-21,PROD_09,Breathable Running Shoes,STORE_03,Apparel,2499.0,90,84.0,-6.0
2025-12-22,PROD_09,Breathable Running Shoes,STORE_03,Apparel,2499.0,58,62.6,4.599998474121094
2025-12-23,PROD_09,Breathable Running Shoes,STORE_03,Apparel,2499.0,69,62.7,-6.299999237060547
2025-12-24,PROD_09,Breathable Running Shoes,STORE_03,Apparel,2499.0,66,62.4,-3.5999984741210938
2025-12-25,PROD_09,Breathable Running Shoes,STORE_03,Apparel,2124.15,110,100.4,-9.599998474121094
2025-12-26,PROD_09,Breathable Running Shoes,STORE_03,Apparel,2449.02,72,75.5,3.5
2025-12-27,PROD_09,Breathable Running Shoes,STORE_03,Apparel,2374.05,114,117.2,3.1999969482421875
2025-12-28,PROD_09,Breathable Running Shoes,STORE_03,Apparel,2499.0,85,86.6,1.5999984741210938
2025-12-29,PROD_09,Breathable Running Shoes,STORE_03,Apparel,2499.0,55,66.0,11.0
2025-12-30,PROD_09,Breathable Running Shoes,STORE_03,Apparel,2449.02,60,64.9,4.900001525878906
2025-12-31,PROD_09,Breathable Running Shoes,STORE_03,Apparel,2399.04,63,67.7,4.6999969482421875
2025-09-17,PROD_09,Breathable Running Shoes,STORE_04,Apparel,2499.0,27,33.2,6.200000762939453
2025-09-18,PROD_09,Breathable Running Shoes,STORE_04,Apparel,2499.0,33,31.7,-1.2999992370605469
2025-09-19,PROD_09,Breathable Running Shoes,STORE_04,Apparel,2499.0,41,38.0,-3.0
2025-09-20,PROD_09,Breathable Running Shoes,STORE_04,Apparel,2374.05,59,60.1,1.0999984741210938
2025-09-21,PROD_09,Breathable Running Shoes,STORE_04,Apparel,2499.0,36,42.5,6.5
2025-09-22,PROD_09,Breathable Running Shoes,STORE_04,Apparel,1999.2,55,56.9,1.9000015258789062
2025-09-23,PROD_09,Breathable Running Shoes,STORE_04,Apparel,2499.0,34,33.7,-0.2999992370605469
2025-09-24,PROD_09,Breathable Running Shoes,STORE_04,Apparel,2499.0,29,32.4,3.4000015258789062
2025-09-25,PROD_09,Breathable Running Shoes,STORE_04,Apparel,2499.0,35,32.4,-2.5999984741210938
2025-09-26,PROD_09,Breathable Running Shoes,STORE_04,Apparel,2499.0,42,38.0,-4.0
2025-09-27,PROD_09,Breathable Running Shoes,STORE_04,Apparel,2499.0,47,43.7,-3.299999237060547
2025-09-28,PROD_09,Breathable Running Shoes,STORE_04,Apparel,2449.02,55,45.4,-9.599998474121094
2025-09-29,PROD_09,Breathable Running Shoes,STORE_04,Apparel,2499.0,36,33.9,-2.0999984741210938
2025-09-30,PROD_09,Breathable Running Shoes,STORE_04,Apparel,2499.0,36,34.3,-1.7000007629394531
2025-10-01,PROD_09,Breathable Running Shoes,STORE_04,Apparel,2499.0,58,38.3,-19.700000762939453
2025-10-02,PROD_09,Breathable Running Shoes,STORE_04,Apparel,2499.0,55,40.5,-14.5
2025-10-03,PROD_09,Breathable Running Shoes,STORE_04,Apparel,2499.0,63,49.1,-13.900001525878906
2025-10-04,PROD_09,Breathable Running Shoes,STORE_04,Apparel,2499.0,56,54.0,-2.0
2025-10-05,PROD_09,Breathable Running Shoes,STORE_04,Apparel,2374.05,80,69.4,-10.599998474121094
2025-10-06,PROD_09,Breathable Running Shoes,STORE_04,Apparel,2499.0,47,43.4,-3.5999984741210938
2025-10-07,PROD_09,Breathable Running Shoes,STORE_04,Apparel,2499.0,48,45.4,-2.5999984741210938
2025-10-08,PROD_09,Breathable Running Shoes,STORE_04,Apparel,2499.0,49,45.8,-3.200000762939453
2025-10-09,PROD_09,Breathable Running Shoes,STORE_04,Apparel,2499.0,39,46.6,7.599998474121094
2025-10-10,PROD_09,Breathable Running Shoes,STORE_04,Apparel,2249.1,83,69.2,-13.800003051757812
2025-10-11,PROD_09,Breathable Running Shoes,STORE_04,Apparel,2249.1,82,88.6,6.599998474121094
2025-10-12,PROD_09,Breathable Running Shoes,STORE_04,Apparel,2499.0,62,61.1,-0.9000015258789062
2025-10-13,PROD_09,Breathable Running Shoes,STORE_04,Apparel,2124.15,83,71.9,-11.099998474121094
2025-10-14,PROD_09,Breathable Running Shoes,STORE_04,Apparel,2249.1,86,73.1,-12.900001525878906
2025-10-15,PROD_09,Breathable Running Shoes,STORE_04,Apparel,2249.1,66,80.3,14.300003051757812
2025-10-16,PROD_09,Breathable Running Shoes,STORE_04,Apparel,2499.0,34,53.8,19.799999237060547
2025-10-17,PROD_09,Breathable Running Shoes,STORE_04,Apparel,2399.04,55,60.4,5.400001525878906
2025-10-18,PROD_09,Breathable Running Shoes,STORE_04,Apparel,2499.0,57,64.8,7.8000030517578125
2025-10-19,PROD_09,Breathable Running Shoes,STORE_04,Apparel,2499.0,61,63.9,2.9000015258789062
2025-10-20,PROD_09,Breathable Running Shoes,STORE_04,Apparel,2249.1,70,78.7,8.699996948242188
2025-10-21,PROD_09,Breathable Running Shoes,STORE_04,Apparel,2374.05,52,69.7,17.699996948242188
2025-10-22,PROD_09,Breathable Running Shoes,STORE_04,Apparel,1874.25,65,97.5,32.5
2025-10-23,PROD_09,Breathable Running Shoes,STORE_04,Apparel,2499.0,47,52.3,5.299999237060547
2025-10-24,PROD_09,Breathable Running Shoes,STORE_04,Apparel,2499.0,42,62.5,20.5
2025-10-25,PROD_09,Breathable Running Shoes,STORE_04,Apparel,2499.0,61,64.4,3.4000015258789062
2025-10-26,PROD_09,Breathable Running Shoes,STORE_04,Apparel,2499.0,58,68.5,10.5
2025-10-27,PROD_09,Breathable Running Shoes,STORE_04,Apparel,2449.02,35,53.7,18.700000762939453
2025-10-28,PROD_09,Breathable Running Shoes,STORE_04,Apparel,2499.0,48,46.9,-1.0999984741210938
2025-10-29,PROD_09,Breathable Running Shoes,STORE_04,Apparel,2449.02,51,52.9,1.9000015258789062
2025-10-30,PROD_09,Breathable Running Shoes,STORE_04,Apparel,2499.0,44,50.4,6.400001525878906
2025-10-31,PROD_09,Breathable Running Shoes,STORE_04,Apparel,2499.0,62,55.1,-6.900001525878906
2025-11-01,PROD_09,Breathable Running Shoes,STORE_04,Apparel,2374.05,92,82.7,-9.300003051757812
2025-11-02,PROD_09,Breathable Running Shoes,STORE_04,Apparel,2124.15,88,98.4,10.400001525878906
2025-11-03,PROD_09,Breathable Running Shoes,STORE_04,Apparel,2249.1,70,70.0,0.0
2025-11-04,PROD_09,Breathable Running Shoes,STORE_04,Apparel,2499.0,43,47.8,4.799999237060547
2025-11-05,PROD_09,Breathable Running Shoes,STORE_04,Apparel,2499.0,53,47.7,-5.299999237060547
2025-11-06,PROD_09,Breathable Running Shoes,STORE_04,Apparel,2499.0,44,47.3,3.299999237060547
2025-11-07,PROD_09,Breathable Running Shoes,STORE_04,Apparel,2499.0,59,53.0,-6.0
2025-11-08,PROD_09,Breathable Running Shoes,STORE_04,Apparel,2499.0,48,61.1,13.099998474121094
2025-11-09,PROD_09,Breathable Running Shoes,STORE_04,Apparel,2249.1,81,86.7,5.6999969482421875
2025-11-10,PROD_09,Breathable Running Shoes,STORE_04,Apparel,2499.0,40,49.1,9.099998474121094
2025-11-11,PROD_09,Breathable Running Shoes,STORE_04,Apparel,2249.1,49,68.0,19.0
2025-11-12,PROD_09,Breathable Running Shoes,STORE_04,Apparel,2249.1,87,72.9,-14.099998474121094
2025-11-13,PROD_09,Breathable Running Shoes,STORE_04,Apparel,2374.05,66,64.2,-1.8000030517578125
2025-11-14,PROD_09,Breathable Running Shoes,STORE_04,Apparel,2374.05,60,81.3,21.300003051757812
2025-11-15,PROD_09,Breathable Running Shoes,STORE_04,Apparel,2499.0,55,62.6,7.599998474121094
2025-11-16,PROD_09,Breathable Running Shoes,STORE_04,Apparel,2124.15,76,99.3,23.300003051757812
2025-11-17,PROD_09,Breathable Running Shoes,STORE_04,Apparel,2249.1,85,72.6,-12.400001525878906
2025-11-18,PROD_09,Breathable Running Shoes,STORE_04,Apparel,2499.0,32,49.0,17.0
2025-11-19,PROD_09,Breathable Running Shoes,STORE_04,Apparel,2499.0,30,47.1,17.099998474121094
2025-11-20,PROD_09,Breathable Running Shoes,STORE_04,Apparel,2249.1,67,66.4,-0.5999984741210938
2025-11-21,PROD_09,Breathable Running Shoes,STORE_04,Apparel,2499.0,43,55.9,12.900001525878906
2025-11-22,PROD_09,Breathable Running Shoes,STORE_04,Apparel,2499.0,45,56.3,11.299999237060547
2025-11-23,PROD_09,Breathable Running Shoes,STORE_04,Apparel,2449.02,64,56.6,-7.400001525878906
2025-11-24,PROD_09,Breathable Running Shoes,STORE_04,Apparel,2374.05,66,59.4,-6.599998474121094
2025-11-25,PROD_09,Breathable Running Shoes,STORE_04,Apparel,2374.05,66,61.2,-4.799999237060547
2025-11-26,PROD_09,Breathable Running Shoes,STORE_04,Apparel,2449.02,39,47.1,8.099998474121094
2025-11-27,PROD_09,Breathable Running Shoes,STORE_04,Apparel,2449.02,50,48.5,-1.5
2025-11-28,PROD_09,Breathable Running Shoes,STORE_04,Apparel,2499.0,50,53.3,3.299999237060547
2025-11-29,PROD_09,Breathable Running Shoes,STORE_04,Apparel,2499.0,61,59.3,-1.7000007629394531
2025-11-30,PROD_09,Breathable Running Shoes,STORE_04,Apparel,2249.1,85,92.1,7.099998474121094
2025-12-01,PROD_09,Breathable Running Shoes,STORE_04,Apparel,2499.0,42,48.9,6.900001525878906
2025-12-02,PROD_09,Breathable Running Shoes,STORE_04,Apparel,2499.0,39,45.6,6.599998474121094
2025-12-03,PROD_09,Breathable Running Shoes,STORE_04,Apparel,2499.0,41,43.1,2.0999984741210938
2025-12-04,PROD_09,Breathable Running Shoes,STORE_04,Apparel,2499.0,34,44.0,10.0
2025-12-05,PROD_09,Breathable Running Shoes,STORE_04,Apparel,2499.0,50,46.6,-3.4000015258789062
2025-12-06,PROD_09,Breathable Running Shoes,STORE_04,Apparel,2499.0,51,53.9,2.9000015258789062
2025-12-07,PROD_09,Breathable Running Shoes,STORE_04,Apparel,2499.0,56,55.8,-0.20000076293945312
2025-12-08,PROD_09,Breathable Running Shoes,STORE_04,Apparel,2499.0,39,43.5,4.5
2025-12-09,PROD_09,Breathable Running Shoes,STORE_04,Apparel,2499.0,43,42.1,-0.9000015258789062
2025-12-10,PROD_09,Breathable Running Shoes,STORE_04,Apparel,2499.0,36,42.7,6.700000762939453
2025-12-11,PROD_09,Breathable Running Shoes,STORE_04,Apparel,2499.0,40,41.2,1.2000007629394531
2025-12-12,PROD_09,Breathable Running Shoes,STORE_04,Apparel,2499.0,47,45.8,-1.2000007629394531
2025-12-13,PROD_09,Breathable Running Shoes,STORE_04,Apparel,2499.0,50,52.8,2.799999237060547
2025-12-14,PROD_09,Breathable Running Shoes,STORE_04,Apparel,2399.04,55,55.2,0.20000076293945312
2025-12-15,PROD_09,Breathable Running Shoes,STORE_04,Apparel,2499.0,44,39.0,-5.0
2025-12-16,PROD_09,Breathable Running Shoes,STORE_04,Apparel,2499.0,39,38.6,-0.40000152587890625
2025-12-17,PROD_09,Breathable Running Shoes,STORE_04,Apparel,2124.15,72,58.8,-13.200000762939453
2025-12-18,PROD_09,Breathable Running Shoes,STORE_04,Apparel,2499.0,39,41.3,2.299999237060547
2025-12-19,PROD_09,Breathable Running Shoes,STORE_04,Apparel,2374.05,71,61.2,-9.799999237060547
2025-12-20,PROD_09,Breathable Running Shoes,STORE_04,Apparel,2499.0,56,52.9,-3.0999984741210938
2025-12-21,PROD_09,Breathable Running Shoes,STORE_04,Apparel,2499.0,56,54.2,-1.7999992370605469
2025-12-22,PROD_09,Breathable Running Shoes,STORE_04,Apparel,2499.0,46,41.4,-4.599998474121094
2025-12-23,PROD_09,Breathable Running Shoes,STORE_04,Apparel,2499.0,36,42.6,6.599998474121094
2025-12-24,PROD_09,Breathable Running Shoes,STORE_04,Apparel,2499.0,46,40.3,-5.700000762939453
2025-12-25,PROD_09,Breathable Running Shoes,STORE_04,Apparel,2499.0,56,41.5,-14.5
2025-12-26,PROD_09,Breathable Running Shoes,STORE_04,Apparel,2499.0,61,50.2,-10.799999237060547
2025-12-27,PROD_09,Breathable Running Shoes,STORE_04,Apparel,2499.0,56,57.4,1.4000015258789062
2025-12-28,PROD_09,Breathable Running Shoes,STORE_04,Apparel,2499.0,46,57.7,11.700000762939453
2025-12-29,PROD_09,Breathable Running Shoes,STORE_04,Apparel,2499.0,45,42.9,-2.0999984741210938
2025-12-30,PROD_09,Breathable Running Shoes,STORE_04,Apparel,2499.0,41,42.2,1.2000007629394531
2025-12-31,PROD_09,Breathable Running Shoes,STORE_04,Apparel,2499.0,44,42.9,-1.0999984741210938
2025-09-17,PROD_10,Classic Denim Jacket,STORE_01,Apparel,1999.0,40,42.1,2.0999984741210938
2025-09-18,PROD_10,Classic Denim Jacket,STORE_01,Apparel,1999.0,39,41.2,2.200000762939453
2025-09-19,PROD_10,Classic Denim Jacket,STORE_01,Apparel,1999.0,44,47.5,3.5
2025-09-20,PROD_10,Classic Denim Jacket,STORE_01,Apparel,1999.0,56,52.8,-3.200000762939453
2025-09-21,PROD_10,Classic Denim Jacket,STORE_01,Apparel,1899.05,88,74.6,-13.400001525878906
2025-09-22,PROD_10,Classic Denim Jacket,STORE_01,Apparel,1999.0,42,42.7,0.7000007629394531
2025-09-23,PROD_10,Classic Denim Jacket,STORE_01,Apparel,1999.0,44,41.5,-2.5
2025-09-24,PROD_10,Classic Denim Jacket,STORE_01,Apparel,1999.0,37,41.5,4.5
2025-09-25,PROD_10,Classic Denim Jacket,STORE_01,Apparel,1999.0,37,40.8,3.799999237060547
2025-09-26,PROD_10,Classic Denim Jacket,STORE_01,Apparel,1999.0,41,45.4,4.400001525878906
2025-09-27,PROD_10,Classic Denim Jacket,STORE_01,Apparel,1999.0,53,49.3,-3.700000762939453
2025-09-28,PROD_10,Classic Denim Jacket,STORE_01,Apparel,1999.0,57,51.0,-6.0
2025-09-29,PROD_10,Classic Denim Jacket,STORE_01,Apparel,1919.04,38,44.4,6.400001525878906
2025-09-30,PROD_10,Classic Denim Jacket,STORE_01,Apparel,1999.0,38,40.4,2.4000015258789062
2025-10-01,PROD_10,Classic Denim Jacket,STORE_01,Apparel,1999.0,61,45.0,-16.0
2025-10-02,PROD_10,Classic Denim Jacket,STORE_01,Apparel,1999.0,55,48.3,-6.700000762939453
2025-10-03,PROD_10,Classic Denim Jacket,STORE_01,Apparel,1959.02,53,62.2,9.200000762939453
2025-10-04,PROD_10,Classic Denim Jacket,STORE_01,Apparel,1999.0,89,63.5,-25.5
2025-10-05,PROD_10,Classic Denim Jacket,STORE_01,Apparel,1899.05,107,89.6,-17.400001525878906
2025-10-06,PROD_10,Classic Denim Jacket,STORE_01,Apparel,1959.02,61,52.4,-8.599998474121094
2025-10-07,PROD_10,Classic Denim Jacket,STORE_01,Apparel,1919.04,61,54.8,-6.200000762939453
2025-10-08,PROD_10,Classic Denim Jacket,STORE_01,Apparel,1919.04,66,58.7,-7.299999237060547
2025-10-09,PROD_10,Classic Denim Jacket,STORE_01,Apparel,1999.0,55,55.2,0.20000076293945312
2025-10-10,PROD_10,Classic Denim Jacket,STORE_01,Apparel,1699.15,106,98.9,-7.099998474121094
2025-10-11,PROD_10,Classic Denim Jacket,STORE_01,Apparel,1919.04,79,80.6,1.5999984741210938
2025-10-12,PROD_10,Classic Denim Jacket,STORE_01,Apparel,1959.02,67,77.0,10.0
2025-10-13,PROD_10,Classic Denim Jacket,STORE_01,Apparel,1699.15,89,99.8,10.800003051757812
2025-10-14,PROD_10,Classic Denim Jacket,STORE_01,Apparel,1959.02,46,65.1,19.099998474121094
2025-10-15,PROD_10,Classic Denim Jacket,STORE_01,Apparel,1999.0,59,60.4,1.4000015258789062
2025-10-16,PROD_10,Classic Denim Jacket,STORE_01,Apparel,1999.0,54,60.6,6.599998474121094
2025-10-17,PROD_10,Classic Denim Jacket,STORE_01,Apparel,1999.0,65,68.2,3.1999969482421875
2025-10-18,PROD_10,Classic Denim Jacket,STORE_01,Apparel,1999.0,67,75.4,8.400001525878906
2025-10-19,PROD_10,Classic Denim Jacket,STORE_01,Apparel,1899.05,95,110.2,15.199996948242188
2025-10-20,PROD_10,Classic Denim Jacket,STORE_01,Apparel,1999.0,54,60.7,6.700000762939453
2025-10-21,PROD_10,Classic Denim Jacket,STORE_01,Apparel,1799.1,65,89.4,24.400001525878906
2025-10-22,PROD_10,Classic Denim Jacket,STORE_01,Apparel,1799.1,81,90.7,9.699996948242188
2025-10-23,PROD_10,Classic Denim Jacket,STORE_01,Apparel,1999.0,69,59.8,-9.200000762939453
2025-10-24,PROD_10,Classic Denim Jacket,STORE_01,Apparel,1999.0,67,71.4,4.400001525878906
2025-10-25,PROD_10,Classic Denim Jacket,STORE_01,Apparel,1959.02,77,82.0,5.0
2025-10-26,PROD_10,Classic Denim Jacket,STORE_01,Apparel,1959.02,87,81.2,-5.8000030517578125
2025-10-27,PROD_10,Classic Denim Jacket,STORE_01,Apparel,1999.0,62,62.6,0.5999984741210938
2025-10-28,PROD_10,Classic Denim Jacket,STORE_01,Apparel,1999.0,61,63.0,2.0
2025-10-29,PROD_10,Classic Denim Jacket,STORE_01,Apparel,1959.02,57,67.4,10.400001525878906
2025-10-30,PROD_10,Classic Denim Jacket,STORE_01,Apparel,1959.02,52,64.5,12.5
2025-10-31,PROD_10,Classic Denim Jacket,STORE_01,Apparel,1959.02,75,72.0,-3.0
2025-11-01,PROD_10,Classic Denim Jacket,STORE_01,Apparel,1999.0,76,76.8,0.8000030517578125
2025-11-02,PROD_10,Classic Denim Jacket,STORE_01,Apparel,1999.0,79,77.2,-1.8000030517578125
2025-11-03,PROD_10,Classic Denim Jacket,STORE_01,Apparel,1959.02,51,58.0,7.0
2025-11-04,PROD_10,Classic Denim Jacket,STORE_01,Apparel,1999.0,54,56.7,2.700000762939453
2025-11-05,PROD_10,Classic Denim Jacket,STORE_01,Apparel,1799.1,94,82.7,-11.300003051757812
2025-11-06,PROD_10,Classic Denim Jacket,STORE_01,Apparel,1959.02,64,59.1,-4.900001525878906
2025-11-07,PROD_10,Classic Denim Jacket,STORE_01,Apparel,1919.04,58,72.2,14.199996948242188
2025-11-08,PROD_10,Classic Denim Jacket,STORE_01,Apparel,1499.25,146,139.5,-6.5
2025-11-09,PROD_10,Classic Denim Jacket,STORE_01,Apparel,1999.0,89,72.7,-16.300003051757812
2025-11-10,PROD_10,Classic Denim Jacket,STORE_01,Apparel,1959.02,52,60.2,8.200000762939453
2025-11-11,PROD_10,Classic Denim Jacket,STORE_01,Apparel,1999.0,61,55.9,-5.099998474121094
2025-11-12,PROD_10,Classic Denim Jacket,STORE_01,Apparel,1999.0,43,57.2,14.200000762939453
2025-11-13,PROD_10,Classic Denim Jacket,STORE_01,Apparel,1999.0,58,55.7,-2.299999237060547
2025-11-14,PROD_10,Classic Denim Jacket,STORE_01,Apparel,1699.15,118,104.9,-13.099998474121094
2025-11-15,PROD_10,Classic Denim Jacket,STORE_01,Apparel,1699.15,131,134.0,3.0
2025-11-16,PROD_10,Classic Denim Jacket,STORE_01,Apparel,1899.05,124,112.9,-11.099998474121094
2025-11-17,PROD_10,Classic Denim Jacket,STORE_01,Apparel,1999.0,63,57.5,-5.5
2025-11-18,PROD_10,Classic Denim Jacket,STORE_01,Apparel,1999.0,49,58.7,9.700000762939453
2025-11-19,PROD_10,Classic Denim Jacket,STORE_01,Apparel,1999.0,50,59.0,9.0
2025-11-20,PROD_10,Classic Denim Jacket,STORE_01,Apparel,1999.0,62,59.2,-2.799999237060547
2025-11-21,PROD_10,Classic Denim Jacket,STORE_01,Apparel,1699.15,95,116.4,21.400001525878906
2025-11-22,PROD_10,Classic Denim Jacket,STORE_01,Apparel,1999.0,72,78.8,6.8000030517578125
2025-11-23,PROD_10,Classic Denim Jacket,STORE_01,Apparel,1999.0,75,75.0,0.0
2025-11-24,PROD_10,Classic Denim Jacket,STORE_01,Apparel,1699.15,93,104.8,11.800003051757812
2025-11-25,PROD_10,Classic Denim Jacket,STORE_01,Apparel,1699.15,88,99.5,11.5
2025-11-26,PROD_10,Classic Denim Jacket,STORE_01,Apparel,1999.0,59,61.0,2.0
2025-11-27,PROD_10,Classic Denim Jacket,STORE_01,Apparel,1959.02,58,63.0,5.0
2025-11-28,PROD_10,Classic Denim Jacket,STORE_01,Apparel,1999.0,55,69.9,14.900001525878906
2025-11-29,PROD_10,Classic Denim Jacket,STORE_01,Apparel,1999.0,83,73.8,-9.199996948242188
2025-11-30,PROD_10,Classic Denim Jacket,STORE_01,Apparel,1999.0,76,78.9,2.9000015258789062
2025-12-01,PROD_10,Classic Denim Jacket,STORE_01,Apparel,1999.0,63,61.5,-1.5
2025-12-02,PROD_10,Classic Denim Jacket,STORE_01,Apparel,1999.0,58,59.2,1.2000007629394531
2025-12-03,PROD_10,Classic Denim Jacket,STORE_01,Apparel,1959.02,61,60.8,-0.20000076293945312
2025-12-04,PROD_10,Classic Denim Jacket,STORE_01,Apparel,1999.0,54,59.1,5.099998474121094
2025-12-05,PROD_10,Classic Denim Jacket,STORE_01,Apparel,1999.0,61,65.1,4.099998474121094
2025-12-06,PROD_10,Classic Denim Jacket,STORE_01,Apparel,1999.0,69,77.4,8.400001525878906
2025-12-07,PROD_10,Classic Denim Jacket,STORE_01,Apparel,1899.05,79,102.1,23.099998474121094
2025-12-08,PROD_10,Classic Denim Jacket,STORE_01,Apparel,1999.0,54,57.0,3.0
2025-12-09,PROD_10,Classic Denim Jacket,STORE_01,Apparel,1919.04,50,57.6,7.599998474121094
2025-12-10,PROD_10,Classic Denim Jacket,STORE_01,Apparel,1999.0,64,53.5,-10.5
2025-12-11,PROD_10,Classic Denim Jacket,STORE_01,Apparel,1999.0,74,54.4,-19.599998474121094
2025-12-12,PROD_10,Classic Denim Jacket,STORE_01,Apparel,1999.0,66,66.0,0.0
2025-12-13,PROD_10,Classic Denim Jacket,STORE_01,Apparel,1999.0,68,72.9,4.900001525878906
2025-12-14,PROD_10,Classic Denim Jacket,STORE_01,Apparel,1959.02,71,74.5,3.5
2025-12-15,PROD_10,Classic Denim Jacket,STORE_01,Apparel,1899.05,72,73.6,1.5999984741210938
2025-12-16,PROD_10,Classic Denim Jacket,STORE_01,Apparel,1999.0,49,55.2,6.200000762939453
2025-12-17,PROD_10,Classic Denim Jacket,STORE_01,Apparel,1599.2,109,95.2,-13.800003051757812
2025-12-18,PROD_10,Classic Denim Jacket,STORE_01,Apparel,1999.0,52,57.8,5.799999237060547
2025-12-19,PROD_10,Classic Denim Jacket,STORE_01,Apparel,1919.04,64,66.6,2.5999984741210938
2025-12-20,PROD_10,Classic Denim Jacket,STORE_01,Apparel,1999.0,59,69.5,10.5
2025-12-21,PROD_10,Classic Denim Jacket,STORE_01,Apparel,1999.0,73,68.1,-4.900001525878906
2025-12-22,PROD_10,Classic Denim Jacket,STORE_01,Apparel,1499.25,104,118.3,14.300003051757812
2025-12-23,PROD_10,Classic Denim Jacket,STORE_01,Apparel,1999.0,55,58.0,3.0
2025-12-24,PROD_10,Classic Denim Jacket,STORE_01,Apparel,1999.0,63,56.9,-6.099998474121094
2025-12-25,PROD_10,Classic Denim Jacket,STORE_01,Apparel,1999.0,48,55.1,7.099998474121094
2025-12-26,PROD_10,Classic Denim Jacket,STORE_01,Apparel,1799.1,71,90.3,19.300003051757812
2025-12-27,PROD_10,Classic Denim Jacket,STORE_01,Apparel,1919.04,82,74.7,-7.3000030517578125
2025-12-28,PROD_10,Classic Denim Jacket,STORE_01,Apparel,1799.1,90,109.3,19.300003051757812
2025-12-29,PROD_10,Classic Denim Jacket,STORE_01,Apparel,1899.05,83,80.8,-2.1999969482421875
2025-12-30,PROD_10,Classic Denim Jacket,STORE_01,Apparel,1999.0,52,57.0,5.0
2025-12-31,PROD_10,Classic Denim Jacket,STORE_01,Apparel,1799.1,85,85.9,0.9000015258789062
2025-09-17,PROD_10,Classic Denim Jacket,STORE_02,Apparel,1919.04,42,38.2,-3.799999237060547
2025-09-18,PROD_10,Classic Denim Jacket,STORE_02,Apparel,1999.0,38,37.5,-0.5
2025-09-19,PROD_10,Classic Denim Jacket,STORE_02,Apparel,1999.0,42,41.9,-0.09999847412109375
2025-09-20,PROD_10,Classic Denim Jacket,STORE_02,Apparel,1999.0,52,47.9,-4.099998474121094
2025-09-21,PROD_10,Classic Denim Jacket,STORE_02,Apparel,1999.0,47,47.8,0.7999992370605469
2025-09-22,PROD_10,Classic Denim Jacket,STORE_02,Apparel,1999.0,37,36.7,-0.2999992370605469
2025-09-23,PROD_10,Classic Denim Jacket,STORE_02,Apparel,1999.0,45,36.9,-8.099998474121094
2025-09-24,PROD_10,Classic Denim Jacket,STORE_02,Apparel,1919.04,38,39.7,1.7000007629394531
2025-09-25,PROD_10,Classic Denim Jacket,STORE_02,Apparel,1699.15,63,63.9,0.9000015258789062
2025-09-26,PROD_10,Classic Denim Jacket,STORE_02,Apparel,1999.0,37,45.2,8.200000762939453
2025-09-27,PROD_10,Classic Denim Jacket,STORE_02,Apparel,1999.0,50,46.7,-3.299999237060547
2025-09-28,PROD_10,Classic Denim Jacket,STORE_02,Apparel,1999.0,39,49.8,10.799999237060547
2025-09-29,PROD_10,Classic Denim Jacket,STORE_02,Apparel,1999.0,38,36.8,-1.2000007629394531
2025-09-30,PROD_10,Classic Denim Jacket,STORE_02,Apparel,1999.0,37,36.3,-0.7000007629394531
2025-10-01,PROD_10,Classic Denim Jacket,STORE_02,Apparel,1999.0,44,42.6,-1.4000015258789062
2025-10-02,PROD_10,Classic Denim Jacket,STORE_02,Apparel,1919.04,49,47.8,-1.2000007629394531
2025-10-03,PROD_10,Classic Denim Jacket,STORE_02,Apparel,1999.0,54,51.0,-3.0
2025-10-04,PROD_10,Classic Denim Jacket,STORE_02,Apparel,1919.04,70,61.0,-9.0
2025-10-05,PROD_10,Classic Denim Jacket,STORE_02,Apparel,1999.0,66,58.5,-7.5
2025-10-06,PROD_10,Classic Denim Jacket,STORE_02,Apparel,1999.0,42,46.8,4.799999237060547
2025-10-07,PROD_10,Classic Denim Jacket,STORE_02,Apparel,1999.0,48,46.4,-1.5999984741210938
2025-10-08,PROD_10,Classic Denim Jacket,STORE_02,Apparel,1999.0,51,47.3,-3.700000762939453
2025-10-09,PROD_10,Classic Denim Jacket,STORE_02,Apparel,1999.0,48,49.5,1.5
2025-10-10,PROD_10,Classic Denim Jacket,STORE_02,Apparel,1999.0,58,55.9,-2.0999984741210938
2025-10-11,PROD_10,Classic Denim Jacket,STORE_02,Apparel,1699.15,108,99.9,-8.099998474121094
2025-10-12,PROD_10,Classic Denim Jacket,STORE_02,Apparel,1999.0,60,62.3,2.299999237060547
2025-10-13,PROD_10,Classic Denim Jacket,STORE_02,Apparel,1999.0,52,49.0,-3.0
2025-10-14,PROD_10,Classic Denim Jacket,STORE_02,Apparel,1899.05,65,65.3,0.3000030517578125
2025-10-15,PROD_10,Classic Denim Jacket,STORE_02,Apparel,1999.0,50,50.2,0.20000076293945312
2025-10-16,PROD_10,Classic Denim Jacket,STORE_02,Apparel,1959.02,41,51.6,10.599998474121094
2025-10-17,PROD_10,Classic Denim Jacket,STORE_02,Apparel,1999.0,64,54.5,-9.5
2025-10-18,PROD_10,Classic Denim Jacket,STORE_02,Apparel,1999.0,71,64.7,-6.3000030517578125
2025-10-19,PROD_10,Classic Denim Jacket,STORE_02,Apparel,1959.02,67,70.5,3.5
2025-10-20,PROD_10,Classic Denim Jacket,STORE_02,Apparel,1919.04,54,54.4,0.40000152587890625
2025-10-21,PROD_10,Classic Denim Jacket,STORE_02,Apparel,1999.0,47,54.1,7.099998474121094
2025-10-22,PROD_10,Classic Denim Jacket,STORE_02,Apparel,1999.0,56,53.6,-2.4000015258789062
2025-10-23,PROD_10,Classic Denim Jacket,STORE_02,Apparel,1999.0,40,55.6,15.599998474121094
2025-10-24,PROD_10,Classic Denim Jacket,STORE_02,Apparel,1999.0,71,59.6,-11.400001525878906
2025-10-25,PROD_10,Classic Denim Jacket,STORE_02,Apparel,1999.0,66,69.5,3.5
2025-10-26,PROD_10,Classic Denim Jacket,STORE_02,Apparel,1599.2,98,121.0,23.0
2025-10-27,PROD_10,Classic Denim Jacket,STORE_02,Apparel,1959.02,50,54.4,4.400001525878906
2025-10-28,PROD_10,Classic Denim Jacket,STORE_02,Apparel,1999.0,48,53.2,5.200000762939453
2025-10-29,PROD_10,Classic Denim Jacket,STORE_02,Apparel,1999.0,45,51.6,6.599998474121094
2025-10-30,PROD_10,Classic Denim Jacket,STORE_02,Apparel,1999.0,47,52.5,5.5
2025-10-31,PROD_10,Classic Denim Jacket,STORE_02,Apparel,1959.02,77,62.7,-14.299999237060547
2025-11-01,PROD_10,Classic Denim Jacket,STORE_02,Apparel,1999.0,54,63.7,9.700000762939453
2025-11-02,PROD_10,Classic Denim Jacket,STORE_02,Apparel,1699.15,100,94.5,-5.5
2025-11-03,PROD_10,Classic Denim Jacket,STORE_02,Apparel,1899.05,79,65.9,-13.099998474121094
2025-11-04,PROD_10,Classic Denim Jacket,STORE_02,Apparel,1999.0,56,50.0,-6.0
2025-11-05,PROD_10,Classic Denim Jacket,STORE_02,Apparel,1999.0,51,49.9,-1.0999984741210938
2025-11-06,PROD_10,Classic Denim Jacket,STORE_02,Apparel,1999.0,52,49.3,-2.700000762939453
2025-11-07,PROD_10,Classic Denim Jacket,STORE_02,Apparel,1999.0,64,59.6,-4.400001525878906
2025-11-08,PROD_10,Classic Denim Jacket,STORE_02,Apparel,1999.0,47,65.5,18.5
2025-11-09,PROD_10,Classic Denim Jacket,STORE_02,Apparel,1999.0,73,61.5,-11.5
2025-11-10,PROD_10,Classic Denim Jacket,STORE_02,Apparel,1899.05,68,70.4,2.4000015258789062
2025-11-11,PROD_10,Classic Denim Jacket,STORE_02,Apparel,1899.05,69,70.3,1.3000030517578125
2025-11-12,PROD_10,Classic Denim Jacket,STORE_02,Apparel,1899.05,74,69.2,-4.8000030517578125
2025-11-13,PROD_10,Classic Denim Jacket,STORE_02,Apparel,1999.0,54,50.9,-3.0999984741210938
2025-11-14,PROD_10,Classic Denim Jacket,STORE_02,Apparel,1699.15,81,94.0,13.0
2025-11-15,PROD_10,Classic Denim Jacket,STORE_02,Apparel,1899.05,85,95.8,10.800003051757812
2025-11-16,PROD_10,Classic Denim Jacket,STORE_02,Apparel,1919.04,104,75.7,-28.300003051757812
2025-11-17,PROD_10,Classic Denim Jacket,STORE_02,Apparel,1999.0,53,57.8,4.799999237060547
2025-11-18,PROD_10,Classic Denim Jacket,STORE_02,Apparel,1959.02,42,56.4,14.400001525878906
2025-11-19,PROD_10,Classic Denim Jacket,STORE_02,Apparel,1919.04,64,57.2,-6.799999237060547
2025-11-20,PROD_10,Classic Denim Jacket,STORE_02,Apparel,1999.0,54,53.1,-0.9000015258789062
2025-11-21,PROD_10,Classic Denim Jacket,STORE_02,Apparel,1999.0,55,60.1,5.099998474121094
2025-11-22,PROD_10,Classic Denim Jacket,STORE_02,Apparel,1999.0,61,63.2,2.200000762939453
2025-11-23,PROD_10,Classic Denim Jacket,STORE_02,Apparel,1959.02,59,69.4,10.400001525878906
2025-11-24,PROD_10,Classic Denim Jacket,STORE_02,Apparel,1959.02,56,54.3,-1.7000007629394531
2025-11-25,PROD_10,Classic Denim Jacket,STORE_02,Apparel,1999.0,62,52.7,-9.299999237060547
2025-11-26,PROD_10,Classic Denim Jacket,STORE_02,Apparel,1999.0,39,53.8,14.799999237060547
2025-11-27,PROD_10,Classic Denim Jacket,STORE_02,Apparel,1999.0,37,50.3,13.299999237060547
2025-11-28,PROD_10,Classic Denim Jacket,STORE_02,Apparel,1999.0,56,54.4,-1.5999984741210938
2025-11-29,PROD_10,Classic Denim Jacket,STORE_02,Apparel,1999.0,76,60.6,-15.400001525878906
2025-11-30,PROD_10,Classic Denim Jacket,STORE_02,Apparel,1999.0,67,64.4,-2.5999984741210938
2025-12-01,PROD_10,Classic Denim Jacket,STORE_02,Apparel,1919.04,45,52.4,7.400001525878906
2025-12-02,PROD_10,Classic Denim Jacket,STORE_02,Apparel,1959.02,63,49.0,-14.0
2025-12-03,PROD_10,Classic Denim Jacket,STORE_02,Apparel,1999.0,54,47.8,-6.200000762939453
2025-12-04,PROD_10,Classic Denim Jacket,STORE_02,Apparel,1959.02,46,51.0,5.0
2025-12-05,PROD_10,Classic Denim Jacket,STORE_02,Apparel,1999.0,58,55.7,-2.299999237060547
2025-12-06,PROD_10,Classic Denim Jacket,STORE_02,Apparel,1999.0,50,61.9,11.900001525878906
2025-12-07,PROD_10,Classic Denim Jacket,STORE_02,Apparel,1959.02,60,63.3,3.299999237060547
2025-12-08,PROD_10,Classic Denim Jacket,STORE_02,Apparel,1919.04,50,51.6,1.5999984741210938
2025-12-09,PROD_10,Classic Denim Jacket,STORE_02,Apparel,1999.0,46,50.8,4.799999237060547
2025-12-10,PROD_10,Classic Denim Jacket,STORE_02,Apparel,1899.05,73,62.2,-10.799999237060547
2025-12-11,PROD_10,Classic Denim Jacket,STORE_02,Apparel,1999.0,44,48.8,4.799999237060547
2025-12-12,PROD_10,Classic Denim Jacket,STORE_02,Apparel,1999.0,55,55.4,0.40000152587890625
2025-12-13,PROD_10,Classic Denim Jacket,STORE_02,Apparel,1999.0,57,61.6,4.599998474121094
2025-12-14,PROD_10,Classic Denim Jacket,STORE_02,Apparel,1999.0,63,64.0,1.0
2025-12-15,PROD_10,Classic Denim Jacket,STORE_02,Apparel,1999.0,48,48.6,0.5999984741210938
2025-12-16,PROD_10,Classic Denim Jacket,STORE_02,Apparel,1919.04,44,51.5,7.5
2025-12-17,PROD_10,Classic Denim Jacket,STORE_02,Apparel,1999.0,45,48.2,3.200000762939453
2025-12-18,PROD_10,Classic Denim Jacket,STORE_02,Apparel,1919.04,54,48.8,-5.200000762939453
2025-12-19,PROD_10,Classic Denim Jacket,STORE_02,Apparel,1999.0,59,54.2,-4.799999237060547
2025-12-20,PROD_10,Classic Denim Jacket,STORE_02,Apparel,1999.0,76,59.2,-16.799999237060547
2025-12-21,PROD_10,Classic Denim Jacket,STORE_02,Apparel,1799.1,110,90.1,-19.900001525878906
2025-12-22,PROD_10,Classic Denim Jacket,STORE_02,Apparel,1999.0,52,48.3,-3.700000762939453
2025-12-23,PROD_10,Classic Denim Jacket,STORE_02,Apparel,1799.1,75,71.6,-3.4000015258789062
2025-12-24,PROD_10,Classic Denim Jacket,STORE_02,Apparel,1919.04,65,52.4,-12.599998474121094
2025-12-25,PROD_10,Classic Denim Jacket,STORE_02,Apparel,1999.0,52,50.7,-1.2999992370605469
2025-12-26,PROD_10,Classic Denim Jacket,STORE_02,Apparel,1499.25,99,116.1,17.099998474121094
2025-12-27,PROD_10,Classic Denim Jacket,STORE_02,Apparel,1999.0,71,69.2,-1.8000030517578125
2025-12-28,PROD_10,Classic Denim Jacket,STORE_02,Apparel,1999.0,67,68.9,1.9000015258789062
2025-12-29,PROD_10,Classic Denim Jacket,STORE_02,Apparel,1999.0,45,53.1,8.099998474121094
2025-12-30,PROD_10,Classic Denim Jacket,STORE_02,Apparel,1999.0,39,52.8,13.799999237060547
2025-12-31,PROD_10,Classic Denim Jacket,STORE_02,Apparel,1599.2,111,89.5,-21.5
2025-09-17,PROD_10,Classic Denim Jacket,STORE_03,Apparel,1699.15,62,63.5,1.5
2025-09-18,PROD_10,Classic Denim Jacket,STORE_03,Apparel,1919.04,45,44.9,-0.09999847412109375
2025-09-19,PROD_10,Classic Denim Jacket,STORE_03,Apparel,1799.1,76,72.6,-3.4000015258789062
2025-09-20,PROD_10,Classic Denim Jacket,STORE_03,Apparel,1999.0,50,58.7,8.700000762939453
2025-09-21,PROD_10,Classic Denim Jacket,STORE_03,Apparel,1959.02,66,57.4,-8.599998474121094
2025-09-22,PROD_10,Classic Denim Jacket,STORE_03,Apparel,1999.0,35,44.1,9.099998474121094
2025-09-23,PROD_10,Classic Denim Jacket,STORE_03,Apparel,1959.02,44,42.8,-1.2000007629394531
2025-09-24,PROD_10,Classic Denim Jacket,STORE_03,Apparel,1999.0,34,42.7,8.700000762939453
2025-09-25,PROD_10,Classic Denim Jacket,STORE_03,Apparel,1999.0,44,41.7,-2.299999237060547
2025-09-26,PROD_10,Classic Denim Jacket,STORE_03,Apparel,1999.0,54,48.0,-6.0
2025-09-27,PROD_10,Classic Denim Jacket,STORE_03,Apparel,1999.0,58,55.3,-2.700000762939453
2025-09-28,PROD_10,Classic Denim Jacket,STORE_03,Apparel,1999.0,56,56.7,0.7000007629394531
2025-09-29,PROD_10,Classic Denim Jacket,STORE_03,Apparel,1999.0,47,42.4,-4.599998474121094
2025-09-30,PROD_10,Classic Denim Jacket,STORE_03,Apparel,1999.0,46,43.3,-2.700000762939453
2025-10-01,PROD_10,Classic Denim Jacket,STORE_03,Apparel,1999.0,49,50.9,1.9000015258789062
2025-10-02,PROD_10,Classic Denim Jacket,STORE_03,Apparel,1959.02,57,54.1,-2.9000015258789062
2025-10-03,PROD_10,Classic Denim Jacket,STORE_03,Apparel,1999.0,50,60.1,10.099998474121094
2025-10-04,PROD_10,Classic Denim Jacket,STORE_03,Apparel,1799.1,135,95.6,-39.400001525878906
2025-10-05,PROD_10,Classic Denim Jacket,STORE_03,Apparel,1799.1,106,99.8,-6.1999969482421875
2025-10-06,PROD_10,Classic Denim Jacket,STORE_03,Apparel,1999.0,60,52.8,-7.200000762939453
2025-10-07,PROD_10,Classic Denim Jacket,STORE_03,Apparel,1999.0,60,54.8,-5.200000762939453
2025-10-08,PROD_10,Classic Denim Jacket,STORE_03,Apparel,1999.0,67,55.0,-12.0
2025-10-09,PROD_10,Classic Denim Jacket,STORE_03,Apparel,1999.0,38,57.0,19.0
2025-10-10,PROD_10,Classic Denim Jacket,STORE_03,Apparel,1919.04,81,65.0,-16.0
2025-10-11,PROD_10,Classic Denim Jacket,STORE_03,Apparel,1899.05,116,99.0,-17.0
2025-10-12,PROD_10,Classic Denim Jacket,STORE_03,Apparel,1799.1,122,123.3,1.3000030517578125
2025-10-13,PROD_10,Classic Denim Jacket,STORE_03,Apparel,1919.04,60,63.0,3.0
2025-10-14,PROD_10,Classic Denim Jacket,STORE_03,Apparel,1799.1,109,93.1,-15.900001525878906
2025-10-15,PROD_10,Classic Denim Jacket,STORE_03,Apparel,1999.0,60,63.3,3.299999237060547
2025-10-16,PROD_10,Classic Denim Jacket,STORE_03,Apparel,1799.1,87,89.5,2.5
2025-10-17,PROD_10,Classic Denim Jacket,STORE_03,Apparel,1999.0,52,78.0,26.0
2025-10-18,PROD_10,Classic Denim Jacket,STORE_03,Apparel,1999.0,65,77.9,12.900001525878906
2025-10-19,PROD_10,Classic Denim Jacket,STORE_03,Apparel,1999.0,77,77.5,0.5
2025-10-20,PROD_10,Classic Denim Jacket,STORE_03,Apparel,1999.0,59,62.2,3.200000762939453
2025-10-21,PROD_10,Classic Denim Jacket,STORE_03,Apparel,1799.1,60,92.4,32.400001525878906
2025-10-22,PROD_10,Classic Denim Jacket,STORE_03,Apparel,1799.1,78,95.0,17.0
2025-10-23,PROD_10,Classic Denim Jacket,STORE_03,Apparel,1999.0,50,62.0,12.0
2025-10-24,PROD_10,Classic Denim Jacket,STORE_03,Apparel,1999.0,63,70.2,7.1999969482421875
2025-10-25,PROD_10,Classic Denim Jacket,STORE_03,Apparel,1999.0,72,78.6,6.599998474121094
2025-10-26,PROD_10,Classic Denim Jacket,STORE_03,Apparel,1999.0,63,79.7,16.699996948242188
2025-10-27,PROD_10,Classic Denim Jacket,STORE_03,Apparel,1999.0,63,61.7,-1.2999992370605469
2025-10-28,PROD_10,Classic Denim Jacket,STORE_03,Apparel,1999.0,49,61.1,12.099998474121094
2025-10-29,PROD_10,Classic Denim Jacket,STORE_03,Apparel,1959.02,61,61.0,0.0
2025-10-30,PROD_10,Classic Denim Jacket,STORE_03,Apparel,1899.05,76,78.8,2.8000030517578125
2025-10-31,PROD_10,Classic Denim Jacket,STORE_03,Apparel,1999.0,62,67.7,5.6999969482421875
2025-11-01,PROD_10,Classic Denim Jacket,STORE_03,Apparel,1999.0,88,73.3,-14.699996948242188
2025-11-02,PROD_10,Classic Denim Jacket,STORE_03,Apparel,1999.0,85,74.8,-10.199996948242188
2025-11-03,PROD_10,Classic Denim Jacket,STORE_03,Apparel,1999.0,46,58.3,12.299999237060547
2025-11-04,PROD_10,Classic Denim Jacket,STORE_03,Apparel,1599.2,86,91.7,5.6999969482421875
2025-11-05,PROD_10,Classic Denim Jacket,STORE_03,Apparel,1999.0,47,59.0,12.0
2025-11-06,PROD_10,Classic Denim Jacket,STORE_03,Apparel,1999.0,51,55.2,4.200000762939453
2025-11-07,PROD_10,Classic Denim Jacket,STORE_03,Apparel,1919.04,66,66.1,0.09999847412109375
2025-11-08,PROD_10,Classic Denim Jacket,STORE_03,Apparel,1999.0,80,71.5,-8.5
2025-11-09,PROD_10,Classic Denim Jacket,STORE_03,Apparel,1999.0,72,72.8,0.8000030517578125
2025-11-10,PROD_10,Classic Denim Jacket,STORE_03,Apparel,1999.0,60,55.0,-5.0
2025-11-11,PROD_10,Classic Denim Jacket,STORE_03,Apparel,1899.05,75,80.3,5.3000030517578125
2025-11-12,PROD_10,Classic Denim Jacket,STORE_03,Apparel,1959.02,56,57.9,1.9000015258789062
2025-11-13,PROD_10,Classic Denim Jacket,STORE_03,Apparel,1999.0,57,57.8,0.7999992370605469
2025-11-14,PROD_10,Classic Denim Jacket,STORE_03,Apparel,1999.0,56,63.3,7.299999237060547
2025-11-15,PROD_10,Classic Denim Jacket,STORE_03,Apparel,1599.2,122,120.8,-1.1999969482421875
2025-11-16,PROD_10,Classic Denim Jacket,STORE_03,Apparel,1999.0,69,70.8,1.8000030517578125
2025-11-17,PROD_10,Classic Denim Jacket,STORE_03,Apparel,1499.25,103,110.5,7.5
2025-11-18,PROD_10,Classic Denim Jacket,STORE_03,Apparel,1999.0,50,57.5,7.5
2025-11-19,PROD_10,Classic Denim Jacket,STORE_03,Apparel,1999.0,56,56.4,0.40000152587890625
2025-11-20,PROD_10,Classic Denim Jacket,STORE_03,Apparel,1959.02,47,57.7,10.700000762939453
2025-11-21,PROD_10,Classic Denim Jacket,STORE_03,Apparel,1499.25,121,112.2,-8.800003051757812
2025-11-22,PROD_10,Classic Denim Jacket,STORE_03,Apparel,1919.04,76,73.6,-2.4000015258789062
2025-11-23,PROD_10,Classic Denim Jacket,STORE_03,Apparel,1699.15,142,116.2,-25.800003051757812
2025-11-24,PROD_10,Classic Denim Jacket,STORE_03,Apparel,1999.0,58,58.6,0.5999984741210938
2025-11-25,PROD_10,Classic Denim Jacket,STORE_03,Apparel,1999.0,50,57.8,7.799999237060547
2025-11-26,PROD_10,Classic Denim Jacket,STORE_03,Apparel,1919.04,73,59.9,-13.099998474121094
2025-11-27,PROD_10,Classic Denim Jacket,STORE_03,Apparel,1999.0,59,57.7,-1.2999992370605469
2025-11-28,PROD_10,Classic Denim Jacket,STORE_03,Apparel,1999.0,65,63.9,-1.0999984741210938
2025-11-29,PROD_10,Classic Denim Jacket,STORE_03,Apparel,1959.02,65,76.7,11.699996948242188
2025-11-30,PROD_10,Classic Denim Jacket,STORE_03,Apparel,1959.02,80,70.8,-9.199996948242188
2025-12-01,PROD_10,Classic Denim Jacket,STORE_03,Apparel,1919.04,46,60.5,14.5
2025-12-02,PROD_10,Classic Denim Jacket,STORE_03,Apparel,1919.04,54,61.4,7.400001525878906
2025-12-03,PROD_10,Classic Denim Jacket,STORE_03,Apparel,1999.0,54,56.9,2.9000015258789062
2025-12-04,PROD_10,Classic Denim Jacket,STORE_03,Apparel,1999.0,59,55.9,-3.0999984741210938
2025-12-05,PROD_10,Classic Denim Jacket,STORE_03,Apparel,1959.02,69,66.5,-2.5
2025-12-06,PROD_10,Classic Denim Jacket,STORE_03,Apparel,1919.04,67,76.2,9.199996948242188
2025-12-07,PROD_10,Classic Denim Jacket,STORE_03,Apparel,1599.2,128,120.5,-7.5
2025-12-08,PROD_10,Classic Denim Jacket,STORE_03,Apparel,1959.02,53,55.6,2.5999984741210938
2025-12-09,PROD_10,Classic Denim Jacket,STORE_03,Apparel,1959.02,63,57.6,-5.400001525878906
2025-12-10,PROD_10,Classic Denim Jacket,STORE_03,Apparel,1999.0,50,56.9,6.900001525878906
2025-12-11,PROD_10,Classic Denim Jacket,STORE_03,Apparel,1699.15,95,86.7,-8.300003051757812
2025-12-12,PROD_10,Classic Denim Jacket,STORE_03,Apparel,1999.0,76,66.2,-9.800003051757812
2025-12-13,PROD_10,Classic Denim Jacket,STORE_03,Apparel,1919.04,97,77.6,-19.400001525878906
2025-12-14,PROD_10,Classic Denim Jacket,STORE_03,Apparel,1999.0,68,73.2,5.1999969482421875
2025-12-15,PROD_10,Classic Denim Jacket,STORE_03,Apparel,1919.04,54,62.9,8.900001525878906
2025-12-16,PROD_10,Classic Denim Jacket,STORE_03,Apparel,1999.0,68,57.3,-10.700000762939453
2025-12-17,PROD_10,Classic Denim Jacket,STORE_03,Apparel,1999.0,59,57.6,-1.4000015258789062
2025-12-18,PROD_10,Classic Denim Jacket,STORE_03,Apparel,1999.0,56,58.9,2.9000015258789062
2025-12-19,PROD_10,Classic Denim Jacket,STORE_03,Apparel,1999.0,61,67.5,6.5
2025-12-20,PROD_10,Classic Denim Jacket,STORE_03,Apparel,1899.05,103,102.1,-0.9000015258789062
2025-12-21,PROD_10,Classic Denim Jacket,STORE_03,Apparel,1699.15,93,119.5,26.5
2025-12-22,PROD_10,Classic Denim Jacket,STORE_03,Apparel,1999.0,56,55.9,-0.09999847412109375
2025-12-23,PROD_10,Classic Denim Jacket,STORE_03,Apparel,1699.15,98,92.8,-5.1999969482421875
2025-12-24,PROD_10,Classic Denim Jacket,STORE_03,Apparel,1699.15,88,90.4,2.4000015258789062
2025-12-25,PROD_10,Classic Denim Jacket,STORE_03,Apparel,1999.0,64,59.8,-4.200000762939453
2025-12-26,PROD_10,Classic Denim Jacket,STORE_03,Apparel,1919.04,77,70.0,-7.0
2025-12-27,PROD_10,Classic Denim Jacket,STORE_03,Apparel,1959.02,71,77.7,6.6999969482421875
2025-12-28,PROD_10,Classic Denim Jacket,STORE_03,Apparel,1999.0,74,76.4,2.4000015258789062
2025-12-29,PROD_10,Classic Denim Jacket,STORE_03,Apparel,1799.1,78,84.4,6.400001525878906
2025-12-30,PROD_10,Classic Denim Jacket,STORE_03,Apparel,1999.0,46,61.6,15.599998474121094
2025-12-31,PROD_10,Classic Denim Jacket,STORE_03,Apparel,1499.25,86,112.4,26.400001525878906
2025-09-17,PROD_10,Classic Denim Jacket,STORE_04,Apparel,1999.0,32,30.9,-1.1000003814697266
2025-09-18,PROD_10,Classic Denim Jacket,STORE_04,Apparel,1999.0,27,30.9,3.8999996185302734
2025-09-19,PROD_10,Classic Denim Jacket,STORE_04,Apparel,1959.02,46,33.3,-12.700000762939453
2025-09-20,PROD_10,Classic Denim Jacket,STORE_04,Apparel,1999.0,34,40.4,6.400001525878906
2025-09-21,PROD_10,Classic Denim Jacket,STORE_04,Apparel,1999.0,35,39.1,4.099998474121094
2025-09-22,PROD_10,Classic Denim Jacket,STORE_04,Apparel,1919.04,30,30.7,0.7000007629394531
2025-09-23,PROD_10,Classic Denim Jacket,STORE_04,Apparel,1959.02,27,31.2,4.200000762939453
2025-09-24,PROD_10,Classic Denim Jacket,STORE_04,Apparel,1999.0,30,28.9,-1.1000003814697266
2025-09-25,PROD_10,Classic Denim Jacket,STORE_04,Apparel,1959.02,25,29.4,4.399999618530273
2025-09-26,PROD_10,Classic Denim Jacket,STORE_04,Apparel,1959.02,31,33.5,2.5
2025-09-27,PROD_10,Classic Denim Jacket,STORE_04,Apparel,1999.0,35,37.5,2.5
2025-09-28,PROD_10,Classic Denim Jacket,STORE_04,Apparel,1999.0,42,37.5,-4.5
2025-09-29,PROD_10,Classic Denim Jacket,STORE_04,Apparel,1999.0,32,29.2,-2.799999237060547
2025-09-30,PROD_10,Classic Denim Jacket,STORE_04,Apparel,1999.0,24,29.2,5.200000762939453
2025-10-01,PROD_10,Classic Denim Jacket,STORE_04,Apparel,1999.0,42,32.2,-9.799999237060547
2025-10-02,PROD_10,Classic Denim Jacket,STORE_04,Apparel,1999.0,38,34.1,-3.9000015258789062
2025-10-03,PROD_10,Classic Denim Jacket,STORE_04,Apparel,1999.0,49,38.9,-10.099998474121094
2025-10-04,PROD_10,Classic Denim Jacket,STORE_04,Apparel,1999.0,55,44.8,-10.200000762939453
2025-10-05,PROD_10,Classic Denim Jacket,STORE_04,Apparel,1999.0,61,44.2,-16.799999237060547
2025-10-06,PROD_10,Classic Denim Jacket,STORE_04,Apparel,1899.05,63,48.4,-14.599998474121094
2025-10-07,PROD_10,Classic Denim Jacket,STORE_04,Apparel,1999.0,42,38.1,-3.9000015258789062
2025-10-08,PROD_10,Classic Denim Jacket,STORE_04,Apparel,1959.02,31,42.3,11.299999237060547
2025-10-09,PROD_10,Classic Denim Jacket,STORE_04,Apparel,1999.0,37,38.4,1.4000015258789062
2025-10-10,PROD_10,Classic Denim Jacket,STORE_04,Apparel,1999.0,40,44.7,4.700000762939453
2025-10-11,PROD_10,Classic Denim Jacket,STORE_04,Apparel,1999.0,49,48.5,-0.5
2025-10-12,PROD_10,Classic Denim Jacket,STORE_04,Apparel,1919.04,52,52.3,0.2999992370605469
2025-10-13,PROD_10,Classic Denim Jacket,STORE_04,Apparel,1999.0,37,38.9,1.9000015258789062
2025-10-14,PROD_10,Classic Denim Jacket,STORE_04,Apparel,1699.15,75,66.8,-8.199996948242188
2025-10-15,PROD_10,Classic Denim Jacket,STORE_04,Apparel,1999.0,38,40.3,2.299999237060547
2025-10-16,PROD_10,Classic Denim Jacket,STORE_04,Apparel,1999.0,33,39.5,6.5
2025-10-17,PROD_10,Classic Denim Jacket,STORE_04,Apparel,1999.0,39,44.4,5.400001525878906
2025-10-18,PROD_10,Classic Denim Jacket,STORE_04,Apparel,1919.04,48,51.1,3.0999984741210938
2025-10-19,PROD_10,Classic Denim Jacket,STORE_04,Apparel,1999.0,58,49.3,-8.700000762939453
2025-10-20,PROD_10,Classic Denim Jacket,STORE_04,Apparel,1899.05,64,57.1,-6.900001525878906
2025-10-21,PROD_10,Classic Denim Jacket,STORE_04,Apparel,1499.25,77,81.3,4.3000030517578125
2025-10-22,PROD_10,Classic Denim Jacket,STORE_04,Apparel,1919.04,33,44.1,11.099998474121094
2025-10-23,PROD_10,Classic Denim Jacket,STORE_04,Apparel,1799.1,63,60.7,-2.299999237060547
2025-10-24,PROD_10,Classic Denim Jacket,STORE_04,Apparel,1599.2,74,84.3,10.300003051757812
2025-10-25,PROD_10,Classic Denim Jacket,STORE_04,Apparel,1999.0,49,58.6,9.599998474121094
2025-10-26,PROD_10,Classic Denim Jacket,STORE_04,Apparel,1799.1,93,85.3,-7.6999969482421875
2025-10-27,PROD_10,Classic Denim Jacket,STORE_04,Apparel,1999.0,38,46.0,8.0
2025-10-28,PROD_10,Classic Denim Jacket,STORE_04,Apparel,1999.0,36,45.7,9.700000762939453
2025-10-29,PROD_10,Classic Denim Jacket,STORE_04,Apparel,1999.0,32,44.8,12.799999237060547
2025-10-30,PROD_10,Classic Denim Jacket,STORE_04,Apparel,1999.0,40,43.0,3.0
2025-10-31,PROD_10,Classic Denim Jacket,STORE_04,Apparel,1999.0,39,48.0,9.0
2025-11-01,PROD_10,Classic Denim Jacket,STORE_04,Apparel,1899.05,73,68.6,-4.400001525878906
2025-11-02,PROD_10,Classic Denim Jacket,STORE_04,Apparel,1999.0,48,55.5,7.5
2025-11-03,PROD_10,Classic Denim Jacket,STORE_04,Apparel,1999.0,51,39.7,-11.299999237060547
2025-11-04,PROD_10,Classic Denim Jacket,STORE_04,Apparel,1959.02,39,40.2,1.2000007629394531
2025-11-05,PROD_10,Classic Denim Jacket,STORE_04,Apparel,1999.0,46,39.2,-6.799999237060547
2025-11-06,PROD_10,Classic Denim Jacket,STORE_04,Apparel,1999.0,40,41.3,1.2999992370605469
2025-11-07,PROD_10,Classic Denim Jacket,STORE_04,Apparel,1999.0,45,45.7,0.7000007629394531
2025-11-08,PROD_10,Classic Denim Jacket,STORE_04,Apparel,1899.05,74,69.5,-4.5
2025-11-09,PROD_10,Classic Denim Jacket,STORE_04,Apparel,1959.02,52,53.4,1.4000015258789062
2025-11-10,PROD_10,Classic Denim Jacket,STORE_04,Apparel,1599.2,67,68.9,1.9000015258789062
2025-11-11,PROD_10,Classic Denim Jacket,STORE_04,Apparel,1999.0,33,42.1,9.099998474121094
2025-11-12,PROD_10,Classic Denim Jacket,STORE_04,Apparel,1999.0,36,39.1,3.0999984741210938
2025-11-13,PROD_10,Classic Denim Jacket,STORE_04,Apparel,1999.0,38,39.1,1.0999984741210938
2025-11-14,PROD_10,Classic Denim Jacket,STORE_04,Apparel,1999.0,42,43.7,1.7000007629394531
2025-11-15,PROD_10,Classic Denim Jacket,STORE_04,Apparel,1799.1,86,75.9,-10.099998474121094
2025-11-16,PROD_10,Classic Denim Jacket,STORE_04,Apparel,1999.0,45,51.3,6.299999237060547
2025-11-17,PROD_10,Classic Denim Jacket,STORE_04,Apparel,1999.0,33,42.0,9.0
2025-11-18,PROD_10,Classic Denim Jacket,STORE_04,Apparel,1999.0,36,37.8,1.7999992370605469
2025-11-19,PROD_10,Classic Denim Jacket,STORE_04,Apparel,1999.0,41,37.3,-3.700000762939453
2025-11-20,PROD_10,Classic Denim Jacket,STORE_04,Apparel,1799.1,53,55.4,2.4000015258789062
2025-11-21,PROD_10,Classic Denim Jacket,STORE_04,Apparel,1959.02,37,48.8,11.799999237060547
2025-11-22,PROD_10,Classic Denim Jacket,STORE_04,Apparel,1499.25,101,98.7,-2.3000030517578125
2025-11-23,PROD_10,Classic Denim Jacket,STORE_04,Apparel,1899.05,51,74.9,23.900001525878906
2025-11-24,PROD_10,Classic Denim Jacket,STORE_04,Apparel,1999.0,38,39.3,1.2999992370605469
2025-11-25,PROD_10,Classic Denim Jacket,STORE_04,Apparel,1799.1,58,52.1,-5.900001525878906
2025-11-26,PROD_10,Classic Denim Jacket,STORE_04,Apparel,1959.02,45,41.0,-4.0
2025-11-27,PROD_10,Classic Denim Jacket,STORE_04,Apparel,1999.0,36,40.0,4.0
2025-11-28,PROD_10,Classic Denim Jacket,STORE_04,Apparel,1999.0,35,41.8,6.799999237060547
2025-11-29,PROD_10,Classic Denim Jacket,STORE_04,Apparel,1799.1,92,74.9,-17.099998474121094
2025-11-30,PROD_10,Classic Denim Jacket,STORE_04,Apparel,1799.1,63,78.5,15.5
2025-12-01,PROD_10,Classic Denim Jacket,STORE_04,Apparel,1899.05,56,52.6,-3.4000015258789062
2025-12-02,PROD_10,Classic Denim Jacket,STORE_04,Apparel,1999.0,44,41.5,-2.5
2025-12-03,PROD_10,Classic Denim Jacket,STORE_04,Apparel,1999.0,36,39.4,3.4000015258789062
2025-12-04,PROD_10,Classic Denim Jacket,STORE_04,Apparel,1999.0,41,40.3,-0.7000007629394531
2025-12-05,PROD_10,Classic Denim Jacket,STORE_04,Apparel,1999.0,51,44.8,-6.200000762939453
2025-12-06,PROD_10,Classic Denim Jacket,STORE_04,Apparel,1999.0,44,52.8,8.799999237060547
2025-12-07,PROD_10,Classic Denim Jacket,STORE_04,Apparel,1799.1,72,75.7,3.6999969482421875
2025-12-08,PROD_10,Classic Denim Jacket,STORE_04,Apparel,1999.0,36,41.2,5.200000762939453
2025-12-09,PROD_10,Classic Denim Jacket,STORE_04,Apparel,1999.0,37,40.1,3.0999984741210938
2025-12-10,PROD_10,Classic Denim Jacket,STORE_04,Apparel,1899.05,49,53.0,4.0
2025-12-11,PROD_10,Classic Denim Jacket,STORE_04,Apparel,1999.0,45,40.1,-4.900001525878906
2025-12-12,PROD_10,Classic Denim Jacket,STORE_04,Apparel,1959.02,51,46.8,-4.200000762939453
2025-12-13,PROD_10,Classic Denim Jacket,STORE_04,Apparel,1999.0,55,52.0,-3.0
2025-12-14,PROD_10,Classic Denim Jacket,STORE_04,Apparel,1899.05,61,73.6,12.599998474121094
2025-12-15,PROD_10,Classic Denim Jacket,STORE_04,Apparel,1999.0,36,41.2,5.200000762939453
2025-12-16,PROD_10,Classic Denim Jacket,STORE_04,Apparel,1999.0,39,39.5,0.5
2025-12-17,PROD_10,Classic Denim Jacket,STORE_04,Apparel,1999.0,38,39.2,1.2000007629394531
2025-12-18,PROD_10,Classic Denim Jacket,STORE_04,Apparel,1499.25,95,75.2,-19.800003051757812
2025-12-19,PROD_10,Classic Denim Jacket,STORE_04,Apparel,1999.0,61,48.0,-13.0
2025-12-20,PROD_10,Classic Denim Jacket,STORE_04,Apparel,1999.0,50,55.2,5.200000762939453
2025-12-21,PROD_10,Classic Denim Jacket,STORE_04,Apparel,1999.0,55,52.2,-2.799999237060547
2025-12-22,PROD_10,Classic Denim Jacket,STORE_04,Apparel,1899.05,46,51.7,5.700000762939453
2025-12-23,PROD_10,Classic Denim Jacket,STORE_04,Apparel,1799.1,51,61.5,10.5
2025-12-24,PROD_10,Classic Denim Jacket,STORE_04,Apparel,1999.0,39,42.4,3.4000015258789062
2025-12-25,PROD_10,Classic Denim Jacket,STORE_04,Apparel,1959.02,39,42.8,3.799999237060547
2025-12-26,PROD_10,Classic Denim Jacket,STORE_04,Apparel,1959.02,42,47.4,5.400001525878906
2025-12-27,PROD_10,Classic Denim Jacket,STORE_04,Apparel,1919.04,53,56.7,3.700000762939453
2025-12-28,PROD_10,Classic Denim Jacket,STORE_04,Apparel,1799.1,89,79.6,-9.400001525878906
2025-12-29,PROD_10,Classic Denim Jacket,STORE_04,Apparel,1999.0,31,41.3,10.299999237060547
2025-12-30,PROD_10,Classic Denim Jacket,STORE_04,Apparel,1999.0,38,38.6,0.5999984741210938
2025-12-31,PROD_10,Classic Denim Jacket,STORE_04,Apparel,1799.1,54,56.7,2.700000762939453
2025-09-17,PROD_11,Organic Cotton Crew-Neck T-Shirt,STORE_01,Apparel,699.0,95,121.3,26.300003051757812
2025-09-18,PROD_11,Organic Cotton Crew-Neck T-Shirt,STORE_01,Apparel,699.0,125,121.3,-3.6999969482421875
2025-09-19,PROD_11,Organic Cotton Crew-Neck T-Shirt,STORE_01,Apparel,671.04,153,151.9,-1.100006103515625
2025-09-20,PROD_11,Organic Cotton Crew-Neck T-Shirt,STORE_01,Apparel,629.1,305,264.4,-40.600006103515625
2025-09-21,PROD_11,Organic Cotton Crew-Neck T-Shirt,STORE_01,Apparel,664.05,239,224.3,-14.699996948242188
2025-09-22,PROD_11,Organic Cotton Crew-Neck T-Shirt,STORE_01,Apparel,664.05,176,176.4,0.399993896484375
2025-09-23,PROD_11,Organic Cotton Crew-Neck T-Shirt,STORE_01,Apparel,699.0,116,126.5,10.5
2025-09-24,PROD_11,Organic Cotton Crew-Neck T-Shirt,STORE_01,Apparel,699.0,145,129.0,-16.0
2025-09-25,PROD_11,Organic Cotton Crew-Neck T-Shirt,STORE_01,Apparel,699.0,123,137.2,14.199996948242188
2025-09-26,PROD_11,Organic Cotton Crew-Neck T-Shirt,STORE_01,Apparel,699.0,129,145.2,16.199996948242188
2025-09-27,PROD_11,Organic Cotton Crew-Neck T-Shirt,STORE_01,Apparel,699.0,175,159.3,-15.699996948242188
2025-09-28,PROD_11,Organic Cotton Crew-Neck T-Shirt,STORE_01,Apparel,699.0,190,163.0,-27.0
2025-09-29,PROD_11,Organic Cotton Crew-Neck T-Shirt,STORE_01,Apparel,685.02,141,136.6,-4.399993896484375
2025-09-30,PROD_11,Organic Cotton Crew-Neck T-Shirt,STORE_01,Apparel,699.0,127,132.2,5.1999969482421875
2025-10-01,PROD_11,Organic Cotton Crew-Neck T-Shirt,STORE_01,Apparel,524.25,303,269.1,-33.899993896484375
2025-10-02,PROD_11,Organic Cotton Crew-Neck T-Shirt,STORE_01,Apparel,699.0,168,157.0,-11.0
2025-10-03,PROD_11,Organic Cotton Crew-Neck T-Shirt,STORE_01,Apparel,685.02,201,181.3,-19.699996948242188
2025-10-04,PROD_11,Organic Cotton Crew-Neck T-Shirt,STORE_01,Apparel,594.15,347,310.9,-36.100006103515625
2025-10-05,PROD_11,Organic Cotton Crew-Neck T-Shirt,STORE_01,Apparel,524.25,460,365.3,-94.70001220703125
2025-10-06,PROD_11,Organic Cotton Crew-Neck T-Shirt,STORE_01,Apparel,685.02,178,170.7,-7.3000030517578125
2025-10-07,PROD_11,Organic Cotton Crew-Neck T-Shirt,STORE_01,Apparel,699.0,169,159.0,-10.0
2025-10-08,PROD_11,Organic Cotton Crew-Neck T-Shirt,STORE_01,Apparel,699.0,164,169.0,5.0
2025-10-09,PROD_11,Organic Cotton Crew-Neck T-Shirt,STORE_01,Apparel,699.0,185,169.1,-15.899993896484375
2025-10-10,PROD_11,Organic Cotton Crew-Neck T-Shirt,STORE_01,Apparel,699.0,196,203.6,7.600006103515625
2025-10-11,PROD_11,Organic Cotton Crew-Neck T-Shirt,STORE_01,Apparel,699.0,213,231.6,18.600006103515625
2025-10-12,PROD_11,Organic Cotton Crew-Neck T-Shirt,STORE_01,Apparel,559.2,376,405.3,29.29998779296875
2025-10-13,PROD_11,Organic Cotton Crew-Neck T-Shirt,STORE_01,Apparel,685.02,185,181.1,-3.899993896484375
2025-10-14,PROD_11,Organic Cotton Crew-Neck T-Shirt,STORE_01,Apparel,699.0,180,170.8,-9.199996948242188
2025-10-15,PROD_11,Organic Cotton Crew-Neck T-Shirt,STORE_01,Apparel,594.15,260,279.2,19.20001220703125
2025-10-16,PROD_11,Organic Cotton Crew-Neck T-Shirt,STORE_01,Apparel,671.04,169,190.7,21.699996948242188
2025-10-17,PROD_11,Organic Cotton Crew-Neck T-Shirt,STORE_01,Apparel,699.0,197,202.8,5.8000030517578125
2025-10-18,PROD_11,Organic Cotton Crew-Neck T-Shirt,STORE_01,Apparel,685.02,225,237.5,12.5
2025-10-19,PROD_11,Organic Cotton Crew-Neck T-Shirt,STORE_01,Apparel,664.05,296,328.9,32.899993896484375
2025-10-20,PROD_11,Organic Cotton Crew-Neck T-Shirt,STORE_01,Apparel,594.15,289,286.6,-2.399993896484375
2025-10-21,PROD_11,Organic Cotton Crew-Neck T-Shirt,STORE_01,Apparel,699.0,174,180.4,6.399993896484375
2025-10-22,PROD_11,Organic Cotton Crew-Neck T-Shirt,STORE_01,Apparel,699.0,227,177.8,-49.19999694824219
2025-10-23,PROD_11,Organic Cotton Crew-Neck T-Shirt,STORE_01,Apparel,559.2,289,324.3,35.29998779296875
2025-10-24,PROD_11,Organic Cotton Crew-Neck T-Shirt,STORE_01,Apparel,699.0,196,210.6,14.600006103515625
2025-10-25,PROD_11,Organic Cotton Crew-Neck T-Shirt,STORE_01,Apparel,594.15,307,363.0,56.0
2025-10-26,PROD_11,Organic Cotton Crew-Neck T-Shirt,STORE_01,Apparel,685.02,179,237.3,58.30000305175781
2025-10-27,PROD_11,Organic Cotton Crew-Neck T-Shirt,STORE_01,Apparel,699.0,205,175.1,-29.899993896484375
2025-10-28,PROD_11,Organic Cotton Crew-Neck T-Shirt,STORE_01,Apparel,699.0,141,182.3,41.30000305175781
2025-10-29,PROD_11,Organic Cotton Crew-Neck T-Shirt,STORE_01,Apparel,699.0,175,180.9,5.899993896484375
2025-10-30,PROD_11,Organic Cotton Crew-Neck T-Shirt,STORE_01,Apparel,699.0,158,176.3,18.300003051757812
2025-10-31,PROD_11,Organic Cotton Crew-Neck T-Shirt,STORE_01,Apparel,699.0,202,199.3,-2.6999969482421875
2025-11-01,PROD_11,Organic Cotton Crew-Neck T-Shirt,STORE_01,Apparel,699.0,213,215.8,2.8000030517578125
2025-11-02,PROD_11,Organic Cotton Crew-Neck T-Shirt,STORE_01,Apparel,699.0,209,214.9,5.899993896484375
2025-11-03,PROD_11,Organic Cotton Crew-Neck T-Shirt,STORE_01,Apparel,699.0,181,174.2,-6.8000030517578125
2025-11-04,PROD_11,Organic Cotton Crew-Neck T-Shirt,STORE_01,Apparel,699.0,163,168.3,5.3000030517578125
2025-11-05,PROD_11,Organic Cotton Crew-Neck T-Shirt,STORE_01,Apparel,671.04,189,178.6,-10.399993896484375
2025-11-06,PROD_11,Organic Cotton Crew-Neck T-Shirt,STORE_01,Apparel,699.0,165,167.2,2.1999969482421875
2025-11-07,PROD_11,Organic Cotton Crew-Neck T-Shirt,STORE_01,Apparel,629.1,228,280.4,52.399993896484375
2025-11-08,PROD_11,Organic Cotton Crew-Neck T-Shirt,STORE_01,Apparel,699.0,192,204.2,12.199996948242188
2025-11-09,PROD_11,Organic Cotton Crew-Neck T-Shirt,STORE_01,Apparel,699.0,279,205.7,-73.30000305175781
2025-11-10,PROD_11,Organic Cotton Crew-Neck T-Shirt,STORE_01,Apparel,629.1,243,257.8,14.79998779296875
2025-11-11,PROD_11,Organic Cotton Crew-Neck T-Shirt,STORE_01,Apparel,699.0,176,160.7,-15.300003051757812
2025-11-12,PROD_11,Organic Cotton Crew-Neck T-Shirt,STORE_01,Apparel,699.0,198,163.5,-34.5
2025-11-13,PROD_11,Organic Cotton Crew-Neck T-Shirt,STORE_01,Apparel,699.0,155,161.0,6.0
2025-11-14,PROD_11,Organic Cotton Crew-Neck T-Shirt,STORE_01,Apparel,664.05,251,273.8,22.79998779296875
2025-11-15,PROD_11,Organic Cotton Crew-Neck T-Shirt,STORE_01,Apparel,559.2,378,348.7,-29.29998779296875
2025-11-16,PROD_11,Organic Cotton Crew-Neck T-Shirt,STORE_01,Apparel,699.0,218,224.7,6.6999969482421875
2025-11-17,PROD_11,Organic Cotton Crew-Neck T-Shirt,STORE_01,Apparel,699.0,167,169.7,2.6999969482421875
2025-11-18,PROD_11,Organic Cotton Crew-Neck T-Shirt,STORE_01,Apparel,664.05,221,241.5,20.5
2025-11-19,PROD_11,Organic Cotton Crew-Neck T-Shirt,STORE_01,Apparel,699.0,186,169.0,-17.0
2025-11-20,PROD_11,Organic Cotton Crew-Neck T-Shirt,STORE_01,Apparel,664.05,185,239.9,54.899993896484375
2025-11-21,PROD_11,Organic Cotton Crew-Neck T-Shirt,STORE_01,Apparel,685.02,198,205.8,7.8000030517578125
2025-11-22,PROD_11,Organic Cotton Crew-Neck T-Shirt,STORE_01,Apparel,699.0,205,215.5,10.5
2025-11-23,PROD_11,Organic Cotton Crew-Neck T-Shirt,STORE_01,Apparel,699.0,223,209.6,-13.399993896484375
2025-11-24,PROD_11,Organic Cotton Crew-Neck T-Shirt,STORE_01,Apparel,699.0,193,169.2,-23.800003051757812
2025-11-25,PROD_11,Organic Cotton Crew-Neck T-Shirt,STORE_01,Apparel,699.0,159,163.2,4.1999969482421875
2025-11-26,PROD_11,Organic Cotton Crew-Neck T-Shirt,STORE_01,Apparel,671.04,149,174.8,25.800003051757812
2025-11-27,PROD_11,Organic Cotton Crew-Neck T-Shirt,STORE_01,Apparel,699.0,182,163.3,-18.699996948242188
2025-11-28,PROD_11,Organic Cotton Crew-Neck T-Shirt,STORE_01,Apparel,699.0,215,194.4,-20.600006103515625
2025-11-29,PROD_11,Organic Cotton Crew-Neck T-Shirt,STORE_01,Apparel,699.0,298,212.7,-85.30000305175781
2025-11-30,PROD_11,Organic Cotton Crew-Neck T-Shirt,STORE_01,Apparel,699.0,162,200.9,38.899993896484375
2025-12-01,PROD_11,Organic Cotton Crew-Neck T-Shirt,STORE_01,Apparel,524.25,378,303.1,-74.89999389648438
2025-12-02,PROD_11,Organic Cotton Crew-Neck T-Shirt,STORE_01,Apparel,699.0,206,162.3,-43.69999694824219
2025-12-03,PROD_11,Organic Cotton Crew-Neck T-Shirt,STORE_01,Apparel,629.1,239,263.5,24.5
2025-12-04,PROD_11,Organic Cotton Crew-Neck T-Shirt,STORE_01,Apparel,629.1,301,266.6,-34.399993896484375
2025-12-05,PROD_11,Organic Cotton Crew-Neck T-Shirt,STORE_01,Apparel,699.0,182,195.9,13.899993896484375
2025-12-06,PROD_11,Organic Cotton Crew-Neck T-Shirt,STORE_01,Apparel,685.02,221,238.8,17.800003051757812
2025-12-07,PROD_11,Organic Cotton Crew-Neck T-Shirt,STORE_01,Apparel,699.0,230,226.1,-3.899993896484375
2025-12-08,PROD_11,Organic Cotton Crew-Neck T-Shirt,STORE_01,Apparel,699.0,145,170.9,25.899993896484375
2025-12-09,PROD_11,Organic Cotton Crew-Neck T-Shirt,STORE_01,Apparel,699.0,147,170.7,23.699996948242188
2025-12-10,PROD_11,Organic Cotton Crew-Neck T-Shirt,STORE_01,Apparel,699.0,202,170.6,-31.399993896484375
2025-12-11,PROD_11,Organic Cotton Crew-Neck T-Shirt,STORE_01,Apparel,685.02,221,174.0,-47.0
2025-12-12,PROD_11,Organic Cotton Crew-Neck T-Shirt,STORE_01,Apparel,699.0,182,196.9,14.899993896484375
2025-12-13,PROD_11,Organic Cotton Crew-Neck T-Shirt,STORE_01,Apparel,671.04,215,231.7,16.699996948242188
2025-12-14,PROD_11,Organic Cotton Crew-Neck T-Shirt,STORE_01,Apparel,685.02,262,221.8,-40.19999694824219
2025-12-15,PROD_11,Organic Cotton Crew-Neck T-Shirt,STORE_01,Apparel,699.0,166,166.6,0.600006103515625
2025-12-16,PROD_11,Organic Cotton Crew-Neck T-Shirt,STORE_01,Apparel,699.0,164,168.7,4.6999969482421875
2025-12-17,PROD_11,Organic Cotton Crew-Neck T-Shirt,STORE_01,Apparel,699.0,171,166.0,-5.0
2025-12-18,PROD_11,Organic Cotton Crew-Neck T-Shirt,STORE_01,Apparel,699.0,191,166.4,-24.600006103515625
2025-12-19,PROD_11,Organic Cotton Crew-Neck T-Shirt,STORE_01,Apparel,685.02,184,188.2,4.1999969482421875
2025-12-20,PROD_11,Organic Cotton Crew-Neck T-Shirt,STORE_01,Apparel,664.05,340,296.8,-43.20001220703125
2025-12-21,PROD_11,Organic Cotton Crew-Neck T-Shirt,STORE_01,Apparel,559.2,437,359.2,-77.79998779296875
2025-12-22,PROD_11,Organic Cotton Crew-Neck T-Shirt,STORE_01,Apparel,699.0,175,174.5,-0.5
2025-12-23,PROD_11,Organic Cotton Crew-Neck T-Shirt,STORE_01,Apparel,594.15,249,254.8,5.8000030517578125
2025-12-24,PROD_11,Organic Cotton Crew-Neck T-Shirt,STORE_01,Apparel,699.0,179,168.9,-10.100006103515625
2025-12-25,PROD_11,Organic Cotton Crew-Neck T-Shirt,STORE_01,Apparel,699.0,176,171.9,-4.100006103515625
2025-12-26,PROD_11,Organic Cotton Crew-Neck T-Shirt,STORE_01,Apparel,699.0,171,202.0,31.0
2025-12-27,PROD_11,Organic Cotton Crew-Neck T-Shirt,STORE_01,Apparel,559.2,341,328.1,-12.899993896484375
2025-12-28,PROD_11,Organic Cotton Crew-Neck T-Shirt,STORE_01,Apparel,671.04,279,241.5,-37.5
2025-12-29,PROD_11,Organic Cotton Crew-Neck T-Shirt,STORE_01,Apparel,699.0,196,174.8,-21.199996948242188
2025-12-30,PROD_11,Organic Cotton Crew-Neck T-Shirt,STORE_01,Apparel,699.0,163,171.8,8.800003051757812
2025-12-31,PROD_11,Organic Cotton Crew-Neck T-Shirt,STORE_01,Apparel,629.1,276,248.8,-27.199996948242188
2025-09-17,PROD_11,Organic Cotton Crew-Neck T-Shirt,STORE_02,Apparel,699.0,83,114.9,31.900001525878906
2025-09-18,PROD_11,Organic Cotton Crew-Neck T-Shirt,STORE_02,Apparel,685.02,149,109.4,-39.599998474121094
2025-09-19,PROD_11,Organic Cotton Crew-Neck T-Shirt,STORE_02,Apparel,699.0,135,130.4,-4.600006103515625
2025-09-20,PROD_11,Organic Cotton Crew-Neck T-Shirt,STORE_02,Apparel,594.15,208,226.3,18.300003051757812
2025-09-21,PROD_11,Organic Cotton Crew-Neck T-Shirt,STORE_02,Apparel,685.02,157,155.5,-1.5
2025-09-22,PROD_11,Organic Cotton Crew-Neck T-Shirt,STORE_02,Apparel,699.0,105,116.1,11.099998474121094
2025-09-23,PROD_11,Organic Cotton Crew-Neck T-Shirt,STORE_02,Apparel,699.0,134,119.0,-15.0
2025-09-24,PROD_11,Organic Cotton Crew-Neck T-Shirt,STORE_02,Apparel,699.0,99,120.8,21.800003051757812
2025-09-25,PROD_11,Organic Cotton Crew-Neck T-Shirt,STORE_02,Apparel,671.04,127,116.3,-10.699996948242188
2025-09-26,PROD_11,Organic Cotton Crew-Neck T-Shirt,STORE_02,Apparel,699.0,115,139.8,24.800003051757812
2025-09-27,PROD_11,Organic Cotton Crew-Neck T-Shirt,STORE_02,Apparel,699.0,156,156.7,0.6999969482421875
2025-09-28,PROD_11,Organic Cotton Crew-Neck T-Shirt,STORE_02,Apparel,629.1,265,211.9,-53.100006103515625
2025-09-29,PROD_11,Organic Cotton Crew-Neck T-Shirt,STORE_02,Apparel,699.0,107,116.1,9.099998474121094
2025-09-30,PROD_11,Organic Cotton Crew-Neck T-Shirt,STORE_02,Apparel,699.0,119,117.0,-2.0
2025-10-01,PROD_11,Organic Cotton Crew-Neck T-Shirt,STORE_02,Apparel,699.0,189,135.6,-53.399993896484375
2025-10-02,PROD_11,Organic Cotton Crew-Neck T-Shirt,STORE_02,Apparel,699.0,188,124.8,-63.19999694824219
2025-10-03,PROD_11,Organic Cotton Crew-Neck T-Shirt,STORE_02,Apparel,699.0,165,164.9,-0.100006103515625
2025-10-04,PROD_11,Organic Cotton Crew-Neck T-Shirt,STORE_02,Apparel,559.2,340,301.0,-39.0
2025-10-05,PROD_11,Organic Cotton Crew-Neck T-Shirt,STORE_02,Apparel,699.0,157,188.6,31.600006103515625
2025-10-06,PROD_11,Organic Cotton Crew-Neck T-Shirt,STORE_02,Apparel,699.0,153,146.3,-6.6999969482421875
2025-10-07,PROD_11,Organic Cotton Crew-Neck T-Shirt,STORE_02,Apparel,629.1,235,196.6,-38.399993896484375
2025-10-08,PROD_11,Organic Cotton Crew-Neck T-Shirt,STORE_02,Apparel,594.15,254,235.6,-18.399993896484375
2025-10-09,PROD_11,Organic Cotton Crew-Neck T-Shirt,STORE_02,Apparel,629.1,211,224.8,13.800003051757812
2025-10-10,PROD_11,Organic Cotton Crew-Neck T-Shirt,STORE_02,Apparel,559.2,352,333.3,-18.70001220703125
2025-10-11,PROD_11,Organic Cotton Crew-Neck T-Shirt,STORE_02,Apparel,699.0,185,227.4,42.399993896484375
2025-10-12,PROD_11,Organic Cotton Crew-Neck T-Shirt,STORE_02,Apparel,699.0,195,219.9,24.899993896484375
2025-10-13,PROD_11,Organic Cotton Crew-Neck T-Shirt,STORE_02,Apparel,685.02,144,159.2,15.199996948242188
2025-10-14,PROD_11,Organic Cotton Crew-Neck T-Shirt,STORE_02,Apparel,629.1,216,244.2,28.199996948242188
2025-10-15,PROD_11,Organic Cotton Crew-Neck T-Shirt,STORE_02,Apparel,699.0,149,152.2,3.1999969482421875
2025-10-16,PROD_11,Organic Cotton Crew-Neck T-Shirt,STORE_02,Apparel,699.0,158,156.6,-1.399993896484375
2025-10-17,PROD_11,Organic Cotton Crew-Neck T-Shirt,STORE_02,Apparel,699.0,179,188.7,9.699996948242188
2025-10-18,PROD_11,Organic Cotton Crew-Neck T-Shirt,STORE_02,Apparel,671.04,261,222.3,-38.69999694824219
2025-10-19,PROD_11,Organic Cotton Crew-Neck T-Shirt,STORE_02,Apparel,699.0,220,216.5,-3.5
2025-10-20,PROD_11,Organic Cotton Crew-Neck T-Shirt,STORE_02,Apparel,699.0,155,157.5,2.5
2025-10-21,PROD_11,Organic Cotton Crew-Neck T-Shirt,STORE_02,Apparel,699.0,196,163.5,-32.5
2025-10-22,PROD_11,Organic Cotton Crew-Neck T-Shirt,STORE_02,Apparel,699.0,143,151.4,8.399993896484375
2025-10-23,PROD_11,Organic Cotton Crew-Neck T-Shirt,STORE_02,Apparel,559.2,329,262.6,-66.39999389648438
2025-10-24,PROD_11,Organic Cotton Crew-Neck T-Shirt,STORE_02,Apparel,699.0,184,188.4,4.399993896484375
2025-10-25,PROD_11,Organic Cotton Crew-Neck T-Shirt,STORE_02,Apparel,685.02,231,218.6,-12.399993896484375
2025-10-26,PROD_11,Organic Cotton Crew-Neck T-Shirt,STORE_02,Apparel,699.0,183,205.2,22.199996948242188
2025-10-27,PROD_11,Organic Cotton Crew-Neck T-Shirt,STORE_02,Apparel,671.04,177,169.1,-7.899993896484375
2025-10-28,PROD_11,Organic Cotton Crew-Neck T-Shirt,STORE_02,Apparel,699.0,143,159.6,16.600006103515625
2025-10-29,PROD_11,Organic Cotton Crew-Neck T-Shirt,STORE_02,Apparel,699.0,176,162.6,-13.399993896484375
2025-10-30,PROD_11,Organic Cotton Crew-Neck T-Shirt,STORE_02,Apparel,671.04,130,164.5,34.5
2025-10-31,PROD_11,Organic Cotton Crew-Neck T-Shirt,STORE_02,Apparel,699.0,168,180.8,12.800003051757812
2025-11-01,PROD_11,Organic Cotton Crew-Neck T-Shirt,STORE_02,Apparel,524.25,354,354.9,0.899993896484375
2025-11-02,PROD_11,Organic Cotton Crew-Neck T-Shirt,STORE_02,Apparel,559.2,334,360.0,26.0
2025-11-03,PROD_11,Organic Cotton Crew-Neck T-Shirt,STORE_02,Apparel,664.05,203,231.2,28.199996948242188
2025-11-04,PROD_11,Organic Cotton Crew-Neck T-Shirt,STORE_02,Apparel,699.0,190,152.8,-37.19999694824219
2025-11-05,PROD_11,Organic Cotton Crew-Neck T-Shirt,STORE_02,Apparel,699.0,202,152.5,-49.5
2025-11-06,PROD_11,Organic Cotton Crew-Neck T-Shirt,STORE_02,Apparel,685.02,148,157.4,9.399993896484375
2025-11-07,PROD_11,Organic Cotton Crew-Neck T-Shirt,STORE_02,Apparel,685.02,218,195.0,-23.0
2025-11-08,PROD_11,Organic Cotton Crew-Neck T-Shirt,STORE_02,Apparel,671.04,230,234.4,4.399993896484375
2025-11-09,PROD_11,Organic Cotton Crew-Neck T-Shirt,STORE_02,Apparel,699.0,180,207.5,27.5
2025-11-10,PROD_11,Organic Cotton Crew-Neck T-Shirt,STORE_02,Apparel,699.0,193,160.5,-32.5
2025-11-11,PROD_11,Organic Cotton Crew-Neck T-Shirt,STORE_02,Apparel,699.0,175,159.5,-15.5
2025-11-12,PROD_11,Organic Cotton Crew-Neck T-Shirt,STORE_02,Apparel,699.0,152,161.0,9.0
2025-11-13,PROD_11,Organic Cotton Crew-Neck T-Shirt,STORE_02,Apparel,685.02,142,163.4,21.399993896484375
2025-11-14,PROD_11,Organic Cotton Crew-Neck T-Shirt,STORE_02,Apparel,685.02,194,195.8,1.8000030517578125
2025-11-15,PROD_11,Organic Cotton Crew-Neck T-Shirt,STORE_02,Apparel,699.0,199,206.6,7.600006103515625
2025-11-16,PROD_11,Organic Cotton Crew-Neck T-Shirt,STORE_02,Apparel,685.02,216,199.3,-16.699996948242188
2025-11-17,PROD_11,Organic Cotton Crew-Neck T-Shirt,STORE_02,Apparel,671.04,190,163.7,-26.300003051757812
2025-11-18,PROD_11,Organic Cotton Crew-Neck T-Shirt,STORE_02,Apparel,699.0,143,156.6,13.600006103515625
2025-11-19,PROD_11,Organic Cotton Crew-Neck T-Shirt,STORE_02,Apparel,685.02,164,161.1,-2.899993896484375
2025-11-20,PROD_11,Organic Cotton Crew-Neck T-Shirt,STORE_02,Apparel,699.0,170,158.6,-11.399993896484375
2025-11-21,PROD_11,Organic Cotton Crew-Neck T-Shirt,STORE_02,Apparel,699.0,166,177.5,11.5
2025-11-22,PROD_11,Organic Cotton Crew-Neck T-Shirt,STORE_02,Apparel,699.0,205,189.0,-16.0
2025-11-23,PROD_11,Organic Cotton Crew-Neck T-Shirt,STORE_02,Apparel,671.04,245,204.2,-40.80000305175781
2025-11-24,PROD_11,Organic Cotton Crew-Neck T-Shirt,STORE_02,Apparel,699.0,174,154.2,-19.800003051757812
2025-11-25,PROD_11,Organic Cotton Crew-Neck T-Shirt,STORE_02,Apparel,699.0,146,145.7,-0.3000030517578125
2025-11-26,PROD_11,Organic Cotton Crew-Neck T-Shirt,STORE_02,Apparel,699.0,134,151.1,17.100006103515625
2025-11-27,PROD_11,Organic Cotton Crew-Neck T-Shirt,STORE_02,Apparel,699.0,159,148.4,-10.600006103515625
2025-11-28,PROD_11,Organic Cotton Crew-Neck T-Shirt,STORE_02,Apparel,699.0,185,170.5,-14.5
2025-11-29,PROD_11,Organic Cotton Crew-Neck T-Shirt,STORE_02,Apparel,671.04,241,206.1,-34.899993896484375
2025-11-30,PROD_11,Organic Cotton Crew-Neck T-Shirt,STORE_02,Apparel,685.02,225,204.8,-20.199996948242188
2025-12-01,PROD_11,Organic Cotton Crew-Neck T-Shirt,STORE_02,Apparel,685.02,135,159.6,24.600006103515625
2025-12-02,PROD_11,Organic Cotton Crew-Neck T-Shirt,STORE_02,Apparel,699.0,193,148.1,-44.899993896484375
2025-12-03,PROD_11,Organic Cotton Crew-Neck T-Shirt,STORE_02,Apparel,699.0,161,153.1,-7.899993896484375
2025-12-04,PROD_11,Organic Cotton Crew-Neck T-Shirt,STORE_02,Apparel,699.0,145,160.0,15.0
2025-12-05,PROD_11,Organic Cotton Crew-Neck T-Shirt,STORE_02,Apparel,699.0,145,168.1,23.100006103515625
2025-12-06,PROD_11,Organic Cotton Crew-Neck T-Shirt,STORE_02,Apparel,699.0,216,184.1,-31.899993896484375
2025-12-07,PROD_11,Organic Cotton Crew-Neck T-Shirt,STORE_02,Apparel,664.05,285,292.9,7.899993896484375
2025-12-08,PROD_11,Organic Cotton Crew-Neck T-Shirt,STORE_02,Apparel,671.04,173,155.1,-17.899993896484375
2025-12-09,PROD_11,Organic Cotton Crew-Neck T-Shirt,STORE_02,Apparel,699.0,150,153.6,3.600006103515625
2025-12-10,PROD_11,Organic Cotton Crew-Neck T-Shirt,STORE_02,Apparel,664.05,210,206.6,-3.399993896484375
2025-12-11,PROD_11,Organic Cotton Crew-Neck T-Shirt,STORE_02,Apparel,671.04,189,162.4,-26.600006103515625
2025-12-12,PROD_11,Organic Cotton Crew-Neck T-Shirt,STORE_02,Apparel,699.0,180,171.3,-8.699996948242188
2025-12-13,PROD_11,Organic Cotton Crew-Neck T-Shirt,STORE_02,Apparel,699.0,209,195.7,-13.300003051757812
2025-12-14,PROD_11,Organic Cotton Crew-Neck T-Shirt,STORE_02,Apparel,699.0,203,190.8,-12.199996948242188
2025-12-15,PROD_11,Organic Cotton Crew-Neck T-Shirt,STORE_02,Apparel,685.02,140,159.6,19.600006103515625
2025-12-16,PROD_11,Organic Cotton Crew-Neck T-Shirt,STORE_02,Apparel,699.0,173,158.4,-14.600006103515625
2025-12-17,PROD_11,Organic Cotton Crew-Neck T-Shirt,STORE_02,Apparel,699.0,147,155.2,8.199996948242188
2025-12-18,PROD_11,Organic Cotton Crew-Neck T-Shirt,STORE_02,Apparel,699.0,192,158.7,-33.30000305175781
2025-12-19,PROD_11,Organic Cotton Crew-Neck T-Shirt,STORE_02,Apparel,699.0,182,174.1,-7.899993896484375
2025-12-20,PROD_11,Organic Cotton Crew-Neck T-Shirt,STORE_02,Apparel,629.1,268,304.9,36.899993896484375
2025-12-21,PROD_11,Organic Cotton Crew-Neck T-Shirt,STORE_02,Apparel,685.02,213,207.7,-5.3000030517578125
2025-12-22,PROD_11,Organic Cotton Crew-Neck T-Shirt,STORE_02,Apparel,664.05,209,218.1,9.100006103515625
2025-12-23,PROD_11,Organic Cotton Crew-Neck T-Shirt,STORE_02,Apparel,524.25,306,297.2,-8.79998779296875
2025-12-24,PROD_11,Organic Cotton Crew-Neck T-Shirt,STORE_02,Apparel,699.0,158,151.7,-6.3000030517578125
2025-12-25,PROD_11,Organic Cotton Crew-Neck T-Shirt,STORE_02,Apparel,629.1,243,244.5,1.5
2025-12-26,PROD_11,Organic Cotton Crew-Neck T-Shirt,STORE_02,Apparel,699.0,172,191.8,19.800003051757812
2025-12-27,PROD_11,Organic Cotton Crew-Neck T-Shirt,STORE_02,Apparel,685.02,261,208.8,-52.19999694824219
2025-12-28,PROD_11,Organic Cotton Crew-Neck T-Shirt,STORE_02,Apparel,699.0,264,206.7,-57.30000305175781
2025-12-29,PROD_11,Organic Cotton Crew-Neck T-Shirt,STORE_02,Apparel,699.0,176,156.9,-19.100006103515625
2025-12-30,PROD_11,Organic Cotton Crew-Neck T-Shirt,STORE_02,Apparel,629.1,200,253.1,53.100006103515625
2025-12-31,PROD_11,Organic Cotton Crew-Neck T-Shirt,STORE_02,Apparel,699.0,153,160.8,7.8000030517578125
2025-09-17,PROD_11,Organic Cotton Crew-Neck T-Shirt,STORE_03,Apparel,699.0,144,131.3,-12.699996948242188
2025-09-18,PROD_11,Organic Cotton Crew-Neck T-Shirt,STORE_03,Apparel,699.0,132,128.4,-3.600006103515625
2025-09-19,PROD_11,Organic Cotton Crew-Neck T-Shirt,STORE_03,Apparel,699.0,177,144.5,-32.5
2025-09-20,PROD_11,Organic Cotton Crew-Neck T-Shirt,STORE_03,Apparel,699.0,150,173.1,23.100006103515625
2025-09-21,PROD_11,Organic Cotton Crew-Neck T-Shirt,STORE_03,Apparel,629.1,271,251.5,-19.5
2025-09-22,PROD_11,Organic Cotton Crew-Neck T-Shirt,STORE_03,Apparel,699.0,123,135.0,12.0
2025-09-23,PROD_11,Organic Cotton Crew-Neck T-Shirt,STORE_03,Apparel,699.0,137,133.3,-3.6999969482421875
2025-09-24,PROD_11,Organic Cotton Crew-Neck T-Shirt,STORE_03,Apparel,629.1,189,197.2,8.199996948242188
2025-09-25,PROD_11,Organic Cotton Crew-Neck T-Shirt,STORE_03,Apparel,699.0,122,131.6,9.600006103515625
2025-09-26,PROD_11,Organic Cotton Crew-Neck T-Shirt,STORE_03,Apparel,685.02,125,152.2,27.199996948242188
2025-09-27,PROD_11,Organic Cotton Crew-Neck T-Shirt,STORE_03,Apparel,699.0,158,168.5,10.5
2025-09-28,PROD_11,Organic Cotton Crew-Neck T-Shirt,STORE_03,Apparel,699.0,197,173.1,-23.899993896484375
2025-09-29,PROD_11,Organic Cotton Crew-Neck T-Shirt,STORE_03,Apparel,699.0,124,130.7,6.6999969482421875
2025-09-30,PROD_11,Organic Cotton Crew-Neck T-Shirt,STORE_03,Apparel,699.0,117,127.8,10.800003051757812
2025-10-01,PROD_11,Organic Cotton Crew-Neck T-Shirt,STORE_03,Apparel,699.0,177,148.6,-28.399993896484375
2025-10-02,PROD_11,Organic Cotton Crew-Neck T-Shirt,STORE_03,Apparel,699.0,179,154.9,-24.100006103515625
2025-10-03,PROD_11,Organic Cotton Crew-Neck T-Shirt,STORE_03,Apparel,699.0,201,178.5,-22.5
2025-10-04,PROD_11,Organic Cotton Crew-Neck T-Shirt,STORE_03,Apparel,594.15,342,299.5,-42.5
2025-10-05,PROD_11,Organic Cotton Crew-Neck T-Shirt,STORE_03,Apparel,699.0,210,205.6,-4.399993896484375
2025-10-06,PROD_11,Organic Cotton Crew-Neck T-Shirt,STORE_03,Apparel,699.0,156,164.4,8.399993896484375
2025-10-07,PROD_11,Organic Cotton Crew-Neck T-Shirt,STORE_03,Apparel,685.02,185,168.3,-16.699996948242188
2025-10-08,PROD_11,Organic Cotton Crew-Neck T-Shirt,STORE_03,Apparel,629.1,236,231.0,-5.0
2025-10-09,PROD_11,Organic Cotton Crew-Neck T-Shirt,STORE_03,Apparel,699.0,246,161.6,-84.39999389648438
2025-10-10,PROD_11,Organic Cotton Crew-Neck T-Shirt,STORE_03,Apparel,685.02,181,203.8,22.800003051757812
2025-10-11,PROD_11,Organic Cotton Crew-Neck T-Shirt,STORE_03,Apparel,671.04,236,240.5,4.5
2025-10-12,PROD_11,Organic Cotton Crew-Neck T-Shirt,STORE_03,Apparel,699.0,250,223.9,-26.100006103515625
2025-10-13,PROD_11,Organic Cotton Crew-Neck T-Shirt,STORE_03,Apparel,699.0,145,182.5,37.5
2025-10-14,PROD_11,Organic Cotton Crew-Neck T-Shirt,STORE_03,Apparel,685.02,192,174.5,-17.5
2025-10-15,PROD_11,Organic Cotton Crew-Neck T-Shirt,STORE_03,Apparel,699.0,190,171.6,-18.399993896484375
2025-10-16,PROD_11,Organic Cotton Crew-Neck T-Shirt,STORE_03,Apparel,671.04,207,190.7,-16.300003051757812
2025-10-17,PROD_11,Organic Cotton Crew-Neck T-Shirt,STORE_03,Apparel,699.0,218,210.6,-7.399993896484375
2025-10-18,PROD_11,Organic Cotton Crew-Neck T-Shirt,STORE_03,Apparel,559.2,428,395.7,-32.29998779296875
2025-10-19,PROD_11,Organic Cotton Crew-Neck T-Shirt,STORE_03,Apparel,699.0,225,228.8,3.8000030517578125
2025-10-20,PROD_11,Organic Cotton Crew-Neck T-Shirt,STORE_03,Apparel,629.1,268,268.6,0.600006103515625
2025-10-21,PROD_11,Organic Cotton Crew-Neck T-Shirt,STORE_03,Apparel,664.05,231,258.8,27.79998779296875
2025-10-22,PROD_11,Organic Cotton Crew-Neck T-Shirt,STORE_03,Apparel,699.0,175,180.2,5.1999969482421875
2025-10-23,PROD_11,Organic Cotton Crew-Neck T-Shirt,STORE_03,Apparel,664.05,217,261.4,44.399993896484375
2025-10-24,PROD_11,Organic Cotton Crew-Neck T-Shirt,STORE_03,Apparel,699.0,206,211.3,5.3000030517578125
2025-10-25,PROD_11,Organic Cotton Crew-Neck T-Shirt,STORE_03,Apparel,664.05,301,313.5,12.5
2025-10-26,PROD_11,Organic Cotton Crew-Neck T-Shirt,STORE_03,Apparel,699.0,232,240.6,8.600006103515625
2025-10-27,PROD_11,Organic Cotton Crew-Neck T-Shirt,STORE_03,Apparel,699.0,192,184.8,-7.1999969482421875
2025-10-28,PROD_11,Organic Cotton Crew-Neck T-Shirt,STORE_03,Apparel,699.0,172,183.7,11.699996948242188
2025-10-29,PROD_11,Organic Cotton Crew-Neck T-Shirt,STORE_03,Apparel,685.02,189,199.2,10.199996948242188
2025-10-30,PROD_11,Organic Cotton Crew-Neck T-Shirt,STORE_03,Apparel,699.0,164,202.7,38.69999694824219
2025-10-31,PROD_11,Organic Cotton Crew-Neck T-Shirt,STORE_03,Apparel,699.0,200,211.9,11.899993896484375
2025-11-01,PROD_11,Organic Cotton Crew-Neck T-Shirt,STORE_03,Apparel,685.02,226,229.1,3.100006103515625
2025-11-02,PROD_11,Organic Cotton Crew-Neck T-Shirt,STORE_03,Apparel,699.0,230,219.9,-10.100006103515625
2025-11-03,PROD_11,Organic Cotton Crew-Neck T-Shirt,STORE_03,Apparel,699.0,184,177.1,-6.899993896484375
2025-11-04,PROD_11,Organic Cotton Crew-Neck T-Shirt,STORE_03,Apparel,699.0,200,174.6,-25.399993896484375
2025-11-05,PROD_11,Organic Cotton Crew-Neck T-Shirt,STORE_03,Apparel,699.0,167,177.0,10.0
2025-11-06,PROD_11,Organic Cotton Crew-Neck T-Shirt,STORE_03,Apparel,699.0,166,175.2,9.199996948242188
2025-11-07,PROD_11,Organic Cotton Crew-Neck T-Shirt,STORE_03,Apparel,699.0,253,204.2,-48.80000305175781
2025-11-08,PROD_11,Organic Cotton Crew-Neck T-Shirt,STORE_03,Apparel,594.15,418,364.2,-53.79998779296875
2025-11-09,PROD_11,Organic Cotton Crew-Neck T-Shirt,STORE_03,Apparel,699.0,243,239.4,-3.600006103515625
2025-11-10,PROD_11,Organic Cotton Crew-Neck T-Shirt,STORE_03,Apparel,699.0,137,177.1,40.100006103515625
2025-11-11,PROD_11,Organic Cotton Crew-Neck T-Shirt,STORE_03,Apparel,685.02,171,188.5,17.5
2025-11-12,PROD_11,Organic Cotton Crew-Neck T-Shirt,STORE_03,Apparel,699.0,177,188.2,11.199996948242188
2025-11-13,PROD_11,Organic Cotton Crew-Neck T-Shirt,STORE_03,Apparel,699.0,184,174.5,-9.5
2025-11-14,PROD_11,Organic Cotton Crew-Neck T-Shirt,STORE_03,Apparel,629.1,280,309.2,29.20001220703125
2025-11-15,PROD_11,Organic Cotton Crew-Neck T-Shirt,STORE_03,Apparel,594.15,367,348.5,-18.5
2025-11-16,PROD_11,Organic Cotton Crew-Neck T-Shirt,STORE_03,Apparel,685.02,252,244.6,-7.399993896484375
2025-11-17,PROD_11,Organic Cotton Crew-Neck T-Shirt,STORE_03,Apparel,699.0,161,176.1,15.100006103515625
2025-11-18,PROD_11,Organic Cotton Crew-Neck T-Shirt,STORE_03,Apparel,699.0,211,191.8,-19.199996948242188
2025-11-19,PROD_11,Organic Cotton Crew-Neck T-Shirt,STORE_03,Apparel,699.0,158,180.1,22.100006103515625
2025-11-20,PROD_11,Organic Cotton Crew-Neck T-Shirt,STORE_03,Apparel,699.0,156,193.5,37.5
2025-11-21,PROD_11,Organic Cotton Crew-Neck T-Shirt,STORE_03,Apparel,685.02,228,200.0,-28.0
2025-11-22,PROD_11,Organic Cotton Crew-Neck T-Shirt,STORE_03,Apparel,699.0,244,235.1,-8.899993896484375
2025-11-23,PROD_11,Organic Cotton Crew-Neck T-Shirt,STORE_03,Apparel,699.0,201,233.7,32.69999694824219
2025-11-24,PROD_11,Organic Cotton Crew-Neck T-Shirt,STORE_03,Apparel,699.0,194,179.6,-14.399993896484375
2025-11-25,PROD_11,Organic Cotton Crew-Neck T-Shirt,STORE_03,Apparel,664.05,236,248.6,12.600006103515625
2025-11-26,PROD_11,Organic Cotton Crew-Neck T-Shirt,STORE_03,Apparel,699.0,131,184.5,53.5
2025-11-27,PROD_11,Organic Cotton Crew-Neck T-Shirt,STORE_03,Apparel,671.04,166,198.2,32.19999694824219
2025-11-28,PROD_11,Organic Cotton Crew-Neck T-Shirt,STORE_03,Apparel,699.0,194,203.3,9.300003051757812
2025-11-29,PROD_11,Organic Cotton Crew-Neck T-Shirt,STORE_03,Apparel,629.1,365,335.9,-29.100006103515625
2025-11-30,PROD_11,Organic Cotton Crew-Neck T-Shirt,STORE_03,Apparel,699.0,275,238.8,-36.19999694824219
2025-12-01,PROD_11,Organic Cotton Crew-Neck T-Shirt,STORE_03,Apparel,699.0,158,173.8,15.800003051757812
2025-12-02,PROD_11,Organic Cotton Crew-Neck T-Shirt,STORE_03,Apparel,629.1,223,265.4,42.399993896484375
2025-12-03,PROD_11,Organic Cotton Crew-Neck T-Shirt,STORE_03,Apparel,699.0,178,179.4,1.399993896484375
2025-12-04,PROD_11,Organic Cotton Crew-Neck T-Shirt,STORE_03,Apparel,671.04,221,187.1,-33.899993896484375
2025-12-05,PROD_11,Organic Cotton Crew-Neck T-Shirt,STORE_03,Apparel,671.04,193,217.6,24.600006103515625
2025-12-06,PROD_11,Organic Cotton Crew-Neck T-Shirt,STORE_03,Apparel,699.0,264,235.7,-28.300003051757812
2025-12-07,PROD_11,Organic Cotton Crew-Neck T-Shirt,STORE_03,Apparel,699.0,284,236.3,-47.69999694824219
2025-12-08,PROD_11,Organic Cotton Crew-Neck T-Shirt,STORE_03,Apparel,699.0,184,178.5,-5.5
2025-12-09,PROD_11,Organic Cotton Crew-Neck T-Shirt,STORE_03,Apparel,685.02,226,182.2,-43.80000305175781
2025-12-10,PROD_11,Organic Cotton Crew-Neck T-Shirt,STORE_03,Apparel,699.0,181,180.4,-0.600006103515625
2025-12-11,PROD_11,Organic Cotton Crew-Neck T-Shirt,STORE_03,Apparel,699.0,223,187.1,-35.899993896484375
2025-12-12,PROD_11,Organic Cotton Crew-Neck T-Shirt,STORE_03,Apparel,699.0,200,208.9,8.899993896484375
2025-12-13,PROD_11,Organic Cotton Crew-Neck T-Shirt,STORE_03,Apparel,699.0,226,232.9,6.899993896484375
2025-12-14,PROD_11,Organic Cotton Crew-Neck T-Shirt,STORE_03,Apparel,524.25,596,383.4,-212.60000610351562
2025-12-15,PROD_11,Organic Cotton Crew-Neck T-Shirt,STORE_03,Apparel,699.0,190,181.4,-8.600006103515625
2025-12-16,PROD_11,Organic Cotton Crew-Neck T-Shirt,STORE_03,Apparel,671.04,195,184.7,-10.300003051757812
2025-12-17,PROD_11,Organic Cotton Crew-Neck T-Shirt,STORE_03,Apparel,699.0,209,183.8,-25.199996948242188
2025-12-18,PROD_11,Organic Cotton Crew-Neck T-Shirt,STORE_03,Apparel,699.0,157,174.0,17.0
2025-12-19,PROD_11,Organic Cotton Crew-Neck T-Shirt,STORE_03,Apparel,699.0,228,216.8,-11.199996948242188
2025-12-20,PROD_11,Organic Cotton Crew-Neck T-Shirt,STORE_03,Apparel,671.04,212,245.5,33.5
2025-12-21,PROD_11,Organic Cotton Crew-Neck T-Shirt,STORE_03,Apparel,699.0,229,232.5,3.5
2025-12-22,PROD_11,Organic Cotton Crew-Neck T-Shirt,STORE_03,Apparel,699.0,177,184.3,7.3000030517578125
2025-12-23,PROD_11,Organic Cotton Crew-Neck T-Shirt,STORE_03,Apparel,699.0,232,188.8,-43.19999694824219
2025-12-24,PROD_11,Organic Cotton Crew-Neck T-Shirt,STORE_03,Apparel,699.0,180,178.9,-1.100006103515625
2025-12-25,PROD_11,Organic Cotton Crew-Neck T-Shirt,STORE_03,Apparel,699.0,203,198.7,-4.3000030517578125
2025-12-26,PROD_11,Organic Cotton Crew-Neck T-Shirt,STORE_03,Apparel,699.0,207,208.7,1.6999969482421875
2025-12-27,PROD_11,Organic Cotton Crew-Neck T-Shirt,STORE_03,Apparel,699.0,266,229.4,-36.600006103515625
2025-12-28,PROD_11,Organic Cotton Crew-Neck T-Shirt,STORE_03,Apparel,594.15,427,358.6,-68.39999389648438
2025-12-29,PROD_11,Organic Cotton Crew-Neck T-Shirt,STORE_03,Apparel,699.0,191,178.3,-12.699996948242188
2025-12-30,PROD_11,Organic Cotton Crew-Neck T-Shirt,STORE_03,Apparel,671.04,167,181.2,14.199996948242188
2025-12-31,PROD_11,Organic Cotton Crew-Neck T-Shirt,STORE_03,Apparel,664.05,243,255.7,12.699996948242188
2025-09-17,PROD_11,Organic Cotton Crew-Neck T-Shirt,STORE_04,Apparel,699.0,86,87.8,1.8000030517578125
2025-09-18,PROD_11,Organic Cotton Crew-Neck T-Shirt,STORE_04,Apparel,699.0,86,88.3,2.3000030517578125
2025-09-19,PROD_11,Organic Cotton Crew-Neck T-Shirt,STORE_04,Apparel,699.0,91,102.2,11.199996948242188
2025-09-20,PROD_11,Organic Cotton Crew-Neck T-Shirt,STORE_04,Apparel,699.0,100,116.5,16.5
2025-09-21,PROD_11,Organic Cotton Crew-Neck T-Shirt,STORE_04,Apparel,699.0,103,115.5,12.5
2025-09-22,PROD_11,Organic Cotton Crew-Neck T-Shirt,STORE_04,Apparel,699.0,73,87.2,14.199996948242188
2025-09-23,PROD_11,Organic Cotton Crew-Neck T-Shirt,STORE_04,Apparel,671.04,88,87.1,-0.9000015258789062
2025-09-24,PROD_11,Organic Cotton Crew-Neck T-Shirt,STORE_04,Apparel,699.0,93,85.9,-7.099998474121094
2025-09-25,PROD_11,Organic Cotton Crew-Neck T-Shirt,STORE_04,Apparel,671.04,103,90.7,-12.300003051757812
2025-09-26,PROD_11,Organic Cotton Crew-Neck T-Shirt,STORE_04,Apparel,664.05,154,136.4,-17.600006103515625
2025-09-27,PROD_11,Organic Cotton Crew-Neck T-Shirt,STORE_04,Apparel,699.0,134,111.5,-22.5
2025-09-28,PROD_11,Organic Cotton Crew-Neck T-Shirt,STORE_04,Apparel,629.1,162,170.6,8.600006103515625
2025-09-29,PROD_11,Organic Cotton Crew-Neck T-Shirt,STORE_04,Apparel,699.0,95,89.2,-5.8000030517578125
2025-09-30,PROD_11,Organic Cotton Crew-Neck T-Shirt,STORE_04,Apparel,629.1,143,135.7,-7.3000030517578125
2025-10-01,PROD_11,Organic Cotton Crew-Neck T-Shirt,STORE_04,Apparel,699.0,120,110.6,-9.400001525878906
2025-10-02,PROD_11,Organic Cotton Crew-Neck T-Shirt,STORE_04,Apparel,685.02,112,113.6,1.5999984741210938
2025-10-03,PROD_11,Organic Cotton Crew-Neck T-Shirt,STORE_04,Apparel,664.05,214,171.0,-43.0
2025-10-04,PROD_11,Organic Cotton Crew-Neck T-Shirt,STORE_04,Apparel,629.1,285,211.6,-73.39999389648438
2025-10-05,PROD_11,Organic Cotton Crew-Neck T-Shirt,STORE_04,Apparel,664.05,282,202.6,-79.39999389648438
2025-10-06,PROD_11,Organic Cotton Crew-Neck T-Shirt,STORE_04,Apparel,671.04,121,127.2,6.1999969482421875
2025-10-07,PROD_11,Organic Cotton Crew-Neck T-Shirt,STORE_04,Apparel,671.04,107,127.2,20.199996948242188
2025-10-08,PROD_11,Organic Cotton Crew-Neck T-Shirt,STORE_04,Apparel,699.0,111,123.0,12.0
2025-10-09,PROD_11,Organic Cotton Crew-Neck T-Shirt,STORE_04,Apparel,629.1,191,164.4,-26.600006103515625
2025-10-10,PROD_11,Organic Cotton Crew-Neck T-Shirt,STORE_04,Apparel,699.0,148,142.6,-5.399993896484375
2025-10-11,PROD_11,Organic Cotton Crew-Neck T-Shirt,STORE_04,Apparel,699.0,164,155.7,-8.300003051757812
2025-10-12,PROD_11,Organic Cotton Crew-Neck T-Shirt,STORE_04,Apparel,699.0,143,162.5,19.5
2025-10-13,PROD_11,Organic Cotton Crew-Neck T-Shirt,STORE_04,Apparel,699.0,129,119.1,-9.900001525878906
2025-10-14,PROD_11,Organic Cotton Crew-Neck T-Shirt,STORE_04,Apparel,699.0,138,123.9,-14.099998474121094
2025-10-15,PROD_11,Organic Cotton Crew-Neck T-Shirt,STORE_04,Apparel,699.0,125,134.1,9.100006103515625
2025-10-16,PROD_11,Organic Cotton Crew-Neck T-Shirt,STORE_04,Apparel,699.0,120,125.0,5.0
2025-10-17,PROD_11,Organic Cotton Crew-Neck T-Shirt,STORE_04,Apparel,685.02,139,148.4,9.399993896484375
2025-10-18,PROD_11,Organic Cotton Crew-Neck T-Shirt,STORE_04,Apparel,699.0,140,150.6,10.600006103515625
2025-10-19,PROD_11,Organic Cotton Crew-Neck T-Shirt,STORE_04,Apparel,699.0,158,155.0,-3.0
2025-10-20,PROD_11,Organic Cotton Crew-Neck T-Shirt,STORE_04,Apparel,685.02,109,128.3,19.300003051757812
2025-10-21,PROD_11,Organic Cotton Crew-Neck T-Shirt,STORE_04,Apparel,559.2,220,195.1,-24.899993896484375
2025-10-22,PROD_11,Organic Cotton Crew-Neck T-Shirt,STORE_04,Apparel,699.0,130,125.9,-4.099998474121094
2025-10-23,PROD_11,Organic Cotton Crew-Neck T-Shirt,STORE_04,Apparel,524.25,261,207.7,-53.30000305175781
2025-10-24,PROD_11,Organic Cotton Crew-Neck T-Shirt,STORE_04,Apparel,699.0,125,151.9,26.899993896484375
2025-10-25,PROD_11,Organic Cotton Crew-Neck T-Shirt,STORE_04,Apparel,699.0,198,166.5,-31.5
2025-10-26,PROD_11,Organic Cotton Crew-Neck T-Shirt,STORE_04,Apparel,699.0,141,169.4,28.399993896484375
2025-10-27,PROD_11,Organic Cotton Crew-Neck T-Shirt,STORE_04,Apparel,699.0,130,130.6,0.600006103515625
2025-10-28,PROD_11,Organic Cotton Crew-Neck T-Shirt,STORE_04,Apparel,699.0,103,130.6,27.600006103515625
2025-10-29,PROD_11,Organic Cotton Crew-Neck T-Shirt,STORE_04,Apparel,699.0,118,126.8,8.800003051757812
2025-10-30,PROD_11,Organic Cotton Crew-Neck T-Shirt,STORE_04,Apparel,699.0,106,131.5,25.5
2025-10-31,PROD_11,Organic Cotton Crew-Neck T-Shirt,STORE_04,Apparel,699.0,181,144.9,-36.100006103515625
2025-11-01,PROD_11,Organic Cotton Crew-Neck T-Shirt,STORE_04,Apparel,699.0,145,164.2,19.199996948242188
2025-11-02,PROD_11,Organic Cotton Crew-Neck T-Shirt,STORE_04,Apparel,699.0,149,158.4,9.399993896484375
2025-11-03,PROD_11,Organic Cotton Crew-Neck T-Shirt,STORE_04,Apparel,699.0,144,122.3,-21.699996948242188
2025-11-04,PROD_11,Organic Cotton Crew-Neck T-Shirt,STORE_04,Apparel,699.0,143,116.0,-27.0
2025-11-05,PROD_11,Organic Cotton Crew-Neck T-Shirt,STORE_04,Apparel,685.02,124,126.0,2.0
2025-11-06,PROD_11,Organic Cotton Crew-Neck T-Shirt,STORE_04,Apparel,671.04,122,127.7,5.6999969482421875
2025-11-07,PROD_11,Organic Cotton Crew-Neck T-Shirt,STORE_04,Apparel,685.02,128,138.2,10.199996948242188
2025-11-08,PROD_11,Organic Cotton Crew-Neck T-Shirt,STORE_04,Apparel,685.02,154,160.7,6.6999969482421875
2025-11-09,PROD_11,Organic Cotton Crew-Neck T-Shirt,STORE_04,Apparel,699.0,186,155.0,-31.0
2025-11-10,PROD_11,Organic Cotton Crew-Neck T-Shirt,STORE_04,Apparel,664.05,172,168.2,-3.8000030517578125
2025-11-11,PROD_11,Organic Cotton Crew-Neck T-Shirt,STORE_04,Apparel,699.0,128,120.9,-7.099998474121094
2025-11-12,PROD_11,Organic Cotton Crew-Neck T-Shirt,STORE_04,Apparel,629.1,141,181.3,40.30000305175781
2025-11-13,PROD_11,Organic Cotton Crew-Neck T-Shirt,STORE_04,Apparel,629.1,180,181.4,1.399993896484375
2025-11-14,PROD_11,Organic Cotton Crew-Neck T-Shirt,STORE_04,Apparel,699.0,155,144.6,-10.399993896484375
2025-11-15,PROD_11,Organic Cotton Crew-Neck T-Shirt,STORE_04,Apparel,699.0,167,159.1,-7.899993896484375
2025-11-16,PROD_11,Organic Cotton Crew-Neck T-Shirt,STORE_04,Apparel,594.15,306,234.2,-71.80000305175781
2025-11-17,PROD_11,Organic Cotton Crew-Neck T-Shirt,STORE_04,Apparel,699.0,106,114.6,8.599998474121094
2025-11-18,PROD_11,Organic Cotton Crew-Neck T-Shirt,STORE_04,Apparel,699.0,141,123.8,-17.199996948242188
2025-11-19,PROD_11,Organic Cotton Crew-Neck T-Shirt,STORE_04,Apparel,671.04,133,131.4,-1.600006103515625
2025-11-20,PROD_11,Organic Cotton Crew-Neck T-Shirt,STORE_04,Apparel,559.2,195,218.1,23.100006103515625
2025-11-21,PROD_11,Organic Cotton Crew-Neck T-Shirt,STORE_04,Apparel,594.15,241,221.0,-20.0
2025-11-22,PROD_11,Organic Cotton Crew-Neck T-Shirt,STORE_04,Apparel,699.0,176,170.0,-6.0
2025-11-23,PROD_11,Organic Cotton Crew-Neck T-Shirt,STORE_04,Apparel,664.05,213,233.1,20.100006103515625
2025-11-24,PROD_11,Organic Cotton Crew-Neck T-Shirt,STORE_04,Apparel,699.0,117,123.6,6.599998474121094
2025-11-25,PROD_11,Organic Cotton Crew-Neck T-Shirt,STORE_04,Apparel,685.02,118,130.5,12.5
2025-11-26,PROD_11,Organic Cotton Crew-Neck T-Shirt,STORE_04,Apparel,699.0,115,125.3,10.300003051757812
2025-11-27,PROD_11,Organic Cotton Crew-Neck T-Shirt,STORE_04,Apparel,699.0,119,130.4,11.399993896484375
2025-11-28,PROD_11,Organic Cotton Crew-Neck T-Shirt,STORE_04,Apparel,671.04,140,138.9,-1.100006103515625
2025-11-29,PROD_11,Organic Cotton Crew-Neck T-Shirt,STORE_04,Apparel,699.0,146,156.6,10.600006103515625
2025-11-30,PROD_11,Organic Cotton Crew-Neck T-Shirt,STORE_04,Apparel,699.0,162,158.0,-4.0
2025-12-01,PROD_11,Organic Cotton Crew-Neck T-Shirt,STORE_04,Apparel,699.0,115,123.8,8.800003051757812
2025-12-02,PROD_11,Organic Cotton Crew-Neck T-Shirt,STORE_04,Apparel,699.0,121,127.7,6.6999969482421875
2025-12-03,PROD_11,Organic Cotton Crew-Neck T-Shirt,STORE_04,Apparel,699.0,116,123.6,7.599998474121094
2025-12-04,PROD_11,Organic Cotton Crew-Neck T-Shirt,STORE_04,Apparel,685.02,136,125.6,-10.400001525878906
2025-12-05,PROD_11,Organic Cotton Crew-Neck T-Shirt,STORE_04,Apparel,699.0,109,146.0,37.0
2025-12-06,PROD_11,Organic Cotton Crew-Neck T-Shirt,STORE_04,Apparel,664.05,249,204.8,-44.19999694824219
2025-12-07,PROD_11,Organic Cotton Crew-Neck T-Shirt,STORE_04,Apparel,699.0,155,155.6,0.600006103515625
2025-12-08,PROD_11,Organic Cotton Crew-Neck T-Shirt,STORE_04,Apparel,699.0,112,121.3,9.300003051757812
2025-12-09,PROD_11,Organic Cotton Crew-Neck T-Shirt,STORE_04,Apparel,699.0,129,120.7,-8.300003051757812
2025-12-10,PROD_11,Organic Cotton Crew-Neck T-Shirt,STORE_04,Apparel,699.0,116,120.5,4.5
2025-12-11,PROD_11,Organic Cotton Crew-Neck T-Shirt,STORE_04,Apparel,699.0,141,123.3,-17.699996948242188
2025-12-12,PROD_11,Organic Cotton Crew-Neck T-Shirt,STORE_04,Apparel,699.0,135,138.9,3.899993896484375
2025-12-13,PROD_11,Organic Cotton Crew-Neck T-Shirt,STORE_04,Apparel,699.0,176,151.7,-24.300003051757812
2025-12-14,PROD_11,Organic Cotton Crew-Neck T-Shirt,STORE_04,Apparel,699.0,145,158.3,13.300003051757812
2025-12-15,PROD_11,Organic Cotton Crew-Neck T-Shirt,STORE_04,Apparel,699.0,133,122.2,-10.800003051757812
2025-12-16,PROD_11,Organic Cotton Crew-Neck T-Shirt,STORE_04,Apparel,699.0,104,123.5,19.5
2025-12-17,PROD_11,Organic Cotton Crew-Neck T-Shirt,STORE_04,Apparel,685.02,128,122.7,-5.3000030517578125
2025-12-18,PROD_11,Organic Cotton Crew-Neck T-Shirt,STORE_04,Apparel,685.02,112,121.9,9.900001525878906
2025-12-19,PROD_11,Organic Cotton Crew-Neck T-Shirt,STORE_04,Apparel,699.0,123,134.0,11.0
2025-12-20,PROD_11,Organic Cotton Crew-Neck T-Shirt,STORE_04,Apparel,699.0,136,152.7,16.699996948242188
2025-12-21,PROD_11,Organic Cotton Crew-Neck T-Shirt,STORE_04,Apparel,664.05,196,199.8,3.8000030517578125
2025-12-22,PROD_11,Organic Cotton Crew-Neck T-Shirt,STORE_04,Apparel,699.0,112,114.5,2.5
2025-12-23,PROD_11,Organic Cotton Crew-Neck T-Shirt,STORE_04,Apparel,559.2,216,179.7,-36.30000305175781
2025-12-24,PROD_11,Organic Cotton Crew-Neck T-Shirt,STORE_04,Apparel,699.0,136,114.2,-21.800003051757812
2025-12-25,PROD_11,Organic Cotton Crew-Neck T-Shirt,STORE_04,Apparel,685.02,137,121.7,-15.300003051757812
2025-12-26,PROD_11,Organic Cotton Crew-Neck T-Shirt,STORE_04,Apparel,685.02,154,145.0,-9.0
2025-12-27,PROD_11,Organic Cotton Crew-Neck T-Shirt,STORE_04,Apparel,594.15,246,229.1,-16.899993896484375
2025-12-28,PROD_11,Organic Cotton Crew-Neck T-Shirt,STORE_04,Apparel,699.0,146,155.4,9.399993896484375
2025-12-29,PROD_11,Organic Cotton Crew-Neck T-Shirt,STORE_04,Apparel,699.0,121,125.1,4.099998474121094
2025-12-30,PROD_11,Organic Cotton Crew-Neck T-Shirt,STORE_04,Apparel,559.2,225,222.7,-2.3000030517578125
2025-12-31,PROD_11,Organic Cotton Crew-Neck T-Shirt,STORE_04,Apparel,664.05,142,171.3,29.300003051757812
2025-09-17,PROD_12,High-Waist Performance Yoga Pants,STORE_01,Apparel,1299.0,70,64.7,-5.3000030517578125
2025-09-18,PROD_12,High-Waist Performance Yoga Pants,STORE_01,Apparel,1299.0,56,64.4,8.400001525878906
2025-09-19,PROD_12,High-Waist Performance Yoga Pants,STORE_01,Apparel,1299.0,58,71.6,13.599998474121094
2025-09-20,PROD_12,High-Waist Performance Yoga Pants,STORE_01,Apparel,1299.0,81,80.9,-0.09999847412109375
2025-09-21,PROD_12,High-Waist Performance Yoga Pants,STORE_01,Apparel,1273.02,92,80.9,-11.099998474121094
2025-09-22,PROD_12,High-Waist Performance Yoga Pants,STORE_01,Apparel,1299.0,55,62.3,7.299999237060547
2025-09-23,PROD_12,High-Waist Performance Yoga Pants,STORE_01,Apparel,1299.0,73,60.5,-12.5
2025-09-24,PROD_12,High-Waist Performance Yoga Pants,STORE_01,Apparel,1299.0,54,61.7,7.700000762939453
2025-09-25,PROD_12,High-Waist Performance Yoga Pants,STORE_01,Apparel,1299.0,73,58.5,-14.5
2025-09-26,PROD_12,High-Waist Performance Yoga Pants,STORE_01,Apparel,1299.0,70,71.4,1.4000015258789062
2025-09-27,PROD_12,High-Waist Performance Yoga Pants,STORE_01,Apparel,1299.0,75,78.6,3.5999984741210938
2025-09-28,PROD_12,High-Waist Performance Yoga Pants,STORE_01,Apparel,1299.0,68,79.5,11.5
2025-09-29,PROD_12,High-Waist Performance Yoga Pants,STORE_01,Apparel,1234.05,100,81.5,-18.5
2025-09-30,PROD_12,High-Waist Performance Yoga Pants,STORE_01,Apparel,1299.0,59,64.2,5.1999969482421875
2025-10-01,PROD_12,High-Waist Performance Yoga Pants,STORE_01,Apparel,1273.02,89,72.5,-16.5
2025-10-02,PROD_12,High-Waist Performance Yoga Pants,STORE_01,Apparel,1234.05,124,95.5,-28.5
2025-10-03,PROD_12,High-Waist Performance Yoga Pants,STORE_01,Apparel,1299.0,115,85.2,-29.800003051757812
2025-10-04,PROD_12,High-Waist Performance Yoga Pants,STORE_01,Apparel,1234.05,145,130.4,-14.600006103515625
2025-10-05,PROD_12,High-Waist Performance Yoga Pants,STORE_01,Apparel,1299.0,119,104.6,-14.400001525878906
2025-10-06,PROD_12,High-Waist Performance Yoga Pants,STORE_01,Apparel,1299.0,73,83.1,10.099998474121094
2025-10-07,PROD_12,High-Waist Performance Yoga Pants,STORE_01,Apparel,1247.04,100,86.2,-13.800003051757812
2025-10-08,PROD_12,High-Waist Performance Yoga Pants,STORE_01,Apparel,1299.0,88,86.1,-1.9000015258789062
2025-10-09,PROD_12,High-Waist Performance Yoga Pants,STORE_01,Apparel,1299.0,93,85.5,-7.5
2025-10-10,PROD_12,High-Waist Performance Yoga Pants,STORE_01,Apparel,1169.1,141,147.8,6.8000030517578125
2025-10-11,PROD_12,High-Waist Performance Yoga Pants,STORE_01,Apparel,1299.0,89,111.9,22.900001525878906
2025-10-12,PROD_12,High-Waist Performance Yoga Pants,STORE_01,Apparel,1299.0,123,110.5,-12.5
2025-10-13,PROD_12,High-Waist Performance Yoga Pants,STORE_01,Apparel,1299.0,93,88.9,-4.099998474121094
2025-10-14,PROD_12,High-Waist Performance Yoga Pants,STORE_01,Apparel,1169.1,146,131.0,-15.0
2025-10-15,PROD_12,High-Waist Performance Yoga Pants,STORE_01,Apparel,1169.1,126,128.8,2.8000030517578125
2025-10-16,PROD_12,High-Waist Performance Yoga Pants,STORE_01,Apparel,1299.0,72,91.5,19.5
2025-10-17,PROD_12,High-Waist Performance Yoga Pants,STORE_01,Apparel,1299.0,81,97.3,16.300003051757812
2025-10-18,PROD_12,High-Waist Performance Yoga Pants,STORE_01,Apparel,1299.0,99,114.0,15.0
2025-10-19,PROD_12,High-Waist Performance Yoga Pants,STORE_01,Apparel,1247.04,109,119.7,10.699996948242188
2025-10-20,PROD_12,High-Waist Performance Yoga Pants,STORE_01,Apparel,1299.0,79,89.0,10.0
2025-10-21,PROD_12,High-Waist Performance Yoga Pants,STORE_01,Apparel,1299.0,80,85.9,5.900001525878906
2025-10-22,PROD_12,High-Waist Performance Yoga Pants,STORE_01,Apparel,1247.04,90,87.4,-2.5999984741210938
2025-10-23,PROD_12,High-Waist Performance Yoga Pants,STORE_01,Apparel,1299.0,85,88.3,3.3000030517578125
2025-10-24,PROD_12,High-Waist Performance Yoga Pants,STORE_01,Apparel,1299.0,91,99.5,8.5
2025-10-25,PROD_12,High-Waist Performance Yoga Pants,STORE_01,Apparel,1234.05,142,152.0,10.0
2025-10-26,PROD_12,High-Waist Performance Yoga Pants,STORE_01,Apparel,1169.1,189,173.8,-15.199996948242188
2025-10-27,PROD_12,High-Waist Performance Yoga Pants,STORE_01,Apparel,1299.0,74,88.7,14.699996948242188
2025-10-28,PROD_12,High-Waist Performance Yoga Pants,STORE_01,Apparel,1299.0,104,83.7,-20.300003051757812
2025-10-29,PROD_12,High-Waist Performance Yoga Pants,STORE_01,Apparel,1234.05,135,121.6,-13.400001525878906
2025-10-30,PROD_12,High-Waist Performance Yoga Pants,STORE_01,Apparel,1299.0,95,88.4,-6.599998474121094
2025-10-31,PROD_12,High-Waist Performance Yoga Pants,STORE_01,Apparel,1247.04,103,110.3,7.3000030517578125
2025-11-01,PROD_12,High-Waist Performance Yoga Pants,STORE_01,Apparel,1299.0,104,114.3,10.300003051757812
2025-11-02,PROD_12,High-Waist Performance Yoga Pants,STORE_01,Apparel,1299.0,109,114.2,5.1999969482421875
2025-11-03,PROD_12,High-Waist Performance Yoga Pants,STORE_01,Apparel,1299.0,100,87.7,-12.300003051757812
2025-11-04,PROD_12,High-Waist Performance Yoga Pants,STORE_01,Apparel,1273.02,90,89.9,-0.09999847412109375
2025-11-05,PROD_12,High-Waist Performance Yoga Pants,STORE_01,Apparel,1299.0,81,86.8,5.8000030517578125
2025-11-06,PROD_12,High-Waist Performance Yoga Pants,STORE_01,Apparel,1247.04,79,89.7,10.699996948242188
2025-11-07,PROD_12,High-Waist Performance Yoga Pants,STORE_01,Apparel,1273.02,103,100.0,-3.0
2025-11-08,PROD_12,High-Waist Performance Yoga Pants,STORE_01,Apparel,1299.0,127,114.7,-12.300003051757812
2025-11-09,PROD_12,High-Waist Performance Yoga Pants,STORE_01,Apparel,1273.02,106,121.3,15.300003051757812
2025-11-10,PROD_12,High-Waist Performance Yoga Pants,STORE_01,Apparel,1234.05,103,116.2,13.199996948242188
2025-11-11,PROD_12,High-Waist Performance Yoga Pants,STORE_01,Apparel,1299.0,86,87.1,1.0999984741210938
2025-11-12,PROD_12,High-Waist Performance Yoga Pants,STORE_01,Apparel,1273.02,102,86.5,-15.5
2025-11-13,PROD_12,High-Waist Performance Yoga Pants,STORE_01,Apparel,1234.05,106,116.3,10.300003051757812
2025-11-14,PROD_12,High-Waist Performance Yoga Pants,STORE_01,Apparel,1104.15,145,160.2,15.199996948242188
2025-11-15,PROD_12,High-Waist Performance Yoga Pants,STORE_01,Apparel,1234.05,173,161.5,-11.5
2025-11-16,PROD_12,High-Waist Performance Yoga Pants,STORE_01,Apparel,1104.15,171,184.1,13.100006103515625
2025-11-17,PROD_12,High-Waist Performance Yoga Pants,STORE_01,Apparel,1299.0,61,86.7,25.699996948242188
2025-11-18,PROD_12,High-Waist Performance Yoga Pants,STORE_01,Apparel,1299.0,77,82.6,5.599998474121094
2025-11-19,PROD_12,High-Waist Performance Yoga Pants,STORE_01,Apparel,1299.0,83,79.8,-3.1999969482421875
2025-11-20,PROD_12,High-Waist Performance Yoga Pants,STORE_01,Apparel,1169.1,108,121.0,13.0
2025-11-21,PROD_12,High-Waist Performance Yoga Pants,STORE_01,Apparel,1299.0,104,96.4,-7.599998474121094
2025-11-22,PROD_12,High-Waist Performance Yoga Pants,STORE_01,Apparel,1104.15,202,183.3,-18.699996948242188
2025-11-23,PROD_12,High-Waist Performance Yoga Pants,STORE_01,Apparel,1104.15,174,182.0,8.0
2025-11-24,PROD_12,High-Waist Performance Yoga Pants,STORE_01,Apparel,1299.0,82,83.1,1.0999984741210938
2025-11-25,PROD_12,High-Waist Performance Yoga Pants,STORE_01,Apparel,1299.0,84,84.1,0.09999847412109375
2025-11-26,PROD_12,High-Waist Performance Yoga Pants,STORE_01,Apparel,1299.0,99,83.0,-16.0
2025-11-27,PROD_12,High-Waist Performance Yoga Pants,STORE_01,Apparel,1299.0,87,84.7,-2.3000030517578125
2025-11-28,PROD_12,High-Waist Performance Yoga Pants,STORE_01,Apparel,1299.0,103,98.4,-4.599998474121094
2025-11-29,PROD_12,High-Waist Performance Yoga Pants,STORE_01,Apparel,1299.0,128,112.1,-15.900001525878906
2025-11-30,PROD_12,High-Waist Performance Yoga Pants,STORE_01,Apparel,1299.0,103,116.0,13.0
2025-12-01,PROD_12,High-Waist Performance Yoga Pants,STORE_01,Apparel,1299.0,83,87.2,4.1999969482421875
2025-12-02,PROD_12,High-Waist Performance Yoga Pants,STORE_01,Apparel,1299.0,92,88.0,-4.0
2025-12-03,PROD_12,High-Waist Performance Yoga Pants,STORE_01,Apparel,1299.0,96,89.5,-6.5
2025-12-04,PROD_12,High-Waist Performance Yoga Pants,STORE_01,Apparel,1299.0,75,89.8,14.800003051757812
2025-12-05,PROD_12,High-Waist Performance Yoga Pants,STORE_01,Apparel,1299.0,98,99.1,1.0999984741210938
2025-12-06,PROD_12,High-Waist Performance Yoga Pants,STORE_01,Apparel,1299.0,90,118.3,28.300003051757812
2025-12-07,PROD_12,High-Waist Performance Yoga Pants,STORE_01,Apparel,1169.1,139,152.0,13.0
2025-12-08,PROD_12,High-Waist Performance Yoga Pants,STORE_01,Apparel,1299.0,95,86.3,-8.699996948242188
2025-12-09,PROD_12,High-Waist Performance Yoga Pants,STORE_01,Apparel,1273.02,81,87.3,6.3000030517578125
2025-12-10,PROD_12,High-Waist Performance Yoga Pants,STORE_01,Apparel,1273.02,85,87.0,2.0
2025-12-11,PROD_12,High-Waist Performance Yoga Pants,STORE_01,Apparel,1299.0,83,84.2,1.1999969482421875
2025-12-12,PROD_12,High-Waist Performance Yoga Pants,STORE_01,Apparel,1299.0,107,98.2,-8.800003051757812
2025-12-13,PROD_12,High-Waist Performance Yoga Pants,STORE_01,Apparel,1234.05,163,152.5,-10.5
2025-12-14,PROD_12,High-Waist Performance Yoga Pants,STORE_01,Apparel,1299.0,121,107.9,-13.099998474121094
2025-12-15,PROD_12,High-Waist Performance Yoga Pants,STORE_01,Apparel,1299.0,83,83.0,0.0
2025-12-16,PROD_12,High-Waist Performance Yoga Pants,STORE_01,Apparel,1273.02,97,83.9,-13.099998474121094
2025-12-17,PROD_12,High-Waist Performance Yoga Pants,STORE_01,Apparel,1299.0,92,84.4,-7.599998474121094
2025-12-18,PROD_12,High-Waist Performance Yoga Pants,STORE_01,Apparel,1273.02,81,87.2,6.1999969482421875
2025-12-19,PROD_12,High-Waist Performance Yoga Pants,STORE_01,Apparel,1299.0,97,95.9,-1.0999984741210938
2025-12-20,PROD_12,High-Waist Performance Yoga Pants,STORE_01,Apparel,1299.0,131,109.7,-21.300003051757812
2025-12-21,PROD_12,High-Waist Performance Yoga Pants,STORE_01,Apparel,1299.0,104,116.0,12.0
2025-12-22,PROD_12,High-Waist Performance Yoga Pants,STORE_01,Apparel,1299.0,84,85.0,1.0
2025-12-23,PROD_12,High-Waist Performance Yoga Pants,STORE_01,Apparel,1299.0,86,84.3,-1.6999969482421875
2025-12-24,PROD_12,High-Waist Performance Yoga Pants,STORE_01,Apparel,1234.05,120,117.1,-2.9000015258789062
2025-12-25,PROD_12,High-Waist Performance Yoga Pants,STORE_01,Apparel,1299.0,100,85.3,-14.699996948242188
2025-12-26,PROD_12,High-Waist Performance Yoga Pants,STORE_01,Apparel,1104.15,140,166.9,26.899993896484375
2025-12-27,PROD_12,High-Waist Performance Yoga Pants,STORE_01,Apparel,1299.0,114,118.0,4.0
2025-12-28,PROD_12,High-Waist Performance Yoga Pants,STORE_01,Apparel,1234.05,158,159.5,1.5
2025-12-29,PROD_12,High-Waist Performance Yoga Pants,STORE_01,Apparel,1039.2,159,153.7,-5.3000030517578125
2025-12-30,PROD_12,High-Waist Performance Yoga Pants,STORE_01,Apparel,974.25,175,183.9,8.899993896484375
2025-12-31,PROD_12,High-Waist Performance Yoga Pants,STORE_01,Apparel,1299.0,84,95.0,11.0
2025-09-17,PROD_12,High-Waist Performance Yoga Pants,STORE_02,Apparel,1299.0,65,54.6,-10.400001525878906
2025-09-18,PROD_12,High-Waist Performance Yoga Pants,STORE_02,Apparel,1169.1,99,83.4,-15.599998474121094
2025-09-19,PROD_12,High-Waist Performance Yoga Pants,STORE_02,Apparel,1299.0,48,67.9,19.900001525878906
2025-09-20,PROD_12,High-Waist Performance Yoga Pants,STORE_02,Apparel,1299.0,69,71.0,2.0
2025-09-21,PROD_12,High-Waist Performance Yoga Pants,STORE_02,Apparel,1273.02,70,74.9,4.900001525878906
2025-09-22,PROD_12,High-Waist Performance Yoga Pants,STORE_02,Apparel,1299.0,53,55.0,2.0
2025-09-23,PROD_12,High-Waist Performance Yoga Pants,STORE_02,Apparel,1299.0,63,57.6,-5.400001525878906
2025-09-24,PROD_12,High-Waist Performance Yoga Pants,STORE_02,Apparel,1299.0,60,55.8,-4.200000762939453
2025-09-25,PROD_12,High-Waist Performance Yoga Pants,STORE_02,Apparel,1273.02,56,55.8,-0.20000076293945312
2025-09-26,PROD_12,High-Waist Performance Yoga Pants,STORE_02,Apparel,1299.0,62,64.2,2.1999969482421875
2025-09-27,PROD_12,High-Waist Performance Yoga Pants,STORE_02,Apparel,1247.04,91,75.5,-15.5
2025-09-28,PROD_12,High-Waist Performance Yoga Pants,STORE_02,Apparel,1299.0,79,74.2,-4.8000030517578125
2025-09-29,PROD_12,High-Waist Performance Yoga Pants,STORE_02,Apparel,1299.0,70,57.1,-12.900001525878906
2025-09-30,PROD_12,High-Waist Performance Yoga Pants,STORE_02,Apparel,1273.02,60,59.9,-0.09999847412109375
2025-10-01,PROD_12,High-Waist Performance Yoga Pants,STORE_02,Apparel,1299.0,73,68.6,-4.400001525878906
2025-10-02,PROD_12,High-Waist Performance Yoga Pants,STORE_02,Apparel,1299.0,71,69.4,-1.5999984741210938
2025-10-03,PROD_12,High-Waist Performance Yoga Pants,STORE_02,Apparel,1299.0,105,79.9,-25.099998474121094
2025-10-04,PROD_12,High-Waist Performance Yoga Pants,STORE_02,Apparel,1299.0,102,88.1,-13.900001525878906
2025-10-05,PROD_12,High-Waist Performance Yoga Pants,STORE_02,Apparel,1299.0,103,90.1,-12.900001525878906
2025-10-06,PROD_12,High-Waist Performance Yoga Pants,STORE_02,Apparel,1273.02,75,75.1,0.09999847412109375
2025-10-07,PROD_12,High-Waist Performance Yoga Pants,STORE_02,Apparel,1299.0,61,74.3,13.300003051757812
2025-10-08,PROD_12,High-Waist Performance Yoga Pants,STORE_02,Apparel,1273.02,73,74.5,1.5
2025-10-09,PROD_12,High-Waist Performance Yoga Pants,STORE_02,Apparel,1299.0,76,74.5,-1.5
2025-10-10,PROD_12,High-Waist Performance Yoga Pants,STORE_02,Apparel,1299.0,85,85.0,0.0
2025-10-11,PROD_12,High-Waist Performance Yoga Pants,STORE_02,Apparel,1247.04,100,99.2,-0.8000030517578125
2025-10-12,PROD_12,High-Waist Performance Yoga Pants,STORE_02,Apparel,1169.1,141,141.6,0.600006103515625
2025-10-13,PROD_12,High-Waist Performance Yoga Pants,STORE_02,Apparel,1299.0,90,74.2,-15.800003051757812
2025-10-14,PROD_12,High-Waist Performance Yoga Pants,STORE_02,Apparel,1299.0,81,77.1,-3.9000015258789062
2025-10-15,PROD_12,High-Waist Performance Yoga Pants,STORE_02,Apparel,1299.0,81,78.1,-2.9000015258789062
2025-10-16,PROD_12,High-Waist Performance Yoga Pants,STORE_02,Apparel,1299.0,72,81.5,9.5
2025-10-17,PROD_12,High-Waist Performance Yoga Pants,STORE_02,Apparel,1234.05,153,118.4,-34.599998474121094
2025-10-18,PROD_12,High-Waist Performance Yoga Pants,STORE_02,Apparel,1299.0,95,101.4,6.400001525878906
2025-10-19,PROD_12,High-Waist Performance Yoga Pants,STORE_02,Apparel,1299.0,86,99.6,13.599998474121094
2025-10-20,PROD_12,High-Waist Performance Yoga Pants,STORE_02,Apparel,1234.05,111,105.0,-6.0
2025-10-21,PROD_12,High-Waist Performance Yoga Pants,STORE_02,Apparel,1299.0,77,82.2,5.1999969482421875
2025-10-22,PROD_12,High-Waist Performance Yoga Pants,STORE_02,Apparel,1299.0,79,81.8,2.8000030517578125
2025-10-23,PROD_12,High-Waist Performance Yoga Pants,STORE_02,Apparel,1299.0,83,80.6,-2.4000015258789062
2025-10-24,PROD_12,High-Waist Performance Yoga Pants,STORE_02,Apparel,1299.0,85,90.0,5.0
2025-10-25,PROD_12,High-Waist Performance Yoga Pants,STORE_02,Apparel,1299.0,122,107.1,-14.900001525878906
2025-10-26,PROD_12,High-Waist Performance Yoga Pants,STORE_02,Apparel,1299.0,109,109.8,0.8000030517578125
2025-10-27,PROD_12,High-Waist Performance Yoga Pants,STORE_02,Apparel,1247.04,66,91.4,25.400001525878906
2025-10-28,PROD_12,High-Waist Performance Yoga Pants,STORE_02,Apparel,1273.02,89,86.0,-3.0
2025-10-29,PROD_12,High-Waist Performance Yoga Pants,STORE_02,Apparel,1299.0,80,86.0,6.0
2025-10-30,PROD_12,High-Waist Performance Yoga Pants,STORE_02,Apparel,1247.04,80,90.0,10.0
2025-10-31,PROD_12,High-Waist Performance Yoga Pants,STORE_02,Apparel,1299.0,74,98.1,24.099998474121094
2025-11-01,PROD_12,High-Waist Performance Yoga Pants,STORE_02,Apparel,1039.2,166,160.1,-5.899993896484375
2025-11-02,PROD_12,High-Waist Performance Yoga Pants,STORE_02,Apparel,1299.0,106,94.3,-11.699996948242188
2025-11-03,PROD_12,High-Waist Performance Yoga Pants,STORE_02,Apparel,1299.0,77,74.0,-3.0
2025-11-04,PROD_12,High-Waist Performance Yoga Pants,STORE_02,Apparel,1247.04,78,77.0,-1.0
2025-11-05,PROD_12,High-Waist Performance Yoga Pants,STORE_02,Apparel,1299.0,80,74.6,-5.400001525878906
2025-11-06,PROD_12,High-Waist Performance Yoga Pants,STORE_02,Apparel,1299.0,72,75.3,3.3000030517578125
2025-11-07,PROD_12,High-Waist Performance Yoga Pants,STORE_02,Apparel,1273.02,101,84.4,-16.599998474121094
2025-11-08,PROD_12,High-Waist Performance Yoga Pants,STORE_02,Apparel,1234.05,129,135.0,6.0
2025-11-09,PROD_12,High-Waist Performance Yoga Pants,STORE_02,Apparel,1169.1,164,148.5,-15.5
2025-11-10,PROD_12,High-Waist Performance Yoga Pants,STORE_02,Apparel,1299.0,86,76.7,-9.300003051757812
2025-11-11,PROD_12,High-Waist Performance Yoga Pants,STORE_02,Apparel,1169.1,115,110.7,-4.3000030517578125
2025-11-12,PROD_12,High-Waist Performance Yoga Pants,STORE_02,Apparel,1234.05,96,111.8,15.800003051757812
2025-11-13,PROD_12,High-Waist Performance Yoga Pants,STORE_02,Apparel,1299.0,73,83.0,10.0
2025-11-14,PROD_12,High-Waist Performance Yoga Pants,STORE_02,Apparel,1299.0,75,94.5,19.5
2025-11-15,PROD_12,High-Waist Performance Yoga Pants,STORE_02,Apparel,1299.0,115,102.5,-12.5
2025-11-16,PROD_12,High-Waist Performance Yoga Pants,STORE_02,Apparel,1299.0,97,102.5,5.5
2025-11-17,PROD_12,High-Waist Performance Yoga Pants,STORE_02,Apparel,1299.0,72,82.2,10.199996948242188
2025-11-18,PROD_12,High-Waist Performance Yoga Pants,STORE_02,Apparel,1299.0,87,79.9,-7.099998474121094
2025-11-19,PROD_12,High-Waist Performance Yoga Pants,STORE_02,Apparel,1299.0,97,81.0,-16.0
2025-11-20,PROD_12,High-Waist Performance Yoga Pants,STORE_02,Apparel,1273.02,90,81.9,-8.099998474121094
2025-11-21,PROD_12,High-Waist Performance Yoga Pants,STORE_02,Apparel,1299.0,87,93.2,6.1999969482421875
2025-11-22,PROD_12,High-Waist Performance Yoga Pants,STORE_02,Apparel,1273.02,136,107.7,-28.300003051757812
2025-11-23,PROD_12,High-Waist Performance Yoga Pants,STORE_02,Apparel,1169.1,187,169.6,-17.399993896484375
2025-11-24,PROD_12,High-Waist Performance Yoga Pants,STORE_02,Apparel,1104.15,111,123.3,12.300003051757812
2025-11-25,PROD_12,High-Waist Performance Yoga Pants,STORE_02,Apparel,1299.0,79,81.6,2.5999984741210938
2025-11-26,PROD_12,High-Waist Performance Yoga Pants,STORE_02,Apparel,1299.0,78,78.8,0.8000030517578125
2025-11-27,PROD_12,High-Waist Performance Yoga Pants,STORE_02,Apparel,1299.0,73,79.9,6.900001525878906
2025-11-28,PROD_12,High-Waist Performance Yoga Pants,STORE_02,Apparel,1273.02,97,88.6,-8.400001525878906
2025-11-29,PROD_12,High-Waist Performance Yoga Pants,STORE_02,Apparel,1234.05,140,152.4,12.399993896484375
2025-11-30,PROD_12,High-Waist Performance Yoga Pants,STORE_02,Apparel,1299.0,97,107.0,10.0
2025-12-01,PROD_12,High-Waist Performance Yoga Pants,STORE_02,Apparel,1299.0,94,83.4,-10.599998474121094
2025-12-02,PROD_12,High-Waist Performance Yoga Pants,STORE_02,Apparel,1299.0,88,83.7,-4.3000030517578125
2025-12-03,PROD_12,High-Waist Performance Yoga Pants,STORE_02,Apparel,1299.0,95,83.8,-11.199996948242188
2025-12-04,PROD_12,High-Waist Performance Yoga Pants,STORE_02,Apparel,1299.0,67,85.9,18.900001525878906
2025-12-05,PROD_12,High-Waist Performance Yoga Pants,STORE_02,Apparel,1299.0,103,96.7,-6.3000030517578125
2025-12-06,PROD_12,High-Waist Performance Yoga Pants,STORE_02,Apparel,1039.2,187,194.0,7.0
2025-12-07,PROD_12,High-Waist Performance Yoga Pants,STORE_02,Apparel,1104.15,153,187.4,34.399993896484375
2025-12-08,PROD_12,High-Waist Performance Yoga Pants,STORE_02,Apparel,1273.02,68,81.4,13.400001525878906
2025-12-09,PROD_12,High-Waist Performance Yoga Pants,STORE_02,Apparel,1299.0,83,80.9,-2.0999984741210938
2025-12-10,PROD_12,High-Waist Performance Yoga Pants,STORE_02,Apparel,1299.0,90,79.9,-10.099998474121094
2025-12-11,PROD_12,High-Waist Performance Yoga Pants,STORE_02,Apparel,1234.05,93,109.8,16.800003051757812
2025-12-12,PROD_12,High-Waist Performance Yoga Pants,STORE_02,Apparel,1299.0,106,93.5,-12.5
2025-12-13,PROD_12,High-Waist Performance Yoga Pants,STORE_02,Apparel,1169.1,152,178.1,26.100006103515625
2025-12-14,PROD_12,High-Waist Performance Yoga Pants,STORE_02,Apparel,1299.0,106,106.9,0.9000015258789062
2025-12-15,PROD_12,High-Waist Performance Yoga Pants,STORE_02,Apparel,1299.0,84,84.4,0.40000152587890625
2025-12-16,PROD_12,High-Waist Performance Yoga Pants,STORE_02,Apparel,1273.02,79,86.8,7.8000030517578125
2025-12-17,PROD_12,High-Waist Performance Yoga Pants,STORE_02,Apparel,1299.0,93,85.7,-7.3000030517578125
2025-12-18,PROD_12,High-Waist Performance Yoga Pants,STORE_02,Apparel,1299.0,87,86.7,-0.3000030517578125
2025-12-19,PROD_12,High-Waist Performance Yoga Pants,STORE_02,Apparel,1273.02,105,98.8,-6.1999969482421875
2025-12-20,PROD_12,High-Waist Performance Yoga Pants,STORE_02,Apparel,1299.0,121,114.4,-6.599998474121094
2025-12-21,PROD_12,High-Waist Performance Yoga Pants,STORE_02,Apparel,1299.0,116,114.7,-1.3000030517578125
2025-12-22,PROD_12,High-Waist Performance Yoga Pants,STORE_02,Apparel,1039.2,141,149.7,8.699996948242188
2025-12-23,PROD_12,High-Waist Performance Yoga Pants,STORE_02,Apparel,1169.1,126,124.6,-1.4000015258789062
2025-12-24,PROD_12,High-Waist Performance Yoga Pants,STORE_02,Apparel,1299.0,67,87.9,20.900001525878906
2025-12-25,PROD_12,High-Waist Performance Yoga Pants,STORE_02,Apparel,1169.1,109,130.0,21.0
2025-12-26,PROD_12,High-Waist Performance Yoga Pants,STORE_02,Apparel,1169.1,129,154.5,25.5
2025-12-27,PROD_12,High-Waist Performance Yoga Pants,STORE_02,Apparel,1039.2,223,206.8,-16.199996948242188
2025-12-28,PROD_12,High-Waist Performance Yoga Pants,STORE_02,Apparel,1299.0,95,109.7,14.699996948242188
2025-12-29,PROD_12,High-Waist Performance Yoga Pants,STORE_02,Apparel,1169.1,113,128.3,15.300003051757812
2025-12-30,PROD_12,High-Waist Performance Yoga Pants,STORE_02,Apparel,1299.0,72,84.3,12.300003051757812
2025-12-31,PROD_12,High-Waist Performance Yoga Pants,STORE_02,Apparel,1169.1,122,123.3,1.3000030517578125
2025-09-17,PROD_12,High-Waist Performance Yoga Pants,STORE_03,Apparel,1299.0,72,67.9,-4.099998474121094
2025-09-18,PROD_12,High-Waist Performance Yoga Pants,STORE_03,Apparel,1104.15,103,107.3,4.3000030517578125
2025-09-19,PROD_12,High-Waist Performance Yoga Pants,STORE_03,Apparel,1299.0,85,81.1,-3.9000015258789062
2025-09-20,PROD_12,High-Waist Performance Yoga Pants,STORE_03,Apparel,1273.02,86,96.5,10.5
2025-09-21,PROD_12,High-Waist Performance Yoga Pants,STORE_03,Apparel,1299.0,82,93.3,11.300003051757812
2025-09-22,PROD_12,High-Waist Performance Yoga Pants,STORE_03,Apparel,1247.04,71,73.7,2.6999969482421875
2025-09-23,PROD_12,High-Waist Performance Yoga Pants,STORE_03,Apparel,1299.0,63,72.1,9.099998474121094
2025-09-24,PROD_12,High-Waist Performance Yoga Pants,STORE_03,Apparel,1299.0,74,69.2,-4.8000030517578125
2025-09-25,PROD_12,High-Waist Performance Yoga Pants,STORE_03,Apparel,1299.0,69,70.4,1.4000015258789062
2025-09-26,PROD_12,High-Waist Performance Yoga Pants,STORE_03,Apparel,1299.0,70,80.3,10.300003051757812
2025-09-27,PROD_12,High-Waist Performance Yoga Pants,STORE_03,Apparel,1299.0,91,88.1,-2.9000015258789062
2025-09-28,PROD_12,High-Waist Performance Yoga Pants,STORE_03,Apparel,1299.0,75,89.2,14.199996948242188
2025-09-29,PROD_12,High-Waist Performance Yoga Pants,STORE_03,Apparel,1299.0,67,68.6,1.5999984741210938
2025-09-30,PROD_12,High-Waist Performance Yoga Pants,STORE_03,Apparel,1299.0,65,68.2,3.1999969482421875
2025-10-01,PROD_12,High-Waist Performance Yoga Pants,STORE_03,Apparel,1299.0,80,77.1,-2.9000015258789062
2025-10-02,PROD_12,High-Waist Performance Yoga Pants,STORE_03,Apparel,1299.0,88,78.6,-9.400001525878906
2025-10-03,PROD_12,High-Waist Performance Yoga Pants,STORE_03,Apparel,1299.0,88,90.9,2.9000015258789062
2025-10-04,PROD_12,High-Waist Performance Yoga Pants,STORE_03,Apparel,1299.0,105,98.2,-6.8000030517578125
2025-10-05,PROD_12,High-Waist Performance Yoga Pants,STORE_03,Apparel,1039.2,209,168.6,-40.399993896484375
2025-10-06,PROD_12,High-Waist Performance Yoga Pants,STORE_03,Apparel,1273.02,71,89.2,18.199996948242188
2025-10-07,PROD_12,High-Waist Performance Yoga Pants,STORE_03,Apparel,1299.0,91,79.8,-11.199996948242188
2025-10-08,PROD_12,High-Waist Performance Yoga Pants,STORE_03,Apparel,1299.0,82,82.1,0.09999847412109375
2025-10-09,PROD_12,High-Waist Performance Yoga Pants,STORE_03,Apparel,1299.0,109,79.4,-29.599998474121094
2025-10-10,PROD_12,High-Waist Performance Yoga Pants,STORE_03,Apparel,1234.05,142,134.9,-7.100006103515625
2025-10-11,PROD_12,High-Waist Performance Yoga Pants,STORE_03,Apparel,1299.0,120,114.2,-5.8000030517578125
2025-10-12,PROD_12,High-Waist Performance Yoga Pants,STORE_03,Apparel,1299.0,144,109.2,-34.80000305175781
2025-10-13,PROD_12,High-Waist Performance Yoga Pants,STORE_03,Apparel,1169.1,123,128.0,5.0
2025-10-14,PROD_12,High-Waist Performance Yoga Pants,STORE_03,Apparel,1234.05,106,123.6,17.599998474121094
2025-10-15,PROD_12,High-Waist Performance Yoga Pants,STORE_03,Apparel,1299.0,86,95.2,9.199996948242188
2025-10-16,PROD_12,High-Waist Performance Yoga Pants,STORE_03,Apparel,1247.04,102,97.6,-4.400001525878906
2025-10-17,PROD_12,High-Waist Performance Yoga Pants,STORE_03,Apparel,1299.0,111,112.9,1.9000015258789062
2025-10-18,PROD_12,High-Waist Performance Yoga Pants,STORE_03,Apparel,1299.0,131,125.1,-5.900001525878906
2025-10-19,PROD_12,High-Waist Performance Yoga Pants,STORE_03,Apparel,1273.02,119,124.4,5.400001525878906
2025-10-20,PROD_12,High-Waist Performance Yoga Pants,STORE_03,Apparel,1299.0,81,97.2,16.199996948242188
2025-10-21,PROD_12,High-Waist Performance Yoga Pants,STORE_03,Apparel,1039.2,135,155.7,20.699996948242188
2025-10-22,PROD_12,High-Waist Performance Yoga Pants,STORE_03,Apparel,1234.05,97,130.0,33.0
2025-10-23,PROD_12,High-Waist Performance Yoga Pants,STORE_03,Apparel,1299.0,83,98.5,15.5
2025-10-24,PROD_12,High-Waist Performance Yoga Pants,STORE_03,Apparel,1299.0,98,108.2,10.199996948242188
2025-10-25,PROD_12,High-Waist Performance Yoga Pants,STORE_03,Apparel,1299.0,131,121.6,-9.400001525878906
2025-10-26,PROD_12,High-Waist Performance Yoga Pants,STORE_03,Apparel,1299.0,114,124.2,10.199996948242188
2025-10-27,PROD_12,High-Waist Performance Yoga Pants,STORE_03,Apparel,1273.02,119,96.6,-22.400001525878906
2025-10-28,PROD_12,High-Waist Performance Yoga Pants,STORE_03,Apparel,1299.0,73,95.0,22.0
2025-10-29,PROD_12,High-Waist Performance Yoga Pants,STORE_03,Apparel,1299.0,100,94.1,-5.900001525878906
2025-10-30,PROD_12,High-Waist Performance Yoga Pants,STORE_03,Apparel,1169.1,127,144.4,17.399993896484375
2025-10-31,PROD_12,High-Waist Performance Yoga Pants,STORE_03,Apparel,1299.0,109,116.2,7.1999969482421875
2025-11-01,PROD_12,High-Waist Performance Yoga Pants,STORE_03,Apparel,1169.1,169,189.3,20.300003051757812
2025-11-02,PROD_12,High-Waist Performance Yoga Pants,STORE_03,Apparel,1169.1,143,189.7,46.69999694824219
2025-11-03,PROD_12,High-Waist Performance Yoga Pants,STORE_03,Apparel,1247.04,92,91.6,-0.40000152587890625
2025-11-04,PROD_12,High-Waist Performance Yoga Pants,STORE_03,Apparel,1299.0,96,93.4,-2.5999984741210938
2025-11-05,PROD_12,High-Waist Performance Yoga Pants,STORE_03,Apparel,1299.0,96,92.2,-3.8000030517578125
2025-11-06,PROD_12,High-Waist Performance Yoga Pants,STORE_03,Apparel,1299.0,81,93.8,12.800003051757812
2025-11-07,PROD_12,High-Waist Performance Yoga Pants,STORE_03,Apparel,1299.0,83,101.2,18.199996948242188
2025-11-08,PROD_12,High-Waist Performance Yoga Pants,STORE_03,Apparel,1247.04,126,117.3,-8.699996948242188
2025-11-09,PROD_12,High-Waist Performance Yoga Pants,STORE_03,Apparel,1299.0,116,118.9,2.9000015258789062
2025-11-10,PROD_12,High-Waist Performance Yoga Pants,STORE_03,Apparel,1299.0,84,91.6,7.599998474121094
2025-11-11,PROD_12,High-Waist Performance Yoga Pants,STORE_03,Apparel,1299.0,72,88.8,16.800003051757812
2025-11-12,PROD_12,High-Waist Performance Yoga Pants,STORE_03,Apparel,1234.05,116,121.5,5.5
2025-11-13,PROD_12,High-Waist Performance Yoga Pants,STORE_03,Apparel,1273.02,96,89.7,-6.3000030517578125
2025-11-14,PROD_12,High-Waist Performance Yoga Pants,STORE_03,Apparel,1104.15,198,166.2,-31.800003051757812
2025-11-15,PROD_12,High-Waist Performance Yoga Pants,STORE_03,Apparel,1299.0,98,117.7,19.699996948242188
2025-11-16,PROD_12,High-Waist Performance Yoga Pants,STORE_03,Apparel,1299.0,134,115.3,-18.699996948242188
2025-11-17,PROD_12,High-Waist Performance Yoga Pants,STORE_03,Apparel,1299.0,96,82.9,-13.099998474121094
2025-11-18,PROD_12,High-Waist Performance Yoga Pants,STORE_03,Apparel,1299.0,70,86.5,16.5
2025-11-19,PROD_12,High-Waist Performance Yoga Pants,STORE_03,Apparel,1273.02,97,86.6,-10.400001525878906
2025-11-20,PROD_12,High-Waist Performance Yoga Pants,STORE_03,Apparel,1299.0,98,83.5,-14.5
2025-11-21,PROD_12,High-Waist Performance Yoga Pants,STORE_03,Apparel,1299.0,103,99.5,-3.5
2025-11-22,PROD_12,High-Waist Performance Yoga Pants,STORE_03,Apparel,1299.0,144,118.7,-25.300003051757812
2025-11-23,PROD_12,High-Waist Performance Yoga Pants,STORE_03,Apparel,1169.1,213,178.4,-34.600006103515625
2025-11-24,PROD_12,High-Waist Performance Yoga Pants,STORE_03,Apparel,1299.0,90,89.3,-0.6999969482421875
2025-11-25,PROD_12,High-Waist Performance Yoga Pants,STORE_03,Apparel,1299.0,87,85.2,-1.8000030517578125
2025-11-26,PROD_12,High-Waist Performance Yoga Pants,STORE_03,Apparel,1273.02,100,90.4,-9.599998474121094
2025-11-27,PROD_12,High-Waist Performance Yoga Pants,STORE_03,Apparel,1247.04,93,90.8,-2.1999969482421875
2025-11-28,PROD_12,High-Waist Performance Yoga Pants,STORE_03,Apparel,1299.0,104,102.7,-1.3000030517578125
2025-11-29,PROD_12,High-Waist Performance Yoga Pants,STORE_03,Apparel,1299.0,113,112.7,-0.3000030517578125
2025-11-30,PROD_12,High-Waist Performance Yoga Pants,STORE_03,Apparel,1299.0,116,113.7,-2.3000030517578125
2025-12-01,PROD_12,High-Waist Performance Yoga Pants,STORE_03,Apparel,1299.0,99,89.7,-9.300003051757812
2025-12-02,PROD_12,High-Waist Performance Yoga Pants,STORE_03,Apparel,1299.0,84,91.7,7.6999969482421875
2025-12-03,PROD_12,High-Waist Performance Yoga Pants,STORE_03,Apparel,1247.04,92,93.9,1.9000015258789062
2025-12-04,PROD_12,High-Waist Performance Yoga Pants,STORE_03,Apparel,1299.0,85,91.1,6.099998474121094
2025-12-05,PROD_12,High-Waist Performance Yoga Pants,STORE_03,Apparel,1299.0,101,101.4,0.40000152587890625
2025-12-06,PROD_12,High-Waist Performance Yoga Pants,STORE_03,Apparel,1273.02,99,121.9,22.900001525878906
2025-12-07,PROD_12,High-Waist Performance Yoga Pants,STORE_03,Apparel,1299.0,131,114.8,-16.199996948242188
2025-12-08,PROD_12,High-Waist Performance Yoga Pants,STORE_03,Apparel,1299.0,96,86.6,-9.400001525878906
2025-12-09,PROD_12,High-Waist Performance Yoga Pants,STORE_03,Apparel,1299.0,89,86.4,-2.5999984741210938
2025-12-10,PROD_12,High-Waist Performance Yoga Pants,STORE_03,Apparel,1299.0,87,87.5,0.5
2025-12-11,PROD_12,High-Waist Performance Yoga Pants,STORE_03,Apparel,1299.0,90,87.3,-2.6999969482421875
2025-12-12,PROD_12,High-Waist Performance Yoga Pants,STORE_03,Apparel,1299.0,101,102.0,1.0
2025-12-13,PROD_12,High-Waist Performance Yoga Pants,STORE_03,Apparel,1299.0,137,114.1,-22.900001525878906
2025-12-14,PROD_12,High-Waist Performance Yoga Pants,STORE_03,Apparel,1299.0,121,115.9,-5.099998474121094
2025-12-15,PROD_12,High-Waist Performance Yoga Pants,STORE_03,Apparel,1273.02,97,89.3,-7.6999969482421875
2025-12-16,PROD_12,High-Waist Performance Yoga Pants,STORE_03,Apparel,1299.0,81,85.9,4.900001525878906
2025-12-17,PROD_12,High-Waist Performance Yoga Pants,STORE_03,Apparel,1169.1,130,125.5,-4.5
2025-12-18,PROD_12,High-Waist Performance Yoga Pants,STORE_03,Apparel,1299.0,86,88.3,2.3000030517578125
2025-12-19,PROD_12,High-Waist Performance Yoga Pants,STORE_03,Apparel,1299.0,113,100.8,-12.199996948242188
2025-12-20,PROD_12,High-Waist Performance Yoga Pants,STORE_03,Apparel,1039.2,207,196.4,-10.600006103515625
2025-12-21,PROD_12,High-Waist Performance Yoga Pants,STORE_03,Apparel,1169.1,173,188.9,15.899993896484375
2025-12-22,PROD_12,High-Waist Performance Yoga Pants,STORE_03,Apparel,1169.1,125,131.7,6.6999969482421875
2025-12-23,PROD_12,High-Waist Performance Yoga Pants,STORE_03,Apparel,1104.15,145,142.9,-2.100006103515625
2025-12-24,PROD_12,High-Waist Performance Yoga Pants,STORE_03,Apparel,1247.04,92,97.7,5.6999969482421875
2025-12-25,PROD_12,High-Waist Performance Yoga Pants,STORE_03,Apparel,1169.1,121,132.7,11.699996948242188
2025-12-26,PROD_12,High-Waist Performance Yoga Pants,STORE_03,Apparel,1299.0,104,116.6,12.599998474121094
2025-12-27,PROD_12,High-Waist Performance Yoga Pants,STORE_03,Apparel,1273.02,149,122.6,-26.400001525878906
2025-12-28,PROD_12,High-Waist Performance Yoga Pants,STORE_03,Apparel,1273.02,129,131.5,2.5
2025-12-29,PROD_12,High-Waist Performance Yoga Pants,STORE_03,Apparel,1299.0,84,99.9,15.900001525878906
2025-12-30,PROD_12,High-Waist Performance Yoga Pants,STORE_03,Apparel,1299.0,83,96.3,13.300003051757812
2025-12-31,PROD_12,High-Waist Performance Yoga Pants,STORE_03,Apparel,1104.15,124,145.2,21.199996948242188
2025-09-17,PROD_12,High-Waist Performance Yoga Pants,STORE_04,Apparel,1273.02,44,46.0,2.0
2025-09-18,PROD_12,High-Waist Performance Yoga Pants,STORE_04,Apparel,1299.0,44,45.0,1.0
2025-09-19,PROD_12,High-Waist Performance Yoga Pants,STORE_04,Apparel,1039.2,87,91.9,4.900001525878906
2025-09-20,PROD_12,High-Waist Performance Yoga Pants,STORE_04,Apparel,1299.0,54,60.0,6.0
2025-09-21,PROD_12,High-Waist Performance Yoga Pants,STORE_04,Apparel,1299.0,60,58.3,-1.7000007629394531
2025-09-22,PROD_12,High-Waist Performance Yoga Pants,STORE_04,Apparel,1299.0,41,46.1,5.099998474121094
2025-09-23,PROD_12,High-Waist Performance Yoga Pants,STORE_04,Apparel,1299.0,45,43.4,-1.5999984741210938
2025-09-24,PROD_12,High-Waist Performance Yoga Pants,STORE_04,Apparel,1299.0,54,43.4,-10.599998474121094
2025-09-25,PROD_12,High-Waist Performance Yoga Pants,STORE_04,Apparel,1299.0,42,44.5,2.5
2025-09-26,PROD_12,High-Waist Performance Yoga Pants,STORE_04,Apparel,1299.0,60,52.1,-7.900001525878906
2025-09-27,PROD_12,High-Waist Performance Yoga Pants,STORE_04,Apparel,1299.0,45,59.8,14.799999237060547
2025-09-28,PROD_12,High-Waist Performance Yoga Pants,STORE_04,Apparel,1273.02,49,59.2,10.200000762939453
2025-09-29,PROD_12,High-Waist Performance Yoga Pants,STORE_04,Apparel,1299.0,45,44.0,-1.0
2025-09-30,PROD_12,High-Waist Performance Yoga Pants,STORE_04,Apparel,1273.02,48,45.6,-2.4000015258789062
2025-10-01,PROD_12,High-Waist Performance Yoga Pants,STORE_04,Apparel,1299.0,49,50.6,1.5999984741210938
2025-10-02,PROD_12,High-Waist Performance Yoga Pants,STORE_04,Apparel,1299.0,50,50.6,0.5999984741210938
2025-10-03,PROD_12,High-Waist Performance Yoga Pants,STORE_04,Apparel,1299.0,61,59.8,-1.2000007629394531
2025-10-04,PROD_12,High-Waist Performance Yoga Pants,STORE_04,Apparel,1299.0,95,64.5,-30.5
2025-10-05,PROD_12,High-Waist Performance Yoga Pants,STORE_04,Apparel,1299.0,66,66.9,0.9000015258789062
2025-10-06,PROD_12,High-Waist Performance Yoga Pants,STORE_04,Apparel,1299.0,61,55.0,-6.0
2025-10-07,PROD_12,High-Waist Performance Yoga Pants,STORE_04,Apparel,1299.0,57,54.9,-2.0999984741210938
2025-10-08,PROD_12,High-Waist Performance Yoga Pants,STORE_04,Apparel,1299.0,49,54.7,5.700000762939453
2025-10-09,PROD_12,High-Waist Performance Yoga Pants,STORE_04,Apparel,1299.0,54,54.4,0.40000152587890625
2025-10-10,PROD_12,High-Waist Performance Yoga Pants,STORE_04,Apparel,1299.0,66,64.7,-1.3000030517578125
2025-10-11,PROD_12,High-Waist Performance Yoga Pants,STORE_04,Apparel,1247.04,108,76.8,-31.199996948242188
2025-10-12,PROD_12,High-Waist Performance Yoga Pants,STORE_04,Apparel,1104.15,144,118.5,-25.5
2025-10-13,PROD_12,High-Waist Performance Yoga Pants,STORE_04,Apparel,1299.0,54,61.6,7.599998474121094
2025-10-14,PROD_12,High-Waist Performance Yoga Pants,STORE_04,Apparel,1234.05,87,82.4,-4.599998474121094
2025-10-15,PROD_12,High-Waist Performance Yoga Pants,STORE_04,Apparel,1299.0,69,60.5,-8.5
2025-10-16,PROD_12,High-Waist Performance Yoga Pants,STORE_04,Apparel,1299.0,55,62.0,7.0
2025-10-17,PROD_12,High-Waist Performance Yoga Pants,STORE_04,Apparel,1234.05,104,97.1,-6.900001525878906
2025-10-18,PROD_12,High-Waist Performance Yoga Pants,STORE_04,Apparel,1299.0,99,79.3,-19.699996948242188
2025-10-19,PROD_12,High-Waist Performance Yoga Pants,STORE_04,Apparel,1299.0,71,78.2,7.1999969482421875
2025-10-20,PROD_12,High-Waist Performance Yoga Pants,STORE_04,Apparel,1234.05,69,87.7,18.699996948242188
2025-10-21,PROD_12,High-Waist Performance Yoga Pants,STORE_04,Apparel,1247.04,59,70.7,11.699996948242188
2025-10-22,PROD_12,High-Waist Performance Yoga Pants,STORE_04,Apparel,1234.05,86,88.7,2.6999969482421875
2025-10-23,PROD_12,High-Waist Performance Yoga Pants,STORE_04,Apparel,1299.0,69,67.7,-1.3000030517578125
2025-10-24,PROD_12,High-Waist Performance Yoga Pants,STORE_04,Apparel,1104.15,129,120.5,-8.5
2025-10-25,PROD_12,High-Waist Performance Yoga Pants,STORE_04,Apparel,1299.0,88,87.0,-1.0
2025-10-26,PROD_12,High-Waist Performance Yoga Pants,STORE_04,Apparel,1299.0,77,85.3,8.300003051757812
2025-10-27,PROD_12,High-Waist Performance Yoga Pants,STORE_04,Apparel,1299.0,59,68.9,9.900001525878906
2025-10-28,PROD_12,High-Waist Performance Yoga Pants,STORE_04,Apparel,1273.02,83,69.7,-13.300003051757812
2025-10-29,PROD_12,High-Waist Performance Yoga Pants,STORE_04,Apparel,1104.15,105,103.7,-1.3000030517578125
2025-10-30,PROD_12,High-Waist Performance Yoga Pants,STORE_04,Apparel,1299.0,55,71.4,16.400001525878906
2025-10-31,PROD_12,High-Waist Performance Yoga Pants,STORE_04,Apparel,1299.0,82,74.3,-7.6999969482421875
2025-11-01,PROD_12,High-Waist Performance Yoga Pants,STORE_04,Apparel,1299.0,80,88.5,8.5
2025-11-02,PROD_12,High-Waist Performance Yoga Pants,STORE_04,Apparel,1299.0,78,87.8,9.800003051757812
2025-11-03,PROD_12,High-Waist Performance Yoga Pants,STORE_04,Apparel,1247.04,72,70.3,-1.6999969482421875
2025-11-04,PROD_12,High-Waist Performance Yoga Pants,STORE_04,Apparel,1299.0,71,68.4,-2.5999984741210938
2025-11-05,PROD_12,High-Waist Performance Yoga Pants,STORE_04,Apparel,1299.0,73,68.2,-4.8000030517578125
2025-11-06,PROD_12,High-Waist Performance Yoga Pants,STORE_04,Apparel,1299.0,70,67.4,-2.5999984741210938
2025-11-07,PROD_12,High-Waist Performance Yoga Pants,STORE_04,Apparel,1299.0,65,78.1,13.099998474121094
2025-11-08,PROD_12,High-Waist Performance Yoga Pants,STORE_04,Apparel,1299.0,83,83.4,0.40000152587890625
2025-11-09,PROD_12,High-Waist Performance Yoga Pants,STORE_04,Apparel,1299.0,79,88.2,9.199996948242188
2025-11-10,PROD_12,High-Waist Performance Yoga Pants,STORE_04,Apparel,1273.02,69,65.9,-3.0999984741210938
2025-11-11,PROD_12,High-Waist Performance Yoga Pants,STORE_04,Apparel,1273.02,74,68.6,-5.400001525878906
2025-11-12,PROD_12,High-Waist Performance Yoga Pants,STORE_04,Apparel,1299.0,59,67.6,8.599998474121094
2025-11-13,PROD_12,High-Waist Performance Yoga Pants,STORE_04,Apparel,1247.04,61,65.3,4.3000030517578125
2025-11-14,PROD_12,High-Waist Performance Yoga Pants,STORE_04,Apparel,1299.0,80,75.1,-4.900001525878906
2025-11-15,PROD_12,High-Waist Performance Yoga Pants,STORE_04,Apparel,1299.0,79,84.9,5.900001525878906
2025-11-16,PROD_12,High-Waist Performance Yoga Pants,STORE_04,Apparel,1104.15,143,126.4,-16.599998474121094
2025-11-17,PROD_12,High-Waist Performance Yoga Pants,STORE_04,Apparel,1273.02,61,64.7,3.6999969482421875
2025-11-18,PROD_12,High-Waist Performance Yoga Pants,STORE_04,Apparel,1299.0,69,62.4,-6.599998474121094
2025-11-19,PROD_12,High-Waist Performance Yoga Pants,STORE_04,Apparel,1299.0,59,64.2,5.1999969482421875
2025-11-20,PROD_12,High-Waist Performance Yoga Pants,STORE_04,Apparel,1273.02,63,63.1,0.09999847412109375
2025-11-21,PROD_12,High-Waist Performance Yoga Pants,STORE_04,Apparel,1039.2,132,124.4,-7.599998474121094
2025-11-22,PROD_12,High-Waist Performance Yoga Pants,STORE_04,Apparel,1299.0,68,87.2,19.199996948242188
2025-11-23,PROD_12,High-Waist Performance Yoga Pants,STORE_04,Apparel,1169.1,148,131.3,-16.699996948242188
2025-11-24,PROD_12,High-Waist Performance Yoga Pants,STORE_04,Apparel,1299.0,63,64.4,1.4000015258789062
2025-11-25,PROD_12,High-Waist Performance Yoga Pants,STORE_04,Apparel,1299.0,57,66.8,9.800003051757812
2025-11-26,PROD_12,High-Waist Performance Yoga Pants,STORE_04,Apparel,1273.02,58,67.5,9.5
2025-11-27,PROD_12,High-Waist Performance Yoga Pants,STORE_04,Apparel,1299.0,70,63.9,-6.099998474121094
2025-11-28,PROD_12,High-Waist Performance Yoga Pants,STORE_04,Apparel,1234.05,135,105.5,-29.5
2025-11-29,PROD_12,High-Waist Performance Yoga Pants,STORE_04,Apparel,1247.04,85,89.9,4.900001525878906
2025-11-30,PROD_12,High-Waist Performance Yoga Pants,STORE_04,Apparel,1299.0,79,88.0,9.0
2025-12-01,PROD_12,High-Waist Performance Yoga Pants,STORE_04,Apparel,1273.02,83,67.8,-15.199996948242188
2025-12-02,PROD_12,High-Waist Performance Yoga Pants,STORE_04,Apparel,1169.1,101,96.0,-5.0
2025-12-03,PROD_12,High-Waist Performance Yoga Pants,STORE_04,Apparel,1299.0,61,71.5,10.5
2025-12-04,PROD_12,High-Waist Performance Yoga Pants,STORE_04,Apparel,1299.0,65,70.1,5.099998474121094
2025-12-05,PROD_12,High-Waist Performance Yoga Pants,STORE_04,Apparel,1299.0,67,75.3,8.300003051757812
2025-12-06,PROD_12,High-Waist Performance Yoga Pants,STORE_04,Apparel,1104.15,117,143.7,26.699996948242188
2025-12-07,PROD_12,High-Waist Performance Yoga Pants,STORE_04,Apparel,1299.0,83,89.1,6.099998474121094
2025-12-08,PROD_12,High-Waist Performance Yoga Pants,STORE_04,Apparel,1299.0,62,68.8,6.8000030517578125
2025-12-09,PROD_12,High-Waist Performance Yoga Pants,STORE_04,Apparel,1299.0,56,67.9,11.900001525878906
2025-12-10,PROD_12,High-Waist Performance Yoga Pants,STORE_04,Apparel,1299.0,67,66.1,-0.9000015258789062
2025-12-11,PROD_12,High-Waist Performance Yoga Pants,STORE_04,Apparel,1299.0,56,67.6,11.599998474121094
2025-12-12,PROD_12,High-Waist Performance Yoga Pants,STORE_04,Apparel,1273.02,78,76.3,-1.6999969482421875
2025-12-13,PROD_12,High-Waist Performance Yoga Pants,STORE_04,Apparel,1273.02,87,85.3,-1.6999969482421875
2025-12-14,PROD_12,High-Waist Performance Yoga Pants,STORE_04,Apparel,1234.05,108,126.0,18.0
2025-12-15,PROD_12,High-Waist Performance Yoga Pants,STORE_04,Apparel,1104.15,88,99.4,11.400001525878906
2025-12-16,PROD_12,High-Waist Performance Yoga Pants,STORE_04,Apparel,1299.0,75,67.8,-7.1999969482421875
2025-12-17,PROD_12,High-Waist Performance Yoga Pants,STORE_04,Apparel,1299.0,55,67.2,12.199996948242188
2025-12-18,PROD_12,High-Waist Performance Yoga Pants,STORE_04,Apparel,1299.0,69,64.8,-4.1999969482421875
2025-12-19,PROD_12,High-Waist Performance Yoga Pants,STORE_04,Apparel,1299.0,82,78.8,-3.1999969482421875
2025-12-20,PROD_12,High-Waist Performance Yoga Pants,STORE_04,Apparel,1247.04,94,91.1,-2.9000015258789062
2025-12-21,PROD_12,High-Waist Performance Yoga Pants,STORE_04,Apparel,1104.15,143,141.8,-1.1999969482421875
2025-12-22,PROD_12,High-Waist Performance Yoga Pants,STORE_04,Apparel,1299.0,56,66.8,10.800003051757812
2025-12-23,PROD_12,High-Waist Performance Yoga Pants,STORE_04,Apparel,1299.0,58,64.3,6.3000030517578125
2025-12-24,PROD_12,High-Waist Performance Yoga Pants,STORE_04,Apparel,1234.05,83,83.8,0.8000030517578125
2025-12-25,PROD_12,High-Waist Performance Yoga Pants,STORE_04,Apparel,1299.0,52,66.8,14.800003051757812
2025-12-26,PROD_12,High-Waist Performance Yoga Pants,STORE_04,Apparel,1039.2,116,117.1,1.0999984741210938
2025-12-27,PROD_12,High-Waist Performance Yoga Pants,STORE_04,Apparel,1299.0,73,87.0,14.0
2025-12-28,PROD_12,High-Waist Performance Yoga Pants,STORE_04,Apparel,1299.0,91,83.7,-7.3000030517578125
2025-12-29,PROD_12,High-Waist Performance Yoga Pants,STORE_04,Apparel,1299.0,57,66.0,9.0
2025-12-30,PROD_12,High-Waist Performance Yoga Pants,STORE_04,Apparel,974.25,141,128.3,-12.699996948242188
2025-12-31,PROD_12,High-Waist Performance Yoga Pants,STORE_04,Apparel,1299.0,61,65.6,4.599998474121094
2025-09-17,PROD_13,Digital Touchscreen Air Fryer 4.5L,STORE_01,Home & Kitchen,3999.0,24,27.7,3.700000762939453
2025-09-18,PROD_13,Digital Touchscreen Air Fryer 4.5L,STORE_01,Home & Kitchen,3839.04,30,30.0,0.0
2025-09-19,PROD_13,Digital Touchscreen Air Fryer 4.5L,STORE_01,Home & Kitchen,3919.02,36,33.1,-2.9000015258789062
2025-09-20,PROD_13,Digital Touchscreen Air Fryer 4.5L,STORE_01,Home & Kitchen,3999.0,41,37.6,-3.4000015258789062
2025-09-21,PROD_13,Digital Touchscreen Air Fryer 4.5L,STORE_01,Home & Kitchen,3999.0,35,38.7,3.700000762939453
2025-09-22,PROD_13,Digital Touchscreen Air Fryer 4.5L,STORE_01,Home & Kitchen,3799.05,38,39.0,1.0
2025-09-23,PROD_13,Digital Touchscreen Air Fryer 4.5L,STORE_01,Home & Kitchen,3999.0,38,30.1,-7.899999618530273
2025-09-24,PROD_13,Digital Touchscreen Air Fryer 4.5L,STORE_01,Home & Kitchen,3999.0,32,29.6,-2.3999996185302734
2025-09-25,PROD_13,Digital Touchscreen Air Fryer 4.5L,STORE_01,Home & Kitchen,3839.04,30,31.2,1.2000007629394531
2025-09-26,PROD_13,Digital Touchscreen Air Fryer 4.5L,STORE_01,Home & Kitchen,3999.0,32,33.1,1.0999984741210938
2025-09-27,PROD_13,Digital Touchscreen Air Fryer 4.5L,STORE_01,Home & Kitchen,3599.1,55,57.0,2.0
2025-09-28,PROD_13,Digital Touchscreen Air Fryer 4.5L,STORE_01,Home & Kitchen,3399.15,62,63.8,1.7999992370605469
2025-09-29,PROD_13,Digital Touchscreen Air Fryer 4.5L,STORE_01,Home & Kitchen,3999.0,32,31.6,-0.39999961853027344
2025-09-30,PROD_13,Digital Touchscreen Air Fryer 4.5L,STORE_01,Home & Kitchen,3999.0,31,29.8,-1.2000007629394531
2025-10-01,PROD_13,Digital Touchscreen Air Fryer 4.5L,STORE_01,Home & Kitchen,3999.0,41,34.6,-6.400001525878906
2025-10-02,PROD_13,Digital Touchscreen Air Fryer 4.5L,STORE_01,Home & Kitchen,3999.0,39,35.2,-3.799999237060547
2025-10-03,PROD_13,Digital Touchscreen Air Fryer 4.5L,STORE_01,Home & Kitchen,2999.25,86,78.2,-7.8000030517578125
2025-10-04,PROD_13,Digital Touchscreen Air Fryer 4.5L,STORE_01,Home & Kitchen,3839.04,62,53.4,-8.599998474121094
2025-10-05,PROD_13,Digital Touchscreen Air Fryer 4.5L,STORE_01,Home & Kitchen,3999.0,60,52.1,-7.900001525878906
2025-10-06,PROD_13,Digital Touchscreen Air Fryer 4.5L,STORE_01,Home & Kitchen,3919.02,38,42.2,4.200000762939453
2025-10-07,PROD_13,Digital Touchscreen Air Fryer 4.5L,STORE_01,Home & Kitchen,3999.0,39,39.4,0.40000152587890625
2025-10-08,PROD_13,Digital Touchscreen Air Fryer 4.5L,STORE_01,Home & Kitchen,3839.04,50,43.3,-6.700000762939453
2025-10-09,PROD_13,Digital Touchscreen Air Fryer 4.5L,STORE_01,Home & Kitchen,3999.0,48,39.8,-8.200000762939453
2025-10-10,PROD_13,Digital Touchscreen Air Fryer 4.5L,STORE_01,Home & Kitchen,3999.0,35,48.2,13.200000762939453
2025-10-11,PROD_13,Digital Touchscreen Air Fryer 4.5L,STORE_01,Home & Kitchen,3799.05,64,70.7,6.6999969482421875
2025-10-12,PROD_13,Digital Touchscreen Air Fryer 4.5L,STORE_01,Home & Kitchen,3599.1,72,79.2,7.1999969482421875
2025-10-13,PROD_13,Digital Touchscreen Air Fryer 4.5L,STORE_01,Home & Kitchen,3999.0,39,40.7,1.7000007629394531
2025-10-14,PROD_13,Digital Touchscreen Air Fryer 4.5L,STORE_01,Home & Kitchen,3999.0,43,40.6,-2.4000015258789062
2025-10-15,PROD_13,Digital Touchscreen Air Fryer 4.5L,STORE_01,Home & Kitchen,3999.0,36,40.7,4.700000762939453
2025-10-16,PROD_13,Digital Touchscreen Air Fryer 4.5L,STORE_01,Home & Kitchen,3999.0,39,39.7,0.7000007629394531
2025-10-17,PROD_13,Digital Touchscreen Air Fryer 4.5L,STORE_01,Home & Kitchen,3919.02,44,47.2,3.200000762939453
2025-10-18,PROD_13,Digital Touchscreen Air Fryer 4.5L,STORE_01,Home & Kitchen,3839.04,56,56.1,0.09999847412109375
2025-10-19,PROD_13,Digital Touchscreen Air Fryer 4.5L,STORE_01,Home & Kitchen,3839.04,56,58.1,2.0999984741210938
2025-10-20,PROD_13,Digital Touchscreen Air Fryer 4.5L,STORE_01,Home & Kitchen,3839.04,32,45.7,13.700000762939453
2025-10-21,PROD_13,Digital Touchscreen Air Fryer 4.5L,STORE_01,Home & Kitchen,3599.1,64,58.7,-5.299999237060547
2025-10-22,PROD_13,Digital Touchscreen Air Fryer 4.5L,STORE_01,Home & Kitchen,3799.05,43,58.8,15.799999237060547
2025-10-23,PROD_13,Digital Touchscreen Air Fryer 4.5L,STORE_01,Home & Kitchen,3199.2,54,73.7,19.699996948242188
2025-10-24,PROD_13,Digital Touchscreen Air Fryer 4.5L,STORE_01,Home & Kitchen,3999.0,38,50.5,12.5
2025-10-25,PROD_13,Digital Touchscreen Air Fryer 4.5L,STORE_01,Home & Kitchen,3399.15,103,85.6,-17.400001525878906
2025-10-26,PROD_13,Digital Touchscreen Air Fryer 4.5L,STORE_01,Home & Kitchen,3999.0,45,58.8,13.799999237060547
2025-10-27,PROD_13,Digital Touchscreen Air Fryer 4.5L,STORE_01,Home & Kitchen,3199.2,78,72.8,-5.1999969482421875
2025-10-28,PROD_13,Digital Touchscreen Air Fryer 4.5L,STORE_01,Home & Kitchen,3599.1,43,71.0,28.0
2025-10-29,PROD_13,Digital Touchscreen Air Fryer 4.5L,STORE_01,Home & Kitchen,3999.0,38,43.1,5.099998474121094
2025-10-30,PROD_13,Digital Touchscreen Air Fryer 4.5L,STORE_01,Home & Kitchen,3919.02,34,43.6,9.599998474121094
2025-10-31,PROD_13,Digital Touchscreen Air Fryer 4.5L,STORE_01,Home & Kitchen,3999.0,49,48.5,-0.5
2025-11-01,PROD_13,Digital Touchscreen Air Fryer 4.5L,STORE_01,Home & Kitchen,3999.0,49,54.9,5.900001525878906
2025-11-02,PROD_13,Digital Touchscreen Air Fryer 4.5L,STORE_01,Home & Kitchen,3799.05,72,74.2,2.1999969482421875
2025-11-03,PROD_13,Digital Touchscreen Air Fryer 4.5L,STORE_01,Home & Kitchen,3999.0,44,37.6,-6.400001525878906
2025-11-04,PROD_13,Digital Touchscreen Air Fryer 4.5L,STORE_01,Home & Kitchen,3919.02,41,40.9,-0.09999847412109375
2025-11-05,PROD_13,Digital Touchscreen Air Fryer 4.5L,STORE_01,Home & Kitchen,3999.0,39,38.6,-0.40000152587890625
2025-11-06,PROD_13,Digital Touchscreen Air Fryer 4.5L,STORE_01,Home & Kitchen,3999.0,40,38.9,-1.0999984741210938
2025-11-07,PROD_13,Digital Touchscreen Air Fryer 4.5L,STORE_01,Home & Kitchen,3839.04,40,47.3,7.299999237060547
2025-11-08,PROD_13,Digital Touchscreen Air Fryer 4.5L,STORE_01,Home & Kitchen,3999.0,57,49.6,-7.400001525878906
2025-11-09,PROD_13,Digital Touchscreen Air Fryer 4.5L,STORE_01,Home & Kitchen,3999.0,46,53.3,7.299999237060547
2025-11-10,PROD_13,Digital Touchscreen Air Fryer 4.5L,STORE_01,Home & Kitchen,3799.05,56,58.1,2.0999984741210938
2025-11-11,PROD_13,Digital Touchscreen Air Fryer 4.5L,STORE_01,Home & Kitchen,3999.0,37,37.7,0.7000007629394531
2025-11-12,PROD_13,Digital Touchscreen Air Fryer 4.5L,STORE_01,Home & Kitchen,3839.04,40,40.5,0.5
2025-11-13,PROD_13,Digital Touchscreen Air Fryer 4.5L,STORE_01,Home & Kitchen,3999.0,35,36.6,1.5999984741210938
2025-11-14,PROD_13,Digital Touchscreen Air Fryer 4.5L,STORE_01,Home & Kitchen,3599.1,85,59.1,-25.900001525878906
2025-11-15,PROD_13,Digital Touchscreen Air Fryer 4.5L,STORE_01,Home & Kitchen,3919.02,55,51.7,-3.299999237060547
2025-11-16,PROD_13,Digital Touchscreen Air Fryer 4.5L,STORE_01,Home & Kitchen,3999.0,37,50.6,13.599998474121094
2025-11-17,PROD_13,Digital Touchscreen Air Fryer 4.5L,STORE_01,Home & Kitchen,3999.0,37,36.5,-0.5
2025-11-18,PROD_13,Digital Touchscreen Air Fryer 4.5L,STORE_01,Home & Kitchen,3919.02,47,37.5,-9.5
2025-11-19,PROD_13,Digital Touchscreen Air Fryer 4.5L,STORE_01,Home & Kitchen,3999.0,41,37.2,-3.799999237060547
2025-11-20,PROD_13,Digital Touchscreen Air Fryer 4.5L,STORE_01,Home & Kitchen,3999.0,33,36.6,3.5999984741210938
2025-11-21,PROD_13,Digital Touchscreen Air Fryer 4.5L,STORE_01,Home & Kitchen,3999.0,44,41.2,-2.799999237060547
2025-11-22,PROD_13,Digital Touchscreen Air Fryer 4.5L,STORE_01,Home & Kitchen,3999.0,41,51.0,10.0
2025-11-23,PROD_13,Digital Touchscreen Air Fryer 4.5L,STORE_01,Home & Kitchen,3999.0,44,47.0,3.0
2025-11-24,PROD_13,Digital Touchscreen Air Fryer 4.5L,STORE_01,Home & Kitchen,3399.15,67,63.5,-3.5
2025-11-25,PROD_13,Digital Touchscreen Air Fryer 4.5L,STORE_01,Home & Kitchen,3999.0,34,37.4,3.4000015258789062
2025-11-26,PROD_13,Digital Touchscreen Air Fryer 4.5L,STORE_01,Home & Kitchen,3999.0,38,35.2,-2.799999237060547
2025-11-27,PROD_13,Digital Touchscreen Air Fryer 4.5L,STORE_01,Home & Kitchen,3999.0,35,34.8,-0.20000076293945312
2025-11-28,PROD_13,Digital Touchscreen Air Fryer 4.5L,STORE_01,Home & Kitchen,3999.0,48,42.1,-5.900001525878906
2025-11-29,PROD_13,Digital Touchscreen Air Fryer 4.5L,STORE_01,Home & Kitchen,3399.15,82,75.0,-7.0
2025-11-30,PROD_13,Digital Touchscreen Air Fryer 4.5L,STORE_01,Home & Kitchen,3999.0,45,49.3,4.299999237060547
2025-12-01,PROD_13,Digital Touchscreen Air Fryer 4.5L,STORE_01,Home & Kitchen,3839.04,34,40.8,6.799999237060547
2025-12-02,PROD_13,Digital Touchscreen Air Fryer 4.5L,STORE_01,Home & Kitchen,3999.0,36,36.2,0.20000076293945312
2025-12-03,PROD_13,Digital Touchscreen Air Fryer 4.5L,STORE_01,Home & Kitchen,3839.04,32,38.6,6.599998474121094
2025-12-04,PROD_13,Digital Touchscreen Air Fryer 4.5L,STORE_01,Home & Kitchen,3999.0,42,35.1,-6.900001525878906
2025-12-05,PROD_13,Digital Touchscreen Air Fryer 4.5L,STORE_01,Home & Kitchen,3999.0,37,41.8,4.799999237060547
2025-12-06,PROD_13,Digital Touchscreen Air Fryer 4.5L,STORE_01,Home & Kitchen,3999.0,49,44.4,-4.599998474121094
2025-12-07,PROD_13,Digital Touchscreen Air Fryer 4.5L,STORE_01,Home & Kitchen,3399.15,82,73.5,-8.5
2025-12-08,PROD_13,Digital Touchscreen Air Fryer 4.5L,STORE_01,Home & Kitchen,3999.0,42,36.8,-5.200000762939453
2025-12-09,PROD_13,Digital Touchscreen Air Fryer 4.5L,STORE_01,Home & Kitchen,3999.0,40,36.1,-3.9000015258789062
2025-12-10,PROD_13,Digital Touchscreen Air Fryer 4.5L,STORE_01,Home & Kitchen,3999.0,45,35.7,-9.299999237060547
2025-12-11,PROD_13,Digital Touchscreen Air Fryer 4.5L,STORE_01,Home & Kitchen,3999.0,32,37.5,5.5
2025-12-12,PROD_13,Digital Touchscreen Air Fryer 4.5L,STORE_01,Home & Kitchen,3999.0,39,41.9,2.9000015258789062
2025-12-13,PROD_13,Digital Touchscreen Air Fryer 4.5L,STORE_01,Home & Kitchen,3999.0,42,46.6,4.599998474121094
2025-12-14,PROD_13,Digital Touchscreen Air Fryer 4.5L,STORE_01,Home & Kitchen,3199.2,101,79.1,-21.900001525878906
2025-12-15,PROD_13,Digital Touchscreen Air Fryer 4.5L,STORE_01,Home & Kitchen,3919.02,42,38.2,-3.799999237060547
2025-12-16,PROD_13,Digital Touchscreen Air Fryer 4.5L,STORE_01,Home & Kitchen,3999.0,32,38.2,6.200000762939453
2025-12-17,PROD_13,Digital Touchscreen Air Fryer 4.5L,STORE_01,Home & Kitchen,3999.0,35,37.2,2.200000762939453
2025-12-18,PROD_13,Digital Touchscreen Air Fryer 4.5L,STORE_01,Home & Kitchen,3999.0,41,37.2,-3.799999237060547
2025-12-19,PROD_13,Digital Touchscreen Air Fryer 4.5L,STORE_01,Home & Kitchen,3999.0,46,43.3,-2.700000762939453
2025-12-20,PROD_13,Digital Touchscreen Air Fryer 4.5L,STORE_01,Home & Kitchen,3399.15,83,74.4,-8.599998474121094
2025-12-21,PROD_13,Digital Touchscreen Air Fryer 4.5L,STORE_01,Home & Kitchen,3999.0,43,52.9,9.900001525878906
2025-12-22,PROD_13,Digital Touchscreen Air Fryer 4.5L,STORE_01,Home & Kitchen,3999.0,38,38.1,0.09999847412109375
2025-12-23,PROD_13,Digital Touchscreen Air Fryer 4.5L,STORE_01,Home & Kitchen,3999.0,31,36.2,5.200000762939453
2025-12-24,PROD_13,Digital Touchscreen Air Fryer 4.5L,STORE_01,Home & Kitchen,3399.15,67,58.6,-8.400001525878906
2025-12-25,PROD_13,Digital Touchscreen Air Fryer 4.5L,STORE_01,Home & Kitchen,3799.05,44,53.6,9.599998474121094
2025-12-26,PROD_13,Digital Touchscreen Air Fryer 4.5L,STORE_01,Home & Kitchen,3799.05,77,58.3,-18.700000762939453
2025-12-27,PROD_13,Digital Touchscreen Air Fryer 4.5L,STORE_01,Home & Kitchen,3999.0,49,54.0,5.0
2025-12-28,PROD_13,Digital Touchscreen Air Fryer 4.5L,STORE_01,Home & Kitchen,3999.0,45,52.1,7.099998474121094
2025-12-29,PROD_13,Digital Touchscreen Air Fryer 4.5L,STORE_01,Home & Kitchen,3999.0,36,38.2,2.200000762939453
2025-12-30,PROD_13,Digital Touchscreen Air Fryer 4.5L,STORE_01,Home & Kitchen,3799.05,61,50.4,-10.599998474121094
2025-12-31,PROD_13,Digital Touchscreen Air Fryer 4.5L,STORE_01,Home & Kitchen,3999.0,39,40.9,1.9000015258789062
2025-09-17,PROD_13,Digital Touchscreen Air Fryer 4.5L,STORE_02,Home & Kitchen,3999.0,23,25.3,2.299999237060547
2025-09-18,PROD_13,Digital Touchscreen Air Fryer 4.5L,STORE_02,Home & Kitchen,3999.0,28,25.3,-2.700000762939453
2025-09-19,PROD_13,Digital Touchscreen Air Fryer 4.5L,STORE_02,Home & Kitchen,3599.1,32,43.9,11.900001525878906
2025-09-20,PROD_13,Digital Touchscreen Air Fryer 4.5L,STORE_02,Home & Kitchen,3999.0,32,35.4,3.4000015258789062
2025-09-21,PROD_13,Digital Touchscreen Air Fryer 4.5L,STORE_02,Home & Kitchen,3999.0,34,32.9,-1.0999984741210938
2025-09-22,PROD_13,Digital Touchscreen Air Fryer 4.5L,STORE_02,Home & Kitchen,3999.0,22,26.1,4.100000381469727
2025-09-23,PROD_13,Digital Touchscreen Air Fryer 4.5L,STORE_02,Home & Kitchen,3999.0,27,25.4,-1.6000003814697266
2025-09-24,PROD_13,Digital Touchscreen Air Fryer 4.5L,STORE_02,Home & Kitchen,3999.0,29,25.4,-3.6000003814697266
2025-09-25,PROD_13,Digital Touchscreen Air Fryer 4.5L,STORE_02,Home & Kitchen,3999.0,24,26.1,2.1000003814697266
2025-09-26,PROD_13,Digital Touchscreen Air Fryer 4.5L,STORE_02,Home & Kitchen,3919.02,33,29.3,-3.700000762939453
2025-09-27,PROD_13,Digital Touchscreen Air Fryer 4.5L,STORE_02,Home & Kitchen,3999.0,48,33.4,-14.599998474121094
2025-09-28,PROD_13,Digital Touchscreen Air Fryer 4.5L,STORE_02,Home & Kitchen,3999.0,29,35.7,6.700000762939453
2025-09-29,PROD_13,Digital Touchscreen Air Fryer 4.5L,STORE_02,Home & Kitchen,3999.0,26,25.7,-0.2999992370605469
2025-09-30,PROD_13,Digital Touchscreen Air Fryer 4.5L,STORE_02,Home & Kitchen,3999.0,22,25.8,3.799999237060547
2025-10-01,PROD_13,Digital Touchscreen Air Fryer 4.5L,STORE_02,Home & Kitchen,3999.0,33,30.4,-2.6000003814697266
2025-10-02,PROD_13,Digital Touchscreen Air Fryer 4.5L,STORE_02,Home & Kitchen,3999.0,40,31.9,-8.100000381469727
2025-10-03,PROD_13,Digital Touchscreen Air Fryer 4.5L,STORE_02,Home & Kitchen,3599.1,71,56.1,-14.900001525878906
2025-10-04,PROD_13,Digital Touchscreen Air Fryer 4.5L,STORE_02,Home & Kitchen,3919.02,49,44.1,-4.900001525878906
2025-10-05,PROD_13,Digital Touchscreen Air Fryer 4.5L,STORE_02,Home & Kitchen,2999.25,86,81.7,-4.3000030517578125
2025-10-06,PROD_13,Digital Touchscreen Air Fryer 4.5L,STORE_02,Home & Kitchen,3999.0,43,36.1,-6.900001525878906
2025-10-07,PROD_13,Digital Touchscreen Air Fryer 4.5L,STORE_02,Home & Kitchen,3999.0,36,38.0,2.0
2025-10-08,PROD_13,Digital Touchscreen Air Fryer 4.5L,STORE_02,Home & Kitchen,3999.0,39,37.2,-1.7999992370605469
2025-10-09,PROD_13,Digital Touchscreen Air Fryer 4.5L,STORE_02,Home & Kitchen,3839.04,43,42.1,-0.9000015258789062
2025-10-10,PROD_13,Digital Touchscreen Air Fryer 4.5L,STORE_02,Home & Kitchen,3919.02,43,45.9,2.9000015258789062
2025-10-11,PROD_13,Digital Touchscreen Air Fryer 4.5L,STORE_02,Home & Kitchen,3799.05,58,70.9,12.900001525878906
2025-10-12,PROD_13,Digital Touchscreen Air Fryer 4.5L,STORE_02,Home & Kitchen,3999.0,39,49.5,10.5
2025-10-13,PROD_13,Digital Touchscreen Air Fryer 4.5L,STORE_02,Home & Kitchen,3919.02,43,40.8,-2.200000762939453
2025-10-14,PROD_13,Digital Touchscreen Air Fryer 4.5L,STORE_02,Home & Kitchen,3999.0,31,38.8,7.799999237060547
2025-10-15,PROD_13,Digital Touchscreen Air Fryer 4.5L,STORE_02,Home & Kitchen,3999.0,35,38.7,3.700000762939453
2025-10-16,PROD_13,Digital Touchscreen Air Fryer 4.5L,STORE_02,Home & Kitchen,3999.0,33,38.7,5.700000762939453
2025-10-17,PROD_13,Digital Touchscreen Air Fryer 4.5L,STORE_02,Home & Kitchen,3999.0,41,44.8,3.799999237060547
2025-10-18,PROD_13,Digital Touchscreen Air Fryer 4.5L,STORE_02,Home & Kitchen,3999.0,46,49.4,3.4000015258789062
2025-10-19,PROD_13,Digital Touchscreen Air Fryer 4.5L,STORE_02,Home & Kitchen,3999.0,55,49.3,-5.700000762939453
2025-10-20,PROD_13,Digital Touchscreen Air Fryer 4.5L,STORE_02,Home & Kitchen,3999.0,34,39.1,5.099998474121094
2025-10-21,PROD_13,Digital Touchscreen Air Fryer 4.5L,STORE_02,Home & Kitchen,3399.15,59,60.3,1.2999992370605469
2025-10-22,PROD_13,Digital Touchscreen Air Fryer 4.5L,STORE_02,Home & Kitchen,3919.02,33,41.4,8.400001525878906
2025-10-23,PROD_13,Digital Touchscreen Air Fryer 4.5L,STORE_02,Home & Kitchen,3999.0,38,37.4,-0.5999984741210938
2025-10-24,PROD_13,Digital Touchscreen Air Fryer 4.5L,STORE_02,Home & Kitchen,3599.1,58,64.1,6.099998474121094
2025-10-25,PROD_13,Digital Touchscreen Air Fryer 4.5L,STORE_02,Home & Kitchen,3999.0,43,51.6,8.599998474121094
2025-10-26,PROD_13,Digital Touchscreen Air Fryer 4.5L,STORE_02,Home & Kitchen,3999.0,40,49.3,9.299999237060547
2025-10-27,PROD_13,Digital Touchscreen Air Fryer 4.5L,STORE_02,Home & Kitchen,3999.0,37,37.0,0.0
2025-10-28,PROD_13,Digital Touchscreen Air Fryer 4.5L,STORE_02,Home & Kitchen,3999.0,31,38.0,7.0
2025-10-29,PROD_13,Digital Touchscreen Air Fryer 4.5L,STORE_02,Home & Kitchen,3839.04,41,43.2,2.200000762939453
2025-10-30,PROD_13,Digital Touchscreen Air Fryer 4.5L,STORE_02,Home & Kitchen,3999.0,39,39.7,0.7000007629394531
2025-10-31,PROD_13,Digital Touchscreen Air Fryer 4.5L,STORE_02,Home & Kitchen,3919.02,43,50.5,7.5
2025-11-01,PROD_13,Digital Touchscreen Air Fryer 4.5L,STORE_02,Home & Kitchen,3919.02,53,47.3,-5.700000762939453
2025-11-02,PROD_13,Digital Touchscreen Air Fryer 4.5L,STORE_02,Home & Kitchen,3999.0,51,47.8,-3.200000762939453
2025-11-03,PROD_13,Digital Touchscreen Air Fryer 4.5L,STORE_02,Home & Kitchen,3999.0,30,35.9,5.900001525878906
2025-11-04,PROD_13,Digital Touchscreen Air Fryer 4.5L,STORE_02,Home & Kitchen,3999.0,34,35.1,1.0999984741210938
2025-11-05,PROD_13,Digital Touchscreen Air Fryer 4.5L,STORE_02,Home & Kitchen,3999.0,33,35.0,2.0
2025-11-06,PROD_13,Digital Touchscreen Air Fryer 4.5L,STORE_02,Home & Kitchen,3999.0,36,35.0,-1.0
2025-11-07,PROD_13,Digital Touchscreen Air Fryer 4.5L,STORE_02,Home & Kitchen,3999.0,37,41.1,4.099998474121094
2025-11-08,PROD_13,Digital Touchscreen Air Fryer 4.5L,STORE_02,Home & Kitchen,3839.04,47,46.7,-0.2999992370605469
2025-11-09,PROD_13,Digital Touchscreen Air Fryer 4.5L,STORE_02,Home & Kitchen,3999.0,38,45.4,7.400001525878906
2025-11-10,PROD_13,Digital Touchscreen Air Fryer 4.5L,STORE_02,Home & Kitchen,3999.0,44,34.2,-9.799999237060547
2025-11-11,PROD_13,Digital Touchscreen Air Fryer 4.5L,STORE_02,Home & Kitchen,3999.0,34,34.9,0.9000015258789062
2025-11-12,PROD_13,Digital Touchscreen Air Fryer 4.5L,STORE_02,Home & Kitchen,3999.0,35,34.8,-0.20000076293945312
2025-11-13,PROD_13,Digital Touchscreen Air Fryer 4.5L,STORE_02,Home & Kitchen,3999.0,38,34.5,-3.5
2025-11-14,PROD_13,Digital Touchscreen Air Fryer 4.5L,STORE_02,Home & Kitchen,3999.0,48,40.3,-7.700000762939453
2025-11-15,PROD_13,Digital Touchscreen Air Fryer 4.5L,STORE_02,Home & Kitchen,3999.0,41,46.4,5.400001525878906
2025-11-16,PROD_13,Digital Touchscreen Air Fryer 4.5L,STORE_02,Home & Kitchen,3999.0,39,44.2,5.200000762939453
2025-11-17,PROD_13,Digital Touchscreen Air Fryer 4.5L,STORE_02,Home & Kitchen,3999.0,34,33.5,-0.5
2025-11-18,PROD_13,Digital Touchscreen Air Fryer 4.5L,STORE_02,Home & Kitchen,3999.0,29,34.3,5.299999237060547
2025-11-19,PROD_13,Digital Touchscreen Air Fryer 4.5L,STORE_02,Home & Kitchen,3799.05,48,46.1,-1.9000015258789062
2025-11-20,PROD_13,Digital Touchscreen Air Fryer 4.5L,STORE_02,Home & Kitchen,3999.0,35,35.7,0.7000007629394531
2025-11-21,PROD_13,Digital Touchscreen Air Fryer 4.5L,STORE_02,Home & Kitchen,3999.0,45,40.3,-4.700000762939453
2025-11-22,PROD_13,Digital Touchscreen Air Fryer 4.5L,STORE_02,Home & Kitchen,3999.0,48,45.7,-2.299999237060547
2025-11-23,PROD_13,Digital Touchscreen Air Fryer 4.5L,STORE_02,Home & Kitchen,3999.0,46,45.7,-0.2999992370605469
2025-11-24,PROD_13,Digital Touchscreen Air Fryer 4.5L,STORE_02,Home & Kitchen,3999.0,29,35.4,6.400001525878906
2025-11-25,PROD_13,Digital Touchscreen Air Fryer 4.5L,STORE_02,Home & Kitchen,3799.05,52,46.1,-5.900001525878906
2025-11-26,PROD_13,Digital Touchscreen Air Fryer 4.5L,STORE_02,Home & Kitchen,3999.0,31,36.0,5.0
2025-11-27,PROD_13,Digital Touchscreen Air Fryer 4.5L,STORE_02,Home & Kitchen,3999.0,34,34.8,0.7999992370605469
2025-11-28,PROD_13,Digital Touchscreen Air Fryer 4.5L,STORE_02,Home & Kitchen,3999.0,41,40.8,-0.20000076293945312
2025-11-29,PROD_13,Digital Touchscreen Air Fryer 4.5L,STORE_02,Home & Kitchen,3999.0,41,44.6,3.5999984741210938
2025-11-30,PROD_13,Digital Touchscreen Air Fryer 4.5L,STORE_02,Home & Kitchen,3999.0,58,44.3,-13.700000762939453
2025-12-01,PROD_13,Digital Touchscreen Air Fryer 4.5L,STORE_02,Home & Kitchen,3999.0,33,33.8,0.7999992370605469
2025-12-02,PROD_13,Digital Touchscreen Air Fryer 4.5L,STORE_02,Home & Kitchen,3999.0,42,33.1,-8.900001525878906
2025-12-03,PROD_13,Digital Touchscreen Air Fryer 4.5L,STORE_02,Home & Kitchen,3999.0,36,34.7,-1.2999992370605469
2025-12-04,PROD_13,Digital Touchscreen Air Fryer 4.5L,STORE_02,Home & Kitchen,3399.15,72,55.3,-16.700000762939453
2025-12-05,PROD_13,Digital Touchscreen Air Fryer 4.5L,STORE_02,Home & Kitchen,3839.04,46,44.6,-1.4000015258789062
2025-12-06,PROD_13,Digital Touchscreen Air Fryer 4.5L,STORE_02,Home & Kitchen,3919.02,44,46.7,2.700000762939453
2025-12-07,PROD_13,Digital Touchscreen Air Fryer 4.5L,STORE_02,Home & Kitchen,3999.0,42,46.2,4.200000762939453
2025-12-08,PROD_13,Digital Touchscreen Air Fryer 4.5L,STORE_02,Home & Kitchen,3999.0,35,34.3,-0.7000007629394531
2025-12-09,PROD_13,Digital Touchscreen Air Fryer 4.5L,STORE_02,Home & Kitchen,3999.0,30,34.8,4.799999237060547
2025-12-10,PROD_13,Digital Touchscreen Air Fryer 4.5L,STORE_02,Home & Kitchen,3999.0,41,33.4,-7.599998474121094
2025-12-11,PROD_13,Digital Touchscreen Air Fryer 4.5L,STORE_02,Home & Kitchen,3999.0,39,34.3,-4.700000762939453
2025-12-12,PROD_13,Digital Touchscreen Air Fryer 4.5L,STORE_02,Home & Kitchen,3999.0,41,41.4,0.40000152587890625
2025-12-13,PROD_13,Digital Touchscreen Air Fryer 4.5L,STORE_02,Home & Kitchen,3399.15,71,70.2,-0.8000030517578125
2025-12-14,PROD_13,Digital Touchscreen Air Fryer 4.5L,STORE_02,Home & Kitchen,3999.0,49,46.7,-2.299999237060547
2025-12-15,PROD_13,Digital Touchscreen Air Fryer 4.5L,STORE_02,Home & Kitchen,3919.02,36,36.2,0.20000076293945312
2025-12-16,PROD_13,Digital Touchscreen Air Fryer 4.5L,STORE_02,Home & Kitchen,3919.02,37,35.5,-1.5
2025-12-17,PROD_13,Digital Touchscreen Air Fryer 4.5L,STORE_02,Home & Kitchen,3999.0,40,35.3,-4.700000762939453
2025-12-18,PROD_13,Digital Touchscreen Air Fryer 4.5L,STORE_02,Home & Kitchen,3999.0,38,35.3,-2.700000762939453
2025-12-19,PROD_13,Digital Touchscreen Air Fryer 4.5L,STORE_02,Home & Kitchen,3999.0,42,41.1,-0.9000015258789062
2025-12-20,PROD_13,Digital Touchscreen Air Fryer 4.5L,STORE_02,Home & Kitchen,3839.04,57,48.4,-8.599998474121094
2025-12-21,PROD_13,Digital Touchscreen Air Fryer 4.5L,STORE_02,Home & Kitchen,3999.0,60,46.6,-13.400001525878906
2025-12-22,PROD_13,Digital Touchscreen Air Fryer 4.5L,STORE_02,Home & Kitchen,3999.0,40,35.7,-4.299999237060547
2025-12-23,PROD_13,Digital Touchscreen Air Fryer 4.5L,STORE_02,Home & Kitchen,3999.0,29,36.5,7.5
2025-12-24,PROD_13,Digital Touchscreen Air Fryer 4.5L,STORE_02,Home & Kitchen,3919.02,39,35.9,-3.0999984741210938
2025-12-25,PROD_13,Digital Touchscreen Air Fryer 4.5L,STORE_02,Home & Kitchen,3999.0,33,34.6,1.5999984741210938
2025-12-26,PROD_13,Digital Touchscreen Air Fryer 4.5L,STORE_02,Home & Kitchen,3999.0,45,40.4,-4.599998474121094
2025-12-27,PROD_13,Digital Touchscreen Air Fryer 4.5L,STORE_02,Home & Kitchen,3999.0,57,46.4,-10.599998474121094
2025-12-28,PROD_13,Digital Touchscreen Air Fryer 4.5L,STORE_02,Home & Kitchen,3999.0,52,48.3,-3.700000762939453
2025-12-29,PROD_13,Digital Touchscreen Air Fryer 4.5L,STORE_02,Home & Kitchen,3999.0,32,35.2,3.200000762939453
2025-12-30,PROD_13,Digital Touchscreen Air Fryer 4.5L,STORE_02,Home & Kitchen,3839.04,41,37.5,-3.5
2025-12-31,PROD_13,Digital Touchscreen Air Fryer 4.5L,STORE_02,Home & Kitchen,3999.0,37,35.9,-1.0999984741210938
2025-09-17,PROD_13,Digital Touchscreen Air Fryer 4.5L,STORE_03,Home & Kitchen,3919.02,33,29.5,-3.5
2025-09-18,PROD_13,Digital Touchscreen Air Fryer 4.5L,STORE_03,Home & Kitchen,3999.0,27,30.1,3.1000003814697266
2025-09-19,PROD_13,Digital Touchscreen Air Fryer 4.5L,STORE_03,Home & Kitchen,3919.02,28,34.6,6.599998474121094
2025-09-20,PROD_13,Digital Touchscreen Air Fryer 4.5L,STORE_03,Home & Kitchen,3919.02,39,38.8,-0.20000076293945312
2025-09-21,PROD_13,Digital Touchscreen Air Fryer 4.5L,STORE_03,Home & Kitchen,3999.0,35,38.2,3.200000762939453
2025-09-22,PROD_13,Digital Touchscreen Air Fryer 4.5L,STORE_03,Home & Kitchen,3999.0,22,29.7,7.700000762939453
2025-09-23,PROD_13,Digital Touchscreen Air Fryer 4.5L,STORE_03,Home & Kitchen,3999.0,24,27.1,3.1000003814697266
2025-09-24,PROD_13,Digital Touchscreen Air Fryer 4.5L,STORE_03,Home & Kitchen,3999.0,33,28.4,-4.600000381469727
2025-09-25,PROD_13,Digital Touchscreen Air Fryer 4.5L,STORE_03,Home & Kitchen,3999.0,28,28.1,0.10000038146972656
2025-09-26,PROD_13,Digital Touchscreen Air Fryer 4.5L,STORE_03,Home & Kitchen,3999.0,32,32.4,0.40000152587890625
2025-09-27,PROD_13,Digital Touchscreen Air Fryer 4.5L,STORE_03,Home & Kitchen,3999.0,35,38.5,3.5
2025-09-28,PROD_13,Digital Touchscreen Air Fryer 4.5L,STORE_03,Home & Kitchen,2999.25,82,71.2,-10.800003051757812
2025-09-29,PROD_13,Digital Touchscreen Air Fryer 4.5L,STORE_03,Home & Kitchen,3999.0,36,30.3,-5.700000762939453
2025-09-30,PROD_13,Digital Touchscreen Air Fryer 4.5L,STORE_03,Home & Kitchen,3839.04,30,31.6,1.6000003814697266
2025-10-01,PROD_13,Digital Touchscreen Air Fryer 4.5L,STORE_03,Home & Kitchen,3839.04,46,37.6,-8.400001525878906
2025-10-02,PROD_13,Digital Touchscreen Air Fryer 4.5L,STORE_03,Home & Kitchen,3999.0,37,35.8,-1.2000007629394531
2025-10-03,PROD_13,Digital Touchscreen Air Fryer 4.5L,STORE_03,Home & Kitchen,3839.04,57,43.0,-14.0
2025-10-04,PROD_13,Digital Touchscreen Air Fryer 4.5L,STORE_03,Home & Kitchen,3599.1,80,71.2,-8.800003051757812
2025-10-05,PROD_13,Digital Touchscreen Air Fryer 4.5L,STORE_03,Home & Kitchen,3839.04,67,57.9,-9.099998474121094
2025-10-06,PROD_13,Digital Touchscreen Air Fryer 4.5L,STORE_03,Home & Kitchen,3999.0,43,41.3,-1.7000007629394531
2025-10-07,PROD_13,Digital Touchscreen Air Fryer 4.5L,STORE_03,Home & Kitchen,3839.04,40,44.3,4.299999237060547
2025-10-08,PROD_13,Digital Touchscreen Air Fryer 4.5L,STORE_03,Home & Kitchen,3839.04,46,43.6,-2.4000015258789062
2025-10-09,PROD_13,Digital Touchscreen Air Fryer 4.5L,STORE_03,Home & Kitchen,3999.0,47,40.3,-6.700000762939453
2025-10-10,PROD_13,Digital Touchscreen Air Fryer 4.5L,STORE_03,Home & Kitchen,3799.05,61,63.7,2.700000762939453
2025-10-11,PROD_13,Digital Touchscreen Air Fryer 4.5L,STORE_03,Home & Kitchen,3999.0,63,55.3,-7.700000762939453
2025-10-12,PROD_13,Digital Touchscreen Air Fryer 4.5L,STORE_03,Home & Kitchen,3999.0,44,57.0,13.0
2025-10-13,PROD_13,Digital Touchscreen Air Fryer 4.5L,STORE_03,Home & Kitchen,2999.25,98,82.9,-15.099998474121094
2025-10-14,PROD_13,Digital Touchscreen Air Fryer 4.5L,STORE_03,Home & Kitchen,3999.0,34,44.1,10.099998474121094
2025-10-15,PROD_13,Digital Touchscreen Air Fryer 4.5L,STORE_03,Home & Kitchen,2999.25,78,86.2,8.199996948242188
2025-10-16,PROD_13,Digital Touchscreen Air Fryer 4.5L,STORE_03,Home & Kitchen,3999.0,38,44.7,6.700000762939453
2025-10-17,PROD_13,Digital Touchscreen Air Fryer 4.5L,STORE_03,Home & Kitchen,3999.0,48,49.8,1.7999992370605469
2025-10-18,PROD_13,Digital Touchscreen Air Fryer 4.5L,STORE_03,Home & Kitchen,3839.04,64,62.4,-1.5999984741210938
2025-10-19,PROD_13,Digital Touchscreen Air Fryer 4.5L,STORE_03,Home & Kitchen,3199.2,100,100.0,0.0
2025-10-20,PROD_13,Digital Touchscreen Air Fryer 4.5L,STORE_03,Home & Kitchen,3919.02,34,46.4,12.400001525878906
2025-10-21,PROD_13,Digital Touchscreen Air Fryer 4.5L,STORE_03,Home & Kitchen,3799.05,49,59.6,10.599998474121094
2025-10-22,PROD_13,Digital Touchscreen Air Fryer 4.5L,STORE_03,Home & Kitchen,3919.02,47,46.1,-0.9000015258789062
2025-10-23,PROD_13,Digital Touchscreen Air Fryer 4.5L,STORE_03,Home & Kitchen,3999.0,48,43.6,-4.400001525878906
2025-10-24,PROD_13,Digital Touchscreen Air Fryer 4.5L,STORE_03,Home & Kitchen,3199.2,97,98.5,1.5
2025-10-25,PROD_13,Digital Touchscreen Air Fryer 4.5L,STORE_03,Home & Kitchen,3999.0,58,64.6,6.599998474121094
2025-10-26,PROD_13,Digital Touchscreen Air Fryer 4.5L,STORE_03,Home & Kitchen,3999.0,64,65.7,1.6999969482421875
2025-10-27,PROD_13,Digital Touchscreen Air Fryer 4.5L,STORE_03,Home & Kitchen,3919.02,32,48.8,16.799999237060547
2025-10-28,PROD_13,Digital Touchscreen Air Fryer 4.5L,STORE_03,Home & Kitchen,3999.0,36,45.0,9.0
2025-10-29,PROD_13,Digital Touchscreen Air Fryer 4.5L,STORE_03,Home & Kitchen,3999.0,35,44.9,9.900001525878906
2025-10-30,PROD_13,Digital Touchscreen Air Fryer 4.5L,STORE_03,Home & Kitchen,3999.0,42,43.2,1.2000007629394531
2025-10-31,PROD_13,Digital Touchscreen Air Fryer 4.5L,STORE_03,Home & Kitchen,3999.0,36,52.3,16.299999237060547
2025-11-01,PROD_13,Digital Touchscreen Air Fryer 4.5L,STORE_03,Home & Kitchen,3919.02,54,52.8,-1.2000007629394531
2025-11-02,PROD_13,Digital Touchscreen Air Fryer 4.5L,STORE_03,Home & Kitchen,3919.02,49,56.9,7.900001525878906
2025-11-03,PROD_13,Digital Touchscreen Air Fryer 4.5L,STORE_03,Home & Kitchen,3999.0,34,40.6,6.599998474121094
2025-11-04,PROD_13,Digital Touchscreen Air Fryer 4.5L,STORE_03,Home & Kitchen,3999.0,35,39.7,4.700000762939453
2025-11-05,PROD_13,Digital Touchscreen Air Fryer 4.5L,STORE_03,Home & Kitchen,3999.0,38,39.2,1.2000007629394531
2025-11-06,PROD_13,Digital Touchscreen Air Fryer 4.5L,STORE_03,Home & Kitchen,3919.02,40,40.6,0.5999984741210938
2025-11-07,PROD_13,Digital Touchscreen Air Fryer 4.5L,STORE_03,Home & Kitchen,3999.0,44,43.9,-0.09999847412109375
2025-11-08,PROD_13,Digital Touchscreen Air Fryer 4.5L,STORE_03,Home & Kitchen,3999.0,42,51.3,9.299999237060547
2025-11-09,PROD_13,Digital Touchscreen Air Fryer 4.5L,STORE_03,Home & Kitchen,3999.0,51,50.1,-0.9000015258789062
2025-11-10,PROD_13,Digital Touchscreen Air Fryer 4.5L,STORE_03,Home & Kitchen,3199.2,92,70.5,-21.5
2025-11-11,PROD_13,Digital Touchscreen Air Fryer 4.5L,STORE_03,Home & Kitchen,3919.02,39,40.7,1.7000007629394531
2025-11-12,PROD_13,Digital Touchscreen Air Fryer 4.5L,STORE_03,Home & Kitchen,3999.0,36,39.1,3.0999984741210938
2025-11-13,PROD_13,Digital Touchscreen Air Fryer 4.5L,STORE_03,Home & Kitchen,3999.0,35,38.8,3.799999237060547
2025-11-14,PROD_13,Digital Touchscreen Air Fryer 4.5L,STORE_03,Home & Kitchen,3839.04,53,47.0,-6.0
2025-11-15,PROD_13,Digital Touchscreen Air Fryer 4.5L,STORE_03,Home & Kitchen,3999.0,66,51.8,-14.200000762939453
2025-11-16,PROD_13,Digital Touchscreen Air Fryer 4.5L,STORE_03,Home & Kitchen,3999.0,54,54.0,0.0
2025-11-17,PROD_13,Digital Touchscreen Air Fryer 4.5L,STORE_03,Home & Kitchen,3799.05,60,54.7,-5.299999237060547
2025-11-18,PROD_13,Digital Touchscreen Air Fryer 4.5L,STORE_03,Home & Kitchen,3839.04,45,43.1,-1.9000015258789062
2025-11-19,PROD_13,Digital Touchscreen Air Fryer 4.5L,STORE_03,Home & Kitchen,3999.0,37,41.3,4.299999237060547
2025-11-20,PROD_13,Digital Touchscreen Air Fryer 4.5L,STORE_03,Home & Kitchen,3999.0,40,40.4,0.40000152587890625
2025-11-21,PROD_13,Digital Touchscreen Air Fryer 4.5L,STORE_03,Home & Kitchen,3999.0,52,48.0,-4.0
2025-11-22,PROD_13,Digital Touchscreen Air Fryer 4.5L,STORE_03,Home & Kitchen,3999.0,50,54.9,4.900001525878906
2025-11-23,PROD_13,Digital Touchscreen Air Fryer 4.5L,STORE_03,Home & Kitchen,3599.1,86,81.2,-4.8000030517578125
2025-11-24,PROD_13,Digital Touchscreen Air Fryer 4.5L,STORE_03,Home & Kitchen,3399.15,69,72.1,3.0999984741210938
2025-11-25,PROD_13,Digital Touchscreen Air Fryer 4.5L,STORE_03,Home & Kitchen,3999.0,43,39.6,-3.4000015258789062
2025-11-26,PROD_13,Digital Touchscreen Air Fryer 4.5L,STORE_03,Home & Kitchen,3999.0,39,39.4,0.40000152587890625
2025-11-27,PROD_13,Digital Touchscreen Air Fryer 4.5L,STORE_03,Home & Kitchen,3999.0,38,39.7,1.7000007629394531
2025-11-28,PROD_13,Digital Touchscreen Air Fryer 4.5L,STORE_03,Home & Kitchen,3919.02,54,46.2,-7.799999237060547
2025-11-29,PROD_13,Digital Touchscreen Air Fryer 4.5L,STORE_03,Home & Kitchen,3999.0,65,55.0,-10.0
2025-11-30,PROD_13,Digital Touchscreen Air Fryer 4.5L,STORE_03,Home & Kitchen,3999.0,55,55.5,0.5
2025-12-01,PROD_13,Digital Touchscreen Air Fryer 4.5L,STORE_03,Home & Kitchen,3199.2,74,82.6,8.599998474121094
2025-12-02,PROD_13,Digital Touchscreen Air Fryer 4.5L,STORE_03,Home & Kitchen,3999.0,45,41.2,-3.799999237060547
2025-12-03,PROD_13,Digital Touchscreen Air Fryer 4.5L,STORE_03,Home & Kitchen,3999.0,53,41.4,-11.599998474121094
2025-12-04,PROD_13,Digital Touchscreen Air Fryer 4.5L,STORE_03,Home & Kitchen,3599.1,59,66.2,7.1999969482421875
2025-12-05,PROD_13,Digital Touchscreen Air Fryer 4.5L,STORE_03,Home & Kitchen,3999.0,57,54.1,-2.9000015258789062
2025-12-06,PROD_13,Digital Touchscreen Air Fryer 4.5L,STORE_03,Home & Kitchen,3919.02,46,62.7,16.700000762939453
2025-12-07,PROD_13,Digital Touchscreen Air Fryer 4.5L,STORE_03,Home & Kitchen,3999.0,56,60.8,4.799999237060547
2025-12-08,PROD_13,Digital Touchscreen Air Fryer 4.5L,STORE_03,Home & Kitchen,3999.0,44,48.8,4.799999237060547
2025-12-09,PROD_13,Digital Touchscreen Air Fryer 4.5L,STORE_03,Home & Kitchen,3799.05,67,59.0,-8.0
2025-12-10,PROD_13,Digital Touchscreen Air Fryer 4.5L,STORE_03,Home & Kitchen,3999.0,43,44.2,1.2000007629394531
2025-12-11,PROD_13,Digital Touchscreen Air Fryer 4.5L,STORE_03,Home & Kitchen,3999.0,40,42.9,2.9000015258789062
2025-12-12,PROD_13,Digital Touchscreen Air Fryer 4.5L,STORE_03,Home & Kitchen,3999.0,46,48.7,2.700000762939453
2025-12-13,PROD_13,Digital Touchscreen Air Fryer 4.5L,STORE_03,Home & Kitchen,3199.2,120,106.5,-13.5
2025-12-14,PROD_13,Digital Touchscreen Air Fryer 4.5L,STORE_03,Home & Kitchen,3999.0,53,57.1,4.099998474121094
2025-12-15,PROD_13,Digital Touchscreen Air Fryer 4.5L,STORE_03,Home & Kitchen,3999.0,41,45.1,4.099998474121094
2025-12-16,PROD_13,Digital Touchscreen Air Fryer 4.5L,STORE_03,Home & Kitchen,3999.0,44,43.9,-0.09999847412109375
2025-12-17,PROD_13,Digital Touchscreen Air Fryer 4.5L,STORE_03,Home & Kitchen,3999.0,44,44.4,0.40000152587890625
2025-12-18,PROD_13,Digital Touchscreen Air Fryer 4.5L,STORE_03,Home & Kitchen,3999.0,38,43.9,5.900001525878906
2025-12-19,PROD_13,Digital Touchscreen Air Fryer 4.5L,STORE_03,Home & Kitchen,3999.0,40,48.6,8.599998474121094
2025-12-20,PROD_13,Digital Touchscreen Air Fryer 4.5L,STORE_03,Home & Kitchen,3599.1,93,78.4,-14.599998474121094
2025-12-21,PROD_13,Digital Touchscreen Air Fryer 4.5L,STORE_03,Home & Kitchen,3999.0,62,56.8,-5.200000762939453
2025-12-22,PROD_13,Digital Touchscreen Air Fryer 4.5L,STORE_03,Home & Kitchen,3999.0,37,44.0,7.0
2025-12-23,PROD_13,Digital Touchscreen Air Fryer 4.5L,STORE_03,Home & Kitchen,3999.0,43,41.7,-1.2999992370605469
2025-12-24,PROD_13,Digital Touchscreen Air Fryer 4.5L,STORE_03,Home & Kitchen,3999.0,31,41.2,10.200000762939453
2025-12-25,PROD_13,Digital Touchscreen Air Fryer 4.5L,STORE_03,Home & Kitchen,3399.15,67,69.9,2.9000015258789062
2025-12-26,PROD_13,Digital Touchscreen Air Fryer 4.5L,STORE_03,Home & Kitchen,3999.0,39,51.2,12.200000762939453
2025-12-27,PROD_13,Digital Touchscreen Air Fryer 4.5L,STORE_03,Home & Kitchen,3999.0,55,54.2,-0.7999992370605469
2025-12-28,PROD_13,Digital Touchscreen Air Fryer 4.5L,STORE_03,Home & Kitchen,3599.1,92,80.9,-11.099998474121094
2025-12-29,PROD_13,Digital Touchscreen Air Fryer 4.5L,STORE_03,Home & Kitchen,3199.2,79,75.8,-3.1999969482421875
2025-12-30,PROD_13,Digital Touchscreen Air Fryer 4.5L,STORE_03,Home & Kitchen,3999.0,33,43.3,10.299999237060547
2025-12-31,PROD_13,Digital Touchscreen Air Fryer 4.5L,STORE_03,Home & Kitchen,3999.0,39,43.6,4.599998474121094
2025-09-17,PROD_13,Digital Touchscreen Air Fryer 4.5L,STORE_04,Home & Kitchen,3999.0,17,21.1,4.100000381469727
2025-09-18,PROD_13,Digital Touchscreen Air Fryer 4.5L,STORE_04,Home & Kitchen,3999.0,22,20.9,-1.1000003814697266
2025-09-19,PROD_13,Digital Touchscreen Air Fryer 4.5L,STORE_04,Home & Kitchen,3999.0,26,24.2,-1.7999992370605469
2025-09-20,PROD_13,Digital Touchscreen Air Fryer 4.5L,STORE_04,Home & Kitchen,3999.0,26,27.7,1.7000007629394531
2025-09-21,PROD_13,Digital Touchscreen Air Fryer 4.5L,STORE_04,Home & Kitchen,3999.0,23,26.4,3.3999996185302734
2025-09-22,PROD_13,Digital Touchscreen Air Fryer 4.5L,STORE_04,Home & Kitchen,3999.0,21,22.0,1.0
2025-09-23,PROD_13,Digital Touchscreen Air Fryer 4.5L,STORE_04,Home & Kitchen,3199.2,45,45.2,0.20000076293945312
2025-09-24,PROD_13,Digital Touchscreen Air Fryer 4.5L,STORE_04,Home & Kitchen,3999.0,21,23.1,2.1000003814697266
2025-09-25,PROD_13,Digital Touchscreen Air Fryer 4.5L,STORE_04,Home & Kitchen,3999.0,21,21.4,0.39999961853027344
2025-09-26,PROD_13,Digital Touchscreen Air Fryer 4.5L,STORE_04,Home & Kitchen,3919.02,28,23.7,-4.299999237060547
2025-09-27,PROD_13,Digital Touchscreen Air Fryer 4.5L,STORE_04,Home & Kitchen,3999.0,26,27.5,1.5
2025-09-28,PROD_13,Digital Touchscreen Air Fryer 4.5L,STORE_04,Home & Kitchen,3999.0,25,26.3,1.2999992370605469
2025-09-29,PROD_13,Digital Touchscreen Air Fryer 4.5L,STORE_04,Home & Kitchen,3999.0,24,21.4,-2.6000003814697266
2025-09-30,PROD_13,Digital Touchscreen Air Fryer 4.5L,STORE_04,Home & Kitchen,3999.0,21,23.9,2.8999996185302734
2025-10-01,PROD_13,Digital Touchscreen Air Fryer 4.5L,STORE_04,Home & Kitchen,3999.0,26,26.8,0.7999992370605469
2025-10-02,PROD_13,Digital Touchscreen Air Fryer 4.5L,STORE_04,Home & Kitchen,3839.04,29,28.9,-0.10000038146972656
2025-10-03,PROD_13,Digital Touchscreen Air Fryer 4.5L,STORE_04,Home & Kitchen,3919.02,33,32.3,-0.7000007629394531
2025-10-04,PROD_13,Digital Touchscreen Air Fryer 4.5L,STORE_04,Home & Kitchen,3599.1,59,51.1,-7.900001525878906
2025-10-05,PROD_13,Digital Touchscreen Air Fryer 4.5L,STORE_04,Home & Kitchen,3919.02,32,34.4,2.4000015258789062
2025-10-06,PROD_13,Digital Touchscreen Air Fryer 4.5L,STORE_04,Home & Kitchen,3919.02,30,28.0,-2.0
2025-10-07,PROD_13,Digital Touchscreen Air Fryer 4.5L,STORE_04,Home & Kitchen,3919.02,29,29.8,0.7999992370605469
2025-10-08,PROD_13,Digital Touchscreen Air Fryer 4.5L,STORE_04,Home & Kitchen,3999.0,29,26.8,-2.200000762939453
2025-10-09,PROD_13,Digital Touchscreen Air Fryer 4.5L,STORE_04,Home & Kitchen,3919.02,35,29.1,-5.899999618530273
2025-10-10,PROD_13,Digital Touchscreen Air Fryer 4.5L,STORE_04,Home & Kitchen,3999.0,36,31.5,-4.5
2025-10-11,PROD_13,Digital Touchscreen Air Fryer 4.5L,STORE_04,Home & Kitchen,3999.0,40,36.4,-3.5999984741210938
2025-10-12,PROD_13,Digital Touchscreen Air Fryer 4.5L,STORE_04,Home & Kitchen,3999.0,43,35.6,-7.400001525878906
2025-10-13,PROD_13,Digital Touchscreen Air Fryer 4.5L,STORE_04,Home & Kitchen,3999.0,34,29.8,-4.200000762939453
2025-10-14,PROD_13,Digital Touchscreen Air Fryer 4.5L,STORE_04,Home & Kitchen,3999.0,28,29.4,1.3999996185302734
2025-10-15,PROD_13,Digital Touchscreen Air Fryer 4.5L,STORE_04,Home & Kitchen,3839.04,26,31.6,5.600000381469727
2025-10-16,PROD_13,Digital Touchscreen Air Fryer 4.5L,STORE_04,Home & Kitchen,3999.0,27,30.3,3.299999237060547
2025-10-17,PROD_13,Digital Touchscreen Air Fryer 4.5L,STORE_04,Home & Kitchen,3999.0,32,33.3,1.2999992370605469
2025-10-18,PROD_13,Digital Touchscreen Air Fryer 4.5L,STORE_04,Home & Kitchen,3999.0,35,38.1,3.0999984741210938
2025-10-19,PROD_13,Digital Touchscreen Air Fryer 4.5L,STORE_04,Home & Kitchen,3999.0,40,37.5,-2.5
2025-10-20,PROD_13,Digital Touchscreen Air Fryer 4.5L,STORE_04,Home & Kitchen,3799.05,42,42.9,0.9000015258789062
2025-10-21,PROD_13,Digital Touchscreen Air Fryer 4.5L,STORE_04,Home & Kitchen,3199.2,55,56.1,1.0999984741210938
2025-10-22,PROD_13,Digital Touchscreen Air Fryer 4.5L,STORE_04,Home & Kitchen,3999.0,26,31.5,5.5
2025-10-23,PROD_13,Digital Touchscreen Air Fryer 4.5L,STORE_04,Home & Kitchen,3839.04,38,32.4,-5.599998474121094
2025-10-24,PROD_13,Digital Touchscreen Air Fryer 4.5L,STORE_04,Home & Kitchen,3999.0,33,36.6,3.5999984741210938
2025-10-25,PROD_13,Digital Touchscreen Air Fryer 4.5L,STORE_04,Home & Kitchen,3999.0,37,41.1,4.099998474121094
2025-10-26,PROD_13,Digital Touchscreen Air Fryer 4.5L,STORE_04,Home & Kitchen,3999.0,34,40.9,6.900001525878906
2025-10-27,PROD_13,Digital Touchscreen Air Fryer 4.5L,STORE_04,Home & Kitchen,3839.04,30,35.5,5.5
2025-10-28,PROD_13,Digital Touchscreen Air Fryer 4.5L,STORE_04,Home & Kitchen,3999.0,32,32.2,0.20000076293945312
2025-10-29,PROD_13,Digital Touchscreen Air Fryer 4.5L,STORE_04,Home & Kitchen,3999.0,29,30.8,1.7999992370605469
2025-10-30,PROD_13,Digital Touchscreen Air Fryer 4.5L,STORE_04,Home & Kitchen,3999.0,25,31.6,6.600000381469727
2025-10-31,PROD_13,Digital Touchscreen Air Fryer 4.5L,STORE_04,Home & Kitchen,3999.0,40,34.6,-5.400001525878906
2025-11-01,PROD_13,Digital Touchscreen Air Fryer 4.5L,STORE_04,Home & Kitchen,3799.05,52,50.8,-1.2000007629394531
2025-11-02,PROD_13,Digital Touchscreen Air Fryer 4.5L,STORE_04,Home & Kitchen,3919.02,39,40.6,1.5999984741210938
2025-11-03,PROD_13,Digital Touchscreen Air Fryer 4.5L,STORE_04,Home & Kitchen,3919.02,27,31.3,4.299999237060547
2025-11-04,PROD_13,Digital Touchscreen Air Fryer 4.5L,STORE_04,Home & Kitchen,3999.0,28,28.3,0.2999992370605469
2025-11-05,PROD_13,Digital Touchscreen Air Fryer 4.5L,STORE_04,Home & Kitchen,3919.02,31,29.0,-2.0
2025-11-06,PROD_13,Digital Touchscreen Air Fryer 4.5L,STORE_04,Home & Kitchen,3839.04,28,29.7,1.7000007629394531
2025-11-07,PROD_13,Digital Touchscreen Air Fryer 4.5L,STORE_04,Home & Kitchen,3999.0,22,32.7,10.700000762939453
2025-11-08,PROD_13,Digital Touchscreen Air Fryer 4.5L,STORE_04,Home & Kitchen,3919.02,48,35.9,-12.099998474121094
2025-11-09,PROD_13,Digital Touchscreen Air Fryer 4.5L,STORE_04,Home & Kitchen,3999.0,42,38.6,-3.4000015258789062
2025-11-10,PROD_13,Digital Touchscreen Air Fryer 4.5L,STORE_04,Home & Kitchen,3399.15,60,45.1,-14.900001525878906
2025-11-11,PROD_13,Digital Touchscreen Air Fryer 4.5L,STORE_04,Home & Kitchen,3999.0,28,30.1,2.1000003814697266
2025-11-12,PROD_13,Digital Touchscreen Air Fryer 4.5L,STORE_04,Home & Kitchen,3399.15,43,46.5,3.5
2025-11-13,PROD_13,Digital Touchscreen Air Fryer 4.5L,STORE_04,Home & Kitchen,3999.0,24,29.6,5.600000381469727
2025-11-14,PROD_13,Digital Touchscreen Air Fryer 4.5L,STORE_04,Home & Kitchen,3999.0,35,31.4,-3.6000003814697266
2025-11-15,PROD_13,Digital Touchscreen Air Fryer 4.5L,STORE_04,Home & Kitchen,3999.0,32,38.4,6.400001525878906
2025-11-16,PROD_13,Digital Touchscreen Air Fryer 4.5L,STORE_04,Home & Kitchen,3199.2,75,68.5,-6.5
2025-11-17,PROD_13,Digital Touchscreen Air Fryer 4.5L,STORE_04,Home & Kitchen,3839.04,30,32.5,2.5
2025-11-18,PROD_13,Digital Touchscreen Air Fryer 4.5L,STORE_04,Home & Kitchen,3199.2,53,53.8,0.7999992370605469
2025-11-19,PROD_13,Digital Touchscreen Air Fryer 4.5L,STORE_04,Home & Kitchen,3999.0,26,31.1,5.100000381469727
2025-11-20,PROD_13,Digital Touchscreen Air Fryer 4.5L,STORE_04,Home & Kitchen,3599.1,44,44.0,0.0
2025-11-21,PROD_13,Digital Touchscreen Air Fryer 4.5L,STORE_04,Home & Kitchen,3999.0,25,35.7,10.700000762939453
2025-11-22,PROD_13,Digital Touchscreen Air Fryer 4.5L,STORE_04,Home & Kitchen,3999.0,39,36.1,-2.9000015258789062
2025-11-23,PROD_13,Digital Touchscreen Air Fryer 4.5L,STORE_04,Home & Kitchen,3599.1,47,61.6,14.599998474121094
2025-11-24,PROD_13,Digital Touchscreen Air Fryer 4.5L,STORE_04,Home & Kitchen,3599.1,47,51.6,4.599998474121094
2025-11-25,PROD_13,Digital Touchscreen Air Fryer 4.5L,STORE_04,Home & Kitchen,3919.02,28,34.1,6.099998474121094
2025-11-26,PROD_13,Digital Touchscreen Air Fryer 4.5L,STORE_04,Home & Kitchen,3999.0,26,31.0,5.0
2025-11-27,PROD_13,Digital Touchscreen Air Fryer 4.5L,STORE_04,Home & Kitchen,3999.0,34,28.4,-5.600000381469727
2025-11-28,PROD_13,Digital Touchscreen Air Fryer 4.5L,STORE_04,Home & Kitchen,3839.04,32,37.7,5.700000762939453
2025-11-29,PROD_13,Digital Touchscreen Air Fryer 4.5L,STORE_04,Home & Kitchen,3399.15,45,63.4,18.400001525878906
2025-11-30,PROD_13,Digital Touchscreen Air Fryer 4.5L,STORE_04,Home & Kitchen,3999.0,38,42.7,4.700000762939453
2025-12-01,PROD_13,Digital Touchscreen Air Fryer 4.5L,STORE_04,Home & Kitchen,3999.0,27,30.3,3.299999237060547
2025-12-02,PROD_13,Digital Touchscreen Air Fryer 4.5L,STORE_04,Home & Kitchen,3999.0,24,28.5,4.5
2025-12-03,PROD_13,Digital Touchscreen Air Fryer 4.5L,STORE_04,Home & Kitchen,3999.0,22,26.1,4.100000381469727
2025-12-04,PROD_13,Digital Touchscreen Air Fryer 4.5L,STORE_04,Home & Kitchen,3839.04,26,29.3,3.299999237060547
2025-12-05,PROD_13,Digital Touchscreen Air Fryer 4.5L,STORE_04,Home & Kitchen,3999.0,30,29.3,-0.7000007629394531
2025-12-06,PROD_13,Digital Touchscreen Air Fryer 4.5L,STORE_04,Home & Kitchen,3919.02,37,37.5,0.5
2025-12-07,PROD_13,Digital Touchscreen Air Fryer 4.5L,STORE_04,Home & Kitchen,3999.0,42,37.4,-4.599998474121094
2025-12-08,PROD_13,Digital Touchscreen Air Fryer 4.5L,STORE_04,Home & Kitchen,3999.0,26,28.3,2.299999237060547
2025-12-09,PROD_13,Digital Touchscreen Air Fryer 4.5L,STORE_04,Home & Kitchen,3999.0,32,25.3,-6.700000762939453
2025-12-10,PROD_13,Digital Touchscreen Air Fryer 4.5L,STORE_04,Home & Kitchen,3599.1,40,41.2,1.2000007629394531
2025-12-11,PROD_13,Digital Touchscreen Air Fryer 4.5L,STORE_04,Home & Kitchen,3919.02,33,29.9,-3.1000003814697266
2025-12-12,PROD_13,Digital Touchscreen Air Fryer 4.5L,STORE_04,Home & Kitchen,3999.0,28,31.8,3.799999237060547
2025-12-13,PROD_13,Digital Touchscreen Air Fryer 4.5L,STORE_04,Home & Kitchen,3999.0,40,36.7,-3.299999237060547
2025-12-14,PROD_13,Digital Touchscreen Air Fryer 4.5L,STORE_04,Home & Kitchen,3599.1,55,58.7,3.700000762939453
2025-12-15,PROD_13,Digital Touchscreen Air Fryer 4.5L,STORE_04,Home & Kitchen,3999.0,27,28.5,1.5
2025-12-16,PROD_13,Digital Touchscreen Air Fryer 4.5L,STORE_04,Home & Kitchen,3999.0,30,28.0,-2.0
2025-12-17,PROD_13,Digital Touchscreen Air Fryer 4.5L,STORE_04,Home & Kitchen,3999.0,28,28.3,0.2999992370605469
2025-12-18,PROD_13,Digital Touchscreen Air Fryer 4.5L,STORE_04,Home & Kitchen,3919.02,29,28.2,-0.7999992370605469
2025-12-19,PROD_13,Digital Touchscreen Air Fryer 4.5L,STORE_04,Home & Kitchen,3999.0,26,30.2,4.200000762939453
2025-12-20,PROD_13,Digital Touchscreen Air Fryer 4.5L,STORE_04,Home & Kitchen,3999.0,34,34.8,0.7999992370605469
2025-12-21,PROD_13,Digital Touchscreen Air Fryer 4.5L,STORE_04,Home & Kitchen,3599.1,45,53.4,8.400001525878906
2025-12-22,PROD_13,Digital Touchscreen Air Fryer 4.5L,STORE_04,Home & Kitchen,3839.04,33,29.3,-3.700000762939453
2025-12-23,PROD_13,Digital Touchscreen Air Fryer 4.5L,STORE_04,Home & Kitchen,3999.0,28,27.2,-0.7999992370605469
2025-12-24,PROD_13,Digital Touchscreen Air Fryer 4.5L,STORE_04,Home & Kitchen,3799.05,42,37.2,-4.799999237060547
2025-12-25,PROD_13,Digital Touchscreen Air Fryer 4.5L,STORE_04,Home & Kitchen,3999.0,32,29.4,-2.6000003814697266
2025-12-26,PROD_13,Digital Touchscreen Air Fryer 4.5L,STORE_04,Home & Kitchen,3799.05,42,41.0,-1.0
2025-12-27,PROD_13,Digital Touchscreen Air Fryer 4.5L,STORE_04,Home & Kitchen,3799.05,52,52.0,0.0
2025-12-28,PROD_13,Digital Touchscreen Air Fryer 4.5L,STORE_04,Home & Kitchen,3999.0,34,40.7,6.700000762939453
2025-12-29,PROD_13,Digital Touchscreen Air Fryer 4.5L,STORE_04,Home & Kitchen,3599.1,41,44.6,3.5999984741210938
2025-12-30,PROD_13,Digital Touchscreen Air Fryer 4.5L,STORE_04,Home & Kitchen,3599.1,42,44.1,2.0999984741210938
2025-12-31,PROD_13,Digital Touchscreen Air Fryer 4.5L,STORE_04,Home & Kitchen,3799.05,42,45.5,3.5
2025-09-17,PROD_14,High-Speed Smoothie Blender 900W,STORE_01,Home & Kitchen,2199.0,46,44.6,-1.4000015258789062
2025-09-18,PROD_14,High-Speed Smoothie Blender 900W,STORE_01,Home & Kitchen,2199.0,39,45.3,6.299999237060547
2025-09-19,PROD_14,High-Speed Smoothie Blender 900W,STORE_01,Home & Kitchen,2199.0,52,47.4,-4.599998474121094
2025-09-20,PROD_14,High-Speed Smoothie Blender 900W,STORE_01,Home & Kitchen,2155.02,64,61.2,-2.799999237060547
2025-09-21,PROD_14,High-Speed Smoothie Blender 900W,STORE_01,Home & Kitchen,2199.0,52,57.9,5.900001525878906
2025-09-22,PROD_14,High-Speed Smoothie Blender 900W,STORE_01,Home & Kitchen,2111.04,53,46.7,-6.299999237060547
2025-09-23,PROD_14,High-Speed Smoothie Blender 900W,STORE_01,Home & Kitchen,2199.0,48,43.8,-4.200000762939453
2025-09-24,PROD_14,High-Speed Smoothie Blender 900W,STORE_01,Home & Kitchen,1869.15,60,73.7,13.699996948242188
2025-09-25,PROD_14,High-Speed Smoothie Blender 900W,STORE_01,Home & Kitchen,1649.25,89,85.7,-3.3000030517578125
2025-09-26,PROD_14,High-Speed Smoothie Blender 900W,STORE_01,Home & Kitchen,2089.05,67,76.5,9.5
2025-09-27,PROD_14,High-Speed Smoothie Blender 900W,STORE_01,Home & Kitchen,2199.0,47,62.7,15.700000762939453
2025-09-28,PROD_14,High-Speed Smoothie Blender 900W,STORE_01,Home & Kitchen,2199.0,52,59.8,7.799999237060547
2025-09-29,PROD_14,High-Speed Smoothie Blender 900W,STORE_01,Home & Kitchen,2199.0,47,46.3,-0.7000007629394531
2025-09-30,PROD_14,High-Speed Smoothie Blender 900W,STORE_01,Home & Kitchen,2199.0,49,46.5,-2.5
2025-10-01,PROD_14,High-Speed Smoothie Blender 900W,STORE_01,Home & Kitchen,2155.02,55,55.0,0.0
2025-10-02,PROD_14,High-Speed Smoothie Blender 900W,STORE_01,Home & Kitchen,2111.04,61,57.0,-4.0
2025-10-03,PROD_14,High-Speed Smoothie Blender 900W,STORE_01,Home & Kitchen,2111.04,78,64.9,-13.099998474121094
2025-10-04,PROD_14,High-Speed Smoothie Blender 900W,STORE_01,Home & Kitchen,2155.02,73,71.8,-1.1999969482421875
2025-10-05,PROD_14,High-Speed Smoothie Blender 900W,STORE_01,Home & Kitchen,2199.0,102,68.7,-33.30000305175781
2025-10-06,PROD_14,High-Speed Smoothie Blender 900W,STORE_01,Home & Kitchen,2199.0,57,54.7,-2.299999237060547
2025-10-07,PROD_14,High-Speed Smoothie Blender 900W,STORE_01,Home & Kitchen,1759.2,106,95.5,-10.5
2025-10-08,PROD_14,High-Speed Smoothie Blender 900W,STORE_01,Home & Kitchen,2199.0,69,61.5,-7.5
2025-10-09,PROD_14,High-Speed Smoothie Blender 900W,STORE_01,Home & Kitchen,2199.0,56,63.4,7.400001525878906
2025-10-10,PROD_14,High-Speed Smoothie Blender 900W,STORE_01,Home & Kitchen,1979.1,101,97.0,-4.0
2025-10-11,PROD_14,High-Speed Smoothie Blender 900W,STORE_01,Home & Kitchen,2199.0,77,76.9,-0.09999847412109375
2025-10-12,PROD_14,High-Speed Smoothie Blender 900W,STORE_01,Home & Kitchen,2155.02,86,79.3,-6.6999969482421875
2025-10-13,PROD_14,High-Speed Smoothie Blender 900W,STORE_01,Home & Kitchen,1649.25,118,128.0,10.0
2025-10-14,PROD_14,High-Speed Smoothie Blender 900W,STORE_01,Home & Kitchen,1979.1,75,95.0,20.0
2025-10-15,PROD_14,High-Speed Smoothie Blender 900W,STORE_01,Home & Kitchen,2089.05,86,88.5,2.5
2025-10-16,PROD_14,High-Speed Smoothie Blender 900W,STORE_01,Home & Kitchen,2199.0,51,64.6,13.599998474121094
2025-10-17,PROD_14,High-Speed Smoothie Blender 900W,STORE_01,Home & Kitchen,2199.0,75,72.7,-2.3000030517578125
2025-10-18,PROD_14,High-Speed Smoothie Blender 900W,STORE_01,Home & Kitchen,2199.0,80,84.9,4.900001525878906
2025-10-19,PROD_14,High-Speed Smoothie Blender 900W,STORE_01,Home & Kitchen,2199.0,86,83.8,-2.1999969482421875
2025-10-20,PROD_14,High-Speed Smoothie Blender 900W,STORE_01,Home & Kitchen,2111.04,64,68.7,4.6999969482421875
2025-10-21,PROD_14,High-Speed Smoothie Blender 900W,STORE_01,Home & Kitchen,2199.0,60,67.3,7.3000030517578125
2025-10-22,PROD_14,High-Speed Smoothie Blender 900W,STORE_01,Home & Kitchen,2089.05,72,90.2,18.199996948242188
2025-10-23,PROD_14,High-Speed Smoothie Blender 900W,STORE_01,Home & Kitchen,1979.1,79,95.3,16.300003051757812
2025-10-24,PROD_14,High-Speed Smoothie Blender 900W,STORE_01,Home & Kitchen,1649.25,155,138.3,-16.699996948242188
2025-10-25,PROD_14,High-Speed Smoothie Blender 900W,STORE_01,Home & Kitchen,2199.0,77,88.3,11.300003051757812
2025-10-26,PROD_14,High-Speed Smoothie Blender 900W,STORE_01,Home & Kitchen,2199.0,74,87.0,13.0
2025-10-27,PROD_14,High-Speed Smoothie Blender 900W,STORE_01,Home & Kitchen,2199.0,52,63.6,11.599998474121094
2025-10-28,PROD_14,High-Speed Smoothie Blender 900W,STORE_01,Home & Kitchen,2199.0,68,64.2,-3.8000030517578125
2025-10-29,PROD_14,High-Speed Smoothie Blender 900W,STORE_01,Home & Kitchen,2199.0,60,64.7,4.6999969482421875
2025-10-30,PROD_14,High-Speed Smoothie Blender 900W,STORE_01,Home & Kitchen,2199.0,62,61.7,-0.2999992370605469
2025-10-31,PROD_14,High-Speed Smoothie Blender 900W,STORE_01,Home & Kitchen,2199.0,70,70.6,0.5999984741210938
2025-11-01,PROD_14,High-Speed Smoothie Blender 900W,STORE_01,Home & Kitchen,2155.02,84,80.5,-3.5
2025-11-02,PROD_14,High-Speed Smoothie Blender 900W,STORE_01,Home & Kitchen,2199.0,68,81.7,13.699996948242188
2025-11-03,PROD_14,High-Speed Smoothie Blender 900W,STORE_01,Home & Kitchen,2199.0,49,59.4,10.400001525878906
2025-11-04,PROD_14,High-Speed Smoothie Blender 900W,STORE_01,Home & Kitchen,2199.0,59,60.4,1.4000015258789062
2025-11-05,PROD_14,High-Speed Smoothie Blender 900W,STORE_01,Home & Kitchen,2111.04,51,62.3,11.299999237060547
2025-11-06,PROD_14,High-Speed Smoothie Blender 900W,STORE_01,Home & Kitchen,2199.0,66,57.8,-8.200000762939453
2025-11-07,PROD_14,High-Speed Smoothie Blender 900W,STORE_01,Home & Kitchen,2111.04,71,72.0,1.0
2025-11-08,PROD_14,High-Speed Smoothie Blender 900W,STORE_01,Home & Kitchen,2199.0,76,74.2,-1.8000030517578125
2025-11-09,PROD_14,High-Speed Smoothie Blender 900W,STORE_01,Home & Kitchen,2089.05,102,99.3,-2.6999969482421875
2025-11-10,PROD_14,High-Speed Smoothie Blender 900W,STORE_01,Home & Kitchen,2199.0,57,57.7,0.7000007629394531
2025-11-11,PROD_14,High-Speed Smoothie Blender 900W,STORE_01,Home & Kitchen,2089.05,79,82.0,3.0
2025-11-12,PROD_14,High-Speed Smoothie Blender 900W,STORE_01,Home & Kitchen,2155.02,69,62.3,-6.700000762939453
2025-11-13,PROD_14,High-Speed Smoothie Blender 900W,STORE_01,Home & Kitchen,1759.2,113,114.4,1.4000015258789062
2025-11-14,PROD_14,High-Speed Smoothie Blender 900W,STORE_01,Home & Kitchen,2199.0,68,70.8,2.8000030517578125
2025-11-15,PROD_14,High-Speed Smoothie Blender 900W,STORE_01,Home & Kitchen,2199.0,69,77.5,8.5
2025-11-16,PROD_14,High-Speed Smoothie Blender 900W,STORE_01,Home & Kitchen,2199.0,82,76.0,-6.0
2025-11-17,PROD_14,High-Speed Smoothie Blender 900W,STORE_01,Home & Kitchen,2199.0,69,60.0,-9.0
2025-11-18,PROD_14,High-Speed Smoothie Blender 900W,STORE_01,Home & Kitchen,2155.02,64,63.6,-0.40000152587890625
2025-11-19,PROD_14,High-Speed Smoothie Blender 900W,STORE_01,Home & Kitchen,2199.0,60,61.0,1.0
2025-11-20,PROD_14,High-Speed Smoothie Blender 900W,STORE_01,Home & Kitchen,1869.15,88,97.9,9.900001525878906
2025-11-21,PROD_14,High-Speed Smoothie Blender 900W,STORE_01,Home & Kitchen,2155.02,54,75.7,21.699996948242188
2025-11-22,PROD_14,High-Speed Smoothie Blender 900W,STORE_01,Home & Kitchen,2199.0,75,74.6,-0.40000152587890625
2025-11-23,PROD_14,High-Speed Smoothie Blender 900W,STORE_01,Home & Kitchen,2199.0,73,78.0,5.0
2025-11-24,PROD_14,High-Speed Smoothie Blender 900W,STORE_01,Home & Kitchen,2199.0,57,60.2,3.200000762939453
2025-11-25,PROD_14,High-Speed Smoothie Blender 900W,STORE_01,Home & Kitchen,2199.0,62,59.1,-2.9000015258789062
2025-11-26,PROD_14,High-Speed Smoothie Blender 900W,STORE_01,Home & Kitchen,2199.0,65,59.2,-5.799999237060547
2025-11-27,PROD_14,High-Speed Smoothie Blender 900W,STORE_01,Home & Kitchen,2199.0,67,59.5,-7.5
2025-11-28,PROD_14,High-Speed Smoothie Blender 900W,STORE_01,Home & Kitchen,2199.0,71,66.4,-4.599998474121094
2025-11-29,PROD_14,High-Speed Smoothie Blender 900W,STORE_01,Home & Kitchen,2199.0,70,76.0,6.0
2025-11-30,PROD_14,High-Speed Smoothie Blender 900W,STORE_01,Home & Kitchen,2155.02,72,76.3,4.3000030517578125
2025-12-01,PROD_14,High-Speed Smoothie Blender 900W,STORE_01,Home & Kitchen,2199.0,60,58.1,-1.9000015258789062
2025-12-02,PROD_14,High-Speed Smoothie Blender 900W,STORE_01,Home & Kitchen,2199.0,52,59.1,7.099998474121094
2025-12-03,PROD_14,High-Speed Smoothie Blender 900W,STORE_01,Home & Kitchen,2199.0,58,56.7,-1.2999992370605469
2025-12-04,PROD_14,High-Speed Smoothie Blender 900W,STORE_01,Home & Kitchen,2199.0,58,56.9,-1.0999984741210938
2025-12-05,PROD_14,High-Speed Smoothie Blender 900W,STORE_01,Home & Kitchen,2199.0,103,63.5,-39.5
2025-12-06,PROD_14,High-Speed Smoothie Blender 900W,STORE_01,Home & Kitchen,1759.2,180,132.3,-47.69999694824219
2025-12-07,PROD_14,High-Speed Smoothie Blender 900W,STORE_01,Home & Kitchen,2155.02,100,81.0,-19.0
2025-12-08,PROD_14,High-Speed Smoothie Blender 900W,STORE_01,Home & Kitchen,2199.0,61,58.4,-2.5999984741210938
2025-12-09,PROD_14,High-Speed Smoothie Blender 900W,STORE_01,Home & Kitchen,2199.0,65,60.4,-4.599998474121094
2025-12-10,PROD_14,High-Speed Smoothie Blender 900W,STORE_01,Home & Kitchen,2199.0,63,60.8,-2.200000762939453
2025-12-11,PROD_14,High-Speed Smoothie Blender 900W,STORE_01,Home & Kitchen,2199.0,80,61.8,-18.200000762939453
2025-12-12,PROD_14,High-Speed Smoothie Blender 900W,STORE_01,Home & Kitchen,2199.0,70,72.4,2.4000015258789062
2025-12-13,PROD_14,High-Speed Smoothie Blender 900W,STORE_01,Home & Kitchen,2199.0,89,78.2,-10.800003051757812
2025-12-14,PROD_14,High-Speed Smoothie Blender 900W,STORE_01,Home & Kitchen,2199.0,90,84.6,-5.400001525878906
2025-12-15,PROD_14,High-Speed Smoothie Blender 900W,STORE_01,Home & Kitchen,2199.0,51,65.2,14.199996948242188
2025-12-16,PROD_14,High-Speed Smoothie Blender 900W,STORE_01,Home & Kitchen,2155.02,73,64.1,-8.900001525878906
2025-12-17,PROD_14,High-Speed Smoothie Blender 900W,STORE_01,Home & Kitchen,2199.0,69,65.5,-3.5
2025-12-18,PROD_14,High-Speed Smoothie Blender 900W,STORE_01,Home & Kitchen,2111.04,68,69.2,1.1999969482421875
2025-12-19,PROD_14,High-Speed Smoothie Blender 900W,STORE_01,Home & Kitchen,2199.0,66,73.1,7.099998474121094
2025-12-20,PROD_14,High-Speed Smoothie Blender 900W,STORE_01,Home & Kitchen,2199.0,80,81.1,1.0999984741210938
2025-12-21,PROD_14,High-Speed Smoothie Blender 900W,STORE_01,Home & Kitchen,2111.04,111,82.0,-29.0
2025-12-22,PROD_14,High-Speed Smoothie Blender 900W,STORE_01,Home & Kitchen,1979.1,78,92.5,14.5
2025-12-23,PROD_14,High-Speed Smoothie Blender 900W,STORE_01,Home & Kitchen,2199.0,59,64.5,5.5
2025-12-24,PROD_14,High-Speed Smoothie Blender 900W,STORE_01,Home & Kitchen,2199.0,59,63.3,4.299999237060547
2025-12-25,PROD_14,High-Speed Smoothie Blender 900W,STORE_01,Home & Kitchen,2089.05,77,87.3,10.300003051757812
2025-12-26,PROD_14,High-Speed Smoothie Blender 900W,STORE_01,Home & Kitchen,2199.0,66,72.6,6.599998474121094
2025-12-27,PROD_14,High-Speed Smoothie Blender 900W,STORE_01,Home & Kitchen,2089.05,116,109.9,-6.099998474121094
2025-12-28,PROD_14,High-Speed Smoothie Blender 900W,STORE_01,Home & Kitchen,1979.1,133,129.7,-3.3000030517578125
2025-12-29,PROD_14,High-Speed Smoothie Blender 900W,STORE_01,Home & Kitchen,2155.02,63,65.5,2.5
2025-12-30,PROD_14,High-Speed Smoothie Blender 900W,STORE_01,Home & Kitchen,2089.05,93,88.4,-4.599998474121094
2025-12-31,PROD_14,High-Speed Smoothie Blender 900W,STORE_01,Home & Kitchen,2155.02,65,66.4,1.4000015258789062
2025-09-17,PROD_14,High-Speed Smoothie Blender 900W,STORE_02,Home & Kitchen,2199.0,41,44.3,3.299999237060547
2025-09-18,PROD_14,High-Speed Smoothie Blender 900W,STORE_02,Home & Kitchen,2199.0,51,44.4,-6.599998474121094
2025-09-19,PROD_14,High-Speed Smoothie Blender 900W,STORE_02,Home & Kitchen,2199.0,63,53.5,-9.5
2025-09-20,PROD_14,High-Speed Smoothie Blender 900W,STORE_02,Home & Kitchen,2199.0,64,58.5,-5.5
2025-09-21,PROD_14,High-Speed Smoothie Blender 900W,STORE_02,Home & Kitchen,2199.0,59,60.3,1.2999992370605469
2025-09-22,PROD_14,High-Speed Smoothie Blender 900W,STORE_02,Home & Kitchen,2199.0,38,45.2,7.200000762939453
2025-09-23,PROD_14,High-Speed Smoothie Blender 900W,STORE_02,Home & Kitchen,2199.0,47,43.9,-3.0999984741210938
2025-09-24,PROD_14,High-Speed Smoothie Blender 900W,STORE_02,Home & Kitchen,2199.0,44,45.1,1.0999984741210938
2025-09-25,PROD_14,High-Speed Smoothie Blender 900W,STORE_02,Home & Kitchen,2199.0,41,46.6,5.599998474121094
2025-09-26,PROD_14,High-Speed Smoothie Blender 900W,STORE_02,Home & Kitchen,2199.0,45,50.1,5.099998474121094
2025-09-27,PROD_14,High-Speed Smoothie Blender 900W,STORE_02,Home & Kitchen,2089.05,73,76.7,3.6999969482421875
2025-09-28,PROD_14,High-Speed Smoothie Blender 900W,STORE_02,Home & Kitchen,2199.0,54,58.2,4.200000762939453
2025-09-29,PROD_14,High-Speed Smoothie Blender 900W,STORE_02,Home & Kitchen,2199.0,36,44.3,8.299999237060547
2025-09-30,PROD_14,High-Speed Smoothie Blender 900W,STORE_02,Home & Kitchen,2199.0,38,44.3,6.299999237060547
2025-10-01,PROD_14,High-Speed Smoothie Blender 900W,STORE_02,Home & Kitchen,2199.0,60,47.6,-12.400001525878906
2025-10-02,PROD_14,High-Speed Smoothie Blender 900W,STORE_02,Home & Kitchen,2199.0,71,50.7,-20.299999237060547
2025-10-03,PROD_14,High-Speed Smoothie Blender 900W,STORE_02,Home & Kitchen,2089.05,86,79.5,-6.5
2025-10-04,PROD_14,High-Speed Smoothie Blender 900W,STORE_02,Home & Kitchen,2199.0,78,67.3,-10.699996948242188
2025-10-05,PROD_14,High-Speed Smoothie Blender 900W,STORE_02,Home & Kitchen,2199.0,71,64.7,-6.3000030517578125
2025-10-06,PROD_14,High-Speed Smoothie Blender 900W,STORE_02,Home & Kitchen,2199.0,45,51.2,6.200000762939453
2025-10-07,PROD_14,High-Speed Smoothie Blender 900W,STORE_02,Home & Kitchen,2199.0,50,51.4,1.4000015258789062
2025-10-08,PROD_14,High-Speed Smoothie Blender 900W,STORE_02,Home & Kitchen,2199.0,60,52.9,-7.099998474121094
2025-10-09,PROD_14,High-Speed Smoothie Blender 900W,STORE_02,Home & Kitchen,2199.0,52,55.6,3.5999984741210938
2025-10-10,PROD_14,High-Speed Smoothie Blender 900W,STORE_02,Home & Kitchen,2199.0,66,60.9,-5.099998474121094
2025-10-11,PROD_14,High-Speed Smoothie Blender 900W,STORE_02,Home & Kitchen,2199.0,83,72.1,-10.900001525878906
2025-10-12,PROD_14,High-Speed Smoothie Blender 900W,STORE_02,Home & Kitchen,1869.15,150,117.9,-32.099998474121094
2025-10-13,PROD_14,High-Speed Smoothie Blender 900W,STORE_02,Home & Kitchen,2155.02,65,60.5,-4.5
2025-10-14,PROD_14,High-Speed Smoothie Blender 900W,STORE_02,Home & Kitchen,1979.1,91,84.5,-6.5
2025-10-15,PROD_14,High-Speed Smoothie Blender 900W,STORE_02,Home & Kitchen,2089.05,87,84.9,-2.0999984741210938
2025-10-16,PROD_14,High-Speed Smoothie Blender 900W,STORE_02,Home & Kitchen,2199.0,63,61.9,-1.0999984741210938
2025-10-17,PROD_14,High-Speed Smoothie Blender 900W,STORE_02,Home & Kitchen,2199.0,64,72.1,8.099998474121094
2025-10-18,PROD_14,High-Speed Smoothie Blender 900W,STORE_02,Home & Kitchen,2199.0,60,75.7,15.699996948242188
2025-10-19,PROD_14,High-Speed Smoothie Blender 900W,STORE_02,Home & Kitchen,2199.0,78,70.5,-7.5
2025-10-20,PROD_14,High-Speed Smoothie Blender 900W,STORE_02,Home & Kitchen,2199.0,56,62.6,6.599998474121094
2025-10-21,PROD_14,High-Speed Smoothie Blender 900W,STORE_02,Home & Kitchen,1979.1,93,95.1,2.0999984741210938
2025-10-22,PROD_14,High-Speed Smoothie Blender 900W,STORE_02,Home & Kitchen,2199.0,47,64.0,17.0
2025-10-23,PROD_14,High-Speed Smoothie Blender 900W,STORE_02,Home & Kitchen,1979.1,75,94.8,19.800003051757812
2025-10-24,PROD_14,High-Speed Smoothie Blender 900W,STORE_02,Home & Kitchen,1979.1,102,109.5,7.5
2025-10-25,PROD_14,High-Speed Smoothie Blender 900W,STORE_02,Home & Kitchen,1979.1,137,126.3,-10.699996948242188
2025-10-26,PROD_14,High-Speed Smoothie Blender 900W,STORE_02,Home & Kitchen,2199.0,97,83.5,-13.5
2025-10-27,PROD_14,High-Speed Smoothie Blender 900W,STORE_02,Home & Kitchen,2199.0,63,64.8,1.8000030517578125
2025-10-28,PROD_14,High-Speed Smoothie Blender 900W,STORE_02,Home & Kitchen,2199.0,70,65.6,-4.400001525878906
2025-10-29,PROD_14,High-Speed Smoothie Blender 900W,STORE_02,Home & Kitchen,2199.0,66,65.4,-0.5999984741210938
2025-10-30,PROD_14,High-Speed Smoothie Blender 900W,STORE_02,Home & Kitchen,2199.0,59,66.1,7.099998474121094
2025-10-31,PROD_14,High-Speed Smoothie Blender 900W,STORE_02,Home & Kitchen,2199.0,68,73.9,5.900001525878906
2025-11-01,PROD_14,High-Speed Smoothie Blender 900W,STORE_02,Home & Kitchen,2199.0,99,76.6,-22.400001525878906
2025-11-02,PROD_14,High-Speed Smoothie Blender 900W,STORE_02,Home & Kitchen,2155.02,96,85.2,-10.800003051757812
2025-11-03,PROD_14,High-Speed Smoothie Blender 900W,STORE_02,Home & Kitchen,2199.0,56,64.2,8.199996948242188
2025-11-04,PROD_14,High-Speed Smoothie Blender 900W,STORE_02,Home & Kitchen,2199.0,50,63.0,13.0
2025-11-05,PROD_14,High-Speed Smoothie Blender 900W,STORE_02,Home & Kitchen,2199.0,85,61.5,-23.5
2025-11-06,PROD_14,High-Speed Smoothie Blender 900W,STORE_02,Home & Kitchen,2199.0,50,64.2,14.199996948242188
2025-11-07,PROD_14,High-Speed Smoothie Blender 900W,STORE_02,Home & Kitchen,2155.02,63,71.9,8.900001525878906
2025-11-08,PROD_14,High-Speed Smoothie Blender 900W,STORE_02,Home & Kitchen,2199.0,70,76.9,6.900001525878906
2025-11-09,PROD_14,High-Speed Smoothie Blender 900W,STORE_02,Home & Kitchen,2111.04,86,82.5,-3.5
2025-11-10,PROD_14,High-Speed Smoothie Blender 900W,STORE_02,Home & Kitchen,1979.1,81,89.2,8.199996948242188
2025-11-11,PROD_14,High-Speed Smoothie Blender 900W,STORE_02,Home & Kitchen,2199.0,56,60.6,4.599998474121094
2025-11-12,PROD_14,High-Speed Smoothie Blender 900W,STORE_02,Home & Kitchen,1979.1,82,96.3,14.300003051757812
2025-11-13,PROD_14,High-Speed Smoothie Blender 900W,STORE_02,Home & Kitchen,2199.0,60,59.8,-0.20000076293945312
2025-11-14,PROD_14,High-Speed Smoothie Blender 900W,STORE_02,Home & Kitchen,2199.0,73,68.8,-4.1999969482421875
2025-11-15,PROD_14,High-Speed Smoothie Blender 900W,STORE_02,Home & Kitchen,2199.0,73,76.7,3.6999969482421875
2025-11-16,PROD_14,High-Speed Smoothie Blender 900W,STORE_02,Home & Kitchen,2199.0,73,80.4,7.400001525878906
2025-11-17,PROD_14,High-Speed Smoothie Blender 900W,STORE_02,Home & Kitchen,2199.0,58,62.2,4.200000762939453
2025-11-18,PROD_14,High-Speed Smoothie Blender 900W,STORE_02,Home & Kitchen,2155.02,60,61.0,1.0
2025-11-19,PROD_14,High-Speed Smoothie Blender 900W,STORE_02,Home & Kitchen,2199.0,59,59.2,0.20000076293945312
2025-11-20,PROD_14,High-Speed Smoothie Blender 900W,STORE_02,Home & Kitchen,2199.0,48,57.2,9.200000762939453
2025-11-21,PROD_14,High-Speed Smoothie Blender 900W,STORE_02,Home & Kitchen,2199.0,75,66.1,-8.900001525878906
2025-11-22,PROD_14,High-Speed Smoothie Blender 900W,STORE_02,Home & Kitchen,2199.0,75,76.1,1.0999984741210938
2025-11-23,PROD_14,High-Speed Smoothie Blender 900W,STORE_02,Home & Kitchen,1979.1,136,114.8,-21.199996948242188
2025-11-24,PROD_14,High-Speed Smoothie Blender 900W,STORE_02,Home & Kitchen,1649.25,115,122.3,7.3000030517578125
2025-11-25,PROD_14,High-Speed Smoothie Blender 900W,STORE_02,Home & Kitchen,2199.0,58,59.9,1.9000015258789062
2025-11-26,PROD_14,High-Speed Smoothie Blender 900W,STORE_02,Home & Kitchen,2199.0,57,59.1,2.0999984741210938
2025-11-27,PROD_14,High-Speed Smoothie Blender 900W,STORE_02,Home & Kitchen,2199.0,68,57.8,-10.200000762939453
2025-11-28,PROD_14,High-Speed Smoothie Blender 900W,STORE_02,Home & Kitchen,2199.0,61,68.5,7.5
2025-11-29,PROD_14,High-Speed Smoothie Blender 900W,STORE_02,Home & Kitchen,2089.05,126,106.3,-19.699996948242188
2025-11-30,PROD_14,High-Speed Smoothie Blender 900W,STORE_02,Home & Kitchen,2199.0,78,78.0,0.0
2025-12-01,PROD_14,High-Speed Smoothie Blender 900W,STORE_02,Home & Kitchen,2199.0,58,59.9,1.9000015258789062
2025-12-02,PROD_14,High-Speed Smoothie Blender 900W,STORE_02,Home & Kitchen,2199.0,58,59.7,1.7000007629394531
2025-12-03,PROD_14,High-Speed Smoothie Blender 900W,STORE_02,Home & Kitchen,2199.0,58,60.2,2.200000762939453
2025-12-04,PROD_14,High-Speed Smoothie Blender 900W,STORE_02,Home & Kitchen,2199.0,61,59.1,-1.9000015258789062
2025-12-05,PROD_14,High-Speed Smoothie Blender 900W,STORE_02,Home & Kitchen,2199.0,67,68.1,1.0999984741210938
2025-12-06,PROD_14,High-Speed Smoothie Blender 900W,STORE_02,Home & Kitchen,2199.0,72,73.2,1.1999969482421875
2025-12-07,PROD_14,High-Speed Smoothie Blender 900W,STORE_02,Home & Kitchen,1979.1,121,122.9,1.9000015258789062
2025-12-08,PROD_14,High-Speed Smoothie Blender 900W,STORE_02,Home & Kitchen,2199.0,70,60.8,-9.200000762939453
2025-12-09,PROD_14,High-Speed Smoothie Blender 900W,STORE_02,Home & Kitchen,2199.0,58,60.4,2.4000015258789062
2025-12-10,PROD_14,High-Speed Smoothie Blender 900W,STORE_02,Home & Kitchen,2199.0,66,60.3,-5.700000762939453
2025-12-11,PROD_14,High-Speed Smoothie Blender 900W,STORE_02,Home & Kitchen,2111.04,53,64.4,11.400001525878906
2025-12-12,PROD_14,High-Speed Smoothie Blender 900W,STORE_02,Home & Kitchen,2199.0,67,64.6,-2.4000015258789062
2025-12-13,PROD_14,High-Speed Smoothie Blender 900W,STORE_02,Home & Kitchen,1869.15,123,130.4,7.399993896484375
2025-12-14,PROD_14,High-Speed Smoothie Blender 900W,STORE_02,Home & Kitchen,2199.0,73,74.9,1.9000015258789062
2025-12-15,PROD_14,High-Speed Smoothie Blender 900W,STORE_02,Home & Kitchen,2199.0,55,59.8,4.799999237060547
2025-12-16,PROD_14,High-Speed Smoothie Blender 900W,STORE_02,Home & Kitchen,2199.0,52,58.9,6.900001525878906
2025-12-17,PROD_14,High-Speed Smoothie Blender 900W,STORE_02,Home & Kitchen,2199.0,49,58.0,9.0
2025-12-18,PROD_14,High-Speed Smoothie Blender 900W,STORE_02,Home & Kitchen,2199.0,59,56.3,-2.700000762939453
2025-12-19,PROD_14,High-Speed Smoothie Blender 900W,STORE_02,Home & Kitchen,2199.0,66,65.5,-0.5
2025-12-20,PROD_14,High-Speed Smoothie Blender 900W,STORE_02,Home & Kitchen,2199.0,58,71.0,13.0
2025-12-21,PROD_14,High-Speed Smoothie Blender 900W,STORE_02,Home & Kitchen,2199.0,73,72.5,-0.5
2025-12-22,PROD_14,High-Speed Smoothie Blender 900W,STORE_02,Home & Kitchen,2199.0,54,57.8,3.799999237060547
2025-12-23,PROD_14,High-Speed Smoothie Blender 900W,STORE_02,Home & Kitchen,2199.0,58,54.7,-3.299999237060547
2025-12-24,PROD_14,High-Speed Smoothie Blender 900W,STORE_02,Home & Kitchen,2089.05,69,73.4,4.400001525878906
2025-12-25,PROD_14,High-Speed Smoothie Blender 900W,STORE_02,Home & Kitchen,1759.2,96,103.4,7.400001525878906
2025-12-26,PROD_14,High-Speed Smoothie Blender 900W,STORE_02,Home & Kitchen,1869.15,108,107.2,-0.8000030517578125
2025-12-27,PROD_14,High-Speed Smoothie Blender 900W,STORE_02,Home & Kitchen,2089.05,92,106.1,14.099998474121094
2025-12-28,PROD_14,High-Speed Smoothie Blender 900W,STORE_02,Home & Kitchen,2089.05,96,104.9,8.900001525878906
2025-12-29,PROD_14,High-Speed Smoothie Blender 900W,STORE_02,Home & Kitchen,2199.0,59,59.1,0.09999847412109375
2025-12-30,PROD_14,High-Speed Smoothie Blender 900W,STORE_02,Home & Kitchen,2089.05,81,85.4,4.400001525878906
2025-12-31,PROD_14,High-Speed Smoothie Blender 900W,STORE_02,Home & Kitchen,2089.05,68,87.8,19.800003051757812
2025-09-17,PROD_14,High-Speed Smoothie Blender 900W,STORE_03,Home & Kitchen,2199.0,53,47.3,-5.700000762939453
2025-09-18,PROD_14,High-Speed Smoothie Blender 900W,STORE_03,Home & Kitchen,2199.0,46,47.5,1.5
2025-09-19,PROD_14,High-Speed Smoothie Blender 900W,STORE_03,Home & Kitchen,2199.0,63,53.0,-10.0
2025-09-20,PROD_14,High-Speed Smoothie Blender 900W,STORE_03,Home & Kitchen,1649.25,110,121.8,11.800003051757812
2025-09-21,PROD_14,High-Speed Smoothie Blender 900W,STORE_03,Home & Kitchen,2089.05,78,86.1,8.099998474121094
2025-09-22,PROD_14,High-Speed Smoothie Blender 900W,STORE_03,Home & Kitchen,2199.0,42,49.4,7.400001525878906
2025-09-23,PROD_14,High-Speed Smoothie Blender 900W,STORE_03,Home & Kitchen,2199.0,46,48.3,2.299999237060547
2025-09-24,PROD_14,High-Speed Smoothie Blender 900W,STORE_03,Home & Kitchen,2199.0,52,48.6,-3.4000015258789062
2025-09-25,PROD_14,High-Speed Smoothie Blender 900W,STORE_03,Home & Kitchen,2199.0,52,49.2,-2.799999237060547
2025-09-26,PROD_14,High-Speed Smoothie Blender 900W,STORE_03,Home & Kitchen,2155.02,52,57.6,5.599998474121094
2025-09-27,PROD_14,High-Speed Smoothie Blender 900W,STORE_03,Home & Kitchen,2199.0,71,61.9,-9.099998474121094
2025-09-28,PROD_14,High-Speed Smoothie Blender 900W,STORE_03,Home & Kitchen,2199.0,70,63.7,-6.299999237060547
2025-09-29,PROD_14,High-Speed Smoothie Blender 900W,STORE_03,Home & Kitchen,2199.0,45,51.7,6.700000762939453
2025-09-30,PROD_14,High-Speed Smoothie Blender 900W,STORE_03,Home & Kitchen,1759.2,77,85.2,8.199996948242188
2025-10-01,PROD_14,High-Speed Smoothie Blender 900W,STORE_03,Home & Kitchen,2199.0,68,56.3,-11.700000762939453
2025-10-02,PROD_14,High-Speed Smoothie Blender 900W,STORE_03,Home & Kitchen,2199.0,66,56.5,-9.5
2025-10-03,PROD_14,High-Speed Smoothie Blender 900W,STORE_03,Home & Kitchen,2199.0,64,69.9,5.900001525878906
2025-10-04,PROD_14,High-Speed Smoothie Blender 900W,STORE_03,Home & Kitchen,2155.02,85,79.6,-5.400001525878906
2025-10-05,PROD_14,High-Speed Smoothie Blender 900W,STORE_03,Home & Kitchen,2199.0,89,73.6,-15.400001525878906
2025-10-06,PROD_14,High-Speed Smoothie Blender 900W,STORE_03,Home & Kitchen,2199.0,58,58.8,0.7999992370605469
2025-10-07,PROD_14,High-Speed Smoothie Blender 900W,STORE_03,Home & Kitchen,2199.0,74,60.9,-13.099998474121094
2025-10-08,PROD_14,High-Speed Smoothie Blender 900W,STORE_03,Home & Kitchen,2199.0,51,62.7,11.700000762939453
2025-10-09,PROD_14,High-Speed Smoothie Blender 900W,STORE_03,Home & Kitchen,2199.0,73,60.9,-12.099998474121094
2025-10-10,PROD_14,High-Speed Smoothie Blender 900W,STORE_03,Home & Kitchen,2199.0,77,70.5,-6.5
2025-10-11,PROD_14,High-Speed Smoothie Blender 900W,STORE_03,Home & Kitchen,2199.0,74,81.9,7.900001525878906
2025-10-12,PROD_14,High-Speed Smoothie Blender 900W,STORE_03,Home & Kitchen,2111.04,101,82.1,-18.900001525878906
2025-10-13,PROD_14,High-Speed Smoothie Blender 900W,STORE_03,Home & Kitchen,1759.2,109,109.4,0.40000152587890625
2025-10-14,PROD_14,High-Speed Smoothie Blender 900W,STORE_03,Home & Kitchen,2155.02,72,69.0,-3.0
2025-10-15,PROD_14,High-Speed Smoothie Blender 900W,STORE_03,Home & Kitchen,2111.04,63,67.2,4.1999969482421875
2025-10-16,PROD_14,High-Speed Smoothie Blender 900W,STORE_03,Home & Kitchen,2199.0,68,64.3,-3.6999969482421875
2025-10-17,PROD_14,High-Speed Smoothie Blender 900W,STORE_03,Home & Kitchen,2155.02,67,78.1,11.099998474121094
2025-10-18,PROD_14,High-Speed Smoothie Blender 900W,STORE_03,Home & Kitchen,2089.05,101,122.5,21.5
2025-10-19,PROD_14,High-Speed Smoothie Blender 900W,STORE_03,Home & Kitchen,2199.0,90,83.0,-7.0
2025-10-20,PROD_14,High-Speed Smoothie Blender 900W,STORE_03,Home & Kitchen,2199.0,76,67.0,-9.0
2025-10-21,PROD_14,High-Speed Smoothie Blender 900W,STORE_03,Home & Kitchen,2199.0,61,68.5,7.5
2025-10-22,PROD_14,High-Speed Smoothie Blender 900W,STORE_03,Home & Kitchen,2155.02,65,68.4,3.4000015258789062
2025-10-23,PROD_14,High-Speed Smoothie Blender 900W,STORE_03,Home & Kitchen,2199.0,57,68.4,11.400001525878906
2025-10-24,PROD_14,High-Speed Smoothie Blender 900W,STORE_03,Home & Kitchen,2089.05,127,103.3,-23.699996948242188
2025-10-25,PROD_14,High-Speed Smoothie Blender 900W,STORE_03,Home & Kitchen,2199.0,98,88.4,-9.599998474121094
2025-10-26,PROD_14,High-Speed Smoothie Blender 900W,STORE_03,Home & Kitchen,2199.0,69,88.3,19.300003051757812
2025-10-27,PROD_14,High-Speed Smoothie Blender 900W,STORE_03,Home & Kitchen,2199.0,62,65.9,3.9000015258789062
2025-10-28,PROD_14,High-Speed Smoothie Blender 900W,STORE_03,Home & Kitchen,2199.0,65,64.0,-1.0
2025-10-29,PROD_14,High-Speed Smoothie Blender 900W,STORE_03,Home & Kitchen,2199.0,74,66.6,-7.400001525878906
2025-10-30,PROD_14,High-Speed Smoothie Blender 900W,STORE_03,Home & Kitchen,2199.0,54,66.9,12.900001525878906
2025-10-31,PROD_14,High-Speed Smoothie Blender 900W,STORE_03,Home & Kitchen,2199.0,74,71.8,-2.1999969482421875
2025-11-01,PROD_14,High-Speed Smoothie Blender 900W,STORE_03,Home & Kitchen,2111.04,83,86.0,3.0
2025-11-02,PROD_14,High-Speed Smoothie Blender 900W,STORE_03,Home & Kitchen,2089.05,132,112.7,-19.300003051757812
2025-11-03,PROD_14,High-Speed Smoothie Blender 900W,STORE_03,Home & Kitchen,2199.0,68,63.1,-4.900001525878906
2025-11-04,PROD_14,High-Speed Smoothie Blender 900W,STORE_03,Home & Kitchen,2199.0,63,64.4,1.4000015258789062
2025-11-05,PROD_14,High-Speed Smoothie Blender 900W,STORE_03,Home & Kitchen,2199.0,67,62.2,-4.799999237060547
2025-11-06,PROD_14,High-Speed Smoothie Blender 900W,STORE_03,Home & Kitchen,2199.0,59,61.8,2.799999237060547
2025-11-07,PROD_14,High-Speed Smoothie Blender 900W,STORE_03,Home & Kitchen,2199.0,73,71.6,-1.4000015258789062
2025-11-08,PROD_14,High-Speed Smoothie Blender 900W,STORE_03,Home & Kitchen,2199.0,74,80.4,6.400001525878906
2025-11-09,PROD_14,High-Speed Smoothie Blender 900W,STORE_03,Home & Kitchen,2199.0,76,79.8,3.8000030517578125
2025-11-10,PROD_14,High-Speed Smoothie Blender 900W,STORE_03,Home & Kitchen,2199.0,58,63.6,5.599998474121094
2025-11-11,PROD_14,High-Speed Smoothie Blender 900W,STORE_03,Home & Kitchen,2199.0,50,60.1,10.099998474121094
2025-11-12,PROD_14,High-Speed Smoothie Blender 900W,STORE_03,Home & Kitchen,2199.0,61,59.1,-1.9000015258789062
2025-11-13,PROD_14,High-Speed Smoothie Blender 900W,STORE_03,Home & Kitchen,2199.0,54,58.4,4.400001525878906
2025-11-14,PROD_14,High-Speed Smoothie Blender 900W,STORE_03,Home & Kitchen,2155.02,71,68.1,-2.9000015258789062
2025-11-15,PROD_14,High-Speed Smoothie Blender 900W,STORE_03,Home & Kitchen,1979.1,115,110.5,-4.5
2025-11-16,PROD_14,High-Speed Smoothie Blender 900W,STORE_03,Home & Kitchen,2199.0,70,77.0,7.0
2025-11-17,PROD_14,High-Speed Smoothie Blender 900W,STORE_03,Home & Kitchen,2111.04,78,62.0,-16.0
2025-11-18,PROD_14,High-Speed Smoothie Blender 900W,STORE_03,Home & Kitchen,2199.0,63,60.2,-2.799999237060547
2025-11-19,PROD_14,High-Speed Smoothie Blender 900W,STORE_03,Home & Kitchen,2199.0,53,60.6,7.599998474121094
2025-11-20,PROD_14,High-Speed Smoothie Blender 900W,STORE_03,Home & Kitchen,2199.0,66,58.3,-7.700000762939453
2025-11-21,PROD_14,High-Speed Smoothie Blender 900W,STORE_03,Home & Kitchen,1979.1,113,98.5,-14.5
2025-11-22,PROD_14,High-Speed Smoothie Blender 900W,STORE_03,Home & Kitchen,2199.0,89,79.1,-9.900001525878906
2025-11-23,PROD_14,High-Speed Smoothie Blender 900W,STORE_03,Home & Kitchen,2199.0,81,76.1,-4.900001525878906
2025-11-24,PROD_14,High-Speed Smoothie Blender 900W,STORE_03,Home & Kitchen,2089.05,98,85.8,-12.199996948242188
2025-11-25,PROD_14,High-Speed Smoothie Blender 900W,STORE_03,Home & Kitchen,1979.1,89,91.9,2.9000015258789062
2025-11-26,PROD_14,High-Speed Smoothie Blender 900W,STORE_03,Home & Kitchen,2155.02,59,66.2,7.1999969482421875
2025-11-27,PROD_14,High-Speed Smoothie Blender 900W,STORE_03,Home & Kitchen,2155.02,66,65.7,-0.3000030517578125
2025-11-28,PROD_14,High-Speed Smoothie Blender 900W,STORE_03,Home & Kitchen,2199.0,82,73.6,-8.400001525878906
2025-11-29,PROD_14,High-Speed Smoothie Blender 900W,STORE_03,Home & Kitchen,2199.0,77,87.5,10.5
2025-11-30,PROD_14,High-Speed Smoothie Blender 900W,STORE_03,Home & Kitchen,2199.0,108,88.2,-19.800003051757812
2025-12-01,PROD_14,High-Speed Smoothie Blender 900W,STORE_03,Home & Kitchen,2199.0,82,66.2,-15.800003051757812
2025-12-02,PROD_14,High-Speed Smoothie Blender 900W,STORE_03,Home & Kitchen,2155.02,65,67.2,2.1999969482421875
2025-12-03,PROD_14,High-Speed Smoothie Blender 900W,STORE_03,Home & Kitchen,2199.0,54,65.3,11.300003051757812
2025-12-04,PROD_14,High-Speed Smoothie Blender 900W,STORE_03,Home & Kitchen,2199.0,66,64.4,-1.5999984741210938
2025-12-05,PROD_14,High-Speed Smoothie Blender 900W,STORE_03,Home & Kitchen,2199.0,64,73.1,9.099998474121094
2025-12-06,PROD_14,High-Speed Smoothie Blender 900W,STORE_03,Home & Kitchen,2199.0,86,80.1,-5.900001525878906
2025-12-07,PROD_14,High-Speed Smoothie Blender 900W,STORE_03,Home & Kitchen,2155.02,86,83.1,-2.9000015258789062
2025-12-08,PROD_14,High-Speed Smoothie Blender 900W,STORE_03,Home & Kitchen,2199.0,57,64.8,7.8000030517578125
2025-12-09,PROD_14,High-Speed Smoothie Blender 900W,STORE_03,Home & Kitchen,2199.0,75,60.8,-14.200000762939453
2025-12-10,PROD_14,High-Speed Smoothie Blender 900W,STORE_03,Home & Kitchen,2199.0,61,61.5,0.5
2025-12-11,PROD_14,High-Speed Smoothie Blender 900W,STORE_03,Home & Kitchen,2199.0,67,63.0,-4.0
2025-12-12,PROD_14,High-Speed Smoothie Blender 900W,STORE_03,Home & Kitchen,2111.04,61,74.6,13.599998474121094
2025-12-13,PROD_14,High-Speed Smoothie Blender 900W,STORE_03,Home & Kitchen,1979.1,116,117.3,1.3000030517578125
2025-12-14,PROD_14,High-Speed Smoothie Blender 900W,STORE_03,Home & Kitchen,1759.2,155,144.0,-11.0
2025-12-15,PROD_14,High-Speed Smoothie Blender 900W,STORE_03,Home & Kitchen,2155.02,65,64.5,-0.5
2025-12-16,PROD_14,High-Speed Smoothie Blender 900W,STORE_03,Home & Kitchen,2199.0,59,63.0,4.0
2025-12-17,PROD_14,High-Speed Smoothie Blender 900W,STORE_03,Home & Kitchen,2199.0,84,61.2,-22.799999237060547
2025-12-18,PROD_14,High-Speed Smoothie Blender 900W,STORE_03,Home & Kitchen,2199.0,78,64.3,-13.699996948242188
2025-12-19,PROD_14,High-Speed Smoothie Blender 900W,STORE_03,Home & Kitchen,2111.04,88,80.2,-7.8000030517578125
2025-12-20,PROD_14,High-Speed Smoothie Blender 900W,STORE_03,Home & Kitchen,2111.04,85,92.3,7.3000030517578125
2025-12-21,PROD_14,High-Speed Smoothie Blender 900W,STORE_03,Home & Kitchen,2199.0,75,87.5,12.5
2025-12-22,PROD_14,High-Speed Smoothie Blender 900W,STORE_03,Home & Kitchen,2199.0,72,68.7,-3.3000030517578125
2025-12-23,PROD_14,High-Speed Smoothie Blender 900W,STORE_03,Home & Kitchen,2199.0,78,68.4,-9.599998474121094
2025-12-24,PROD_14,High-Speed Smoothie Blender 900W,STORE_03,Home & Kitchen,1869.15,78,102.1,24.099998474121094
2025-12-25,PROD_14,High-Speed Smoothie Blender 900W,STORE_03,Home & Kitchen,2199.0,57,68.0,11.0
2025-12-26,PROD_14,High-Speed Smoothie Blender 900W,STORE_03,Home & Kitchen,2155.02,59,77.4,18.400001525878906
2025-12-27,PROD_14,High-Speed Smoothie Blender 900W,STORE_03,Home & Kitchen,1979.1,136,124.1,-11.900001525878906
2025-12-28,PROD_14,High-Speed Smoothie Blender 900W,STORE_03,Home & Kitchen,2199.0,83,86.5,3.5
2025-12-29,PROD_14,High-Speed Smoothie Blender 900W,STORE_03,Home & Kitchen,2199.0,53,66.0,13.0
2025-12-30,PROD_14,High-Speed Smoothie Blender 900W,STORE_03,Home & Kitchen,2089.05,92,88.6,-3.4000015258789062
2025-12-31,PROD_14,High-Speed Smoothie Blender 900W,STORE_03,Home & Kitchen,2199.0,69,64.9,-4.099998474121094
2025-09-17,PROD_14,High-Speed Smoothie Blender 900W,STORE_04,Home & Kitchen,2199.0,29,32.7,3.700000762939453
2025-09-18,PROD_14,High-Speed Smoothie Blender 900W,STORE_04,Home & Kitchen,2155.02,41,32.9,-8.099998474121094
2025-09-19,PROD_14,High-Speed Smoothie Blender 900W,STORE_04,Home & Kitchen,2199.0,45,40.4,-4.599998474121094
2025-09-20,PROD_14,High-Speed Smoothie Blender 900W,STORE_04,Home & Kitchen,1979.1,65,64.9,-0.09999847412109375
2025-09-21,PROD_14,High-Speed Smoothie Blender 900W,STORE_04,Home & Kitchen,2111.04,47,49.5,2.5
2025-09-22,PROD_14,High-Speed Smoothie Blender 900W,STORE_04,Home & Kitchen,1649.25,76,65.5,-10.5
2025-09-23,PROD_14,High-Speed Smoothie Blender 900W,STORE_04,Home & Kitchen,2199.0,35,37.3,2.299999237060547
2025-09-24,PROD_14,High-Speed Smoothie Blender 900W,STORE_04,Home & Kitchen,2199.0,27,36.7,9.700000762939453
2025-09-25,PROD_14,High-Speed Smoothie Blender 900W,STORE_04,Home & Kitchen,2199.0,37,35.5,-1.5
2025-09-26,PROD_14,High-Speed Smoothie Blender 900W,STORE_04,Home & Kitchen,2199.0,30,42.0,12.0
2025-09-27,PROD_14,High-Speed Smoothie Blender 900W,STORE_04,Home & Kitchen,2089.05,55,59.5,4.5
2025-09-28,PROD_14,High-Speed Smoothie Blender 900W,STORE_04,Home & Kitchen,2111.04,48,49.6,1.5999984741210938
2025-09-29,PROD_14,High-Speed Smoothie Blender 900W,STORE_04,Home & Kitchen,2199.0,35,33.9,-1.0999984741210938
2025-09-30,PROD_14,High-Speed Smoothie Blender 900W,STORE_04,Home & Kitchen,2089.05,48,47.4,-0.5999984741210938
2025-10-01,PROD_14,High-Speed Smoothie Blender 900W,STORE_04,Home & Kitchen,2199.0,47,38.0,-9.0
2025-10-02,PROD_14,High-Speed Smoothie Blender 900W,STORE_04,Home & Kitchen,2199.0,50,40.4,-9.599998474121094
2025-10-03,PROD_14,High-Speed Smoothie Blender 900W,STORE_04,Home & Kitchen,2199.0,47,50.4,3.4000015258789062
2025-10-04,PROD_14,High-Speed Smoothie Blender 900W,STORE_04,Home & Kitchen,2199.0,55,54.6,-0.40000152587890625
2025-10-05,PROD_14,High-Speed Smoothie Blender 900W,STORE_04,Home & Kitchen,2199.0,61,55.7,-5.299999237060547
2025-10-06,PROD_14,High-Speed Smoothie Blender 900W,STORE_04,Home & Kitchen,2199.0,38,43.4,5.400001525878906
2025-10-07,PROD_14,High-Speed Smoothie Blender 900W,STORE_04,Home & Kitchen,2155.02,50,44.1,-5.900001525878906
2025-10-08,PROD_14,High-Speed Smoothie Blender 900W,STORE_04,Home & Kitchen,2199.0,46,43.0,-3.0
2025-10-09,PROD_14,High-Speed Smoothie Blender 900W,STORE_04,Home & Kitchen,2199.0,49,42.9,-6.099998474121094
2025-10-10,PROD_14,High-Speed Smoothie Blender 900W,STORE_04,Home & Kitchen,1979.1,84,69.3,-14.699996948242188
2025-10-11,PROD_14,High-Speed Smoothie Blender 900W,STORE_04,Home & Kitchen,2199.0,67,57.5,-9.5
2025-10-12,PROD_14,High-Speed Smoothie Blender 900W,STORE_04,Home & Kitchen,2199.0,45,60.6,15.599998474121094
2025-10-13,PROD_14,High-Speed Smoothie Blender 900W,STORE_04,Home & Kitchen,2089.05,56,57.4,1.4000015258789062
2025-10-14,PROD_14,High-Speed Smoothie Blender 900W,STORE_04,Home & Kitchen,2199.0,45,46.7,1.7000007629394531
2025-10-15,PROD_14,High-Speed Smoothie Blender 900W,STORE_04,Home & Kitchen,1979.1,79,71.2,-7.8000030517578125
2025-10-16,PROD_14,High-Speed Smoothie Blender 900W,STORE_04,Home & Kitchen,2199.0,43,47.7,4.700000762939453
2025-10-17,PROD_14,High-Speed Smoothie Blender 900W,STORE_04,Home & Kitchen,2199.0,51,51.3,0.2999992370605469
2025-10-18,PROD_14,High-Speed Smoothie Blender 900W,STORE_04,Home & Kitchen,2199.0,59,60.7,1.7000007629394531
2025-10-19,PROD_14,High-Speed Smoothie Blender 900W,STORE_04,Home & Kitchen,2199.0,64,59.1,-4.900001525878906
2025-10-20,PROD_14,High-Speed Smoothie Blender 900W,STORE_04,Home & Kitchen,2199.0,45,48.2,3.200000762939453
2025-10-21,PROD_14,High-Speed Smoothie Blender 900W,STORE_04,Home & Kitchen,1979.1,53,71.4,18.400001525878906
2025-10-22,PROD_14,High-Speed Smoothie Blender 900W,STORE_04,Home & Kitchen,2089.05,62,67.3,5.3000030517578125
2025-10-23,PROD_14,High-Speed Smoothie Blender 900W,STORE_04,Home & Kitchen,2199.0,46,48.1,2.0999984741210938
2025-10-24,PROD_14,High-Speed Smoothie Blender 900W,STORE_04,Home & Kitchen,2199.0,50,54.5,4.5
2025-10-25,PROD_14,High-Speed Smoothie Blender 900W,STORE_04,Home & Kitchen,2199.0,65,63.1,-1.9000015258789062
2025-10-26,PROD_14,High-Speed Smoothie Blender 900W,STORE_04,Home & Kitchen,2199.0,69,64.4,-4.599998474121094
2025-10-27,PROD_14,High-Speed Smoothie Blender 900W,STORE_04,Home & Kitchen,2199.0,45,50.3,5.299999237060547
2025-10-28,PROD_14,High-Speed Smoothie Blender 900W,STORE_04,Home & Kitchen,2111.04,49,55.0,6.0
2025-10-29,PROD_14,High-Speed Smoothie Blender 900W,STORE_04,Home & Kitchen,2199.0,46,50.5,4.5
2025-10-30,PROD_14,High-Speed Smoothie Blender 900W,STORE_04,Home & Kitchen,2089.05,56,65.3,9.300003051757812
2025-10-31,PROD_14,High-Speed Smoothie Blender 900W,STORE_04,Home & Kitchen,2199.0,42,57.8,15.799999237060547
2025-11-01,PROD_14,High-Speed Smoothie Blender 900W,STORE_04,Home & Kitchen,2199.0,63,56.3,-6.700000762939453
2025-11-02,PROD_14,High-Speed Smoothie Blender 900W,STORE_04,Home & Kitchen,2199.0,68,60.0,-8.0
2025-11-03,PROD_14,High-Speed Smoothie Blender 900W,STORE_04,Home & Kitchen,2199.0,53,45.1,-7.900001525878906
2025-11-04,PROD_14,High-Speed Smoothie Blender 900W,STORE_04,Home & Kitchen,2199.0,36,46.2,10.200000762939453
2025-11-05,PROD_14,High-Speed Smoothie Blender 900W,STORE_04,Home & Kitchen,2199.0,41,43.6,2.5999984741210938
2025-11-06,PROD_14,High-Speed Smoothie Blender 900W,STORE_04,Home & Kitchen,2199.0,47,43.3,-3.700000762939453
2025-11-07,PROD_14,High-Speed Smoothie Blender 900W,STORE_04,Home & Kitchen,2155.02,51,53.1,2.0999984741210938
2025-11-08,PROD_14,High-Speed Smoothie Blender 900W,STORE_04,Home & Kitchen,2199.0,66,57.6,-8.400001525878906
2025-11-09,PROD_14,High-Speed Smoothie Blender 900W,STORE_04,Home & Kitchen,2199.0,62,57.6,-4.400001525878906
2025-11-10,PROD_14,High-Speed Smoothie Blender 900W,STORE_04,Home & Kitchen,1869.15,70,77.1,7.099998474121094
2025-11-11,PROD_14,High-Speed Smoothie Blender 900W,STORE_04,Home & Kitchen,2199.0,43,43.9,0.9000015258789062
2025-11-12,PROD_14,High-Speed Smoothie Blender 900W,STORE_04,Home & Kitchen,1979.1,70,67.0,-3.0
2025-11-13,PROD_14,High-Speed Smoothie Blender 900W,STORE_04,Home & Kitchen,2089.05,61,65.6,4.599998474121094
2025-11-14,PROD_14,High-Speed Smoothie Blender 900W,STORE_04,Home & Kitchen,1869.15,79,86.5,7.5
2025-11-15,PROD_14,High-Speed Smoothie Blender 900W,STORE_04,Home & Kitchen,2199.0,65,64.1,-0.9000015258789062
2025-11-16,PROD_14,High-Speed Smoothie Blender 900W,STORE_04,Home & Kitchen,2199.0,53,63.8,10.799999237060547
2025-11-17,PROD_14,High-Speed Smoothie Blender 900W,STORE_04,Home & Kitchen,2199.0,44,47.0,3.0
2025-11-18,PROD_14,High-Speed Smoothie Blender 900W,STORE_04,Home & Kitchen,2199.0,40,46.7,6.700000762939453
2025-11-19,PROD_14,High-Speed Smoothie Blender 900W,STORE_04,Home & Kitchen,2155.02,44,47.8,3.799999237060547
2025-11-20,PROD_14,High-Speed Smoothie Blender 900W,STORE_04,Home & Kitchen,2199.0,42,46.3,4.299999237060547
2025-11-21,PROD_14,High-Speed Smoothie Blender 900W,STORE_04,Home & Kitchen,2199.0,57,49.4,-7.599998474121094
2025-11-22,PROD_14,High-Speed Smoothie Blender 900W,STORE_04,Home & Kitchen,2111.04,61,64.3,3.3000030517578125
2025-11-23,PROD_14,High-Speed Smoothie Blender 900W,STORE_04,Home & Kitchen,2199.0,53,60.4,7.400001525878906
2025-11-24,PROD_14,High-Speed Smoothie Blender 900W,STORE_04,Home & Kitchen,2199.0,39,44.8,5.799999237060547
2025-11-25,PROD_14,High-Speed Smoothie Blender 900W,STORE_04,Home & Kitchen,2199.0,36,43.6,7.599998474121094
2025-11-26,PROD_14,High-Speed Smoothie Blender 900W,STORE_04,Home & Kitchen,2111.04,39,45.3,6.299999237060547
2025-11-27,PROD_14,High-Speed Smoothie Blender 900W,STORE_04,Home & Kitchen,2199.0,44,42.5,-1.5
2025-11-28,PROD_14,High-Speed Smoothie Blender 900W,STORE_04,Home & Kitchen,2199.0,53,48.8,-4.200000762939453
2025-11-29,PROD_14,High-Speed Smoothie Blender 900W,STORE_04,Home & Kitchen,2199.0,62,55.1,-6.900001525878906
2025-11-30,PROD_14,High-Speed Smoothie Blender 900W,STORE_04,Home & Kitchen,2199.0,54,54.9,0.9000015258789062
2025-12-01,PROD_14,High-Speed Smoothie Blender 900W,STORE_04,Home & Kitchen,2199.0,42,41.2,-0.7999992370605469
2025-12-02,PROD_14,High-Speed Smoothie Blender 900W,STORE_04,Home & Kitchen,2199.0,49,41.8,-7.200000762939453
2025-12-03,PROD_14,High-Speed Smoothie Blender 900W,STORE_04,Home & Kitchen,2199.0,36,42.9,6.900001525878906
2025-12-04,PROD_14,High-Speed Smoothie Blender 900W,STORE_04,Home & Kitchen,2155.02,41,42.8,1.7999992370605469
2025-12-05,PROD_14,High-Speed Smoothie Blender 900W,STORE_04,Home & Kitchen,2199.0,67,47.5,-19.5
2025-12-06,PROD_14,High-Speed Smoothie Blender 900W,STORE_04,Home & Kitchen,2199.0,66,57.5,-8.5
2025-12-07,PROD_14,High-Speed Smoothie Blender 900W,STORE_04,Home & Kitchen,2199.0,51,55.5,4.5
2025-12-08,PROD_14,High-Speed Smoothie Blender 900W,STORE_04,Home & Kitchen,2155.02,40,43.8,3.799999237060547
2025-12-09,PROD_14,High-Speed Smoothie Blender 900W,STORE_04,Home & Kitchen,2199.0,50,40.7,-9.299999237060547
2025-12-10,PROD_14,High-Speed Smoothie Blender 900W,STORE_04,Home & Kitchen,2199.0,46,42.2,-3.799999237060547
2025-12-11,PROD_14,High-Speed Smoothie Blender 900W,STORE_04,Home & Kitchen,2199.0,41,42.9,1.9000015258789062
2025-12-12,PROD_14,High-Speed Smoothie Blender 900W,STORE_04,Home & Kitchen,2199.0,36,47.2,11.200000762939453
2025-12-13,PROD_14,High-Speed Smoothie Blender 900W,STORE_04,Home & Kitchen,2199.0,53,50.7,-2.299999237060547
2025-12-14,PROD_14,High-Speed Smoothie Blender 900W,STORE_04,Home & Kitchen,2199.0,55,52.6,-2.4000015258789062
2025-12-15,PROD_14,High-Speed Smoothie Blender 900W,STORE_04,Home & Kitchen,2199.0,46,40.2,-5.799999237060547
2025-12-16,PROD_14,High-Speed Smoothie Blender 900W,STORE_04,Home & Kitchen,2111.04,43,44.1,1.0999984741210938
2025-12-17,PROD_14,High-Speed Smoothie Blender 900W,STORE_04,Home & Kitchen,2199.0,42,40.7,-1.2999992370605469
2025-12-18,PROD_14,High-Speed Smoothie Blender 900W,STORE_04,Home & Kitchen,2155.02,50,41.6,-8.400001525878906
2025-12-19,PROD_14,High-Speed Smoothie Blender 900W,STORE_04,Home & Kitchen,2199.0,58,48.1,-9.900001525878906
2025-12-20,PROD_14,High-Speed Smoothie Blender 900W,STORE_04,Home & Kitchen,2199.0,62,55.7,-6.299999237060547
2025-12-21,PROD_14,High-Speed Smoothie Blender 900W,STORE_04,Home & Kitchen,2199.0,53,54.7,1.7000007629394531
2025-12-22,PROD_14,High-Speed Smoothie Blender 900W,STORE_04,Home & Kitchen,1979.1,60,60.8,0.7999992370605469
2025-12-23,PROD_14,High-Speed Smoothie Blender 900W,STORE_04,Home & Kitchen,2199.0,37,43.5,6.5
2025-12-24,PROD_14,High-Speed Smoothie Blender 900W,STORE_04,Home & Kitchen,2199.0,41,41.9,0.9000015258789062
2025-12-25,PROD_14,High-Speed Smoothie Blender 900W,STORE_04,Home & Kitchen,2199.0,48,41.4,-6.599998474121094
2025-12-26,PROD_14,High-Speed Smoothie Blender 900W,STORE_04,Home & Kitchen,2199.0,42,49.3,7.299999237060547
2025-12-27,PROD_14,High-Speed Smoothie Blender 900W,STORE_04,Home & Kitchen,2089.05,74,72.2,-1.8000030517578125
2025-12-28,PROD_14,High-Speed Smoothie Blender 900W,STORE_04,Home & Kitchen,2199.0,70,54.4,-15.599998474121094
2025-12-29,PROD_14,High-Speed Smoothie Blender 900W,STORE_04,Home & Kitchen,2199.0,40,41.7,1.7000007629394531
2025-12-30,PROD_14,High-Speed Smoothie Blender 900W,STORE_04,Home & Kitchen,2199.0,38,40.5,2.5
2025-12-31,PROD_14,High-Speed Smoothie Blender 900W,STORE_04,Home & Kitchen,2199.0,45,40.2,-4.799999237060547
2025-09-17,PROD_15,Non-Stick Ceramic Cookware Set 3pc,STORE_01,Home & Kitchen,2799.0,30,31.8,1.7999992370605469
2025-09-18,PROD_15,Non-Stick Ceramic Cookware Set 3pc,STORE_01,Home & Kitchen,2799.0,34,31.9,-2.1000003814697266
2025-09-19,PROD_15,Non-Stick Ceramic Cookware Set 3pc,STORE_01,Home & Kitchen,2799.0,48,37.4,-10.599998474121094
2025-09-20,PROD_15,Non-Stick Ceramic Cookware Set 3pc,STORE_01,Home & Kitchen,2659.05,53,58.9,5.900001525878906
2025-09-21,PROD_15,Non-Stick Ceramic Cookware Set 3pc,STORE_01,Home & Kitchen,2799.0,43,44.8,1.7999992370605469
2025-09-22,PROD_15,Non-Stick Ceramic Cookware Set 3pc,STORE_01,Home & Kitchen,2743.02,26,34.5,8.5
2025-09-23,PROD_15,Non-Stick Ceramic Cookware Set 3pc,STORE_01,Home & Kitchen,2799.0,42,31.2,-10.799999237060547
2025-09-24,PROD_15,Non-Stick Ceramic Cookware Set 3pc,STORE_01,Home & Kitchen,2799.0,27,32.1,5.099998474121094
2025-09-25,PROD_15,Non-Stick Ceramic Cookware Set 3pc,STORE_01,Home & Kitchen,2687.04,25,34.3,9.299999237060547
2025-09-26,PROD_15,Non-Stick Ceramic Cookware Set 3pc,STORE_01,Home & Kitchen,2799.0,38,36.5,-1.5
2025-09-27,PROD_15,Non-Stick Ceramic Cookware Set 3pc,STORE_01,Home & Kitchen,2799.0,44,41.7,-2.299999237060547
2025-09-28,PROD_15,Non-Stick Ceramic Cookware Set 3pc,STORE_01,Home & Kitchen,2799.0,40,43.6,3.5999984741210938
2025-09-29,PROD_15,Non-Stick Ceramic Cookware Set 3pc,STORE_01,Home & Kitchen,2799.0,28,30.4,2.3999996185302734
2025-09-30,PROD_15,Non-Stick Ceramic Cookware Set 3pc,STORE_01,Home & Kitchen,2743.02,35,31.9,-3.1000003814697266
2025-10-01,PROD_15,Non-Stick Ceramic Cookware Set 3pc,STORE_01,Home & Kitchen,2687.04,45,39.2,-5.799999237060547
2025-10-02,PROD_15,Non-Stick Ceramic Cookware Set 3pc,STORE_01,Home & Kitchen,2687.04,42,40.7,-1.2999992370605469
2025-10-03,PROD_15,Non-Stick Ceramic Cookware Set 3pc,STORE_01,Home & Kitchen,2799.0,55,45.7,-9.299999237060547
2025-10-04,PROD_15,Non-Stick Ceramic Cookware Set 3pc,STORE_01,Home & Kitchen,2799.0,65,51.0,-14.0
2025-10-05,PROD_15,Non-Stick Ceramic Cookware Set 3pc,STORE_01,Home & Kitchen,2799.0,61,52.3,-8.700000762939453
2025-10-06,PROD_15,Non-Stick Ceramic Cookware Set 3pc,STORE_01,Home & Kitchen,2799.0,47,41.7,-5.299999237060547
2025-10-07,PROD_15,Non-Stick Ceramic Cookware Set 3pc,STORE_01,Home & Kitchen,2799.0,43,42.9,-0.09999847412109375
2025-10-08,PROD_15,Non-Stick Ceramic Cookware Set 3pc,STORE_01,Home & Kitchen,2687.04,46,47.0,1.0
2025-10-09,PROD_15,Non-Stick Ceramic Cookware Set 3pc,STORE_01,Home & Kitchen,2799.0,46,43.2,-2.799999237060547
2025-10-10,PROD_15,Non-Stick Ceramic Cookware Set 3pc,STORE_01,Home & Kitchen,2659.05,71,64.4,-6.599998474121094
2025-10-11,PROD_15,Non-Stick Ceramic Cookware Set 3pc,STORE_01,Home & Kitchen,2687.04,62,60.4,-1.5999984741210938
2025-10-12,PROD_15,Non-Stick Ceramic Cookware Set 3pc,STORE_01,Home & Kitchen,2799.0,54,58.2,4.200000762939453
2025-10-13,PROD_15,Non-Stick Ceramic Cookware Set 3pc,STORE_01,Home & Kitchen,2799.0,42,44.6,2.5999984741210938
2025-10-14,PROD_15,Non-Stick Ceramic Cookware Set 3pc,STORE_01,Home & Kitchen,2659.05,67,59.3,-7.700000762939453
2025-10-15,PROD_15,Non-Stick Ceramic Cookware Set 3pc,STORE_01,Home & Kitchen,2659.05,53,65.8,12.800003051757812
2025-10-16,PROD_15,Non-Stick Ceramic Cookware Set 3pc,STORE_01,Home & Kitchen,2799.0,53,47.6,-5.400001525878906
2025-10-17,PROD_15,Non-Stick Ceramic Cookware Set 3pc,STORE_01,Home & Kitchen,2799.0,55,57.8,2.799999237060547
2025-10-18,PROD_15,Non-Stick Ceramic Cookware Set 3pc,STORE_01,Home & Kitchen,2799.0,62,62.2,0.20000076293945312
2025-10-19,PROD_15,Non-Stick Ceramic Cookware Set 3pc,STORE_01,Home & Kitchen,2799.0,65,61.9,-3.0999984741210938
2025-10-20,PROD_15,Non-Stick Ceramic Cookware Set 3pc,STORE_01,Home & Kitchen,2519.1,65,72.0,7.0
2025-10-21,PROD_15,Non-Stick Ceramic Cookware Set 3pc,STORE_01,Home & Kitchen,2799.0,46,49.9,3.9000015258789062
2025-10-22,PROD_15,Non-Stick Ceramic Cookware Set 3pc,STORE_01,Home & Kitchen,2519.1,69,72.1,3.0999984741210938
2025-10-23,PROD_15,Non-Stick Ceramic Cookware Set 3pc,STORE_01,Home & Kitchen,2799.0,48,49.2,1.2000007629394531
2025-10-24,PROD_15,Non-Stick Ceramic Cookware Set 3pc,STORE_01,Home & Kitchen,2239.2,88,96.0,8.0
2025-10-25,PROD_15,Non-Stick Ceramic Cookware Set 3pc,STORE_01,Home & Kitchen,2659.05,114,89.5,-24.5
2025-10-26,PROD_15,Non-Stick Ceramic Cookware Set 3pc,STORE_01,Home & Kitchen,2799.0,66,67.8,1.8000030517578125
2025-10-27,PROD_15,Non-Stick Ceramic Cookware Set 3pc,STORE_01,Home & Kitchen,2799.0,50,55.1,5.099998474121094
2025-10-28,PROD_15,Non-Stick Ceramic Cookware Set 3pc,STORE_01,Home & Kitchen,2799.0,47,53.7,6.700000762939453
2025-10-29,PROD_15,Non-Stick Ceramic Cookware Set 3pc,STORE_01,Home & Kitchen,2519.1,69,78.2,9.199996948242188
2025-10-30,PROD_15,Non-Stick Ceramic Cookware Set 3pc,STORE_01,Home & Kitchen,2799.0,54,54.0,0.0
2025-10-31,PROD_15,Non-Stick Ceramic Cookware Set 3pc,STORE_01,Home & Kitchen,2743.02,54,66.3,12.300003051757812
2025-11-01,PROD_15,Non-Stick Ceramic Cookware Set 3pc,STORE_01,Home & Kitchen,2799.0,53,62.9,9.900001525878906
2025-11-02,PROD_15,Non-Stick Ceramic Cookware Set 3pc,STORE_01,Home & Kitchen,2799.0,64,63.7,-0.2999992370605469
2025-11-03,PROD_15,Non-Stick Ceramic Cookware Set 3pc,STORE_01,Home & Kitchen,2799.0,37,49.5,12.5
2025-11-04,PROD_15,Non-Stick Ceramic Cookware Set 3pc,STORE_01,Home & Kitchen,2799.0,42,46.1,4.099998474121094
2025-11-05,PROD_15,Non-Stick Ceramic Cookware Set 3pc,STORE_01,Home & Kitchen,2799.0,45,46.6,1.5999984741210938
2025-11-06,PROD_15,Non-Stick Ceramic Cookware Set 3pc,STORE_01,Home & Kitchen,2799.0,46,48.5,2.5
2025-11-07,PROD_15,Non-Stick Ceramic Cookware Set 3pc,STORE_01,Home & Kitchen,2799.0,48,54.7,6.700000762939453
2025-11-08,PROD_15,Non-Stick Ceramic Cookware Set 3pc,STORE_01,Home & Kitchen,2799.0,48,59.8,11.799999237060547
2025-11-09,PROD_15,Non-Stick Ceramic Cookware Set 3pc,STORE_01,Home & Kitchen,2799.0,62,56.9,-5.099998474121094
2025-11-10,PROD_15,Non-Stick Ceramic Cookware Set 3pc,STORE_01,Home & Kitchen,2799.0,46,45.6,-0.40000152587890625
2025-11-11,PROD_15,Non-Stick Ceramic Cookware Set 3pc,STORE_01,Home & Kitchen,2799.0,35,47.1,12.099998474121094
2025-11-12,PROD_15,Non-Stick Ceramic Cookware Set 3pc,STORE_01,Home & Kitchen,2799.0,47,46.1,-0.9000015258789062
2025-11-13,PROD_15,Non-Stick Ceramic Cookware Set 3pc,STORE_01,Home & Kitchen,2799.0,38,46.0,8.0
2025-11-14,PROD_15,Non-Stick Ceramic Cookware Set 3pc,STORE_01,Home & Kitchen,2799.0,46,47.6,1.5999984741210938
2025-11-15,PROD_15,Non-Stick Ceramic Cookware Set 3pc,STORE_01,Home & Kitchen,2687.04,62,57.0,-5.0
2025-11-16,PROD_15,Non-Stick Ceramic Cookware Set 3pc,STORE_01,Home & Kitchen,2799.0,61,58.1,-2.9000015258789062
2025-11-17,PROD_15,Non-Stick Ceramic Cookware Set 3pc,STORE_01,Home & Kitchen,2799.0,41,44.4,3.4000015258789062
2025-11-18,PROD_15,Non-Stick Ceramic Cookware Set 3pc,STORE_01,Home & Kitchen,2687.04,52,45.2,-6.799999237060547
2025-11-19,PROD_15,Non-Stick Ceramic Cookware Set 3pc,STORE_01,Home & Kitchen,2799.0,38,45.5,7.5
2025-11-20,PROD_15,Non-Stick Ceramic Cookware Set 3pc,STORE_01,Home & Kitchen,2519.1,70,64.8,-5.1999969482421875
2025-11-21,PROD_15,Non-Stick Ceramic Cookware Set 3pc,STORE_01,Home & Kitchen,2799.0,57,52.9,-4.099998474121094
2025-11-22,PROD_15,Non-Stick Ceramic Cookware Set 3pc,STORE_01,Home & Kitchen,2799.0,64,60.2,-3.799999237060547
2025-11-23,PROD_15,Non-Stick Ceramic Cookware Set 3pc,STORE_01,Home & Kitchen,2659.05,83,81.0,-2.0
2025-11-24,PROD_15,Non-Stick Ceramic Cookware Set 3pc,STORE_01,Home & Kitchen,2743.02,47,45.9,-1.0999984741210938
2025-11-25,PROD_15,Non-Stick Ceramic Cookware Set 3pc,STORE_01,Home & Kitchen,2239.2,72,78.5,6.5
2025-11-26,PROD_15,Non-Stick Ceramic Cookware Set 3pc,STORE_01,Home & Kitchen,2799.0,42,46.3,4.299999237060547
2025-11-27,PROD_15,Non-Stick Ceramic Cookware Set 3pc,STORE_01,Home & Kitchen,2799.0,51,45.4,-5.599998474121094
2025-11-28,PROD_15,Non-Stick Ceramic Cookware Set 3pc,STORE_01,Home & Kitchen,2687.04,50,53.7,3.700000762939453
2025-11-29,PROD_15,Non-Stick Ceramic Cookware Set 3pc,STORE_01,Home & Kitchen,2799.0,69,58.1,-10.900001525878906
2025-11-30,PROD_15,Non-Stick Ceramic Cookware Set 3pc,STORE_01,Home & Kitchen,2799.0,60,61.7,1.7000007629394531
2025-12-01,PROD_15,Non-Stick Ceramic Cookware Set 3pc,STORE_01,Home & Kitchen,2799.0,58,44.4,-13.599998474121094
2025-12-02,PROD_15,Non-Stick Ceramic Cookware Set 3pc,STORE_01,Home & Kitchen,2799.0,37,46.6,9.599998474121094
2025-12-03,PROD_15,Non-Stick Ceramic Cookware Set 3pc,STORE_01,Home & Kitchen,2799.0,58,42.3,-15.700000762939453
2025-12-04,PROD_15,Non-Stick Ceramic Cookware Set 3pc,STORE_01,Home & Kitchen,2799.0,58,45.0,-13.0
2025-12-05,PROD_15,Non-Stick Ceramic Cookware Set 3pc,STORE_01,Home & Kitchen,2687.04,56,57.0,1.0
2025-12-06,PROD_15,Non-Stick Ceramic Cookware Set 3pc,STORE_01,Home & Kitchen,2799.0,58,61.0,3.0
2025-12-07,PROD_15,Non-Stick Ceramic Cookware Set 3pc,STORE_01,Home & Kitchen,2799.0,63,60.8,-2.200000762939453
2025-12-08,PROD_15,Non-Stick Ceramic Cookware Set 3pc,STORE_01,Home & Kitchen,2799.0,54,46.5,-7.5
2025-12-09,PROD_15,Non-Stick Ceramic Cookware Set 3pc,STORE_01,Home & Kitchen,2799.0,37,45.5,8.5
2025-12-10,PROD_15,Non-Stick Ceramic Cookware Set 3pc,STORE_01,Home & Kitchen,2799.0,44,44.9,0.9000015258789062
2025-12-11,PROD_15,Non-Stick Ceramic Cookware Set 3pc,STORE_01,Home & Kitchen,2799.0,36,45.0,9.0
2025-12-12,PROD_15,Non-Stick Ceramic Cookware Set 3pc,STORE_01,Home & Kitchen,2799.0,53,48.7,-4.299999237060547
2025-12-13,PROD_15,Non-Stick Ceramic Cookware Set 3pc,STORE_01,Home & Kitchen,2743.02,60,60.7,0.7000007629394531
2025-12-14,PROD_15,Non-Stick Ceramic Cookware Set 3pc,STORE_01,Home & Kitchen,2799.0,71,60.5,-10.5
2025-12-15,PROD_15,Non-Stick Ceramic Cookware Set 3pc,STORE_01,Home & Kitchen,2799.0,51,45.1,-5.900001525878906
2025-12-16,PROD_15,Non-Stick Ceramic Cookware Set 3pc,STORE_01,Home & Kitchen,2799.0,53,44.6,-8.400001525878906
2025-12-17,PROD_15,Non-Stick Ceramic Cookware Set 3pc,STORE_01,Home & Kitchen,2687.04,52,47.1,-4.900001525878906
2025-12-18,PROD_15,Non-Stick Ceramic Cookware Set 3pc,STORE_01,Home & Kitchen,2799.0,51,46.0,-5.0
2025-12-19,PROD_15,Non-Stick Ceramic Cookware Set 3pc,STORE_01,Home & Kitchen,2799.0,48,54.0,6.0
2025-12-20,PROD_15,Non-Stick Ceramic Cookware Set 3pc,STORE_01,Home & Kitchen,2799.0,65,60.3,-4.700000762939453
2025-12-21,PROD_15,Non-Stick Ceramic Cookware Set 3pc,STORE_01,Home & Kitchen,2799.0,56,63.0,7.0
2025-12-22,PROD_15,Non-Stick Ceramic Cookware Set 3pc,STORE_01,Home & Kitchen,2743.02,47,46.3,-0.7000007629394531
2025-12-23,PROD_15,Non-Stick Ceramic Cookware Set 3pc,STORE_01,Home & Kitchen,2799.0,36,45.4,9.400001525878906
2025-12-24,PROD_15,Non-Stick Ceramic Cookware Set 3pc,STORE_01,Home & Kitchen,2743.02,48,44.8,-3.200000762939453
2025-12-25,PROD_15,Non-Stick Ceramic Cookware Set 3pc,STORE_01,Home & Kitchen,2799.0,38,44.3,6.299999237060547
2025-12-26,PROD_15,Non-Stick Ceramic Cookware Set 3pc,STORE_01,Home & Kitchen,2799.0,54,47.9,-6.099998474121094
2025-12-27,PROD_15,Non-Stick Ceramic Cookware Set 3pc,STORE_01,Home & Kitchen,2799.0,55,58.8,3.799999237060547
2025-12-28,PROD_15,Non-Stick Ceramic Cookware Set 3pc,STORE_01,Home & Kitchen,2799.0,51,56.3,5.299999237060547
2025-12-29,PROD_15,Non-Stick Ceramic Cookware Set 3pc,STORE_01,Home & Kitchen,2799.0,42,44.4,2.4000015258789062
2025-12-30,PROD_15,Non-Stick Ceramic Cookware Set 3pc,STORE_01,Home & Kitchen,2239.2,80,79.1,-0.9000015258789062
2025-12-31,PROD_15,Non-Stick Ceramic Cookware Set 3pc,STORE_01,Home & Kitchen,2239.2,71,84.0,13.0
2025-09-17,PROD_15,Non-Stick Ceramic Cookware Set 3pc,STORE_02,Home & Kitchen,2799.0,31,29.3,-1.7000007629394531
2025-09-18,PROD_15,Non-Stick Ceramic Cookware Set 3pc,STORE_02,Home & Kitchen,2799.0,32,30.3,-1.7000007629394531
2025-09-19,PROD_15,Non-Stick Ceramic Cookware Set 3pc,STORE_02,Home & Kitchen,2743.02,36,34.1,-1.9000015258789062
2025-09-20,PROD_15,Non-Stick Ceramic Cookware Set 3pc,STORE_02,Home & Kitchen,2743.02,34,40.3,6.299999237060547
2025-09-21,PROD_15,Non-Stick Ceramic Cookware Set 3pc,STORE_02,Home & Kitchen,2379.15,73,58.4,-14.599998474121094
2025-09-22,PROD_15,Non-Stick Ceramic Cookware Set 3pc,STORE_02,Home & Kitchen,2743.02,33,31.7,-1.2999992370605469
2025-09-23,PROD_15,Non-Stick Ceramic Cookware Set 3pc,STORE_02,Home & Kitchen,2799.0,29,29.8,0.7999992370605469
2025-09-24,PROD_15,Non-Stick Ceramic Cookware Set 3pc,STORE_02,Home & Kitchen,2799.0,35,29.6,-5.399999618530273
2025-09-25,PROD_15,Non-Stick Ceramic Cookware Set 3pc,STORE_02,Home & Kitchen,2799.0,33,29.9,-3.1000003814697266
2025-09-26,PROD_15,Non-Stick Ceramic Cookware Set 3pc,STORE_02,Home & Kitchen,2799.0,35,33.2,-1.7999992370605469
2025-09-27,PROD_15,Non-Stick Ceramic Cookware Set 3pc,STORE_02,Home & Kitchen,2519.1,66,58.5,-7.5
2025-09-28,PROD_15,Non-Stick Ceramic Cookware Set 3pc,STORE_02,Home & Kitchen,2799.0,34,40.2,6.200000762939453
2025-09-29,PROD_15,Non-Stick Ceramic Cookware Set 3pc,STORE_02,Home & Kitchen,2799.0,25,31.5,6.5
2025-09-30,PROD_15,Non-Stick Ceramic Cookware Set 3pc,STORE_02,Home & Kitchen,2799.0,32,30.0,-2.0
2025-10-01,PROD_15,Non-Stick Ceramic Cookware Set 3pc,STORE_02,Home & Kitchen,2799.0,53,36.4,-16.599998474121094
2025-10-02,PROD_15,Non-Stick Ceramic Cookware Set 3pc,STORE_02,Home & Kitchen,2799.0,36,38.4,2.4000015258789062
2025-10-03,PROD_15,Non-Stick Ceramic Cookware Set 3pc,STORE_02,Home & Kitchen,2799.0,51,42.6,-8.400001525878906
2025-10-04,PROD_15,Non-Stick Ceramic Cookware Set 3pc,STORE_02,Home & Kitchen,2519.1,89,71.2,-17.800003051757812
2025-10-05,PROD_15,Non-Stick Ceramic Cookware Set 3pc,STORE_02,Home & Kitchen,2799.0,57,48.6,-8.400001525878906
2025-10-06,PROD_15,Non-Stick Ceramic Cookware Set 3pc,STORE_02,Home & Kitchen,2799.0,47,40.8,-6.200000762939453
2025-10-07,PROD_15,Non-Stick Ceramic Cookware Set 3pc,STORE_02,Home & Kitchen,2799.0,41,40.5,-0.5
2025-10-08,PROD_15,Non-Stick Ceramic Cookware Set 3pc,STORE_02,Home & Kitchen,2799.0,37,40.8,3.799999237060547
2025-10-09,PROD_15,Non-Stick Ceramic Cookware Set 3pc,STORE_02,Home & Kitchen,2799.0,35,40.5,5.5
2025-10-10,PROD_15,Non-Stick Ceramic Cookware Set 3pc,STORE_02,Home & Kitchen,2799.0,54,45.8,-8.200000762939453
2025-10-11,PROD_15,Non-Stick Ceramic Cookware Set 3pc,STORE_02,Home & Kitchen,2659.05,74,73.7,-0.3000030517578125
2025-10-12,PROD_15,Non-Stick Ceramic Cookware Set 3pc,STORE_02,Home & Kitchen,2799.0,46,53.6,7.599998474121094
2025-10-13,PROD_15,Non-Stick Ceramic Cookware Set 3pc,STORE_02,Home & Kitchen,2799.0,35,43.3,8.299999237060547
2025-10-14,PROD_15,Non-Stick Ceramic Cookware Set 3pc,STORE_02,Home & Kitchen,2799.0,38,42.1,4.099998474121094
2025-10-15,PROD_15,Non-Stick Ceramic Cookware Set 3pc,STORE_02,Home & Kitchen,2799.0,44,42.7,-1.2999992370605469
2025-10-16,PROD_15,Non-Stick Ceramic Cookware Set 3pc,STORE_02,Home & Kitchen,2799.0,41,42.9,1.9000015258789062
2025-10-17,PROD_15,Non-Stick Ceramic Cookware Set 3pc,STORE_02,Home & Kitchen,2799.0,47,49.2,2.200000762939453
2025-10-18,PROD_15,Non-Stick Ceramic Cookware Set 3pc,STORE_02,Home & Kitchen,2799.0,58,55.1,-2.9000015258789062
2025-10-19,PROD_15,Non-Stick Ceramic Cookware Set 3pc,STORE_02,Home & Kitchen,2799.0,53,57.0,4.0
2025-10-20,PROD_15,Non-Stick Ceramic Cookware Set 3pc,STORE_02,Home & Kitchen,2799.0,36,42.7,6.700000762939453
2025-10-21,PROD_15,Non-Stick Ceramic Cookware Set 3pc,STORE_02,Home & Kitchen,2687.04,51,46.2,-4.799999237060547
2025-10-22,PROD_15,Non-Stick Ceramic Cookware Set 3pc,STORE_02,Home & Kitchen,2799.0,47,44.3,-2.700000762939453
2025-10-23,PROD_15,Non-Stick Ceramic Cookware Set 3pc,STORE_02,Home & Kitchen,2519.1,62,61.7,-0.2999992370605469
2025-10-24,PROD_15,Non-Stick Ceramic Cookware Set 3pc,STORE_02,Home & Kitchen,2659.05,57,70.5,13.5
2025-10-25,PROD_15,Non-Stick Ceramic Cookware Set 3pc,STORE_02,Home & Kitchen,2239.2,95,102.9,7.900001525878906
2025-10-26,PROD_15,Non-Stick Ceramic Cookware Set 3pc,STORE_02,Home & Kitchen,2743.02,65,60.5,-4.5
2025-10-27,PROD_15,Non-Stick Ceramic Cookware Set 3pc,STORE_02,Home & Kitchen,2799.0,37,46.3,9.299999237060547
2025-10-28,PROD_15,Non-Stick Ceramic Cookware Set 3pc,STORE_02,Home & Kitchen,2799.0,46,45.1,-0.9000015258789062
2025-10-29,PROD_15,Non-Stick Ceramic Cookware Set 3pc,STORE_02,Home & Kitchen,2799.0,46,47.6,1.5999984741210938
2025-10-30,PROD_15,Non-Stick Ceramic Cookware Set 3pc,STORE_02,Home & Kitchen,2799.0,41,45.8,4.799999237060547
2025-10-31,PROD_15,Non-Stick Ceramic Cookware Set 3pc,STORE_02,Home & Kitchen,2799.0,62,51.3,-10.700000762939453
2025-11-01,PROD_15,Non-Stick Ceramic Cookware Set 3pc,STORE_02,Home & Kitchen,2799.0,59,60.9,1.9000015258789062
2025-11-02,PROD_15,Non-Stick Ceramic Cookware Set 3pc,STORE_02,Home & Kitchen,2799.0,52,57.1,5.099998474121094
2025-11-03,PROD_15,Non-Stick Ceramic Cookware Set 3pc,STORE_02,Home & Kitchen,2519.1,63,65.1,2.0999984741210938
2025-11-04,PROD_15,Non-Stick Ceramic Cookware Set 3pc,STORE_02,Home & Kitchen,2799.0,42,43.5,1.5
2025-11-05,PROD_15,Non-Stick Ceramic Cookware Set 3pc,STORE_02,Home & Kitchen,2799.0,44,42.5,-1.5
2025-11-06,PROD_15,Non-Stick Ceramic Cookware Set 3pc,STORE_02,Home & Kitchen,2743.02,50,45.2,-4.799999237060547
2025-11-07,PROD_15,Non-Stick Ceramic Cookware Set 3pc,STORE_02,Home & Kitchen,2799.0,53,50.7,-2.299999237060547
2025-11-08,PROD_15,Non-Stick Ceramic Cookware Set 3pc,STORE_02,Home & Kitchen,2799.0,47,58.3,11.299999237060547
2025-11-09,PROD_15,Non-Stick Ceramic Cookware Set 3pc,STORE_02,Home & Kitchen,2799.0,52,55.0,3.0
2025-11-10,PROD_15,Non-Stick Ceramic Cookware Set 3pc,STORE_02,Home & Kitchen,2687.04,49,45.8,-3.200000762939453
2025-11-11,PROD_15,Non-Stick Ceramic Cookware Set 3pc,STORE_02,Home & Kitchen,2799.0,41,43.7,2.700000762939453
2025-11-12,PROD_15,Non-Stick Ceramic Cookware Set 3pc,STORE_02,Home & Kitchen,2379.15,77,72.1,-4.900001525878906
2025-11-13,PROD_15,Non-Stick Ceramic Cookware Set 3pc,STORE_02,Home & Kitchen,2799.0,46,42.6,-3.4000015258789062
2025-11-14,PROD_15,Non-Stick Ceramic Cookware Set 3pc,STORE_02,Home & Kitchen,2659.05,79,68.3,-10.699996948242188
2025-11-15,PROD_15,Non-Stick Ceramic Cookware Set 3pc,STORE_02,Home & Kitchen,2687.04,64,61.8,-2.200000762939453
2025-11-16,PROD_15,Non-Stick Ceramic Cookware Set 3pc,STORE_02,Home & Kitchen,2799.0,64,57.8,-6.200000762939453
2025-11-17,PROD_15,Non-Stick Ceramic Cookware Set 3pc,STORE_02,Home & Kitchen,2799.0,49,45.8,-3.200000762939453
2025-11-18,PROD_15,Non-Stick Ceramic Cookware Set 3pc,STORE_02,Home & Kitchen,2799.0,45,45.8,0.7999992370605469
2025-11-19,PROD_15,Non-Stick Ceramic Cookware Set 3pc,STORE_02,Home & Kitchen,2799.0,39,45.6,6.599998474121094
2025-11-20,PROD_15,Non-Stick Ceramic Cookware Set 3pc,STORE_02,Home & Kitchen,2519.1,59,69.8,10.800003051757812
2025-11-21,PROD_15,Non-Stick Ceramic Cookware Set 3pc,STORE_02,Home & Kitchen,2799.0,56,54.7,-1.2999992370605469
2025-11-22,PROD_15,Non-Stick Ceramic Cookware Set 3pc,STORE_02,Home & Kitchen,2659.05,77,82.0,5.0
2025-11-23,PROD_15,Non-Stick Ceramic Cookware Set 3pc,STORE_02,Home & Kitchen,2799.0,63,61.4,-1.5999984741210938
2025-11-24,PROD_15,Non-Stick Ceramic Cookware Set 3pc,STORE_02,Home & Kitchen,2799.0,45,45.4,0.40000152587890625
2025-11-25,PROD_15,Non-Stick Ceramic Cookware Set 3pc,STORE_02,Home & Kitchen,2519.1,52,67.1,15.099998474121094
2025-11-26,PROD_15,Non-Stick Ceramic Cookware Set 3pc,STORE_02,Home & Kitchen,2799.0,46,45.7,-0.2999992370605469
2025-11-27,PROD_15,Non-Stick Ceramic Cookware Set 3pc,STORE_02,Home & Kitchen,2799.0,49,46.2,-2.799999237060547
2025-11-28,PROD_15,Non-Stick Ceramic Cookware Set 3pc,STORE_02,Home & Kitchen,2799.0,40,54.0,14.0
2025-11-29,PROD_15,Non-Stick Ceramic Cookware Set 3pc,STORE_02,Home & Kitchen,2687.04,72,58.0,-14.0
2025-11-30,PROD_15,Non-Stick Ceramic Cookware Set 3pc,STORE_02,Home & Kitchen,2799.0,57,58.1,1.0999984741210938
2025-12-01,PROD_15,Non-Stick Ceramic Cookware Set 3pc,STORE_02,Home & Kitchen,2799.0,40,44.5,4.5
2025-12-02,PROD_15,Non-Stick Ceramic Cookware Set 3pc,STORE_02,Home & Kitchen,2799.0,41,42.9,1.9000015258789062
2025-12-03,PROD_15,Non-Stick Ceramic Cookware Set 3pc,STORE_02,Home & Kitchen,2799.0,38,43.3,5.299999237060547
2025-12-04,PROD_15,Non-Stick Ceramic Cookware Set 3pc,STORE_02,Home & Kitchen,2799.0,40,43.2,3.200000762939453
2025-12-05,PROD_15,Non-Stick Ceramic Cookware Set 3pc,STORE_02,Home & Kitchen,2799.0,65,47.2,-17.799999237060547
2025-12-06,PROD_15,Non-Stick Ceramic Cookware Set 3pc,STORE_02,Home & Kitchen,2743.02,62,57.3,-4.700000762939453
2025-12-07,PROD_15,Non-Stick Ceramic Cookware Set 3pc,STORE_02,Home & Kitchen,2799.0,57,56.5,-0.5
2025-12-08,PROD_15,Non-Stick Ceramic Cookware Set 3pc,STORE_02,Home & Kitchen,2799.0,43,43.5,0.5
2025-12-09,PROD_15,Non-Stick Ceramic Cookware Set 3pc,STORE_02,Home & Kitchen,2799.0,35,44.7,9.700000762939453
2025-12-10,PROD_15,Non-Stick Ceramic Cookware Set 3pc,STORE_02,Home & Kitchen,2743.02,51,44.9,-6.099998474121094
2025-12-11,PROD_15,Non-Stick Ceramic Cookware Set 3pc,STORE_02,Home & Kitchen,2799.0,43,43.2,0.20000076293945312
2025-12-12,PROD_15,Non-Stick Ceramic Cookware Set 3pc,STORE_02,Home & Kitchen,2799.0,50,49.2,-0.7999992370605469
2025-12-13,PROD_15,Non-Stick Ceramic Cookware Set 3pc,STORE_02,Home & Kitchen,2799.0,54,57.6,3.5999984741210938
2025-12-14,PROD_15,Non-Stick Ceramic Cookware Set 3pc,STORE_02,Home & Kitchen,2687.04,53,58.5,5.5
2025-12-15,PROD_15,Non-Stick Ceramic Cookware Set 3pc,STORE_02,Home & Kitchen,2799.0,41,42.2,1.2000007629394531
2025-12-16,PROD_15,Non-Stick Ceramic Cookware Set 3pc,STORE_02,Home & Kitchen,2687.04,51,43.6,-7.400001525878906
2025-12-17,PROD_15,Non-Stick Ceramic Cookware Set 3pc,STORE_02,Home & Kitchen,2519.1,79,65.0,-14.0
2025-12-18,PROD_15,Non-Stick Ceramic Cookware Set 3pc,STORE_02,Home & Kitchen,2799.0,49,43.2,-5.799999237060547
2025-12-19,PROD_15,Non-Stick Ceramic Cookware Set 3pc,STORE_02,Home & Kitchen,2687.04,52,52.6,0.5999984741210938
2025-12-20,PROD_15,Non-Stick Ceramic Cookware Set 3pc,STORE_02,Home & Kitchen,2799.0,54,56.9,2.9000015258789062
2025-12-21,PROD_15,Non-Stick Ceramic Cookware Set 3pc,STORE_02,Home & Kitchen,2799.0,53,56.4,3.4000015258789062
2025-12-22,PROD_15,Non-Stick Ceramic Cookware Set 3pc,STORE_02,Home & Kitchen,2519.1,67,66.2,-0.8000030517578125
2025-12-23,PROD_15,Non-Stick Ceramic Cookware Set 3pc,STORE_02,Home & Kitchen,2659.05,57,59.4,2.4000015258789062
2025-12-24,PROD_15,Non-Stick Ceramic Cookware Set 3pc,STORE_02,Home & Kitchen,2519.1,65,73.1,8.099998474121094
2025-12-25,PROD_15,Non-Stick Ceramic Cookware Set 3pc,STORE_02,Home & Kitchen,2659.05,55,62.9,7.900001525878906
2025-12-26,PROD_15,Non-Stick Ceramic Cookware Set 3pc,STORE_02,Home & Kitchen,2659.05,73,72.1,-0.9000015258789062
2025-12-27,PROD_15,Non-Stick Ceramic Cookware Set 3pc,STORE_02,Home & Kitchen,2519.1,115,90.5,-24.5
2025-12-28,PROD_15,Non-Stick Ceramic Cookware Set 3pc,STORE_02,Home & Kitchen,2799.0,56,60.8,4.799999237060547
2025-12-29,PROD_15,Non-Stick Ceramic Cookware Set 3pc,STORE_02,Home & Kitchen,2799.0,38,47.9,9.900001525878906
2025-12-30,PROD_15,Non-Stick Ceramic Cookware Set 3pc,STORE_02,Home & Kitchen,2799.0,42,46.1,4.099998474121094
2025-12-31,PROD_15,Non-Stick Ceramic Cookware Set 3pc,STORE_02,Home & Kitchen,2687.04,55,48.6,-6.400001525878906
2025-09-17,PROD_15,Non-Stick Ceramic Cookware Set 3pc,STORE_03,Home & Kitchen,2799.0,37,35.4,-1.5999984741210938
2025-09-18,PROD_15,Non-Stick Ceramic Cookware Set 3pc,STORE_03,Home & Kitchen,2519.1,64,52.6,-11.400001525878906
2025-09-19,PROD_15,Non-Stick Ceramic Cookware Set 3pc,STORE_03,Home & Kitchen,2799.0,44,42.8,-1.2000007629394531
2025-09-20,PROD_15,Non-Stick Ceramic Cookware Set 3pc,STORE_03,Home & Kitchen,2799.0,49,46.9,-2.0999984741210938
2025-09-21,PROD_15,Non-Stick Ceramic Cookware Set 3pc,STORE_03,Home & Kitchen,2659.05,64,67.1,3.0999984741210938
2025-09-22,PROD_15,Non-Stick Ceramic Cookware Set 3pc,STORE_03,Home & Kitchen,2799.0,36,36.9,0.9000015258789062
2025-09-23,PROD_15,Non-Stick Ceramic Cookware Set 3pc,STORE_03,Home & Kitchen,2799.0,33,37.1,4.099998474121094
2025-09-24,PROD_15,Non-Stick Ceramic Cookware Set 3pc,STORE_03,Home & Kitchen,2799.0,31,36.4,5.400001525878906
2025-09-25,PROD_15,Non-Stick Ceramic Cookware Set 3pc,STORE_03,Home & Kitchen,2799.0,37,36.3,-0.7000007629394531
2025-09-26,PROD_15,Non-Stick Ceramic Cookware Set 3pc,STORE_03,Home & Kitchen,2799.0,53,41.4,-11.599998474121094
2025-09-27,PROD_15,Non-Stick Ceramic Cookware Set 3pc,STORE_03,Home & Kitchen,2799.0,41,46.8,5.799999237060547
2025-09-28,PROD_15,Non-Stick Ceramic Cookware Set 3pc,STORE_03,Home & Kitchen,2659.05,60,63.8,3.799999237060547
2025-09-29,PROD_15,Non-Stick Ceramic Cookware Set 3pc,STORE_03,Home & Kitchen,2687.04,34,38.0,4.0
2025-09-30,PROD_15,Non-Stick Ceramic Cookware Set 3pc,STORE_03,Home & Kitchen,2799.0,46,35.3,-10.700000762939453
2025-10-01,PROD_15,Non-Stick Ceramic Cookware Set 3pc,STORE_03,Home & Kitchen,2799.0,46,42.7,-3.299999237060547
2025-10-02,PROD_15,Non-Stick Ceramic Cookware Set 3pc,STORE_03,Home & Kitchen,2799.0,60,44.0,-16.0
2025-10-03,PROD_15,Non-Stick Ceramic Cookware Set 3pc,STORE_03,Home & Kitchen,2743.02,63,57.3,-5.700000762939453
2025-10-04,PROD_15,Non-Stick Ceramic Cookware Set 3pc,STORE_03,Home & Kitchen,2659.05,81,79.6,-1.4000015258789062
2025-10-05,PROD_15,Non-Stick Ceramic Cookware Set 3pc,STORE_03,Home & Kitchen,2799.0,58,60.5,2.5
2025-10-06,PROD_15,Non-Stick Ceramic Cookware Set 3pc,STORE_03,Home & Kitchen,2799.0,54,45.7,-8.299999237060547
2025-10-07,PROD_15,Non-Stick Ceramic Cookware Set 3pc,STORE_03,Home & Kitchen,2799.0,57,49.1,-7.900001525878906
2025-10-08,PROD_15,Non-Stick Ceramic Cookware Set 3pc,STORE_03,Home & Kitchen,2799.0,44,49.4,5.400001525878906
2025-10-09,PROD_15,Non-Stick Ceramic Cookware Set 3pc,STORE_03,Home & Kitchen,2799.0,53,48.2,-4.799999237060547
2025-10-10,PROD_15,Non-Stick Ceramic Cookware Set 3pc,STORE_03,Home & Kitchen,2379.15,90,82.6,-7.400001525878906
2025-10-11,PROD_15,Non-Stick Ceramic Cookware Set 3pc,STORE_03,Home & Kitchen,2743.02,70,65.5,-4.5
2025-10-12,PROD_15,Non-Stick Ceramic Cookware Set 3pc,STORE_03,Home & Kitchen,2799.0,74,62.9,-11.099998474121094
2025-10-13,PROD_15,Non-Stick Ceramic Cookware Set 3pc,STORE_03,Home & Kitchen,2687.04,44,51.9,7.900001525878906
2025-10-14,PROD_15,Non-Stick Ceramic Cookware Set 3pc,STORE_03,Home & Kitchen,2379.15,65,78.1,13.099998474121094
2025-10-15,PROD_15,Non-Stick Ceramic Cookware Set 3pc,STORE_03,Home & Kitchen,2799.0,45,49.7,4.700000762939453
2025-10-16,PROD_15,Non-Stick Ceramic Cookware Set 3pc,STORE_03,Home & Kitchen,2799.0,52,52.3,0.2999992370605469
2025-10-17,PROD_15,Non-Stick Ceramic Cookware Set 3pc,STORE_03,Home & Kitchen,2687.04,65,63.4,-1.5999984741210938
2025-10-18,PROD_15,Non-Stick Ceramic Cookware Set 3pc,STORE_03,Home & Kitchen,2799.0,71,68.2,-2.8000030517578125
2025-10-19,PROD_15,Non-Stick Ceramic Cookware Set 3pc,STORE_03,Home & Kitchen,2799.0,60,69.6,9.599998474121094
2025-10-20,PROD_15,Non-Stick Ceramic Cookware Set 3pc,STORE_03,Home & Kitchen,2519.1,76,77.6,1.5999984741210938
2025-10-21,PROD_15,Non-Stick Ceramic Cookware Set 3pc,STORE_03,Home & Kitchen,2799.0,43,53.7,10.700000762939453
2025-10-22,PROD_15,Non-Stick Ceramic Cookware Set 3pc,STORE_03,Home & Kitchen,2799.0,67,50.1,-16.900001525878906
2025-10-23,PROD_15,Non-Stick Ceramic Cookware Set 3pc,STORE_03,Home & Kitchen,2379.15,91,81.2,-9.800003051757812
2025-10-24,PROD_15,Non-Stick Ceramic Cookware Set 3pc,STORE_03,Home & Kitchen,2687.04,62,70.0,8.0
2025-10-25,PROD_15,Non-Stick Ceramic Cookware Set 3pc,STORE_03,Home & Kitchen,2799.0,56,68.9,12.900001525878906
2025-10-26,PROD_15,Non-Stick Ceramic Cookware Set 3pc,STORE_03,Home & Kitchen,2799.0,55,68.4,13.400001525878906
2025-10-27,PROD_15,Non-Stick Ceramic Cookware Set 3pc,STORE_03,Home & Kitchen,2743.02,45,55.3,10.299999237060547
2025-10-28,PROD_15,Non-Stick Ceramic Cookware Set 3pc,STORE_03,Home & Kitchen,2743.02,58,54.9,-3.0999984741210938
2025-10-29,PROD_15,Non-Stick Ceramic Cookware Set 3pc,STORE_03,Home & Kitchen,2743.02,47,56.0,9.0
2025-10-30,PROD_15,Non-Stick Ceramic Cookware Set 3pc,STORE_03,Home & Kitchen,2799.0,42,53.1,11.099998474121094
2025-10-31,PROD_15,Non-Stick Ceramic Cookware Set 3pc,STORE_03,Home & Kitchen,2743.02,69,61.6,-7.400001525878906
2025-11-01,PROD_15,Non-Stick Ceramic Cookware Set 3pc,STORE_03,Home & Kitchen,2799.0,62,64.3,2.3000030517578125
2025-11-02,PROD_15,Non-Stick Ceramic Cookware Set 3pc,STORE_03,Home & Kitchen,2799.0,69,63.0,-6.0
2025-11-03,PROD_15,Non-Stick Ceramic Cookware Set 3pc,STORE_03,Home & Kitchen,2687.04,61,51.7,-9.299999237060547
2025-11-04,PROD_15,Non-Stick Ceramic Cookware Set 3pc,STORE_03,Home & Kitchen,2799.0,49,50.4,1.4000015258789062
2025-11-05,PROD_15,Non-Stick Ceramic Cookware Set 3pc,STORE_03,Home & Kitchen,2743.02,46,51.9,5.900001525878906
2025-11-06,PROD_15,Non-Stick Ceramic Cookware Set 3pc,STORE_03,Home & Kitchen,2687.04,63,51.9,-11.099998474121094
2025-11-07,PROD_15,Non-Stick Ceramic Cookware Set 3pc,STORE_03,Home & Kitchen,2799.0,55,60.2,5.200000762939453
2025-11-08,PROD_15,Non-Stick Ceramic Cookware Set 3pc,STORE_03,Home & Kitchen,2379.15,98,98.0,0.0
2025-11-09,PROD_15,Non-Stick Ceramic Cookware Set 3pc,STORE_03,Home & Kitchen,2379.15,97,101.9,4.900001525878906
2025-11-10,PROD_15,Non-Stick Ceramic Cookware Set 3pc,STORE_03,Home & Kitchen,2687.04,50,52.8,2.799999237060547
2025-11-11,PROD_15,Non-Stick Ceramic Cookware Set 3pc,STORE_03,Home & Kitchen,2743.02,47,53.3,6.299999237060547
2025-11-12,PROD_15,Non-Stick Ceramic Cookware Set 3pc,STORE_03,Home & Kitchen,2799.0,40,48.8,8.799999237060547
2025-11-13,PROD_15,Non-Stick Ceramic Cookware Set 3pc,STORE_03,Home & Kitchen,2743.02,43,50.0,7.0
2025-11-14,PROD_15,Non-Stick Ceramic Cookware Set 3pc,STORE_03,Home & Kitchen,2799.0,72,56.6,-15.400001525878906
2025-11-15,PROD_15,Non-Stick Ceramic Cookware Set 3pc,STORE_03,Home & Kitchen,2799.0,67,64.8,-2.1999969482421875
2025-11-16,PROD_15,Non-Stick Ceramic Cookware Set 3pc,STORE_03,Home & Kitchen,2687.04,72,66.9,-5.099998474121094
2025-11-17,PROD_15,Non-Stick Ceramic Cookware Set 3pc,STORE_03,Home & Kitchen,2799.0,57,51.8,-5.200000762939453
2025-11-18,PROD_15,Non-Stick Ceramic Cookware Set 3pc,STORE_03,Home & Kitchen,2687.04,48,52.1,4.099998474121094
2025-11-19,PROD_15,Non-Stick Ceramic Cookware Set 3pc,STORE_03,Home & Kitchen,2799.0,53,50.3,-2.700000762939453
2025-11-20,PROD_15,Non-Stick Ceramic Cookware Set 3pc,STORE_03,Home & Kitchen,2799.0,42,52.8,10.799999237060547
2025-11-21,PROD_15,Non-Stick Ceramic Cookware Set 3pc,STORE_03,Home & Kitchen,2659.05,80,76.7,-3.3000030517578125
2025-11-22,PROD_15,Non-Stick Ceramic Cookware Set 3pc,STORE_03,Home & Kitchen,2799.0,60,65.2,5.1999969482421875
2025-11-23,PROD_15,Non-Stick Ceramic Cookware Set 3pc,STORE_03,Home & Kitchen,2799.0,53,63.7,10.700000762939453
2025-11-24,PROD_15,Non-Stick Ceramic Cookware Set 3pc,STORE_03,Home & Kitchen,2799.0,45,48.2,3.200000762939453
2025-11-25,PROD_15,Non-Stick Ceramic Cookware Set 3pc,STORE_03,Home & Kitchen,2799.0,51,47.5,-3.5
2025-11-26,PROD_15,Non-Stick Ceramic Cookware Set 3pc,STORE_03,Home & Kitchen,2799.0,64,47.5,-16.5
2025-11-27,PROD_15,Non-Stick Ceramic Cookware Set 3pc,STORE_03,Home & Kitchen,2799.0,54,48.6,-5.400001525878906
2025-11-28,PROD_15,Non-Stick Ceramic Cookware Set 3pc,STORE_03,Home & Kitchen,2799.0,61,57.5,-3.5
2025-11-29,PROD_15,Non-Stick Ceramic Cookware Set 3pc,STORE_03,Home & Kitchen,2799.0,69,64.4,-4.599998474121094
2025-11-30,PROD_15,Non-Stick Ceramic Cookware Set 3pc,STORE_03,Home & Kitchen,2799.0,57,62.5,5.5
2025-12-01,PROD_15,Non-Stick Ceramic Cookware Set 3pc,STORE_03,Home & Kitchen,2687.04,55,51.9,-3.0999984741210938
2025-12-02,PROD_15,Non-Stick Ceramic Cookware Set 3pc,STORE_03,Home & Kitchen,2799.0,57,48.9,-8.099998474121094
2025-12-03,PROD_15,Non-Stick Ceramic Cookware Set 3pc,STORE_03,Home & Kitchen,2799.0,42,49.3,7.299999237060547
2025-12-04,PROD_15,Non-Stick Ceramic Cookware Set 3pc,STORE_03,Home & Kitchen,2687.04,54,51.4,-2.5999984741210938
2025-12-05,PROD_15,Non-Stick Ceramic Cookware Set 3pc,STORE_03,Home & Kitchen,2743.02,64,58.0,-6.0
2025-12-06,PROD_15,Non-Stick Ceramic Cookware Set 3pc,STORE_03,Home & Kitchen,2379.15,99,101.7,2.6999969482421875
2025-12-07,PROD_15,Non-Stick Ceramic Cookware Set 3pc,STORE_03,Home & Kitchen,2379.15,96,102.4,6.400001525878906
2025-12-08,PROD_15,Non-Stick Ceramic Cookware Set 3pc,STORE_03,Home & Kitchen,2687.04,45,51.1,6.099998474121094
2025-12-09,PROD_15,Non-Stick Ceramic Cookware Set 3pc,STORE_03,Home & Kitchen,2687.04,55,52.4,-2.5999984741210938
2025-12-10,PROD_15,Non-Stick Ceramic Cookware Set 3pc,STORE_03,Home & Kitchen,2687.04,44,51.6,7.599998474121094
2025-12-11,PROD_15,Non-Stick Ceramic Cookware Set 3pc,STORE_03,Home & Kitchen,2799.0,56,49.3,-6.700000762939453
2025-12-12,PROD_15,Non-Stick Ceramic Cookware Set 3pc,STORE_03,Home & Kitchen,2799.0,69,58.7,-10.299999237060547
2025-12-13,PROD_15,Non-Stick Ceramic Cookware Set 3pc,STORE_03,Home & Kitchen,2799.0,56,65.9,9.900001525878906
2025-12-14,PROD_15,Non-Stick Ceramic Cookware Set 3pc,STORE_03,Home & Kitchen,2519.1,76,93.8,17.800003051757812
2025-12-15,PROD_15,Non-Stick Ceramic Cookware Set 3pc,STORE_03,Home & Kitchen,2799.0,50,51.0,1.0
2025-12-16,PROD_15,Non-Stick Ceramic Cookware Set 3pc,STORE_03,Home & Kitchen,2743.02,48,52.3,4.299999237060547
2025-12-17,PROD_15,Non-Stick Ceramic Cookware Set 3pc,STORE_03,Home & Kitchen,2687.04,57,52.4,-4.599998474121094
2025-12-18,PROD_15,Non-Stick Ceramic Cookware Set 3pc,STORE_03,Home & Kitchen,2799.0,54,50.4,-3.5999984741210938
2025-12-19,PROD_15,Non-Stick Ceramic Cookware Set 3pc,STORE_03,Home & Kitchen,2799.0,52,59.2,7.200000762939453
2025-12-20,PROD_15,Non-Stick Ceramic Cookware Set 3pc,STORE_03,Home & Kitchen,2687.04,65,65.4,0.40000152587890625
2025-12-21,PROD_15,Non-Stick Ceramic Cookware Set 3pc,STORE_03,Home & Kitchen,2799.0,70,62.2,-7.799999237060547
2025-12-22,PROD_15,Non-Stick Ceramic Cookware Set 3pc,STORE_03,Home & Kitchen,2379.15,72,79.0,7.0
2025-12-23,PROD_15,Non-Stick Ceramic Cookware Set 3pc,STORE_03,Home & Kitchen,2799.0,54,49.3,-4.700000762939453
2025-12-24,PROD_15,Non-Stick Ceramic Cookware Set 3pc,STORE_03,Home & Kitchen,2799.0,47,49.3,2.299999237060547
2025-12-25,PROD_15,Non-Stick Ceramic Cookware Set 3pc,STORE_03,Home & Kitchen,2379.15,60,77.8,17.800003051757812
2025-12-26,PROD_15,Non-Stick Ceramic Cookware Set 3pc,STORE_03,Home & Kitchen,2239.2,111,98.0,-13.0
2025-12-27,PROD_15,Non-Stick Ceramic Cookware Set 3pc,STORE_03,Home & Kitchen,2659.05,94,92.7,-1.3000030517578125
2025-12-28,PROD_15,Non-Stick Ceramic Cookware Set 3pc,STORE_03,Home & Kitchen,2687.04,62,69.8,7.8000030517578125
2025-12-29,PROD_15,Non-Stick Ceramic Cookware Set 3pc,STORE_03,Home & Kitchen,2799.0,53,53.0,0.0
2025-12-30,PROD_15,Non-Stick Ceramic Cookware Set 3pc,STORE_03,Home & Kitchen,2659.05,66,72.2,6.1999969482421875
2025-12-31,PROD_15,Non-Stick Ceramic Cookware Set 3pc,STORE_03,Home & Kitchen,2519.1,68,76.6,8.599998474121094
2025-09-17,PROD_15,Non-Stick Ceramic Cookware Set 3pc,STORE_04,Home & Kitchen,2799.0,26,23.2,-2.799999237060547
2025-09-18,PROD_15,Non-Stick Ceramic Cookware Set 3pc,STORE_04,Home & Kitchen,2239.2,45,44.3,-0.7000007629394531
2025-09-19,PROD_15,Non-Stick Ceramic Cookware Set 3pc,STORE_04,Home & Kitchen,2799.0,26,28.9,2.8999996185302734
2025-09-20,PROD_15,Non-Stick Ceramic Cookware Set 3pc,STORE_04,Home & Kitchen,2379.15,42,45.9,3.9000015258789062
2025-09-21,PROD_15,Non-Stick Ceramic Cookware Set 3pc,STORE_04,Home & Kitchen,2519.1,50,49.5,-0.5
2025-09-22,PROD_15,Non-Stick Ceramic Cookware Set 3pc,STORE_04,Home & Kitchen,2239.2,32,48.6,16.599998474121094
2025-09-23,PROD_15,Non-Stick Ceramic Cookware Set 3pc,STORE_04,Home & Kitchen,2659.05,32,40.1,8.099998474121094
2025-09-24,PROD_15,Non-Stick Ceramic Cookware Set 3pc,STORE_04,Home & Kitchen,2799.0,19,26.3,7.299999237060547
2025-09-25,PROD_15,Non-Stick Ceramic Cookware Set 3pc,STORE_04,Home & Kitchen,2687.04,24,27.4,3.3999996185302734
2025-09-26,PROD_15,Non-Stick Ceramic Cookware Set 3pc,STORE_04,Home & Kitchen,2799.0,24,25.5,1.5
2025-09-27,PROD_15,Non-Stick Ceramic Cookware Set 3pc,STORE_04,Home & Kitchen,2743.02,32,31.7,-0.2999992370605469
2025-09-28,PROD_15,Non-Stick Ceramic Cookware Set 3pc,STORE_04,Home & Kitchen,2799.0,37,32.0,-5.0
2025-09-29,PROD_15,Non-Stick Ceramic Cookware Set 3pc,STORE_04,Home & Kitchen,2799.0,23,24.4,1.3999996185302734
2025-09-30,PROD_15,Non-Stick Ceramic Cookware Set 3pc,STORE_04,Home & Kitchen,2799.0,21,23.5,2.5
2025-10-01,PROD_15,Non-Stick Ceramic Cookware Set 3pc,STORE_04,Home & Kitchen,2799.0,37,26.9,-10.100000381469727
2025-10-02,PROD_15,Non-Stick Ceramic Cookware Set 3pc,STORE_04,Home & Kitchen,2743.02,35,31.3,-3.700000762939453
2025-10-03,PROD_15,Non-Stick Ceramic Cookware Set 3pc,STORE_04,Home & Kitchen,2799.0,29,32.3,3.299999237060547
2025-10-04,PROD_15,Non-Stick Ceramic Cookware Set 3pc,STORE_04,Home & Kitchen,2799.0,39,36.5,-2.5
2025-10-05,PROD_15,Non-Stick Ceramic Cookware Set 3pc,STORE_04,Home & Kitchen,2743.02,41,39.6,-1.4000015258789062
2025-10-06,PROD_15,Non-Stick Ceramic Cookware Set 3pc,STORE_04,Home & Kitchen,2687.04,33,31.4,-1.6000003814697266
2025-10-07,PROD_15,Non-Stick Ceramic Cookware Set 3pc,STORE_04,Home & Kitchen,2799.0,35,31.5,-3.5
2025-10-08,PROD_15,Non-Stick Ceramic Cookware Set 3pc,STORE_04,Home & Kitchen,2799.0,34,30.8,-3.200000762939453
2025-10-09,PROD_15,Non-Stick Ceramic Cookware Set 3pc,STORE_04,Home & Kitchen,2799.0,38,31.7,-6.299999237060547
2025-10-10,PROD_15,Non-Stick Ceramic Cookware Set 3pc,STORE_04,Home & Kitchen,2519.1,50,50.9,0.9000015258789062
2025-10-11,PROD_15,Non-Stick Ceramic Cookware Set 3pc,STORE_04,Home & Kitchen,2239.2,79,72.8,-6.1999969482421875
2025-10-12,PROD_15,Non-Stick Ceramic Cookware Set 3pc,STORE_04,Home & Kitchen,2799.0,42,43.2,1.2000007629394531
2025-10-13,PROD_15,Non-Stick Ceramic Cookware Set 3pc,STORE_04,Home & Kitchen,2799.0,41,33.4,-7.599998474121094
2025-10-14,PROD_15,Non-Stick Ceramic Cookware Set 3pc,STORE_04,Home & Kitchen,2099.25,75,66.0,-9.0
2025-10-15,PROD_15,Non-Stick Ceramic Cookware Set 3pc,STORE_04,Home & Kitchen,2799.0,28,36.9,8.900001525878906
2025-10-16,PROD_15,Non-Stick Ceramic Cookware Set 3pc,STORE_04,Home & Kitchen,2799.0,37,37.3,0.2999992370605469
2025-10-17,PROD_15,Non-Stick Ceramic Cookware Set 3pc,STORE_04,Home & Kitchen,2799.0,32,42.6,10.599998474121094
2025-10-18,PROD_15,Non-Stick Ceramic Cookware Set 3pc,STORE_04,Home & Kitchen,2799.0,43,44.8,1.7999992370605469
2025-10-19,PROD_15,Non-Stick Ceramic Cookware Set 3pc,STORE_04,Home & Kitchen,2519.1,58,66.3,8.300003051757812
2025-10-20,PROD_15,Non-Stick Ceramic Cookware Set 3pc,STORE_04,Home & Kitchen,2799.0,38,36.1,-1.9000015258789062
2025-10-21,PROD_15,Non-Stick Ceramic Cookware Set 3pc,STORE_04,Home & Kitchen,2799.0,38,36.4,-1.5999984741210938
2025-10-22,PROD_15,Non-Stick Ceramic Cookware Set 3pc,STORE_04,Home & Kitchen,2799.0,35,37.4,2.4000015258789062
2025-10-23,PROD_15,Non-Stick Ceramic Cookware Set 3pc,STORE_04,Home & Kitchen,2743.02,38,39.3,1.2999992370605469
2025-10-24,PROD_15,Non-Stick Ceramic Cookware Set 3pc,STORE_04,Home & Kitchen,2687.04,39,47.2,8.200000762939453
2025-10-25,PROD_15,Non-Stick Ceramic Cookware Set 3pc,STORE_04,Home & Kitchen,2379.15,74,73.6,-0.40000152587890625
2025-10-26,PROD_15,Non-Stick Ceramic Cookware Set 3pc,STORE_04,Home & Kitchen,2799.0,46,46.8,0.7999992370605469
2025-10-27,PROD_15,Non-Stick Ceramic Cookware Set 3pc,STORE_04,Home & Kitchen,2799.0,32,35.7,3.700000762939453
2025-10-28,PROD_15,Non-Stick Ceramic Cookware Set 3pc,STORE_04,Home & Kitchen,2799.0,34,35.5,1.5
2025-10-29,PROD_15,Non-Stick Ceramic Cookware Set 3pc,STORE_04,Home & Kitchen,2379.15,57,57.4,0.40000152587890625
2025-10-30,PROD_15,Non-Stick Ceramic Cookware Set 3pc,STORE_04,Home & Kitchen,2743.02,31,39.8,8.799999237060547
2025-10-31,PROD_15,Non-Stick Ceramic Cookware Set 3pc,STORE_04,Home & Kitchen,2687.04,43,43.9,0.9000015258789062
2025-11-01,PROD_15,Non-Stick Ceramic Cookware Set 3pc,STORE_04,Home & Kitchen,2799.0,48,43.4,-4.599998474121094
2025-11-02,PROD_15,Non-Stick Ceramic Cookware Set 3pc,STORE_04,Home & Kitchen,2687.04,49,48.3,-0.7000007629394531
2025-11-03,PROD_15,Non-Stick Ceramic Cookware Set 3pc,STORE_04,Home & Kitchen,2743.02,27,36.4,9.400001525878906
2025-11-04,PROD_15,Non-Stick Ceramic Cookware Set 3pc,STORE_04,Home & Kitchen,2799.0,38,33.5,-4.5
2025-11-05,PROD_15,Non-Stick Ceramic Cookware Set 3pc,STORE_04,Home & Kitchen,2799.0,34,34.9,0.9000015258789062
2025-11-06,PROD_15,Non-Stick Ceramic Cookware Set 3pc,STORE_04,Home & Kitchen,2799.0,37,35.4,-1.5999984741210938
2025-11-07,PROD_15,Non-Stick Ceramic Cookware Set 3pc,STORE_04,Home & Kitchen,2799.0,38,40.8,2.799999237060547
2025-11-08,PROD_15,Non-Stick Ceramic Cookware Set 3pc,STORE_04,Home & Kitchen,2799.0,44,44.9,0.9000015258789062
2025-11-09,PROD_15,Non-Stick Ceramic Cookware Set 3pc,STORE_04,Home & Kitchen,2799.0,42,45.3,3.299999237060547
2025-11-10,PROD_15,Non-Stick Ceramic Cookware Set 3pc,STORE_04,Home & Kitchen,2659.05,42,45.9,3.9000015258789062
2025-11-11,PROD_15,Non-Stick Ceramic Cookware Set 3pc,STORE_04,Home & Kitchen,2239.2,58,66.5,8.5
2025-11-12,PROD_15,Non-Stick Ceramic Cookware Set 3pc,STORE_04,Home & Kitchen,2799.0,28,35.2,7.200000762939453
2025-11-13,PROD_15,Non-Stick Ceramic Cookware Set 3pc,STORE_04,Home & Kitchen,2659.05,43,46.4,3.4000015258789062
2025-11-14,PROD_15,Non-Stick Ceramic Cookware Set 3pc,STORE_04,Home & Kitchen,2239.2,61,65.5,4.5
2025-11-15,PROD_15,Non-Stick Ceramic Cookware Set 3pc,STORE_04,Home & Kitchen,2659.05,62,65.9,3.9000015258789062
2025-11-16,PROD_15,Non-Stick Ceramic Cookware Set 3pc,STORE_04,Home & Kitchen,2799.0,49,46.9,-2.0999984741210938
2025-11-17,PROD_15,Non-Stick Ceramic Cookware Set 3pc,STORE_04,Home & Kitchen,2799.0,41,36.5,-4.5
2025-11-18,PROD_15,Non-Stick Ceramic Cookware Set 3pc,STORE_04,Home & Kitchen,2799.0,36,36.2,0.20000076293945312
2025-11-19,PROD_15,Non-Stick Ceramic Cookware Set 3pc,STORE_04,Home & Kitchen,2799.0,30,34.7,4.700000762939453
2025-11-20,PROD_15,Non-Stick Ceramic Cookware Set 3pc,STORE_04,Home & Kitchen,2239.2,60,65.4,5.400001525878906
2025-11-21,PROD_15,Non-Stick Ceramic Cookware Set 3pc,STORE_04,Home & Kitchen,2687.04,43,48.3,5.299999237060547
2025-11-22,PROD_15,Non-Stick Ceramic Cookware Set 3pc,STORE_04,Home & Kitchen,2687.04,60,51.1,-8.900001525878906
2025-11-23,PROD_15,Non-Stick Ceramic Cookware Set 3pc,STORE_04,Home & Kitchen,2743.02,48,47.7,-0.2999992370605469
2025-11-24,PROD_15,Non-Stick Ceramic Cookware Set 3pc,STORE_04,Home & Kitchen,2799.0,38,35.9,-2.0999984741210938
2025-11-25,PROD_15,Non-Stick Ceramic Cookware Set 3pc,STORE_04,Home & Kitchen,2799.0,38,36.0,-2.0
2025-11-26,PROD_15,Non-Stick Ceramic Cookware Set 3pc,STORE_04,Home & Kitchen,2799.0,36,35.8,-0.20000076293945312
2025-11-27,PROD_15,Non-Stick Ceramic Cookware Set 3pc,STORE_04,Home & Kitchen,2799.0,34,36.2,2.200000762939453
2025-11-28,PROD_15,Non-Stick Ceramic Cookware Set 3pc,STORE_04,Home & Kitchen,2743.02,37,42.7,5.700000762939453
2025-11-29,PROD_15,Non-Stick Ceramic Cookware Set 3pc,STORE_04,Home & Kitchen,2799.0,51,45.1,-5.900001525878906
2025-11-30,PROD_15,Non-Stick Ceramic Cookware Set 3pc,STORE_04,Home & Kitchen,2687.04,46,47.9,1.9000015258789062
2025-12-01,PROD_15,Non-Stick Ceramic Cookware Set 3pc,STORE_04,Home & Kitchen,2687.04,34,36.8,2.799999237060547
2025-12-02,PROD_15,Non-Stick Ceramic Cookware Set 3pc,STORE_04,Home & Kitchen,2799.0,33,35.3,2.299999237060547
2025-12-03,PROD_15,Non-Stick Ceramic Cookware Set 3pc,STORE_04,Home & Kitchen,2659.05,39,46.5,7.5
2025-12-04,PROD_15,Non-Stick Ceramic Cookware Set 3pc,STORE_04,Home & Kitchen,2799.0,27,34.9,7.900001525878906
2025-12-05,PROD_15,Non-Stick Ceramic Cookware Set 3pc,STORE_04,Home & Kitchen,2799.0,36,37.8,1.7999992370605469
2025-12-06,PROD_15,Non-Stick Ceramic Cookware Set 3pc,STORE_04,Home & Kitchen,2799.0,35,43.9,8.900001525878906
2025-12-07,PROD_15,Non-Stick Ceramic Cookware Set 3pc,STORE_04,Home & Kitchen,2799.0,39,41.9,2.9000015258789062
2025-12-08,PROD_15,Non-Stick Ceramic Cookware Set 3pc,STORE_04,Home & Kitchen,2799.0,27,33.2,6.200000762939453
2025-12-09,PROD_15,Non-Stick Ceramic Cookware Set 3pc,STORE_04,Home & Kitchen,2799.0,36,31.9,-4.100000381469727
2025-12-10,PROD_15,Non-Stick Ceramic Cookware Set 3pc,STORE_04,Home & Kitchen,2799.0,33,32.4,-0.5999984741210938
2025-12-11,PROD_15,Non-Stick Ceramic Cookware Set 3pc,STORE_04,Home & Kitchen,2799.0,33,31.9,-1.1000003814697266
2025-12-12,PROD_15,Non-Stick Ceramic Cookware Set 3pc,STORE_04,Home & Kitchen,2687.04,46,37.7,-8.299999237060547
2025-12-13,PROD_15,Non-Stick Ceramic Cookware Set 3pc,STORE_04,Home & Kitchen,2659.05,61,61.6,0.5999984741210938
2025-12-14,PROD_15,Non-Stick Ceramic Cookware Set 3pc,STORE_04,Home & Kitchen,2687.04,46,44.0,-2.0
2025-12-15,PROD_15,Non-Stick Ceramic Cookware Set 3pc,STORE_04,Home & Kitchen,2799.0,35,32.0,-3.0
2025-12-16,PROD_15,Non-Stick Ceramic Cookware Set 3pc,STORE_04,Home & Kitchen,2799.0,35,32.4,-2.5999984741210938
2025-12-17,PROD_15,Non-Stick Ceramic Cookware Set 3pc,STORE_04,Home & Kitchen,2799.0,31,32.5,1.5
2025-12-18,PROD_15,Non-Stick Ceramic Cookware Set 3pc,STORE_04,Home & Kitchen,2799.0,40,32.2,-7.799999237060547
2025-12-19,PROD_15,Non-Stick Ceramic Cookware Set 3pc,STORE_04,Home & Kitchen,2799.0,41,37.7,-3.299999237060547
2025-12-20,PROD_15,Non-Stick Ceramic Cookware Set 3pc,STORE_04,Home & Kitchen,2659.05,48,60.8,12.799999237060547
2025-12-21,PROD_15,Non-Stick Ceramic Cookware Set 3pc,STORE_04,Home & Kitchen,2799.0,38,44.7,6.700000762939453
2025-12-22,PROD_15,Non-Stick Ceramic Cookware Set 3pc,STORE_04,Home & Kitchen,2799.0,33,33.4,0.40000152587890625
2025-12-23,PROD_15,Non-Stick Ceramic Cookware Set 3pc,STORE_04,Home & Kitchen,2799.0,36,34.0,-2.0
2025-12-24,PROD_15,Non-Stick Ceramic Cookware Set 3pc,STORE_04,Home & Kitchen,2799.0,35,33.6,-1.4000015258789062
2025-12-25,PROD_15,Non-Stick Ceramic Cookware Set 3pc,STORE_04,Home & Kitchen,2799.0,32,33.4,1.4000015258789062
2025-12-26,PROD_15,Non-Stick Ceramic Cookware Set 3pc,STORE_04,Home & Kitchen,2799.0,35,39.0,4.0
2025-12-27,PROD_15,Non-Stick Ceramic Cookware Set 3pc,STORE_04,Home & Kitchen,2799.0,42,43.1,1.0999984741210938
2025-12-28,PROD_15,Non-Stick Ceramic Cookware Set 3pc,STORE_04,Home & Kitchen,2799.0,42,42.0,0.0
2025-12-29,PROD_15,Non-Stick Ceramic Cookware Set 3pc,STORE_04,Home & Kitchen,2743.02,39,33.7,-5.299999237060547
2025-12-30,PROD_15,Non-Stick Ceramic Cookware Set 3pc,STORE_04,Home & Kitchen,2379.15,58,55.2,-2.799999237060547
2025-12-31,PROD_15,Non-Stick Ceramic Cookware Set 3pc,STORE_04,Home & Kitchen,2687.04,35,35.9,0.9000015258789062
2025-09-17,PROD_16,Stainless Steel Electric Kettle 1.8L,STORE_01,Home & Kitchen,899.0,88,85.6,-2.4000015258789062
2025-09-18,PROD_16,Stainless Steel Electric Kettle 1.8L,STORE_01,Home & Kitchen,899.0,87,85.6,-1.4000015258789062
2025-09-19,PROD_16,Stainless Steel Electric Kettle 1.8L,STORE_01,Home & Kitchen,899.0,96,98.2,2.1999969482421875
2025-09-20,PROD_16,Stainless Steel Electric Kettle 1.8L,STORE_01,Home & Kitchen,809.1,191,162.6,-28.399993896484375
2025-09-21,PROD_16,Stainless Steel Electric Kettle 1.8L,STORE_01,Home & Kitchen,764.15,173,186.4,13.399993896484375
2025-09-22,PROD_16,Stainless Steel Electric Kettle 1.8L,STORE_01,Home & Kitchen,854.05,109,117.5,8.5
2025-09-23,PROD_16,Stainless Steel Electric Kettle 1.8L,STORE_01,Home & Kitchen,899.0,75,85.5,10.5
2025-09-24,PROD_16,Stainless Steel Electric Kettle 1.8L,STORE_01,Home & Kitchen,899.0,67,84.5,17.5
2025-09-25,PROD_16,Stainless Steel Electric Kettle 1.8L,STORE_01,Home & Kitchen,863.04,73,86.7,13.699996948242188
2025-09-26,PROD_16,Stainless Steel Electric Kettle 1.8L,STORE_01,Home & Kitchen,899.0,93,97.5,4.5
2025-09-27,PROD_16,Stainless Steel Electric Kettle 1.8L,STORE_01,Home & Kitchen,899.0,126,110.8,-15.199996948242188
2025-09-28,PROD_16,Stainless Steel Electric Kettle 1.8L,STORE_01,Home & Kitchen,899.0,122,111.8,-10.199996948242188
2025-09-29,PROD_16,Stainless Steel Electric Kettle 1.8L,STORE_01,Home & Kitchen,899.0,73,84.7,11.699996948242188
2025-09-30,PROD_16,Stainless Steel Electric Kettle 1.8L,STORE_01,Home & Kitchen,899.0,89,83.4,-5.599998474121094
2025-10-01,PROD_16,Stainless Steel Electric Kettle 1.8L,STORE_01,Home & Kitchen,881.02,123,102.4,-20.599998474121094
2025-10-02,PROD_16,Stainless Steel Electric Kettle 1.8L,STORE_01,Home & Kitchen,899.0,132,104.6,-27.400001525878906
2025-10-03,PROD_16,Stainless Steel Electric Kettle 1.8L,STORE_01,Home & Kitchen,809.1,205,173.0,-32.0
2025-10-04,PROD_16,Stainless Steel Electric Kettle 1.8L,STORE_01,Home & Kitchen,899.0,149,139.5,-9.5
2025-10-05,PROD_16,Stainless Steel Electric Kettle 1.8L,STORE_01,Home & Kitchen,899.0,157,138.8,-18.199996948242188
2025-10-06,PROD_16,Stainless Steel Electric Kettle 1.8L,STORE_01,Home & Kitchen,899.0,106,105.4,-0.5999984741210938
2025-10-07,PROD_16,Stainless Steel Electric Kettle 1.8L,STORE_01,Home & Kitchen,899.0,116,110.9,-5.099998474121094
2025-10-08,PROD_16,Stainless Steel Electric Kettle 1.8L,STORE_01,Home & Kitchen,863.04,146,112.6,-33.400001525878906
2025-10-09,PROD_16,Stainless Steel Electric Kettle 1.8L,STORE_01,Home & Kitchen,899.0,100,112.4,12.400001525878906
2025-10-10,PROD_16,Stainless Steel Electric Kettle 1.8L,STORE_01,Home & Kitchen,899.0,171,132.8,-38.19999694824219
2025-10-11,PROD_16,Stainless Steel Electric Kettle 1.8L,STORE_01,Home & Kitchen,899.0,178,149.5,-28.5
2025-10-12,PROD_16,Stainless Steel Electric Kettle 1.8L,STORE_01,Home & Kitchen,899.0,137,153.0,16.0
2025-10-13,PROD_16,Stainless Steel Electric Kettle 1.8L,STORE_01,Home & Kitchen,899.0,120,114.9,-5.099998474121094
2025-10-14,PROD_16,Stainless Steel Electric Kettle 1.8L,STORE_01,Home & Kitchen,809.1,160,160.5,0.5
2025-10-15,PROD_16,Stainless Steel Electric Kettle 1.8L,STORE_01,Home & Kitchen,854.05,143,161.0,18.0
2025-10-16,PROD_16,Stainless Steel Electric Kettle 1.8L,STORE_01,Home & Kitchen,899.0,105,125.0,20.0
2025-10-17,PROD_16,Stainless Steel Electric Kettle 1.8L,STORE_01,Home & Kitchen,899.0,150,129.2,-20.800003051757812
2025-10-18,PROD_16,Stainless Steel Electric Kettle 1.8L,STORE_01,Home & Kitchen,899.0,139,157.5,18.5
2025-10-19,PROD_16,Stainless Steel Electric Kettle 1.8L,STORE_01,Home & Kitchen,899.0,160,154.9,-5.100006103515625
2025-10-20,PROD_16,Stainless Steel Electric Kettle 1.8L,STORE_01,Home & Kitchen,899.0,121,121.8,0.8000030517578125
2025-10-21,PROD_16,Stainless Steel Electric Kettle 1.8L,STORE_01,Home & Kitchen,899.0,115,119.0,4.0
2025-10-22,PROD_16,Stainless Steel Electric Kettle 1.8L,STORE_01,Home & Kitchen,854.05,149,156.8,7.8000030517578125
2025-10-23,PROD_16,Stainless Steel Electric Kettle 1.8L,STORE_01,Home & Kitchen,881.02,108,125.8,17.800003051757812
2025-10-24,PROD_16,Stainless Steel Electric Kettle 1.8L,STORE_01,Home & Kitchen,809.1,170,189.0,19.0
2025-10-25,PROD_16,Stainless Steel Electric Kettle 1.8L,STORE_01,Home & Kitchen,881.02,151,159.0,8.0
2025-10-26,PROD_16,Stainless Steel Electric Kettle 1.8L,STORE_01,Home & Kitchen,899.0,155,158.6,3.600006103515625
2025-10-27,PROD_16,Stainless Steel Electric Kettle 1.8L,STORE_01,Home & Kitchen,881.02,119,120.7,1.6999969482421875
2025-10-28,PROD_16,Stainless Steel Electric Kettle 1.8L,STORE_01,Home & Kitchen,899.0,133,119.0,-14.0
2025-10-29,PROD_16,Stainless Steel Electric Kettle 1.8L,STORE_01,Home & Kitchen,899.0,104,119.7,15.699996948242188
2025-10-30,PROD_16,Stainless Steel Electric Kettle 1.8L,STORE_01,Home & Kitchen,899.0,115,119.7,4.6999969482421875
2025-10-31,PROD_16,Stainless Steel Electric Kettle 1.8L,STORE_01,Home & Kitchen,899.0,118,138.5,20.5
2025-11-01,PROD_16,Stainless Steel Electric Kettle 1.8L,STORE_01,Home & Kitchen,899.0,129,146.2,17.199996948242188
2025-11-02,PROD_16,Stainless Steel Electric Kettle 1.8L,STORE_01,Home & Kitchen,719.2,301,231.5,-69.5
2025-11-03,PROD_16,Stainless Steel Electric Kettle 1.8L,STORE_01,Home & Kitchen,899.0,120,102.7,-17.300003051757812
2025-11-04,PROD_16,Stainless Steel Electric Kettle 1.8L,STORE_01,Home & Kitchen,881.02,103,113.6,10.599998474121094
2025-11-05,PROD_16,Stainless Steel Electric Kettle 1.8L,STORE_01,Home & Kitchen,899.0,88,104.7,16.699996948242188
2025-11-06,PROD_16,Stainless Steel Electric Kettle 1.8L,STORE_01,Home & Kitchen,881.02,124,105.1,-18.900001525878906
2025-11-07,PROD_16,Stainless Steel Electric Kettle 1.8L,STORE_01,Home & Kitchen,899.0,131,127.7,-3.3000030517578125
2025-11-08,PROD_16,Stainless Steel Electric Kettle 1.8L,STORE_01,Home & Kitchen,899.0,140,141.7,1.6999969482421875
2025-11-09,PROD_16,Stainless Steel Electric Kettle 1.8L,STORE_01,Home & Kitchen,899.0,126,143.8,17.800003051757812
2025-11-10,PROD_16,Stainless Steel Electric Kettle 1.8L,STORE_01,Home & Kitchen,719.2,168,174.3,6.3000030517578125
2025-11-11,PROD_16,Stainless Steel Electric Kettle 1.8L,STORE_01,Home & Kitchen,899.0,111,114.3,3.3000030517578125
2025-11-12,PROD_16,Stainless Steel Electric Kettle 1.8L,STORE_01,Home & Kitchen,809.1,176,155.3,-20.699996948242188
2025-11-13,PROD_16,Stainless Steel Electric Kettle 1.8L,STORE_01,Home & Kitchen,809.1,169,161.3,-7.6999969482421875
2025-11-14,PROD_16,Stainless Steel Electric Kettle 1.8L,STORE_01,Home & Kitchen,881.02,113,136.6,23.600006103515625
2025-11-15,PROD_16,Stainless Steel Electric Kettle 1.8L,STORE_01,Home & Kitchen,899.0,147,147.8,0.8000030517578125
2025-11-16,PROD_16,Stainless Steel Electric Kettle 1.8L,STORE_01,Home & Kitchen,854.05,197,204.2,7.1999969482421875
2025-11-17,PROD_16,Stainless Steel Electric Kettle 1.8L,STORE_01,Home & Kitchen,899.0,110,113.0,3.0
2025-11-18,PROD_16,Stainless Steel Electric Kettle 1.8L,STORE_01,Home & Kitchen,899.0,98,112.3,14.300003051757812
2025-11-19,PROD_16,Stainless Steel Electric Kettle 1.8L,STORE_01,Home & Kitchen,863.04,114,115.0,1.0
2025-11-20,PROD_16,Stainless Steel Electric Kettle 1.8L,STORE_01,Home & Kitchen,899.0,96,111.0,15.0
2025-11-21,PROD_16,Stainless Steel Electric Kettle 1.8L,STORE_01,Home & Kitchen,899.0,122,121.8,-0.1999969482421875
2025-11-22,PROD_16,Stainless Steel Electric Kettle 1.8L,STORE_01,Home & Kitchen,854.05,181,190.7,9.699996948242188
2025-11-23,PROD_16,Stainless Steel Electric Kettle 1.8L,STORE_01,Home & Kitchen,764.15,272,212.0,-60.0
2025-11-24,PROD_16,Stainless Steel Electric Kettle 1.8L,STORE_01,Home & Kitchen,881.02,124,114.9,-9.099998474121094
2025-11-25,PROD_16,Stainless Steel Electric Kettle 1.8L,STORE_01,Home & Kitchen,764.15,170,170.0,0.0
2025-11-26,PROD_16,Stainless Steel Electric Kettle 1.8L,STORE_01,Home & Kitchen,899.0,101,111.1,10.099998474121094
2025-11-27,PROD_16,Stainless Steel Electric Kettle 1.8L,STORE_01,Home & Kitchen,899.0,110,110.0,0.0
2025-11-28,PROD_16,Stainless Steel Electric Kettle 1.8L,STORE_01,Home & Kitchen,899.0,111,125.7,14.699996948242188
2025-11-29,PROD_16,Stainless Steel Electric Kettle 1.8L,STORE_01,Home & Kitchen,899.0,159,141.1,-17.899993896484375
2025-11-30,PROD_16,Stainless Steel Electric Kettle 1.8L,STORE_01,Home & Kitchen,854.05,207,203.4,-3.600006103515625
2025-12-01,PROD_16,Stainless Steel Electric Kettle 1.8L,STORE_01,Home & Kitchen,899.0,111,112.3,1.3000030517578125
2025-12-02,PROD_16,Stainless Steel Electric Kettle 1.8L,STORE_01,Home & Kitchen,899.0,106,112.9,6.900001525878906
2025-12-03,PROD_16,Stainless Steel Electric Kettle 1.8L,STORE_01,Home & Kitchen,899.0,129,109.0,-20.0
2025-12-04,PROD_16,Stainless Steel Electric Kettle 1.8L,STORE_01,Home & Kitchen,899.0,128,111.8,-16.199996948242188
2025-12-05,PROD_16,Stainless Steel Electric Kettle 1.8L,STORE_01,Home & Kitchen,899.0,112,137.0,25.0
2025-12-06,PROD_16,Stainless Steel Electric Kettle 1.8L,STORE_01,Home & Kitchen,863.04,150,150.1,0.100006103515625
2025-12-07,PROD_16,Stainless Steel Electric Kettle 1.8L,STORE_01,Home & Kitchen,764.15,224,216.9,-7.100006103515625
2025-12-08,PROD_16,Stainless Steel Electric Kettle 1.8L,STORE_01,Home & Kitchen,899.0,108,114.2,6.1999969482421875
2025-12-09,PROD_16,Stainless Steel Electric Kettle 1.8L,STORE_01,Home & Kitchen,881.02,114,114.3,0.3000030517578125
2025-12-10,PROD_16,Stainless Steel Electric Kettle 1.8L,STORE_01,Home & Kitchen,899.0,113,114.7,1.6999969482421875
2025-12-11,PROD_16,Stainless Steel Electric Kettle 1.8L,STORE_01,Home & Kitchen,863.04,114,110.8,-3.1999969482421875
2025-12-12,PROD_16,Stainless Steel Electric Kettle 1.8L,STORE_01,Home & Kitchen,863.04,179,122.9,-56.099998474121094
2025-12-13,PROD_16,Stainless Steel Electric Kettle 1.8L,STORE_01,Home & Kitchen,899.0,124,144.0,20.0
2025-12-14,PROD_16,Stainless Steel Electric Kettle 1.8L,STORE_01,Home & Kitchen,899.0,151,140.1,-10.899993896484375
2025-12-15,PROD_16,Stainless Steel Electric Kettle 1.8L,STORE_01,Home & Kitchen,899.0,133,111.4,-21.599998474121094
2025-12-16,PROD_16,Stainless Steel Electric Kettle 1.8L,STORE_01,Home & Kitchen,899.0,127,110.5,-16.5
2025-12-17,PROD_16,Stainless Steel Electric Kettle 1.8L,STORE_01,Home & Kitchen,899.0,153,116.0,-37.0
2025-12-18,PROD_16,Stainless Steel Electric Kettle 1.8L,STORE_01,Home & Kitchen,899.0,128,116.5,-11.5
2025-12-19,PROD_16,Stainless Steel Electric Kettle 1.8L,STORE_01,Home & Kitchen,899.0,143,135.1,-7.899993896484375
2025-12-20,PROD_16,Stainless Steel Electric Kettle 1.8L,STORE_01,Home & Kitchen,899.0,138,157.6,19.600006103515625
2025-12-21,PROD_16,Stainless Steel Electric Kettle 1.8L,STORE_01,Home & Kitchen,809.1,281,227.4,-53.600006103515625
2025-12-22,PROD_16,Stainless Steel Electric Kettle 1.8L,STORE_01,Home & Kitchen,809.1,176,168.0,-8.0
2025-12-23,PROD_16,Stainless Steel Electric Kettle 1.8L,STORE_01,Home & Kitchen,899.0,99,115.8,16.800003051757812
2025-12-24,PROD_16,Stainless Steel Electric Kettle 1.8L,STORE_01,Home & Kitchen,899.0,135,109.0,-26.0
2025-12-25,PROD_16,Stainless Steel Electric Kettle 1.8L,STORE_01,Home & Kitchen,899.0,104,113.6,9.599998474121094
2025-12-26,PROD_16,Stainless Steel Electric Kettle 1.8L,STORE_01,Home & Kitchen,881.02,113,127.2,14.199996948242188
2025-12-27,PROD_16,Stainless Steel Electric Kettle 1.8L,STORE_01,Home & Kitchen,899.0,147,139.5,-7.5
2025-12-28,PROD_16,Stainless Steel Electric Kettle 1.8L,STORE_01,Home & Kitchen,809.1,192,231.6,39.600006103515625
2025-12-29,PROD_16,Stainless Steel Electric Kettle 1.8L,STORE_01,Home & Kitchen,899.0,100,116.6,16.599998474121094
2025-12-30,PROD_16,Stainless Steel Electric Kettle 1.8L,STORE_01,Home & Kitchen,719.2,238,181.2,-56.80000305175781
2025-12-31,PROD_16,Stainless Steel Electric Kettle 1.8L,STORE_01,Home & Kitchen,899.0,111,112.1,1.0999984741210938
2025-09-17,PROD_16,Stainless Steel Electric Kettle 1.8L,STORE_02,Home & Kitchen,899.0,87,78.1,-8.900001525878906
2025-09-18,PROD_16,Stainless Steel Electric Kettle 1.8L,STORE_02,Home & Kitchen,881.02,68,81.3,13.300003051757812
2025-09-19,PROD_16,Stainless Steel Electric Kettle 1.8L,STORE_02,Home & Kitchen,881.02,87,91.3,4.3000030517578125
2025-09-20,PROD_16,Stainless Steel Electric Kettle 1.8L,STORE_02,Home & Kitchen,674.25,176,194.4,18.399993896484375
2025-09-21,PROD_16,Stainless Steel Electric Kettle 1.8L,STORE_02,Home & Kitchen,899.0,94,110.2,16.199996948242188
2025-09-22,PROD_16,Stainless Steel Electric Kettle 1.8L,STORE_02,Home & Kitchen,899.0,86,79.4,-6.599998474121094
2025-09-23,PROD_16,Stainless Steel Electric Kettle 1.8L,STORE_02,Home & Kitchen,899.0,76,79.4,3.4000015258789062
2025-09-24,PROD_16,Stainless Steel Electric Kettle 1.8L,STORE_02,Home & Kitchen,881.02,88,80.2,-7.8000030517578125
2025-09-25,PROD_16,Stainless Steel Electric Kettle 1.8L,STORE_02,Home & Kitchen,899.0,70,79.4,9.400001525878906
2025-09-26,PROD_16,Stainless Steel Electric Kettle 1.8L,STORE_02,Home & Kitchen,899.0,73,91.3,18.300003051757812
2025-09-27,PROD_16,Stainless Steel Electric Kettle 1.8L,STORE_02,Home & Kitchen,809.1,178,145.3,-32.69999694824219
2025-09-28,PROD_16,Stainless Steel Electric Kettle 1.8L,STORE_02,Home & Kitchen,899.0,118,104.3,-13.699996948242188
2025-09-29,PROD_16,Stainless Steel Electric Kettle 1.8L,STORE_02,Home & Kitchen,899.0,76,77.4,1.4000015258789062
2025-09-30,PROD_16,Stainless Steel Electric Kettle 1.8L,STORE_02,Home & Kitchen,899.0,99,79.1,-19.900001525878906
2025-10-01,PROD_16,Stainless Steel Electric Kettle 1.8L,STORE_02,Home & Kitchen,899.0,115,93.6,-21.400001525878906
2025-10-02,PROD_16,Stainless Steel Electric Kettle 1.8L,STORE_02,Home & Kitchen,863.04,132,100.4,-31.599998474121094
2025-10-03,PROD_16,Stainless Steel Electric Kettle 1.8L,STORE_02,Home & Kitchen,899.0,138,120.5,-17.5
2025-10-04,PROD_16,Stainless Steel Electric Kettle 1.8L,STORE_02,Home & Kitchen,881.02,139,134.6,-4.399993896484375
2025-10-05,PROD_16,Stainless Steel Electric Kettle 1.8L,STORE_02,Home & Kitchen,881.02,155,138.7,-16.300003051757812
2025-10-06,PROD_16,Stainless Steel Electric Kettle 1.8L,STORE_02,Home & Kitchen,899.0,102,104.3,2.3000030517578125
2025-10-07,PROD_16,Stainless Steel Electric Kettle 1.8L,STORE_02,Home & Kitchen,899.0,115,106.1,-8.900001525878906
2025-10-08,PROD_16,Stainless Steel Electric Kettle 1.8L,STORE_02,Home & Kitchen,719.2,166,169.8,3.8000030517578125
2025-10-09,PROD_16,Stainless Steel Electric Kettle 1.8L,STORE_02,Home & Kitchen,899.0,88,107.9,19.900001525878906
2025-10-10,PROD_16,Stainless Steel Electric Kettle 1.8L,STORE_02,Home & Kitchen,863.04,115,123.9,8.900001525878906
2025-10-11,PROD_16,Stainless Steel Electric Kettle 1.8L,STORE_02,Home & Kitchen,899.0,144,138.1,-5.899993896484375
2025-10-12,PROD_16,Stainless Steel Electric Kettle 1.8L,STORE_02,Home & Kitchen,899.0,146,141.6,-4.399993896484375
2025-10-13,PROD_16,Stainless Steel Electric Kettle 1.8L,STORE_02,Home & Kitchen,899.0,109,109.8,0.8000030517578125
2025-10-14,PROD_16,Stainless Steel Electric Kettle 1.8L,STORE_02,Home & Kitchen,899.0,91,112.3,21.300003051757812
2025-10-15,PROD_16,Stainless Steel Electric Kettle 1.8L,STORE_02,Home & Kitchen,809.1,151,141.6,-9.399993896484375
2025-10-16,PROD_16,Stainless Steel Electric Kettle 1.8L,STORE_02,Home & Kitchen,899.0,89,108.7,19.699996948242188
2025-10-17,PROD_16,Stainless Steel Electric Kettle 1.8L,STORE_02,Home & Kitchen,899.0,116,122.2,6.1999969482421875
2025-10-18,PROD_16,Stainless Steel Electric Kettle 1.8L,STORE_02,Home & Kitchen,899.0,138,140.3,2.3000030517578125
2025-10-19,PROD_16,Stainless Steel Electric Kettle 1.8L,STORE_02,Home & Kitchen,719.2,264,200.9,-63.100006103515625
2025-10-20,PROD_16,Stainless Steel Electric Kettle 1.8L,STORE_02,Home & Kitchen,764.15,175,167.3,-7.6999969482421875
2025-10-21,PROD_16,Stainless Steel Electric Kettle 1.8L,STORE_02,Home & Kitchen,899.0,88,102.2,14.199996948242188
2025-10-22,PROD_16,Stainless Steel Electric Kettle 1.8L,STORE_02,Home & Kitchen,899.0,104,102.7,-1.3000030517578125
2025-10-23,PROD_16,Stainless Steel Electric Kettle 1.8L,STORE_02,Home & Kitchen,899.0,115,101.8,-13.199996948242188
2025-10-24,PROD_16,Stainless Steel Electric Kettle 1.8L,STORE_02,Home & Kitchen,899.0,100,123.1,23.099998474121094
2025-10-25,PROD_16,Stainless Steel Electric Kettle 1.8L,STORE_02,Home & Kitchen,854.05,204,189.5,-14.5
2025-10-26,PROD_16,Stainless Steel Electric Kettle 1.8L,STORE_02,Home & Kitchen,899.0,142,142.0,0.0
2025-10-27,PROD_16,Stainless Steel Electric Kettle 1.8L,STORE_02,Home & Kitchen,809.1,147,148.4,1.399993896484375
2025-10-28,PROD_16,Stainless Steel Electric Kettle 1.8L,STORE_02,Home & Kitchen,899.0,92,116.5,24.5
2025-10-29,PROD_16,Stainless Steel Electric Kettle 1.8L,STORE_02,Home & Kitchen,881.02,106,117.3,11.300003051757812
2025-10-30,PROD_16,Stainless Steel Electric Kettle 1.8L,STORE_02,Home & Kitchen,899.0,101,113.9,12.900001525878906
2025-10-31,PROD_16,Stainless Steel Electric Kettle 1.8L,STORE_02,Home & Kitchen,881.02,151,130.9,-20.100006103515625
2025-11-01,PROD_16,Stainless Steel Electric Kettle 1.8L,STORE_02,Home & Kitchen,899.0,136,144.4,8.399993896484375
2025-11-02,PROD_16,Stainless Steel Electric Kettle 1.8L,STORE_02,Home & Kitchen,899.0,115,142.0,27.0
2025-11-03,PROD_16,Stainless Steel Electric Kettle 1.8L,STORE_02,Home & Kitchen,899.0,99,102.1,3.0999984741210938
2025-11-04,PROD_16,Stainless Steel Electric Kettle 1.8L,STORE_02,Home & Kitchen,899.0,99,101.6,2.5999984741210938
2025-11-05,PROD_16,Stainless Steel Electric Kettle 1.8L,STORE_02,Home & Kitchen,863.04,79,104.6,25.599998474121094
2025-11-06,PROD_16,Stainless Steel Electric Kettle 1.8L,STORE_02,Home & Kitchen,854.05,152,132.7,-19.300003051757812
2025-11-07,PROD_16,Stainless Steel Electric Kettle 1.8L,STORE_02,Home & Kitchen,899.0,114,123.5,9.5
2025-11-08,PROD_16,Stainless Steel Electric Kettle 1.8L,STORE_02,Home & Kitchen,881.02,189,135.9,-53.100006103515625
2025-11-09,PROD_16,Stainless Steel Electric Kettle 1.8L,STORE_02,Home & Kitchen,719.2,267,206.5,-60.5
2025-11-10,PROD_16,Stainless Steel Electric Kettle 1.8L,STORE_02,Home & Kitchen,719.2,186,177.8,-8.199996948242188
2025-11-11,PROD_16,Stainless Steel Electric Kettle 1.8L,STORE_02,Home & Kitchen,809.1,163,150.1,-12.899993896484375
2025-11-12,PROD_16,Stainless Steel Electric Kettle 1.8L,STORE_02,Home & Kitchen,809.1,185,161.8,-23.199996948242188
2025-11-13,PROD_16,Stainless Steel Electric Kettle 1.8L,STORE_02,Home & Kitchen,854.05,159,153.1,-5.899993896484375
2025-11-14,PROD_16,Stainless Steel Electric Kettle 1.8L,STORE_02,Home & Kitchen,809.1,169,197.2,28.199996948242188
2025-11-15,PROD_16,Stainless Steel Electric Kettle 1.8L,STORE_02,Home & Kitchen,899.0,135,168.6,33.600006103515625
2025-11-16,PROD_16,Stainless Steel Electric Kettle 1.8L,STORE_02,Home & Kitchen,899.0,121,161.3,40.30000305175781
2025-11-17,PROD_16,Stainless Steel Electric Kettle 1.8L,STORE_02,Home & Kitchen,899.0,106,122.3,16.300003051757812
2025-11-18,PROD_16,Stainless Steel Electric Kettle 1.8L,STORE_02,Home & Kitchen,881.02,97,115.0,18.0
2025-11-19,PROD_16,Stainless Steel Electric Kettle 1.8L,STORE_02,Home & Kitchen,899.0,87,112.4,25.400001525878906
2025-11-20,PROD_16,Stainless Steel Electric Kettle 1.8L,STORE_02,Home & Kitchen,881.02,112,113.1,1.0999984741210938
2025-11-21,PROD_16,Stainless Steel Electric Kettle 1.8L,STORE_02,Home & Kitchen,854.05,154,172.5,18.5
2025-11-22,PROD_16,Stainless Steel Electric Kettle 1.8L,STORE_02,Home & Kitchen,719.2,249,243.5,-5.5
2025-11-23,PROD_16,Stainless Steel Electric Kettle 1.8L,STORE_02,Home & Kitchen,899.0,140,137.5,-2.5
2025-11-24,PROD_16,Stainless Steel Electric Kettle 1.8L,STORE_02,Home & Kitchen,809.1,146,166.4,20.399993896484375
2025-11-25,PROD_16,Stainless Steel Electric Kettle 1.8L,STORE_02,Home & Kitchen,899.0,99,107.4,8.400001525878906
2025-11-26,PROD_16,Stainless Steel Electric Kettle 1.8L,STORE_02,Home & Kitchen,881.02,131,105.6,-25.400001525878906
2025-11-27,PROD_16,Stainless Steel Electric Kettle 1.8L,STORE_02,Home & Kitchen,899.0,97,108.2,11.199996948242188
2025-11-28,PROD_16,Stainless Steel Electric Kettle 1.8L,STORE_02,Home & Kitchen,809.1,161,190.1,29.100006103515625
2025-11-29,PROD_16,Stainless Steel Electric Kettle 1.8L,STORE_02,Home & Kitchen,899.0,169,138.5,-30.5
2025-11-30,PROD_16,Stainless Steel Electric Kettle 1.8L,STORE_02,Home & Kitchen,899.0,162,142.9,-19.100006103515625
2025-12-01,PROD_16,Stainless Steel Electric Kettle 1.8L,STORE_02,Home & Kitchen,809.1,129,156.7,27.699996948242188
2025-12-02,PROD_16,Stainless Steel Electric Kettle 1.8L,STORE_02,Home & Kitchen,881.02,138,115.6,-22.400001525878906
2025-12-03,PROD_16,Stainless Steel Electric Kettle 1.8L,STORE_02,Home & Kitchen,899.0,105,116.5,11.5
2025-12-04,PROD_16,Stainless Steel Electric Kettle 1.8L,STORE_02,Home & Kitchen,899.0,108,116.8,8.800003051757812
2025-12-05,PROD_16,Stainless Steel Electric Kettle 1.8L,STORE_02,Home & Kitchen,899.0,118,132.2,14.199996948242188
2025-12-06,PROD_16,Stainless Steel Electric Kettle 1.8L,STORE_02,Home & Kitchen,809.1,238,223.3,-14.699996948242188
2025-12-07,PROD_16,Stainless Steel Electric Kettle 1.8L,STORE_02,Home & Kitchen,899.0,157,140.3,-16.699996948242188
2025-12-08,PROD_16,Stainless Steel Electric Kettle 1.8L,STORE_02,Home & Kitchen,899.0,100,113.3,13.300003051757812
2025-12-09,PROD_16,Stainless Steel Electric Kettle 1.8L,STORE_02,Home & Kitchen,899.0,110,105.9,-4.099998474121094
2025-12-10,PROD_16,Stainless Steel Electric Kettle 1.8L,STORE_02,Home & Kitchen,764.15,165,183.1,18.100006103515625
2025-12-11,PROD_16,Stainless Steel Electric Kettle 1.8L,STORE_02,Home & Kitchen,899.0,85,106.6,21.599998474121094
2025-12-12,PROD_16,Stainless Steel Electric Kettle 1.8L,STORE_02,Home & Kitchen,899.0,114,118.5,4.5
2025-12-13,PROD_16,Stainless Steel Electric Kettle 1.8L,STORE_02,Home & Kitchen,881.02,163,138.5,-24.5
2025-12-14,PROD_16,Stainless Steel Electric Kettle 1.8L,STORE_02,Home & Kitchen,899.0,153,137.1,-15.899993896484375
2025-12-15,PROD_16,Stainless Steel Electric Kettle 1.8L,STORE_02,Home & Kitchen,899.0,112,109.2,-2.8000030517578125
2025-12-16,PROD_16,Stainless Steel Electric Kettle 1.8L,STORE_02,Home & Kitchen,899.0,103,110.2,7.1999969482421875
2025-12-17,PROD_16,Stainless Steel Electric Kettle 1.8L,STORE_02,Home & Kitchen,899.0,117,105.0,-12.0
2025-12-18,PROD_16,Stainless Steel Electric Kettle 1.8L,STORE_02,Home & Kitchen,899.0,111,105.5,-5.5
2025-12-19,PROD_16,Stainless Steel Electric Kettle 1.8L,STORE_02,Home & Kitchen,899.0,120,127.1,7.099998474121094
2025-12-20,PROD_16,Stainless Steel Electric Kettle 1.8L,STORE_02,Home & Kitchen,899.0,129,139.7,10.699996948242188
2025-12-21,PROD_16,Stainless Steel Electric Kettle 1.8L,STORE_02,Home & Kitchen,899.0,135,139.8,4.8000030517578125
2025-12-22,PROD_16,Stainless Steel Electric Kettle 1.8L,STORE_02,Home & Kitchen,899.0,104,104.5,0.5
2025-12-23,PROD_16,Stainless Steel Electric Kettle 1.8L,STORE_02,Home & Kitchen,809.1,196,144.7,-51.30000305175781
2025-12-24,PROD_16,Stainless Steel Electric Kettle 1.8L,STORE_02,Home & Kitchen,899.0,97,109.8,12.800003051757812
2025-12-25,PROD_16,Stainless Steel Electric Kettle 1.8L,STORE_02,Home & Kitchen,899.0,94,105.9,11.900001525878906
2025-12-26,PROD_16,Stainless Steel Electric Kettle 1.8L,STORE_02,Home & Kitchen,899.0,135,119.5,-15.5
2025-12-27,PROD_16,Stainless Steel Electric Kettle 1.8L,STORE_02,Home & Kitchen,899.0,163,137.7,-25.300003051757812
2025-12-28,PROD_16,Stainless Steel Electric Kettle 1.8L,STORE_02,Home & Kitchen,809.1,238,204.6,-33.399993896484375
2025-12-29,PROD_16,Stainless Steel Electric Kettle 1.8L,STORE_02,Home & Kitchen,809.1,175,158.6,-16.399993896484375
2025-12-30,PROD_16,Stainless Steel Electric Kettle 1.8L,STORE_02,Home & Kitchen,899.0,127,107.0,-20.0
2025-12-31,PROD_16,Stainless Steel Electric Kettle 1.8L,STORE_02,Home & Kitchen,899.0,103,108.0,5.0
2025-09-17,PROD_16,Stainless Steel Electric Kettle 1.8L,STORE_03,Home & Kitchen,881.02,82,85.8,3.8000030517578125
2025-09-18,PROD_16,Stainless Steel Electric Kettle 1.8L,STORE_03,Home & Kitchen,899.0,93,82.5,-10.5
2025-09-19,PROD_16,Stainless Steel Electric Kettle 1.8L,STORE_03,Home & Kitchen,899.0,106,100.1,-5.900001525878906
2025-09-20,PROD_16,Stainless Steel Electric Kettle 1.8L,STORE_03,Home & Kitchen,809.1,190,162.6,-27.399993896484375
2025-09-21,PROD_16,Stainless Steel Electric Kettle 1.8L,STORE_03,Home & Kitchen,899.0,123,111.9,-11.099998474121094
2025-09-22,PROD_16,Stainless Steel Electric Kettle 1.8L,STORE_03,Home & Kitchen,899.0,72,85.6,13.599998474121094
2025-09-23,PROD_16,Stainless Steel Electric Kettle 1.8L,STORE_03,Home & Kitchen,899.0,79,82.7,3.6999969482421875
2025-09-24,PROD_16,Stainless Steel Electric Kettle 1.8L,STORE_03,Home & Kitchen,899.0,95,85.5,-9.5
2025-09-25,PROD_16,Stainless Steel Electric Kettle 1.8L,STORE_03,Home & Kitchen,899.0,88,83.8,-4.1999969482421875
2025-09-26,PROD_16,Stainless Steel Electric Kettle 1.8L,STORE_03,Home & Kitchen,899.0,98,94.2,-3.8000030517578125
2025-09-27,PROD_16,Stainless Steel Electric Kettle 1.8L,STORE_03,Home & Kitchen,899.0,130,110.8,-19.199996948242188
2025-09-28,PROD_16,Stainless Steel Electric Kettle 1.8L,STORE_03,Home & Kitchen,881.02,90,114.0,24.0
2025-09-29,PROD_16,Stainless Steel Electric Kettle 1.8L,STORE_03,Home & Kitchen,863.04,82,86.5,4.5
2025-09-30,PROD_16,Stainless Steel Electric Kettle 1.8L,STORE_03,Home & Kitchen,899.0,74,83.6,9.599998474121094
2025-10-01,PROD_16,Stainless Steel Electric Kettle 1.8L,STORE_03,Home & Kitchen,899.0,112,102.4,-9.599998474121094
2025-10-02,PROD_16,Stainless Steel Electric Kettle 1.8L,STORE_03,Home & Kitchen,899.0,116,104.8,-11.199996948242188
2025-10-03,PROD_16,Stainless Steel Electric Kettle 1.8L,STORE_03,Home & Kitchen,881.02,129,129.4,0.399993896484375
2025-10-04,PROD_16,Stainless Steel Electric Kettle 1.8L,STORE_03,Home & Kitchen,899.0,162,132.5,-29.5
2025-10-05,PROD_16,Stainless Steel Electric Kettle 1.8L,STORE_03,Home & Kitchen,854.05,243,175.2,-67.80000305175781
2025-10-06,PROD_16,Stainless Steel Electric Kettle 1.8L,STORE_03,Home & Kitchen,899.0,113,107.8,-5.1999969482421875
2025-10-07,PROD_16,Stainless Steel Electric Kettle 1.8L,STORE_03,Home & Kitchen,881.02,140,107.5,-32.5
2025-10-08,PROD_16,Stainless Steel Electric Kettle 1.8L,STORE_03,Home & Kitchen,863.04,104,113.2,9.199996948242188
2025-10-09,PROD_16,Stainless Steel Electric Kettle 1.8L,STORE_03,Home & Kitchen,899.0,120,105.9,-14.099998474121094
2025-10-10,PROD_16,Stainless Steel Electric Kettle 1.8L,STORE_03,Home & Kitchen,809.1,217,180.6,-36.399993896484375
2025-10-11,PROD_16,Stainless Steel Electric Kettle 1.8L,STORE_03,Home & Kitchen,899.0,182,147.8,-34.19999694824219
2025-10-12,PROD_16,Stainless Steel Electric Kettle 1.8L,STORE_03,Home & Kitchen,899.0,161,145.6,-15.399993896484375
2025-10-13,PROD_16,Stainless Steel Electric Kettle 1.8L,STORE_03,Home & Kitchen,899.0,133,117.6,-15.400001525878906
2025-10-14,PROD_16,Stainless Steel Electric Kettle 1.8L,STORE_03,Home & Kitchen,899.0,123,117.7,-5.3000030517578125
2025-10-15,PROD_16,Stainless Steel Electric Kettle 1.8L,STORE_03,Home & Kitchen,899.0,103,121.5,18.5
2025-10-16,PROD_16,Stainless Steel Electric Kettle 1.8L,STORE_03,Home & Kitchen,899.0,127,118.2,-8.800003051757812
2025-10-17,PROD_16,Stainless Steel Electric Kettle 1.8L,STORE_03,Home & Kitchen,881.02,150,147.0,-3.0
2025-10-18,PROD_16,Stainless Steel Electric Kettle 1.8L,STORE_03,Home & Kitchen,899.0,140,162.0,22.0
2025-10-19,PROD_16,Stainless Steel Electric Kettle 1.8L,STORE_03,Home & Kitchen,863.04,165,155.3,-9.699996948242188
2025-10-20,PROD_16,Stainless Steel Electric Kettle 1.8L,STORE_03,Home & Kitchen,899.0,112,120.9,8.900001525878906
2025-10-21,PROD_16,Stainless Steel Electric Kettle 1.8L,STORE_03,Home & Kitchen,809.1,167,162.1,-4.899993896484375
2025-10-22,PROD_16,Stainless Steel Electric Kettle 1.8L,STORE_03,Home & Kitchen,881.02,116,125.1,9.099998474121094
2025-10-23,PROD_16,Stainless Steel Electric Kettle 1.8L,STORE_03,Home & Kitchen,899.0,111,125.9,14.900001525878906
2025-10-24,PROD_16,Stainless Steel Electric Kettle 1.8L,STORE_03,Home & Kitchen,809.1,208,186.6,-21.399993896484375
2025-10-25,PROD_16,Stainless Steel Electric Kettle 1.8L,STORE_03,Home & Kitchen,719.2,243,262.3,19.29998779296875
2025-10-26,PROD_16,Stainless Steel Electric Kettle 1.8L,STORE_03,Home & Kitchen,899.0,160,161.3,1.3000030517578125
2025-10-27,PROD_16,Stainless Steel Electric Kettle 1.8L,STORE_03,Home & Kitchen,899.0,119,116.5,-2.5
2025-10-28,PROD_16,Stainless Steel Electric Kettle 1.8L,STORE_03,Home & Kitchen,899.0,144,117.0,-27.0
2025-10-29,PROD_16,Stainless Steel Electric Kettle 1.8L,STORE_03,Home & Kitchen,863.04,148,126.7,-21.300003051757812
2025-10-30,PROD_16,Stainless Steel Electric Kettle 1.8L,STORE_03,Home & Kitchen,899.0,153,126.1,-26.900001525878906
2025-10-31,PROD_16,Stainless Steel Electric Kettle 1.8L,STORE_03,Home & Kitchen,899.0,118,152.1,34.100006103515625
2025-11-01,PROD_16,Stainless Steel Electric Kettle 1.8L,STORE_03,Home & Kitchen,854.05,188,219.2,31.199996948242188
2025-11-02,PROD_16,Stainless Steel Electric Kettle 1.8L,STORE_03,Home & Kitchen,881.02,141,163.3,22.300003051757812
2025-11-03,PROD_16,Stainless Steel Electric Kettle 1.8L,STORE_03,Home & Kitchen,899.0,116,122.5,6.5
2025-11-04,PROD_16,Stainless Steel Electric Kettle 1.8L,STORE_03,Home & Kitchen,899.0,121,123.7,2.6999969482421875
2025-11-05,PROD_16,Stainless Steel Electric Kettle 1.8L,STORE_03,Home & Kitchen,863.04,120,123.4,3.4000015258789062
2025-11-06,PROD_16,Stainless Steel Electric Kettle 1.8L,STORE_03,Home & Kitchen,899.0,126,119.7,-6.3000030517578125
2025-11-07,PROD_16,Stainless Steel Electric Kettle 1.8L,STORE_03,Home & Kitchen,899.0,112,137.7,25.699996948242188
2025-11-08,PROD_16,Stainless Steel Electric Kettle 1.8L,STORE_03,Home & Kitchen,854.05,226,204.1,-21.899993896484375
2025-11-09,PROD_16,Stainless Steel Electric Kettle 1.8L,STORE_03,Home & Kitchen,899.0,174,147.6,-26.399993896484375
2025-11-10,PROD_16,Stainless Steel Electric Kettle 1.8L,STORE_03,Home & Kitchen,899.0,115,114.0,-1.0
2025-11-11,PROD_16,Stainless Steel Electric Kettle 1.8L,STORE_03,Home & Kitchen,899.0,104,116.4,12.400001525878906
2025-11-12,PROD_16,Stainless Steel Electric Kettle 1.8L,STORE_03,Home & Kitchen,809.1,182,169.1,-12.899993896484375
2025-11-13,PROD_16,Stainless Steel Electric Kettle 1.8L,STORE_03,Home & Kitchen,899.0,112,113.2,1.1999969482421875
2025-11-14,PROD_16,Stainless Steel Electric Kettle 1.8L,STORE_03,Home & Kitchen,899.0,122,121.8,-0.1999969482421875
2025-11-15,PROD_16,Stainless Steel Electric Kettle 1.8L,STORE_03,Home & Kitchen,881.02,165,150.2,-14.800003051757812
2025-11-16,PROD_16,Stainless Steel Electric Kettle 1.8L,STORE_03,Home & Kitchen,899.0,150,149.2,-0.8000030517578125
2025-11-17,PROD_16,Stainless Steel Electric Kettle 1.8L,STORE_03,Home & Kitchen,899.0,128,117.3,-10.699996948242188
2025-11-18,PROD_16,Stainless Steel Electric Kettle 1.8L,STORE_03,Home & Kitchen,899.0,145,119.5,-25.5
2025-11-19,PROD_16,Stainless Steel Electric Kettle 1.8L,STORE_03,Home & Kitchen,899.0,127,119.6,-7.400001525878906
2025-11-20,PROD_16,Stainless Steel Electric Kettle 1.8L,STORE_03,Home & Kitchen,854.05,132,157.5,25.5
2025-11-21,PROD_16,Stainless Steel Electric Kettle 1.8L,STORE_03,Home & Kitchen,881.02,179,141.9,-37.100006103515625
2025-11-22,PROD_16,Stainless Steel Electric Kettle 1.8L,STORE_03,Home & Kitchen,899.0,159,153.5,-5.5
2025-11-23,PROD_16,Stainless Steel Electric Kettle 1.8L,STORE_03,Home & Kitchen,881.02,152,159.7,7.6999969482421875
2025-11-24,PROD_16,Stainless Steel Electric Kettle 1.8L,STORE_03,Home & Kitchen,863.04,126,120.6,-5.400001525878906
2025-11-25,PROD_16,Stainless Steel Electric Kettle 1.8L,STORE_03,Home & Kitchen,854.05,152,169.6,17.600006103515625
2025-11-26,PROD_16,Stainless Steel Electric Kettle 1.8L,STORE_03,Home & Kitchen,899.0,100,123.1,23.099998474121094
2025-11-27,PROD_16,Stainless Steel Electric Kettle 1.8L,STORE_03,Home & Kitchen,854.05,167,166.3,-0.6999969482421875
2025-11-28,PROD_16,Stainless Steel Electric Kettle 1.8L,STORE_03,Home & Kitchen,899.0,133,136.0,3.0
2025-11-29,PROD_16,Stainless Steel Electric Kettle 1.8L,STORE_03,Home & Kitchen,719.2,264,280.0,16.0
2025-11-30,PROD_16,Stainless Steel Electric Kettle 1.8L,STORE_03,Home & Kitchen,863.04,214,161.0,-53.0
2025-12-01,PROD_16,Stainless Steel Electric Kettle 1.8L,STORE_03,Home & Kitchen,899.0,133,111.6,-21.400001525878906
2025-12-02,PROD_16,Stainless Steel Electric Kettle 1.8L,STORE_03,Home & Kitchen,899.0,130,116.1,-13.900001525878906
2025-12-03,PROD_16,Stainless Steel Electric Kettle 1.8L,STORE_03,Home & Kitchen,719.2,205,204.5,-0.5
2025-12-04,PROD_16,Stainless Steel Electric Kettle 1.8L,STORE_03,Home & Kitchen,863.04,131,129.6,-1.399993896484375
2025-12-05,PROD_16,Stainless Steel Electric Kettle 1.8L,STORE_03,Home & Kitchen,863.04,149,140.5,-8.5
2025-12-06,PROD_16,Stainless Steel Electric Kettle 1.8L,STORE_03,Home & Kitchen,809.1,247,245.4,-1.600006103515625
2025-12-07,PROD_16,Stainless Steel Electric Kettle 1.8L,STORE_03,Home & Kitchen,899.0,198,169.8,-28.199996948242188
2025-12-08,PROD_16,Stainless Steel Electric Kettle 1.8L,STORE_03,Home & Kitchen,881.02,112,124.4,12.400001525878906
2025-12-09,PROD_16,Stainless Steel Electric Kettle 1.8L,STORE_03,Home & Kitchen,899.0,111,123.0,12.0
2025-12-10,PROD_16,Stainless Steel Electric Kettle 1.8L,STORE_03,Home & Kitchen,719.2,197,222.1,25.100006103515625
2025-12-11,PROD_16,Stainless Steel Electric Kettle 1.8L,STORE_03,Home & Kitchen,881.02,148,122.8,-25.199996948242188
2025-12-12,PROD_16,Stainless Steel Electric Kettle 1.8L,STORE_03,Home & Kitchen,899.0,121,145.0,24.0
2025-12-13,PROD_16,Stainless Steel Electric Kettle 1.8L,STORE_03,Home & Kitchen,881.02,174,160.1,-13.899993896484375
2025-12-14,PROD_16,Stainless Steel Electric Kettle 1.8L,STORE_03,Home & Kitchen,899.0,131,168.1,37.100006103515625
2025-12-15,PROD_16,Stainless Steel Electric Kettle 1.8L,STORE_03,Home & Kitchen,899.0,105,126.9,21.900001525878906
2025-12-16,PROD_16,Stainless Steel Electric Kettle 1.8L,STORE_03,Home & Kitchen,899.0,123,128.9,5.899993896484375
2025-12-17,PROD_16,Stainless Steel Electric Kettle 1.8L,STORE_03,Home & Kitchen,881.02,120,127.8,7.8000030517578125
2025-12-18,PROD_16,Stainless Steel Electric Kettle 1.8L,STORE_03,Home & Kitchen,899.0,139,123.1,-15.900001525878906
2025-12-19,PROD_16,Stainless Steel Electric Kettle 1.8L,STORE_03,Home & Kitchen,899.0,149,141.6,-7.399993896484375
2025-12-20,PROD_16,Stainless Steel Electric Kettle 1.8L,STORE_03,Home & Kitchen,899.0,159,163.6,4.600006103515625
2025-12-21,PROD_16,Stainless Steel Electric Kettle 1.8L,STORE_03,Home & Kitchen,899.0,154,159.7,5.6999969482421875
2025-12-22,PROD_16,Stainless Steel Electric Kettle 1.8L,STORE_03,Home & Kitchen,899.0,127,119.2,-7.8000030517578125
2025-12-23,PROD_16,Stainless Steel Electric Kettle 1.8L,STORE_03,Home & Kitchen,863.04,115,127.9,12.900001525878906
2025-12-24,PROD_16,Stainless Steel Electric Kettle 1.8L,STORE_03,Home & Kitchen,899.0,134,119.6,-14.400001525878906
2025-12-25,PROD_16,Stainless Steel Electric Kettle 1.8L,STORE_03,Home & Kitchen,863.04,118,129.3,11.300003051757812
2025-12-26,PROD_16,Stainless Steel Electric Kettle 1.8L,STORE_03,Home & Kitchen,899.0,122,137.0,15.0
2025-12-27,PROD_16,Stainless Steel Electric Kettle 1.8L,STORE_03,Home & Kitchen,719.2,285,258.6,-26.399993896484375
2025-12-28,PROD_16,Stainless Steel Electric Kettle 1.8L,STORE_03,Home & Kitchen,899.0,150,148.7,-1.3000030517578125
2025-12-29,PROD_16,Stainless Steel Electric Kettle 1.8L,STORE_03,Home & Kitchen,881.02,133,114.4,-18.599998474121094
2025-12-30,PROD_16,Stainless Steel Electric Kettle 1.8L,STORE_03,Home & Kitchen,719.2,219,199.8,-19.199996948242188
2025-12-31,PROD_16,Stainless Steel Electric Kettle 1.8L,STORE_03,Home & Kitchen,854.05,168,169.2,1.1999969482421875
2025-09-17,PROD_16,Stainless Steel Electric Kettle 1.8L,STORE_04,Home & Kitchen,899.0,61,62.7,1.7000007629394531
2025-09-18,PROD_16,Stainless Steel Electric Kettle 1.8L,STORE_04,Home & Kitchen,899.0,65,61.2,-3.799999237060547
2025-09-19,PROD_16,Stainless Steel Electric Kettle 1.8L,STORE_04,Home & Kitchen,863.04,79,74.2,-4.8000030517578125
2025-09-20,PROD_16,Stainless Steel Electric Kettle 1.8L,STORE_04,Home & Kitchen,899.0,78,79.7,1.6999969482421875
2025-09-21,PROD_16,Stainless Steel Electric Kettle 1.8L,STORE_04,Home & Kitchen,899.0,89,79.6,-9.400001525878906
2025-09-22,PROD_16,Stainless Steel Electric Kettle 1.8L,STORE_04,Home & Kitchen,881.02,59,63.2,4.200000762939453
2025-09-23,PROD_16,Stainless Steel Electric Kettle 1.8L,STORE_04,Home & Kitchen,899.0,51,60.8,9.799999237060547
2025-09-24,PROD_16,Stainless Steel Electric Kettle 1.8L,STORE_04,Home & Kitchen,899.0,62,58.8,-3.200000762939453
2025-09-25,PROD_16,Stainless Steel Electric Kettle 1.8L,STORE_04,Home & Kitchen,881.02,68,61.4,-6.599998474121094
2025-09-26,PROD_16,Stainless Steel Electric Kettle 1.8L,STORE_04,Home & Kitchen,899.0,64,70.8,6.8000030517578125
2025-09-27,PROD_16,Stainless Steel Electric Kettle 1.8L,STORE_04,Home & Kitchen,899.0,67,76.3,9.300003051757812
2025-09-28,PROD_16,Stainless Steel Electric Kettle 1.8L,STORE_04,Home & Kitchen,899.0,76,75.7,-0.3000030517578125
2025-09-29,PROD_16,Stainless Steel Electric Kettle 1.8L,STORE_04,Home & Kitchen,899.0,50,58.9,8.900001525878906
2025-09-30,PROD_16,Stainless Steel Electric Kettle 1.8L,STORE_04,Home & Kitchen,899.0,67,59.8,-7.200000762939453
2025-10-01,PROD_16,Stainless Steel Electric Kettle 1.8L,STORE_04,Home & Kitchen,899.0,80,70.0,-10.0
2025-10-02,PROD_16,Stainless Steel Electric Kettle 1.8L,STORE_04,Home & Kitchen,899.0,79,70.5,-8.5
2025-10-03,PROD_16,Stainless Steel Electric Kettle 1.8L,STORE_04,Home & Kitchen,899.0,91,81.4,-9.599998474121094
2025-10-04,PROD_16,Stainless Steel Electric Kettle 1.8L,STORE_04,Home & Kitchen,899.0,99,88.7,-10.300003051757812
2025-10-05,PROD_16,Stainless Steel Electric Kettle 1.8L,STORE_04,Home & Kitchen,899.0,112,90.8,-21.199996948242188
2025-10-06,PROD_16,Stainless Steel Electric Kettle 1.8L,STORE_04,Home & Kitchen,809.1,100,99.4,-0.5999984741210938
2025-10-07,PROD_16,Stainless Steel Electric Kettle 1.8L,STORE_04,Home & Kitchen,863.04,98,80.6,-17.400001525878906
2025-10-08,PROD_16,Stainless Steel Electric Kettle 1.8L,STORE_04,Home & Kitchen,899.0,83,80.4,-2.5999984741210938
2025-10-09,PROD_16,Stainless Steel Electric Kettle 1.8L,STORE_04,Home & Kitchen,899.0,78,80.0,2.0
2025-10-10,PROD_16,Stainless Steel Electric Kettle 1.8L,STORE_04,Home & Kitchen,899.0,83,91.0,8.0
2025-10-11,PROD_16,Stainless Steel Electric Kettle 1.8L,STORE_04,Home & Kitchen,899.0,120,105.1,-14.900001525878906
2025-10-12,PROD_16,Stainless Steel Electric Kettle 1.8L,STORE_04,Home & Kitchen,863.04,127,111.7,-15.300003051757812
2025-10-13,PROD_16,Stainless Steel Electric Kettle 1.8L,STORE_04,Home & Kitchen,899.0,101,83.2,-17.800003051757812
2025-10-14,PROD_16,Stainless Steel Electric Kettle 1.8L,STORE_04,Home & Kitchen,863.04,95,92.3,-2.6999969482421875
2025-10-15,PROD_16,Stainless Steel Electric Kettle 1.8L,STORE_04,Home & Kitchen,899.0,77,86.8,9.800003051757812
2025-10-16,PROD_16,Stainless Steel Electric Kettle 1.8L,STORE_04,Home & Kitchen,899.0,75,86.7,11.699996948242188
2025-10-17,PROD_16,Stainless Steel Electric Kettle 1.8L,STORE_04,Home & Kitchen,899.0,98,97.0,-1.0
2025-10-18,PROD_16,Stainless Steel Electric Kettle 1.8L,STORE_04,Home & Kitchen,899.0,103,110.5,7.5
2025-10-19,PROD_16,Stainless Steel Electric Kettle 1.8L,STORE_04,Home & Kitchen,899.0,103,111.3,8.300003051757812
2025-10-20,PROD_16,Stainless Steel Electric Kettle 1.8L,STORE_04,Home & Kitchen,854.05,111,116.2,5.1999969482421875
2025-10-21,PROD_16,Stainless Steel Electric Kettle 1.8L,STORE_04,Home & Kitchen,899.0,93,87.2,-5.8000030517578125
2025-10-22,PROD_16,Stainless Steel Electric Kettle 1.8L,STORE_04,Home & Kitchen,899.0,76,87.9,11.900001525878906
2025-10-23,PROD_16,Stainless Steel Electric Kettle 1.8L,STORE_04,Home & Kitchen,881.02,71,87.8,16.800003051757812
2025-10-24,PROD_16,Stainless Steel Electric Kettle 1.8L,STORE_04,Home & Kitchen,899.0,94,93.9,-0.09999847412109375
2025-10-25,PROD_16,Stainless Steel Electric Kettle 1.8L,STORE_04,Home & Kitchen,899.0,96,109.1,13.099998474121094
2025-10-26,PROD_16,Stainless Steel Electric Kettle 1.8L,STORE_04,Home & Kitchen,899.0,120,106.8,-13.199996948242188
2025-10-27,PROD_16,Stainless Steel Electric Kettle 1.8L,STORE_04,Home & Kitchen,899.0,96,86.2,-9.800003051757812
2025-10-28,PROD_16,Stainless Steel Electric Kettle 1.8L,STORE_04,Home & Kitchen,899.0,97,86.8,-10.199996948242188
2025-10-29,PROD_16,Stainless Steel Electric Kettle 1.8L,STORE_04,Home & Kitchen,899.0,92,89.4,-2.5999984741210938
2025-10-30,PROD_16,Stainless Steel Electric Kettle 1.8L,STORE_04,Home & Kitchen,899.0,82,88.9,6.900001525878906
2025-10-31,PROD_16,Stainless Steel Electric Kettle 1.8L,STORE_04,Home & Kitchen,899.0,101,102.8,1.8000030517578125
2025-11-01,PROD_16,Stainless Steel Electric Kettle 1.8L,STORE_04,Home & Kitchen,899.0,113,107.2,-5.8000030517578125
2025-11-02,PROD_16,Stainless Steel Electric Kettle 1.8L,STORE_04,Home & Kitchen,854.05,135,149.9,14.899993896484375
2025-11-03,PROD_16,Stainless Steel Electric Kettle 1.8L,STORE_04,Home & Kitchen,899.0,103,84.5,-18.5
2025-11-04,PROD_16,Stainless Steel Electric Kettle 1.8L,STORE_04,Home & Kitchen,899.0,84,86.7,2.6999969482421875
2025-11-05,PROD_16,Stainless Steel Electric Kettle 1.8L,STORE_04,Home & Kitchen,881.02,102,84.6,-17.400001525878906
2025-11-06,PROD_16,Stainless Steel Electric Kettle 1.8L,STORE_04,Home & Kitchen,899.0,90,84.6,-5.400001525878906
2025-11-07,PROD_16,Stainless Steel Electric Kettle 1.8L,STORE_04,Home & Kitchen,899.0,90,98.9,8.900001525878906
2025-11-08,PROD_16,Stainless Steel Electric Kettle 1.8L,STORE_04,Home & Kitchen,899.0,116,110.4,-5.599998474121094
2025-11-09,PROD_16,Stainless Steel Electric Kettle 1.8L,STORE_04,Home & Kitchen,899.0,123,114.0,-9.0
2025-11-10,PROD_16,Stainless Steel Electric Kettle 1.8L,STORE_04,Home & Kitchen,809.1,123,124.9,1.9000015258789062
2025-11-11,PROD_16,Stainless Steel Electric Kettle 1.8L,STORE_04,Home & Kitchen,809.1,111,124.2,13.199996948242188
2025-11-12,PROD_16,Stainless Steel Electric Kettle 1.8L,STORE_04,Home & Kitchen,863.04,87,90.8,3.8000030517578125
2025-11-13,PROD_16,Stainless Steel Electric Kettle 1.8L,STORE_04,Home & Kitchen,899.0,67,87.2,20.199996948242188
2025-11-14,PROD_16,Stainless Steel Electric Kettle 1.8L,STORE_04,Home & Kitchen,899.0,109,97.2,-11.800003051757812
2025-11-15,PROD_16,Stainless Steel Electric Kettle 1.8L,STORE_04,Home & Kitchen,899.0,122,114.6,-7.400001525878906
2025-11-16,PROD_16,Stainless Steel Electric Kettle 1.8L,STORE_04,Home & Kitchen,863.04,103,120.3,17.300003051757812
2025-11-17,PROD_16,Stainless Steel Electric Kettle 1.8L,STORE_04,Home & Kitchen,899.0,85,87.2,2.1999969482421875
2025-11-18,PROD_16,Stainless Steel Electric Kettle 1.8L,STORE_04,Home & Kitchen,899.0,76,85.7,9.699996948242188
2025-11-19,PROD_16,Stainless Steel Electric Kettle 1.8L,STORE_04,Home & Kitchen,863.04,67,86.3,19.300003051757812
2025-11-20,PROD_16,Stainless Steel Electric Kettle 1.8L,STORE_04,Home & Kitchen,719.2,162,132.0,-30.0
2025-11-21,PROD_16,Stainless Steel Electric Kettle 1.8L,STORE_04,Home & Kitchen,899.0,76,100.2,24.199996948242188
2025-11-22,PROD_16,Stainless Steel Electric Kettle 1.8L,STORE_04,Home & Kitchen,854.05,192,141.4,-50.600006103515625
2025-11-23,PROD_16,Stainless Steel Electric Kettle 1.8L,STORE_04,Home & Kitchen,899.0,126,109.8,-16.199996948242188
2025-11-24,PROD_16,Stainless Steel Electric Kettle 1.8L,STORE_04,Home & Kitchen,881.02,86,84.4,-1.5999984741210938
2025-11-25,PROD_16,Stainless Steel Electric Kettle 1.8L,STORE_04,Home & Kitchen,863.04,78,85.8,7.8000030517578125
2025-11-26,PROD_16,Stainless Steel Electric Kettle 1.8L,STORE_04,Home & Kitchen,899.0,97,81.5,-15.5
2025-11-27,PROD_16,Stainless Steel Electric Kettle 1.8L,STORE_04,Home & Kitchen,881.02,71,79.7,8.699996948242188
2025-11-28,PROD_16,Stainless Steel Electric Kettle 1.8L,STORE_04,Home & Kitchen,899.0,92,91.5,-0.5
2025-11-29,PROD_16,Stainless Steel Electric Kettle 1.8L,STORE_04,Home & Kitchen,899.0,114,106.2,-7.8000030517578125
2025-11-30,PROD_16,Stainless Steel Electric Kettle 1.8L,STORE_04,Home & Kitchen,809.1,172,161.4,-10.600006103515625
2025-12-01,PROD_16,Stainless Steel Electric Kettle 1.8L,STORE_04,Home & Kitchen,899.0,91,84.0,-7.0
2025-12-02,PROD_16,Stainless Steel Electric Kettle 1.8L,STORE_04,Home & Kitchen,899.0,77,81.7,4.6999969482421875
2025-12-03,PROD_16,Stainless Steel Electric Kettle 1.8L,STORE_04,Home & Kitchen,899.0,93,83.2,-9.800003051757812
2025-12-04,PROD_16,Stainless Steel Electric Kettle 1.8L,STORE_04,Home & Kitchen,899.0,82,84.5,2.5
2025-12-05,PROD_16,Stainless Steel Electric Kettle 1.8L,STORE_04,Home & Kitchen,881.02,89,97.0,8.0
2025-12-06,PROD_16,Stainless Steel Electric Kettle 1.8L,STORE_04,Home & Kitchen,863.04,142,111.9,-30.099998474121094
2025-12-07,PROD_16,Stainless Steel Electric Kettle 1.8L,STORE_04,Home & Kitchen,809.1,183,165.1,-17.899993896484375
2025-12-08,PROD_16,Stainless Steel Electric Kettle 1.8L,STORE_04,Home & Kitchen,899.0,78,89.5,11.5
2025-12-09,PROD_16,Stainless Steel Electric Kettle 1.8L,STORE_04,Home & Kitchen,899.0,77,85.5,8.5
2025-12-10,PROD_16,Stainless Steel Electric Kettle 1.8L,STORE_04,Home & Kitchen,674.25,140,162.6,22.600006103515625
2025-12-11,PROD_16,Stainless Steel Electric Kettle 1.8L,STORE_04,Home & Kitchen,899.0,95,81.4,-13.599998474121094
2025-12-12,PROD_16,Stainless Steel Electric Kettle 1.8L,STORE_04,Home & Kitchen,899.0,106,101.5,-4.5
2025-12-13,PROD_16,Stainless Steel Electric Kettle 1.8L,STORE_04,Home & Kitchen,899.0,128,117.0,-11.0
2025-12-14,PROD_16,Stainless Steel Electric Kettle 1.8L,STORE_04,Home & Kitchen,809.1,155,171.9,16.899993896484375
2025-12-15,PROD_16,Stainless Steel Electric Kettle 1.8L,STORE_04,Home & Kitchen,899.0,88,86.4,-1.5999984741210938
2025-12-16,PROD_16,Stainless Steel Electric Kettle 1.8L,STORE_04,Home & Kitchen,899.0,75,89.0,14.0
2025-12-17,PROD_16,Stainless Steel Electric Kettle 1.8L,STORE_04,Home & Kitchen,881.02,74,86.8,12.800003051757812
2025-12-18,PROD_16,Stainless Steel Electric Kettle 1.8L,STORE_04,Home & Kitchen,899.0,95,88.5,-6.5
2025-12-19,PROD_16,Stainless Steel Electric Kettle 1.8L,STORE_04,Home & Kitchen,899.0,93,99.9,6.900001525878906
2025-12-20,PROD_16,Stainless Steel Electric Kettle 1.8L,STORE_04,Home & Kitchen,899.0,93,113.1,20.099998474121094
2025-12-21,PROD_16,Stainless Steel Electric Kettle 1.8L,STORE_04,Home & Kitchen,899.0,137,109.7,-27.300003051757812
2025-12-22,PROD_16,Stainless Steel Electric Kettle 1.8L,STORE_04,Home & Kitchen,899.0,88,83.4,-4.599998474121094
2025-12-23,PROD_16,Stainless Steel Electric Kettle 1.8L,STORE_04,Home & Kitchen,899.0,93,83.4,-9.599998474121094
2025-12-24,PROD_16,Stainless Steel Electric Kettle 1.8L,STORE_04,Home & Kitchen,899.0,89,88.3,-0.6999969482421875
2025-12-25,PROD_16,Stainless Steel Electric Kettle 1.8L,STORE_04,Home & Kitchen,764.15,151,138.1,-12.899993896484375
2025-12-26,PROD_16,Stainless Steel Electric Kettle 1.8L,STORE_04,Home & Kitchen,881.02,96,105.4,9.400001525878906
2025-12-27,PROD_16,Stainless Steel Electric Kettle 1.8L,STORE_04,Home & Kitchen,899.0,96,115.4,19.400001525878906
2025-12-28,PROD_16,Stainless Steel Electric Kettle 1.8L,STORE_04,Home & Kitchen,764.15,174,182.3,8.300003051757812
2025-12-29,PROD_16,Stainless Steel Electric Kettle 1.8L,STORE_04,Home & Kitchen,881.02,77,86.5,9.5
2025-12-30,PROD_16,Stainless Steel Electric Kettle 1.8L,STORE_04,Home & Kitchen,899.0,81,83.3,2.3000030517578125
2025-12-31,PROD_16,Stainless Steel Electric Kettle 1.8L,STORE_04,Home & Kitchen,899.0,79,84.5,5.5
2025-09-17,PROD_17,Whey Isolate Protein Powder 1kg,STORE_01,Health & Care,2899.0,62,52.2,-9.799999237060547
2025-09-18,PROD_17,Whey Isolate Protein Powder 1kg,STORE_01,Health & Care,2899.0,47,51.3,4.299999237060547
2025-09-19,PROD_17,Whey Isolate Protein Powder 1kg,STORE_01,Health & Care,2899.0,51,58.5,7.5
2025-09-20,PROD_17,Whey Isolate Protein Powder 1kg,STORE_01,Health & Care,2841.02,55,64.7,9.699996948242188
2025-09-21,PROD_17,Whey Isolate Protein Powder 1kg,STORE_01,Health & Care,2899.0,74,64.3,-9.699996948242188
2025-09-22,PROD_17,Whey Isolate Protein Powder 1kg,STORE_01,Health & Care,2899.0,49,51.0,2.0
2025-09-23,PROD_17,Whey Isolate Protein Powder 1kg,STORE_01,Health & Care,2899.0,57,51.0,-6.0
2025-09-24,PROD_17,Whey Isolate Protein Powder 1kg,STORE_01,Health & Care,2783.04,54,53.1,-0.9000015258789062
2025-09-25,PROD_17,Whey Isolate Protein Powder 1kg,STORE_01,Health & Care,2899.0,53,51.0,-2.0
2025-09-26,PROD_17,Whey Isolate Protein Powder 1kg,STORE_01,Health & Care,2899.0,69,59.2,-9.799999237060547
2025-09-27,PROD_17,Whey Isolate Protein Powder 1kg,STORE_01,Health & Care,2899.0,66,65.5,-0.5
2025-09-28,PROD_17,Whey Isolate Protein Powder 1kg,STORE_01,Health & Care,2899.0,72,67.3,-4.6999969482421875
2025-09-29,PROD_17,Whey Isolate Protein Powder 1kg,STORE_01,Health & Care,2899.0,42,51.4,9.400001525878906
2025-09-30,PROD_17,Whey Isolate Protein Powder 1kg,STORE_01,Health & Care,2899.0,56,50.7,-5.299999237060547
2025-10-01,PROD_17,Whey Isolate Protein Powder 1kg,STORE_01,Health & Care,2174.25,109,97.6,-11.400001525878906
2025-10-02,PROD_17,Whey Isolate Protein Powder 1kg,STORE_01,Health & Care,2899.0,65,58.4,-6.599998474121094
2025-10-03,PROD_17,Whey Isolate Protein Powder 1kg,STORE_01,Health & Care,2899.0,103,67.6,-35.400001525878906
2025-10-04,PROD_17,Whey Isolate Protein Powder 1kg,STORE_01,Health & Care,2783.04,86,79.6,-6.400001525878906
2025-10-05,PROD_17,Whey Isolate Protein Powder 1kg,STORE_01,Health & Care,2899.0,83,78.5,-4.5
2025-10-06,PROD_17,Whey Isolate Protein Powder 1kg,STORE_01,Health & Care,2899.0,80,63.5,-16.5
2025-10-07,PROD_17,Whey Isolate Protein Powder 1kg,STORE_01,Health & Care,2899.0,75,64.4,-10.599998474121094
2025-10-08,PROD_17,Whey Isolate Protein Powder 1kg,STORE_01,Health & Care,2899.0,84,66.0,-18.0
2025-10-09,PROD_17,Whey Isolate Protein Powder 1kg,STORE_01,Health & Care,2899.0,66,67.0,1.0
2025-10-10,PROD_17,Whey Isolate Protein Powder 1kg,STORE_01,Health & Care,2899.0,81,77.6,-3.4000015258789062
2025-10-11,PROD_17,Whey Isolate Protein Powder 1kg,STORE_01,Health & Care,2899.0,81,85.9,4.900001525878906
2025-10-12,PROD_17,Whey Isolate Protein Powder 1kg,STORE_01,Health & Care,2899.0,82,91.1,9.099998474121094
2025-10-13,PROD_17,Whey Isolate Protein Powder 1kg,STORE_01,Health & Care,2899.0,79,69.0,-10.0
2025-10-14,PROD_17,Whey Isolate Protein Powder 1kg,STORE_01,Health & Care,2754.05,90,91.4,1.4000015258789062
2025-10-15,PROD_17,Whey Isolate Protein Powder 1kg,STORE_01,Health & Care,2899.0,76,71.6,-4.400001525878906
2025-10-16,PROD_17,Whey Isolate Protein Powder 1kg,STORE_01,Health & Care,2841.02,63,72.9,9.900001525878906
2025-10-17,PROD_17,Whey Isolate Protein Powder 1kg,STORE_01,Health & Care,2899.0,76,78.8,2.8000030517578125
2025-10-18,PROD_17,Whey Isolate Protein Powder 1kg,STORE_01,Health & Care,2464.15,119,133.8,14.800003051757812
2025-10-19,PROD_17,Whey Isolate Protein Powder 1kg,STORE_01,Health & Care,2464.15,184,135.2,-48.80000305175781
2025-10-20,PROD_17,Whey Isolate Protein Powder 1kg,STORE_01,Health & Care,2783.04,59,75.2,16.199996948242188
2025-10-21,PROD_17,Whey Isolate Protein Powder 1kg,STORE_01,Health & Care,2899.0,73,69.0,-4.0
2025-10-22,PROD_17,Whey Isolate Protein Powder 1kg,STORE_01,Health & Care,2754.05,78,94.4,16.400001525878906
2025-10-23,PROD_17,Whey Isolate Protein Powder 1kg,STORE_01,Health & Care,2899.0,56,68.5,12.5
2025-10-24,PROD_17,Whey Isolate Protein Powder 1kg,STORE_01,Health & Care,2319.2,115,122.7,7.6999969482421875
2025-10-25,PROD_17,Whey Isolate Protein Powder 1kg,STORE_01,Health & Care,2899.0,67,90.1,23.099998474121094
2025-10-26,PROD_17,Whey Isolate Protein Powder 1kg,STORE_01,Health & Care,2899.0,84,83.9,-0.09999847412109375
2025-10-27,PROD_17,Whey Isolate Protein Powder 1kg,STORE_01,Health & Care,2899.0,75,71.4,-3.5999984741210938
2025-10-28,PROD_17,Whey Isolate Protein Powder 1kg,STORE_01,Health & Care,2899.0,62,72.6,10.599998474121094
2025-10-29,PROD_17,Whey Isolate Protein Powder 1kg,STORE_01,Health & Care,2841.02,59,75.8,16.800003051757812
2025-10-30,PROD_17,Whey Isolate Protein Powder 1kg,STORE_01,Health & Care,2899.0,69,69.4,0.40000152587890625
2025-10-31,PROD_17,Whey Isolate Protein Powder 1kg,STORE_01,Health & Care,2899.0,87,82.7,-4.3000030517578125
2025-11-01,PROD_17,Whey Isolate Protein Powder 1kg,STORE_01,Health & Care,2899.0,98,85.7,-12.300003051757812
2025-11-02,PROD_17,Whey Isolate Protein Powder 1kg,STORE_01,Health & Care,2899.0,97,89.2,-7.8000030517578125
2025-11-03,PROD_17,Whey Isolate Protein Powder 1kg,STORE_01,Health & Care,2754.05,98,91.3,-6.6999969482421875
2025-11-04,PROD_17,Whey Isolate Protein Powder 1kg,STORE_01,Health & Care,2899.0,71,68.9,-2.0999984741210938
2025-11-05,PROD_17,Whey Isolate Protein Powder 1kg,STORE_01,Health & Care,2899.0,66,68.6,2.5999984741210938
2025-11-06,PROD_17,Whey Isolate Protein Powder 1kg,STORE_01,Health & Care,2464.15,87,108.1,21.099998474121094
2025-11-07,PROD_17,Whey Isolate Protein Powder 1kg,STORE_01,Health & Care,2899.0,76,80.7,4.6999969482421875
2025-11-08,PROD_17,Whey Isolate Protein Powder 1kg,STORE_01,Health & Care,2899.0,92,89.4,-2.5999984741210938
2025-11-09,PROD_17,Whey Isolate Protein Powder 1kg,STORE_01,Health & Care,2899.0,105,89.2,-15.800003051757812
2025-11-10,PROD_17,Whey Isolate Protein Powder 1kg,STORE_01,Health & Care,2899.0,71,71.1,0.09999847412109375
2025-11-11,PROD_17,Whey Isolate Protein Powder 1kg,STORE_01,Health & Care,2319.2,125,108.8,-16.199996948242188
2025-11-12,PROD_17,Whey Isolate Protein Powder 1kg,STORE_01,Health & Care,2783.04,75,73.5,-1.5
2025-11-13,PROD_17,Whey Isolate Protein Powder 1kg,STORE_01,Health & Care,2464.15,100,109.6,9.599998474121094
2025-11-14,PROD_17,Whey Isolate Protein Powder 1kg,STORE_01,Health & Care,2609.1,130,115.1,-14.900001525878906
2025-11-15,PROD_17,Whey Isolate Protein Powder 1kg,STORE_01,Health & Care,2609.1,102,145.1,43.100006103515625
2025-11-16,PROD_17,Whey Isolate Protein Powder 1kg,STORE_01,Health & Care,2899.0,90,99.3,9.300003051757812
2025-11-17,PROD_17,Whey Isolate Protein Powder 1kg,STORE_01,Health & Care,2899.0,56,72.2,16.199996948242188
2025-11-18,PROD_17,Whey Isolate Protein Powder 1kg,STORE_01,Health & Care,2899.0,62,69.8,7.8000030517578125
2025-11-19,PROD_17,Whey Isolate Protein Powder 1kg,STORE_01,Health & Care,2899.0,66,67.2,1.1999969482421875
2025-11-20,PROD_17,Whey Isolate Protein Powder 1kg,STORE_01,Health & Care,2899.0,87,67.6,-19.400001525878906
2025-11-21,PROD_17,Whey Isolate Protein Powder 1kg,STORE_01,Health & Care,2899.0,70,82.1,12.099998474121094
2025-11-22,PROD_17,Whey Isolate Protein Powder 1kg,STORE_01,Health & Care,2754.05,109,120.7,11.699996948242188
2025-11-23,PROD_17,Whey Isolate Protein Powder 1kg,STORE_01,Health & Care,2899.0,99,90.0,-9.0
2025-11-24,PROD_17,Whey Isolate Protein Powder 1kg,STORE_01,Health & Care,2754.05,95,92.2,-2.8000030517578125
2025-11-25,PROD_17,Whey Isolate Protein Powder 1kg,STORE_01,Health & Care,2899.0,72,70.6,-1.4000015258789062
2025-11-26,PROD_17,Whey Isolate Protein Powder 1kg,STORE_01,Health & Care,2899.0,72,70.0,-2.0
2025-11-27,PROD_17,Whey Isolate Protein Powder 1kg,STORE_01,Health & Care,2899.0,64,70.7,6.6999969482421875
2025-11-28,PROD_17,Whey Isolate Protein Powder 1kg,STORE_01,Health & Care,2841.02,85,79.6,-5.400001525878906
2025-11-29,PROD_17,Whey Isolate Protein Powder 1kg,STORE_01,Health & Care,2899.0,102,91.8,-10.199996948242188
2025-11-30,PROD_17,Whey Isolate Protein Powder 1kg,STORE_01,Health & Care,2899.0,65,90.6,25.599998474121094
2025-12-01,PROD_17,Whey Isolate Protein Powder 1kg,STORE_01,Health & Care,2899.0,66,68.5,2.5
2025-12-02,PROD_17,Whey Isolate Protein Powder 1kg,STORE_01,Health & Care,2899.0,63,68.7,5.6999969482421875
2025-12-03,PROD_17,Whey Isolate Protein Powder 1kg,STORE_01,Health & Care,2899.0,61,68.3,7.3000030517578125
2025-12-04,PROD_17,Whey Isolate Protein Powder 1kg,STORE_01,Health & Care,2899.0,63,66.0,3.0
2025-12-05,PROD_17,Whey Isolate Protein Powder 1kg,STORE_01,Health & Care,2841.02,79,75.2,-3.8000030517578125
2025-12-06,PROD_17,Whey Isolate Protein Powder 1kg,STORE_01,Health & Care,2899.0,94,85.9,-8.099998474121094
2025-12-07,PROD_17,Whey Isolate Protein Powder 1kg,STORE_01,Health & Care,2319.2,143,146.0,3.0
2025-12-08,PROD_17,Whey Isolate Protein Powder 1kg,STORE_01,Health & Care,2899.0,77,66.9,-10.099998474121094
2025-12-09,PROD_17,Whey Isolate Protein Powder 1kg,STORE_01,Health & Care,2783.04,73,69.5,-3.5
2025-12-10,PROD_17,Whey Isolate Protein Powder 1kg,STORE_01,Health & Care,2899.0,60,67.2,7.1999969482421875
2025-12-11,PROD_17,Whey Isolate Protein Powder 1kg,STORE_01,Health & Care,2899.0,76,66.8,-9.199996948242188
2025-12-12,PROD_17,Whey Isolate Protein Powder 1kg,STORE_01,Health & Care,2783.04,90,80.5,-9.5
2025-12-13,PROD_17,Whey Isolate Protein Powder 1kg,STORE_01,Health & Care,2319.2,134,145.4,11.399993896484375
2025-12-14,PROD_17,Whey Isolate Protein Powder 1kg,STORE_01,Health & Care,2899.0,90,90.4,0.40000152587890625
2025-12-15,PROD_17,Whey Isolate Protein Powder 1kg,STORE_01,Health & Care,2899.0,71,67.0,-4.0
2025-12-16,PROD_17,Whey Isolate Protein Powder 1kg,STORE_01,Health & Care,2899.0,73,67.8,-5.1999969482421875
2025-12-17,PROD_17,Whey Isolate Protein Powder 1kg,STORE_01,Health & Care,2783.04,63,70.1,7.099998474121094
2025-12-18,PROD_17,Whey Isolate Protein Powder 1kg,STORE_01,Health & Care,2609.1,98,98.8,0.8000030517578125
2025-12-19,PROD_17,Whey Isolate Protein Powder 1kg,STORE_01,Health & Care,2899.0,82,79.7,-2.3000030517578125
2025-12-20,PROD_17,Whey Isolate Protein Powder 1kg,STORE_01,Health & Care,2609.1,111,127.9,16.900001525878906
2025-12-21,PROD_17,Whey Isolate Protein Powder 1kg,STORE_01,Health & Care,2841.02,100,92.1,-7.900001525878906
2025-12-22,PROD_17,Whey Isolate Protein Powder 1kg,STORE_01,Health & Care,2754.05,87,96.9,9.900001525878906
2025-12-23,PROD_17,Whey Isolate Protein Powder 1kg,STORE_01,Health & Care,2754.05,81,97.7,16.699996948242188
2025-12-24,PROD_17,Whey Isolate Protein Powder 1kg,STORE_01,Health & Care,2899.0,60,71.8,11.800003051757812
2025-12-25,PROD_17,Whey Isolate Protein Powder 1kg,STORE_01,Health & Care,2464.15,82,108.7,26.699996948242188
2025-12-26,PROD_17,Whey Isolate Protein Powder 1kg,STORE_01,Health & Care,2899.0,77,80.9,3.9000015258789062
2025-12-27,PROD_17,Whey Isolate Protein Powder 1kg,STORE_01,Health & Care,2899.0,105,91.3,-13.699996948242188
2025-12-28,PROD_17,Whey Isolate Protein Powder 1kg,STORE_01,Health & Care,2899.0,80,88.9,8.900001525878906
2025-12-29,PROD_17,Whey Isolate Protein Powder 1kg,STORE_01,Health & Care,2319.2,111,111.9,0.9000015258789062
2025-12-30,PROD_17,Whey Isolate Protein Powder 1kg,STORE_01,Health & Care,2754.05,127,96.5,-30.5
2025-12-31,PROD_17,Whey Isolate Protein Powder 1kg,STORE_01,Health & Care,2609.1,92,100.7,8.699996948242188
2025-09-17,PROD_17,Whey Isolate Protein Powder 1kg,STORE_02,Health & Care,2899.0,51,51.8,0.7999992370605469
2025-09-18,PROD_17,Whey Isolate Protein Powder 1kg,STORE_02,Health & Care,2899.0,59,51.6,-7.400001525878906
2025-09-19,PROD_17,Whey Isolate Protein Powder 1kg,STORE_02,Health & Care,2899.0,49,60.6,11.599998474121094
2025-09-20,PROD_17,Whey Isolate Protein Powder 1kg,STORE_02,Health & Care,2899.0,56,63.8,7.799999237060547
2025-09-21,PROD_17,Whey Isolate Protein Powder 1kg,STORE_02,Health & Care,2899.0,59,63.5,4.5
2025-09-22,PROD_17,Whey Isolate Protein Powder 1kg,STORE_02,Health & Care,2899.0,48,48.7,0.7000007629394531
2025-09-23,PROD_17,Whey Isolate Protein Powder 1kg,STORE_02,Health & Care,2899.0,40,48.4,8.400001525878906
2025-09-24,PROD_17,Whey Isolate Protein Powder 1kg,STORE_02,Health & Care,2841.02,53,48.0,-5.0
2025-09-25,PROD_17,Whey Isolate Protein Powder 1kg,STORE_02,Health & Care,2899.0,58,48.4,-9.599998474121094
2025-09-26,PROD_17,Whey Isolate Protein Powder 1kg,STORE_02,Health & Care,2899.0,74,55.2,-18.799999237060547
2025-09-27,PROD_17,Whey Isolate Protein Powder 1kg,STORE_02,Health & Care,2899.0,56,63.7,7.700000762939453
2025-09-28,PROD_17,Whey Isolate Protein Powder 1kg,STORE_02,Health & Care,2899.0,65,64.1,-0.9000015258789062
2025-09-29,PROD_17,Whey Isolate Protein Powder 1kg,STORE_02,Health & Care,2783.04,43,50.9,7.900001525878906
2025-09-30,PROD_17,Whey Isolate Protein Powder 1kg,STORE_02,Health & Care,2899.0,44,48.9,4.900001525878906
2025-10-01,PROD_17,Whey Isolate Protein Powder 1kg,STORE_02,Health & Care,2899.0,72,55.5,-16.5
2025-10-02,PROD_17,Whey Isolate Protein Powder 1kg,STORE_02,Health & Care,2899.0,49,59.0,10.0
2025-10-03,PROD_17,Whey Isolate Protein Powder 1kg,STORE_02,Health & Care,2841.02,79,65.9,-13.099998474121094
2025-10-04,PROD_17,Whey Isolate Protein Powder 1kg,STORE_02,Health & Care,2899.0,99,71.9,-27.099998474121094
2025-10-05,PROD_17,Whey Isolate Protein Powder 1kg,STORE_02,Health & Care,2609.1,123,100.6,-22.400001525878906
2025-10-06,PROD_17,Whey Isolate Protein Powder 1kg,STORE_02,Health & Care,2899.0,58,59.2,1.2000007629394531
2025-10-07,PROD_17,Whey Isolate Protein Powder 1kg,STORE_02,Health & Care,2899.0,55,59.6,4.599998474121094
2025-10-08,PROD_17,Whey Isolate Protein Powder 1kg,STORE_02,Health & Care,2609.1,88,86.3,-1.6999969482421875
2025-10-09,PROD_17,Whey Isolate Protein Powder 1kg,STORE_02,Health & Care,2899.0,57,62.2,5.200000762939453
2025-10-10,PROD_17,Whey Isolate Protein Powder 1kg,STORE_02,Health & Care,2899.0,72,70.6,-1.4000015258789062
2025-10-11,PROD_17,Whey Isolate Protein Powder 1kg,STORE_02,Health & Care,2754.05,92,105.2,13.199996948242188
2025-10-12,PROD_17,Whey Isolate Protein Powder 1kg,STORE_02,Health & Care,2754.05,125,106.1,-18.900001525878906
2025-10-13,PROD_17,Whey Isolate Protein Powder 1kg,STORE_02,Health & Care,2899.0,60,63.7,3.700000762939453
2025-10-14,PROD_17,Whey Isolate Protein Powder 1kg,STORE_02,Health & Care,2754.05,85,85.9,0.9000015258789062
2025-10-15,PROD_17,Whey Isolate Protein Powder 1kg,STORE_02,Health & Care,2754.05,91,88.4,-2.5999984741210938
2025-10-16,PROD_17,Whey Isolate Protein Powder 1kg,STORE_02,Health & Care,2899.0,60,66.3,6.3000030517578125
2025-10-17,PROD_17,Whey Isolate Protein Powder 1kg,STORE_02,Health & Care,2899.0,75,75.0,0.0
2025-10-18,PROD_17,Whey Isolate Protein Powder 1kg,STORE_02,Health & Care,2899.0,99,84.6,-14.400001525878906
2025-10-19,PROD_17,Whey Isolate Protein Powder 1kg,STORE_02,Health & Care,2899.0,78,83.9,5.900001525878906
2025-10-20,PROD_17,Whey Isolate Protein Powder 1kg,STORE_02,Health & Care,2899.0,56,68.5,12.5
2025-10-21,PROD_17,Whey Isolate Protein Powder 1kg,STORE_02,Health & Care,2899.0,68,66.1,-1.9000015258789062
2025-10-22,PROD_17,Whey Isolate Protein Powder 1kg,STORE_02,Health & Care,2754.05,87,90.0,3.0
2025-10-23,PROD_17,Whey Isolate Protein Powder 1kg,STORE_02,Health & Care,2754.05,94,89.9,-4.099998474121094
2025-10-24,PROD_17,Whey Isolate Protein Powder 1kg,STORE_02,Health & Care,2899.0,63,82.4,19.400001525878906
2025-10-25,PROD_17,Whey Isolate Protein Powder 1kg,STORE_02,Health & Care,2899.0,87,84.8,-2.1999969482421875
2025-10-26,PROD_17,Whey Isolate Protein Powder 1kg,STORE_02,Health & Care,2899.0,98,89.2,-8.800003051757812
2025-10-27,PROD_17,Whey Isolate Protein Powder 1kg,STORE_02,Health & Care,2899.0,74,67.5,-6.5
2025-10-28,PROD_17,Whey Isolate Protein Powder 1kg,STORE_02,Health & Care,2899.0,60,70.1,10.099998474121094
2025-10-29,PROD_17,Whey Isolate Protein Powder 1kg,STORE_02,Health & Care,2899.0,63,69.6,6.599998474121094
2025-10-30,PROD_17,Whey Isolate Protein Powder 1kg,STORE_02,Health & Care,2899.0,65,67.3,2.3000030517578125
2025-10-31,PROD_17,Whey Isolate Protein Powder 1kg,STORE_02,Health & Care,2899.0,71,76.0,5.0
2025-11-01,PROD_17,Whey Isolate Protein Powder 1kg,STORE_02,Health & Care,2899.0,66,82.1,16.099998474121094
2025-11-02,PROD_17,Whey Isolate Protein Powder 1kg,STORE_02,Health & Care,2899.0,79,80.4,1.4000015258789062
2025-11-03,PROD_17,Whey Isolate Protein Powder 1kg,STORE_02,Health & Care,2899.0,69,61.8,-7.200000762939453
2025-11-04,PROD_17,Whey Isolate Protein Powder 1kg,STORE_02,Health & Care,2899.0,59,62.4,3.4000015258789062
2025-11-05,PROD_17,Whey Isolate Protein Powder 1kg,STORE_02,Health & Care,2899.0,70,61.9,-8.099998474121094
2025-11-06,PROD_17,Whey Isolate Protein Powder 1kg,STORE_02,Health & Care,2899.0,66,61.2,-4.799999237060547
2025-11-07,PROD_17,Whey Isolate Protein Powder 1kg,STORE_02,Health & Care,2899.0,77,70.8,-6.1999969482421875
2025-11-08,PROD_17,Whey Isolate Protein Powder 1kg,STORE_02,Health & Care,2899.0,79,79.6,0.5999984741210938
2025-11-09,PROD_17,Whey Isolate Protein Powder 1kg,STORE_02,Health & Care,2899.0,89,80.7,-8.300003051757812
2025-11-10,PROD_17,Whey Isolate Protein Powder 1kg,STORE_02,Health & Care,2899.0,74,62.0,-12.0
2025-11-11,PROD_17,Whey Isolate Protein Powder 1kg,STORE_02,Health & Care,2841.02,77,64.4,-12.599998474121094
2025-11-12,PROD_17,Whey Isolate Protein Powder 1kg,STORE_02,Health & Care,2609.1,84,93.4,9.400001525878906
2025-11-13,PROD_17,Whey Isolate Protein Powder 1kg,STORE_02,Health & Care,2899.0,55,64.1,9.099998474121094
2025-11-14,PROD_17,Whey Isolate Protein Powder 1kg,STORE_02,Health & Care,2841.02,63,71.8,8.800003051757812
2025-11-15,PROD_17,Whey Isolate Protein Powder 1kg,STORE_02,Health & Care,2464.15,105,122.6,17.599998474121094
2025-11-16,PROD_17,Whey Isolate Protein Powder 1kg,STORE_02,Health & Care,2899.0,82,82.7,0.6999969482421875
2025-11-17,PROD_17,Whey Isolate Protein Powder 1kg,STORE_02,Health & Care,2899.0,69,63.8,-5.200000762939453
2025-11-18,PROD_17,Whey Isolate Protein Powder 1kg,STORE_02,Health & Care,2899.0,60,64.6,4.599998474121094
2025-11-19,PROD_17,Whey Isolate Protein Powder 1kg,STORE_02,Health & Care,2899.0,57,64.3,7.3000030517578125
2025-11-20,PROD_17,Whey Isolate Protein Powder 1kg,STORE_02,Health & Care,2841.02,53,61.6,8.599998474121094
2025-11-21,PROD_17,Whey Isolate Protein Powder 1kg,STORE_02,Health & Care,2899.0,65,66.5,1.5
2025-11-22,PROD_17,Whey Isolate Protein Powder 1kg,STORE_02,Health & Care,2754.05,120,105.2,-14.800003051757812
2025-11-23,PROD_17,Whey Isolate Protein Powder 1kg,STORE_02,Health & Care,2841.02,82,78.4,-3.5999984741210938
2025-11-24,PROD_17,Whey Isolate Protein Powder 1kg,STORE_02,Health & Care,2783.04,78,63.4,-14.599998474121094
2025-11-25,PROD_17,Whey Isolate Protein Powder 1kg,STORE_02,Health & Care,2899.0,57,61.1,4.099998474121094
2025-11-26,PROD_17,Whey Isolate Protein Powder 1kg,STORE_02,Health & Care,2899.0,62,58.8,-3.200000762939453
2025-11-27,PROD_17,Whey Isolate Protein Powder 1kg,STORE_02,Health & Care,2899.0,58,59.5,1.5
2025-11-28,PROD_17,Whey Isolate Protein Powder 1kg,STORE_02,Health & Care,2783.04,86,69.3,-16.699996948242188
2025-11-29,PROD_17,Whey Isolate Protein Powder 1kg,STORE_02,Health & Care,2899.0,86,77.1,-8.900001525878906
2025-11-30,PROD_17,Whey Isolate Protein Powder 1kg,STORE_02,Health & Care,2899.0,73,78.9,5.900001525878906
2025-12-01,PROD_17,Whey Isolate Protein Powder 1kg,STORE_02,Health & Care,2754.05,90,85.4,-4.599998474121094
2025-12-02,PROD_17,Whey Isolate Protein Powder 1kg,STORE_02,Health & Care,2783.04,55,63.2,8.200000762939453
2025-12-03,PROD_17,Whey Isolate Protein Powder 1kg,STORE_02,Health & Care,2899.0,73,62.2,-10.799999237060547
2025-12-04,PROD_17,Whey Isolate Protein Powder 1kg,STORE_02,Health & Care,2609.1,88,90.2,2.1999969482421875
2025-12-05,PROD_17,Whey Isolate Protein Powder 1kg,STORE_02,Health & Care,2754.05,121,101.6,-19.400001525878906
2025-12-06,PROD_17,Whey Isolate Protein Powder 1kg,STORE_02,Health & Care,2609.1,115,122.3,7.3000030517578125
2025-12-07,PROD_17,Whey Isolate Protein Powder 1kg,STORE_02,Health & Care,2754.05,109,117.2,8.199996948242188
2025-12-08,PROD_17,Whey Isolate Protein Powder 1kg,STORE_02,Health & Care,2899.0,69,68.1,-0.9000015258789062
2025-12-09,PROD_17,Whey Isolate Protein Powder 1kg,STORE_02,Health & Care,2754.05,96,90.5,-5.5
2025-12-10,PROD_17,Whey Isolate Protein Powder 1kg,STORE_02,Health & Care,2899.0,51,70.9,19.900001525878906
2025-12-11,PROD_17,Whey Isolate Protein Powder 1kg,STORE_02,Health & Care,2899.0,53,63.9,10.900001525878906
2025-12-12,PROD_17,Whey Isolate Protein Powder 1kg,STORE_02,Health & Care,2899.0,72,69.9,-2.0999984741210938
2025-12-13,PROD_17,Whey Isolate Protein Powder 1kg,STORE_02,Health & Care,2174.25,141,146.7,5.6999969482421875
2025-12-14,PROD_17,Whey Isolate Protein Powder 1kg,STORE_02,Health & Care,2464.15,116,128.7,12.699996948242188
2025-12-15,PROD_17,Whey Isolate Protein Powder 1kg,STORE_02,Health & Care,2899.0,69,64.5,-4.5
2025-12-16,PROD_17,Whey Isolate Protein Powder 1kg,STORE_02,Health & Care,2899.0,68,64.5,-3.5
2025-12-17,PROD_17,Whey Isolate Protein Powder 1kg,STORE_02,Health & Care,2319.2,94,102.3,8.300003051757812
2025-12-18,PROD_17,Whey Isolate Protein Powder 1kg,STORE_02,Health & Care,2899.0,64,66.0,2.0
2025-12-19,PROD_17,Whey Isolate Protein Powder 1kg,STORE_02,Health & Care,2899.0,76,73.5,-2.5
2025-12-20,PROD_17,Whey Isolate Protein Powder 1kg,STORE_02,Health & Care,2899.0,103,88.6,-14.400001525878906
2025-12-21,PROD_17,Whey Isolate Protein Powder 1kg,STORE_02,Health & Care,2899.0,86,86.9,0.9000015258789062
2025-12-22,PROD_17,Whey Isolate Protein Powder 1kg,STORE_02,Health & Care,2899.0,62,68.7,6.6999969482421875
2025-12-23,PROD_17,Whey Isolate Protein Powder 1kg,STORE_02,Health & Care,2899.0,78,68.0,-10.0
2025-12-24,PROD_17,Whey Isolate Protein Powder 1kg,STORE_02,Health & Care,2754.05,107,90.9,-16.099998474121094
2025-12-25,PROD_17,Whey Isolate Protein Powder 1kg,STORE_02,Health & Care,2464.15,78,99.6,21.599998474121094
2025-12-26,PROD_17,Whey Isolate Protein Powder 1kg,STORE_02,Health & Care,2609.1,99,116.4,17.400001525878906
2025-12-27,PROD_17,Whey Isolate Protein Powder 1kg,STORE_02,Health & Care,2464.15,99,142.4,43.399993896484375
2025-12-28,PROD_17,Whey Isolate Protein Powder 1kg,STORE_02,Health & Care,2899.0,87,92.1,5.099998474121094
2025-12-29,PROD_17,Whey Isolate Protein Powder 1kg,STORE_02,Health & Care,2899.0,68,70.4,2.4000015258789062
2025-12-30,PROD_17,Whey Isolate Protein Powder 1kg,STORE_02,Health & Care,2464.15,88,106.1,18.099998474121094
2025-12-31,PROD_17,Whey Isolate Protein Powder 1kg,STORE_02,Health & Care,2899.0,66,71.0,5.0
2025-09-17,PROD_17,Whey Isolate Protein Powder 1kg,STORE_03,Health & Care,2609.1,79,73.7,-5.3000030517578125
2025-09-18,PROD_17,Whey Isolate Protein Powder 1kg,STORE_03,Health & Care,2783.04,52,52.3,0.2999992370605469
2025-09-19,PROD_17,Whey Isolate Protein Powder 1kg,STORE_03,Health & Care,2899.0,61,60.0,-1.0
2025-09-20,PROD_17,Whey Isolate Protein Powder 1kg,STORE_03,Health & Care,2899.0,63,68.9,5.900001525878906
2025-09-21,PROD_17,Whey Isolate Protein Powder 1kg,STORE_03,Health & Care,2899.0,70,67.4,-2.5999984741210938
2025-09-22,PROD_17,Whey Isolate Protein Powder 1kg,STORE_03,Health & Care,2899.0,61,52.6,-8.400001525878906
2025-09-23,PROD_17,Whey Isolate Protein Powder 1kg,STORE_03,Health & Care,2754.05,66,68.7,2.6999969482421875
2025-09-24,PROD_17,Whey Isolate Protein Powder 1kg,STORE_03,Health & Care,2783.04,51,56.3,5.299999237060547
2025-09-25,PROD_17,Whey Isolate Protein Powder 1kg,STORE_03,Health & Care,2899.0,42,51.3,9.299999237060547
2025-09-26,PROD_17,Whey Isolate Protein Powder 1kg,STORE_03,Health & Care,2899.0,76,59.1,-16.900001525878906
2025-09-27,PROD_17,Whey Isolate Protein Powder 1kg,STORE_03,Health & Care,2899.0,61,68.7,7.6999969482421875
2025-09-28,PROD_17,Whey Isolate Protein Powder 1kg,STORE_03,Health & Care,2899.0,55,68.4,13.400001525878906
2025-09-29,PROD_17,Whey Isolate Protein Powder 1kg,STORE_03,Health & Care,2783.04,62,54.6,-7.400001525878906
2025-09-30,PROD_17,Whey Isolate Protein Powder 1kg,STORE_03,Health & Care,2899.0,54,52.5,-1.5
2025-10-01,PROD_17,Whey Isolate Protein Powder 1kg,STORE_03,Health & Care,2899.0,77,58.4,-18.599998474121094
2025-10-02,PROD_17,Whey Isolate Protein Powder 1kg,STORE_03,Health & Care,2899.0,93,59.4,-33.599998474121094
2025-10-03,PROD_17,Whey Isolate Protein Powder 1kg,STORE_03,Health & Care,2899.0,68,72.2,4.1999969482421875
2025-10-04,PROD_17,Whey Isolate Protein Powder 1kg,STORE_03,Health & Care,2899.0,91,77.7,-13.300003051757812
2025-10-05,PROD_17,Whey Isolate Protein Powder 1kg,STORE_03,Health & Care,2899.0,99,76.8,-22.199996948242188
2025-10-06,PROD_17,Whey Isolate Protein Powder 1kg,STORE_03,Health & Care,2899.0,90,65.0,-25.0
2025-10-07,PROD_17,Whey Isolate Protein Powder 1kg,STORE_03,Health & Care,2899.0,73,64.7,-8.300003051757812
2025-10-08,PROD_17,Whey Isolate Protein Powder 1kg,STORE_03,Health & Care,2464.15,107,100.5,-6.5
2025-10-09,PROD_17,Whey Isolate Protein Powder 1kg,STORE_03,Health & Care,2899.0,59,69.0,10.0
2025-10-10,PROD_17,Whey Isolate Protein Powder 1kg,STORE_03,Health & Care,2899.0,79,73.8,-5.1999969482421875
2025-10-11,PROD_17,Whey Isolate Protein Powder 1kg,STORE_03,Health & Care,2899.0,95,84.9,-10.099998474121094
2025-10-12,PROD_17,Whey Isolate Protein Powder 1kg,STORE_03,Health & Care,2754.05,136,123.9,-12.099998474121094
2025-10-13,PROD_17,Whey Isolate Protein Powder 1kg,STORE_03,Health & Care,2464.15,83,105.1,22.099998474121094
2025-10-14,PROD_17,Whey Isolate Protein Powder 1kg,STORE_03,Health & Care,2899.0,86,69.8,-16.199996948242188
2025-10-15,PROD_17,Whey Isolate Protein Powder 1kg,STORE_03,Health & Care,2841.02,73,75.2,2.1999969482421875
2025-10-16,PROD_17,Whey Isolate Protein Powder 1kg,STORE_03,Health & Care,2841.02,85,71.5,-13.5
2025-10-17,PROD_17,Whey Isolate Protein Powder 1kg,STORE_03,Health & Care,2899.0,83,83.3,0.3000030517578125
2025-10-18,PROD_17,Whey Isolate Protein Powder 1kg,STORE_03,Health & Care,2899.0,95,94.4,-0.5999984741210938
2025-10-19,PROD_17,Whey Isolate Protein Powder 1kg,STORE_03,Health & Care,2899.0,82,94.8,12.800003051757812
2025-10-20,PROD_17,Whey Isolate Protein Powder 1kg,STORE_03,Health & Care,2899.0,68,74.8,6.8000030517578125
2025-10-21,PROD_17,Whey Isolate Protein Powder 1kg,STORE_03,Health & Care,2899.0,76,74.7,-1.3000030517578125
2025-10-22,PROD_17,Whey Isolate Protein Powder 1kg,STORE_03,Health & Care,2899.0,80,74.7,-5.3000030517578125
2025-10-23,PROD_17,Whey Isolate Protein Powder 1kg,STORE_03,Health & Care,2464.15,100,103.8,3.8000030517578125
2025-10-24,PROD_17,Whey Isolate Protein Powder 1kg,STORE_03,Health & Care,2899.0,102,87.6,-14.400001525878906
2025-10-25,PROD_17,Whey Isolate Protein Powder 1kg,STORE_03,Health & Care,2899.0,87,94.7,7.6999969482421875
2025-10-26,PROD_17,Whey Isolate Protein Powder 1kg,STORE_03,Health & Care,2899.0,102,94.5,-7.5
2025-10-27,PROD_17,Whey Isolate Protein Powder 1kg,STORE_03,Health & Care,2783.04,87,79.3,-7.6999969482421875
2025-10-28,PROD_17,Whey Isolate Protein Powder 1kg,STORE_03,Health & Care,2899.0,84,78.2,-5.8000030517578125
2025-10-29,PROD_17,Whey Isolate Protein Powder 1kg,STORE_03,Health & Care,2841.02,78,80.1,2.0999984741210938
2025-10-30,PROD_17,Whey Isolate Protein Powder 1kg,STORE_03,Health & Care,2899.0,80,80.7,0.6999969482421875
2025-10-31,PROD_17,Whey Isolate Protein Powder 1kg,STORE_03,Health & Care,2841.02,76,94.5,18.5
2025-11-01,PROD_17,Whey Isolate Protein Powder 1kg,STORE_03,Health & Care,2609.1,139,135.3,-3.6999969482421875
2025-11-02,PROD_17,Whey Isolate Protein Powder 1kg,STORE_03,Health & Care,2899.0,113,95.5,-17.5
2025-11-03,PROD_17,Whey Isolate Protein Powder 1kg,STORE_03,Health & Care,2899.0,79,75.4,-3.5999984741210938
2025-11-04,PROD_17,Whey Isolate Protein Powder 1kg,STORE_03,Health & Care,2841.02,59,75.0,16.0
2025-11-05,PROD_17,Whey Isolate Protein Powder 1kg,STORE_03,Health & Care,2841.02,79,73.7,-5.3000030517578125
2025-11-06,PROD_17,Whey Isolate Protein Powder 1kg,STORE_03,Health & Care,2899.0,85,71.3,-13.699996948242188
2025-11-07,PROD_17,Whey Isolate Protein Powder 1kg,STORE_03,Health & Care,2899.0,88,84.7,-3.3000030517578125
2025-11-08,PROD_17,Whey Isolate Protein Powder 1kg,STORE_03,Health & Care,2899.0,90,94.9,4.900001525878906
2025-11-09,PROD_17,Whey Isolate Protein Powder 1kg,STORE_03,Health & Care,2899.0,93,95.7,2.6999969482421875
2025-11-10,PROD_17,Whey Isolate Protein Powder 1kg,STORE_03,Health & Care,2754.05,75,96.2,21.199996948242188
2025-11-11,PROD_17,Whey Isolate Protein Powder 1kg,STORE_03,Health & Care,2899.0,73,71.9,-1.0999984741210938
2025-11-12,PROD_17,Whey Isolate Protein Powder 1kg,STORE_03,Health & Care,2609.1,94,107.3,13.300003051757812
2025-11-13,PROD_17,Whey Isolate Protein Powder 1kg,STORE_03,Health & Care,2899.0,84,75.2,-8.800003051757812
2025-11-14,PROD_17,Whey Isolate Protein Powder 1kg,STORE_03,Health & Care,2899.0,87,85.8,-1.1999969482421875
2025-11-15,PROD_17,Whey Isolate Protein Powder 1kg,STORE_03,Health & Care,2899.0,91,95.3,4.3000030517578125
2025-11-16,PROD_17,Whey Isolate Protein Powder 1kg,STORE_03,Health & Care,2899.0,108,95.0,-13.0
2025-11-17,PROD_17,Whey Isolate Protein Powder 1kg,STORE_03,Health & Care,2783.04,65,74.2,9.199996948242188
2025-11-18,PROD_17,Whey Isolate Protein Powder 1kg,STORE_03,Health & Care,2899.0,67,72.0,5.0
2025-11-19,PROD_17,Whey Isolate Protein Powder 1kg,STORE_03,Health & Care,2899.0,86,73.0,-13.0
2025-11-20,PROD_17,Whey Isolate Protein Powder 1kg,STORE_03,Health & Care,2754.05,95,100.4,5.400001525878906
2025-11-21,PROD_17,Whey Isolate Protein Powder 1kg,STORE_03,Health & Care,2899.0,79,85.6,6.599998474121094
2025-11-22,PROD_17,Whey Isolate Protein Powder 1kg,STORE_03,Health & Care,2319.2,134,155.6,21.600006103515625
2025-11-23,PROD_17,Whey Isolate Protein Powder 1kg,STORE_03,Health & Care,2609.1,112,139.3,27.300003051757812
2025-11-24,PROD_17,Whey Isolate Protein Powder 1kg,STORE_03,Health & Care,2899.0,93,73.3,-19.699996948242188
2025-11-25,PROD_17,Whey Isolate Protein Powder 1kg,STORE_03,Health & Care,2754.05,85,101.3,16.300003051757812
2025-11-26,PROD_17,Whey Isolate Protein Powder 1kg,STORE_03,Health & Care,2899.0,60,74.7,14.699996948242188
2025-11-27,PROD_17,Whey Isolate Protein Powder 1kg,STORE_03,Health & Care,2899.0,77,74.7,-2.3000030517578125
2025-11-28,PROD_17,Whey Isolate Protein Powder 1kg,STORE_03,Health & Care,2899.0,78,83.1,5.099998474121094
2025-11-29,PROD_17,Whey Isolate Protein Powder 1kg,STORE_03,Health & Care,2464.15,153,147.1,-5.899993896484375
2025-11-30,PROD_17,Whey Isolate Protein Powder 1kg,STORE_03,Health & Care,2899.0,114,96.1,-17.900001525878906
2025-12-01,PROD_17,Whey Isolate Protein Powder 1kg,STORE_03,Health & Care,2899.0,80,76.1,-3.9000015258789062
2025-12-02,PROD_17,Whey Isolate Protein Powder 1kg,STORE_03,Health & Care,2841.02,57,73.5,16.5
2025-12-03,PROD_17,Whey Isolate Protein Powder 1kg,STORE_03,Health & Care,2899.0,73,72.1,-0.9000015258789062
2025-12-04,PROD_17,Whey Isolate Protein Powder 1kg,STORE_03,Health & Care,2783.04,69,75.1,6.099998474121094
2025-12-05,PROD_17,Whey Isolate Protein Powder 1kg,STORE_03,Health & Care,2899.0,87,78.9,-8.099998474121094
2025-12-06,PROD_17,Whey Isolate Protein Powder 1kg,STORE_03,Health & Care,2841.02,106,97.4,-8.599998474121094
2025-12-07,PROD_17,Whey Isolate Protein Powder 1kg,STORE_03,Health & Care,2464.15,131,146.4,15.399993896484375
2025-12-08,PROD_17,Whey Isolate Protein Powder 1kg,STORE_03,Health & Care,2899.0,72,73.0,1.0
2025-12-09,PROD_17,Whey Isolate Protein Powder 1kg,STORE_03,Health & Care,2899.0,72,70.1,-1.9000015258789062
2025-12-10,PROD_17,Whey Isolate Protein Powder 1kg,STORE_03,Health & Care,2899.0,62,73.2,11.199996948242188
2025-12-11,PROD_17,Whey Isolate Protein Powder 1kg,STORE_03,Health & Care,2899.0,71,73.3,2.3000030517578125
2025-12-12,PROD_17,Whey Isolate Protein Powder 1kg,STORE_03,Health & Care,2841.02,95,83.9,-11.099998474121094
2025-12-13,PROD_17,Whey Isolate Protein Powder 1kg,STORE_03,Health & Care,2899.0,111,94.8,-16.199996948242188
2025-12-14,PROD_17,Whey Isolate Protein Powder 1kg,STORE_03,Health & Care,2899.0,85,94.7,9.699996948242188
2025-12-15,PROD_17,Whey Isolate Protein Powder 1kg,STORE_03,Health & Care,2899.0,64,71.0,7.0
2025-12-16,PROD_17,Whey Isolate Protein Powder 1kg,STORE_03,Health & Care,2899.0,68,70.1,2.0999984741210938
2025-12-17,PROD_17,Whey Isolate Protein Powder 1kg,STORE_03,Health & Care,2899.0,77,70.8,-6.1999969482421875
2025-12-18,PROD_17,Whey Isolate Protein Powder 1kg,STORE_03,Health & Care,2899.0,67,71.2,4.1999969482421875
2025-12-19,PROD_17,Whey Isolate Protein Powder 1kg,STORE_03,Health & Care,2899.0,89,80.2,-8.800003051757812
2025-12-20,PROD_17,Whey Isolate Protein Powder 1kg,STORE_03,Health & Care,2464.15,157,145.1,-11.899993896484375
2025-12-21,PROD_17,Whey Isolate Protein Powder 1kg,STORE_03,Health & Care,2899.0,92,92.4,0.40000152587890625
2025-12-22,PROD_17,Whey Isolate Protein Powder 1kg,STORE_03,Health & Care,2899.0,74,68.6,-5.400001525878906
2025-12-23,PROD_17,Whey Isolate Protein Powder 1kg,STORE_03,Health & Care,2899.0,65,70.0,5.0
2025-12-24,PROD_17,Whey Isolate Protein Powder 1kg,STORE_03,Health & Care,2899.0,70,68.2,-1.8000030517578125
2025-12-25,PROD_17,Whey Isolate Protein Powder 1kg,STORE_03,Health & Care,2754.05,97,96.5,-0.5
2025-12-26,PROD_17,Whey Isolate Protein Powder 1kg,STORE_03,Health & Care,2899.0,68,82.8,14.800003051757812
2025-12-27,PROD_17,Whey Isolate Protein Powder 1kg,STORE_03,Health & Care,2754.05,106,131.1,25.100006103515625
2025-12-28,PROD_17,Whey Isolate Protein Powder 1kg,STORE_03,Health & Care,2609.1,131,135.7,4.6999969482421875
2025-12-29,PROD_17,Whey Isolate Protein Powder 1kg,STORE_03,Health & Care,2899.0,81,72.8,-8.199996948242188
2025-12-30,PROD_17,Whey Isolate Protein Powder 1kg,STORE_03,Health & Care,2899.0,76,72.0,-4.0
2025-12-31,PROD_17,Whey Isolate Protein Powder 1kg,STORE_03,Health & Care,2754.05,88,99.8,11.800003051757812
2025-09-17,PROD_17,Whey Isolate Protein Powder 1kg,STORE_04,Health & Care,2609.1,61,53.7,-7.299999237060547
2025-09-18,PROD_17,Whey Isolate Protein Powder 1kg,STORE_04,Health & Care,2841.02,30,37.6,7.599998474121094
2025-09-19,PROD_17,Whey Isolate Protein Powder 1kg,STORE_04,Health & Care,2899.0,40,41.0,1.0
2025-09-20,PROD_17,Whey Isolate Protein Powder 1kg,STORE_04,Health & Care,2899.0,47,45.6,-1.4000015258789062
2025-09-21,PROD_17,Whey Isolate Protein Powder 1kg,STORE_04,Health & Care,2899.0,43,47.3,4.299999237060547
2025-09-22,PROD_17,Whey Isolate Protein Powder 1kg,STORE_04,Health & Care,2899.0,31,36.2,5.200000762939453
2025-09-23,PROD_17,Whey Isolate Protein Powder 1kg,STORE_04,Health & Care,2899.0,45,35.1,-9.900001525878906
2025-09-24,PROD_17,Whey Isolate Protein Powder 1kg,STORE_04,Health & Care,2899.0,38,36.6,-1.4000015258789062
2025-09-25,PROD_17,Whey Isolate Protein Powder 1kg,STORE_04,Health & Care,2899.0,34,35.5,1.5
2025-09-26,PROD_17,Whey Isolate Protein Powder 1kg,STORE_04,Health & Care,2899.0,45,41.7,-3.299999237060547
2025-09-27,PROD_17,Whey Isolate Protein Powder 1kg,STORE_04,Health & Care,2609.1,81,67.7,-13.300003051757812
2025-09-28,PROD_17,Whey Isolate Protein Powder 1kg,STORE_04,Health & Care,2899.0,48,46.7,-1.2999992370605469
2025-09-29,PROD_17,Whey Isolate Protein Powder 1kg,STORE_04,Health & Care,2899.0,38,35.6,-2.4000015258789062
2025-09-30,PROD_17,Whey Isolate Protein Powder 1kg,STORE_04,Health & Care,2899.0,39,36.5,-2.5
2025-10-01,PROD_17,Whey Isolate Protein Powder 1kg,STORE_04,Health & Care,2899.0,67,40.2,-26.799999237060547
2025-10-02,PROD_17,Whey Isolate Protein Powder 1kg,STORE_04,Health & Care,2899.0,49,42.2,-6.799999237060547
2025-10-03,PROD_17,Whey Isolate Protein Powder 1kg,STORE_04,Health & Care,2899.0,54,50.5,-3.5
2025-10-04,PROD_17,Whey Isolate Protein Powder 1kg,STORE_04,Health & Care,2899.0,58,54.3,-3.700000762939453
2025-10-05,PROD_17,Whey Isolate Protein Powder 1kg,STORE_04,Health & Care,2174.25,96,103.7,7.6999969482421875
2025-10-06,PROD_17,Whey Isolate Protein Powder 1kg,STORE_04,Health & Care,2899.0,67,46.4,-20.599998474121094
2025-10-07,PROD_17,Whey Isolate Protein Powder 1kg,STORE_04,Health & Care,2899.0,53,47.4,-5.599998474121094
2025-10-08,PROD_17,Whey Isolate Protein Powder 1kg,STORE_04,Health & Care,2609.1,77,69.8,-7.1999969482421875
2025-10-09,PROD_17,Whey Isolate Protein Powder 1kg,STORE_04,Health & Care,2174.25,65,83.2,18.199996948242188
2025-10-10,PROD_17,Whey Isolate Protein Powder 1kg,STORE_04,Health & Care,2464.15,69,87.6,18.599998474121094
2025-10-11,PROD_17,Whey Isolate Protein Powder 1kg,STORE_04,Health & Care,2899.0,81,69.9,-11.099998474121094
2025-10-12,PROD_17,Whey Isolate Protein Powder 1kg,STORE_04,Health & Care,2754.05,107,98.4,-8.599998474121094
2025-10-13,PROD_17,Whey Isolate Protein Powder 1kg,STORE_04,Health & Care,2899.0,58,56.6,-1.4000015258789062
2025-10-14,PROD_17,Whey Isolate Protein Powder 1kg,STORE_04,Health & Care,2899.0,49,56.2,7.200000762939453
2025-10-15,PROD_17,Whey Isolate Protein Powder 1kg,STORE_04,Health & Care,2464.15,83,89.4,6.400001525878906
2025-10-16,PROD_17,Whey Isolate Protein Powder 1kg,STORE_04,Health & Care,2899.0,58,58.1,0.09999847412109375
2025-10-17,PROD_17,Whey Isolate Protein Powder 1kg,STORE_04,Health & Care,2609.1,71,94.2,23.199996948242188
2025-10-18,PROD_17,Whey Isolate Protein Powder 1kg,STORE_04,Health & Care,2899.0,57,71.5,14.5
2025-10-19,PROD_17,Whey Isolate Protein Powder 1kg,STORE_04,Health & Care,2841.02,60,68.1,8.099998474121094
2025-10-20,PROD_17,Whey Isolate Protein Powder 1kg,STORE_04,Health & Care,2899.0,46,57.9,11.900001525878906
2025-10-21,PROD_17,Whey Isolate Protein Powder 1kg,STORE_04,Health & Care,2899.0,48,55.0,7.0
2025-10-22,PROD_17,Whey Isolate Protein Powder 1kg,STORE_04,Health & Care,2899.0,53,55.1,2.0999984741210938
2025-10-23,PROD_17,Whey Isolate Protein Powder 1kg,STORE_04,Health & Care,2899.0,54,56.4,2.4000015258789062
2025-10-24,PROD_17,Whey Isolate Protein Powder 1kg,STORE_04,Health & Care,2899.0,49,65.6,16.599998474121094
2025-10-25,PROD_17,Whey Isolate Protein Powder 1kg,STORE_04,Health & Care,2319.2,114,111.6,-2.4000015258789062
2025-10-26,PROD_17,Whey Isolate Protein Powder 1kg,STORE_04,Health & Care,2899.0,68,64.2,-3.8000030517578125
2025-10-27,PROD_17,Whey Isolate Protein Powder 1kg,STORE_04,Health & Care,2609.1,83,71.4,-11.599998474121094
2025-10-28,PROD_17,Whey Isolate Protein Powder 1kg,STORE_04,Health & Care,2899.0,53,53.0,0.0
2025-10-29,PROD_17,Whey Isolate Protein Powder 1kg,STORE_04,Health & Care,2899.0,44,54.1,10.099998474121094
2025-10-30,PROD_17,Whey Isolate Protein Powder 1kg,STORE_04,Health & Care,2899.0,47,51.8,4.799999237060547
2025-10-31,PROD_17,Whey Isolate Protein Powder 1kg,STORE_04,Health & Care,2899.0,56,58.9,2.9000015258789062
2025-11-01,PROD_17,Whey Isolate Protein Powder 1kg,STORE_04,Health & Care,2783.04,79,65.1,-13.900001525878906
2025-11-02,PROD_17,Whey Isolate Protein Powder 1kg,STORE_04,Health & Care,2899.0,73,66.1,-6.900001525878906
2025-11-03,PROD_17,Whey Isolate Protein Powder 1kg,STORE_04,Health & Care,2899.0,70,51.6,-18.400001525878906
2025-11-04,PROD_17,Whey Isolate Protein Powder 1kg,STORE_04,Health & Care,2899.0,54,51.6,-2.4000015258789062
2025-11-05,PROD_17,Whey Isolate Protein Powder 1kg,STORE_04,Health & Care,2899.0,40,52.1,12.099998474121094
2025-11-06,PROD_17,Whey Isolate Protein Powder 1kg,STORE_04,Health & Care,2609.1,70,73.2,3.1999969482421875
2025-11-07,PROD_17,Whey Isolate Protein Powder 1kg,STORE_04,Health & Care,2899.0,69,61.1,-7.900001525878906
2025-11-08,PROD_17,Whey Isolate Protein Powder 1kg,STORE_04,Health & Care,2899.0,66,67.5,1.5
2025-11-09,PROD_17,Whey Isolate Protein Powder 1kg,STORE_04,Health & Care,2899.0,72,68.7,-3.3000030517578125
2025-11-10,PROD_17,Whey Isolate Protein Powder 1kg,STORE_04,Health & Care,2841.02,50,52.4,2.4000015258789062
2025-11-11,PROD_17,Whey Isolate Protein Powder 1kg,STORE_04,Health & Care,2174.25,80,92.7,12.699996948242188
2025-11-12,PROD_17,Whey Isolate Protein Powder 1kg,STORE_04,Health & Care,2899.0,46,50.3,4.299999237060547
2025-11-13,PROD_17,Whey Isolate Protein Powder 1kg,STORE_04,Health & Care,2754.05,69,67.8,-1.1999969482421875
2025-11-14,PROD_17,Whey Isolate Protein Powder 1kg,STORE_04,Health & Care,2899.0,60,62.7,2.700000762939453
2025-11-15,PROD_17,Whey Isolate Protein Powder 1kg,STORE_04,Health & Care,2899.0,48,67.8,19.800003051757812
2025-11-16,PROD_17,Whey Isolate Protein Powder 1kg,STORE_04,Health & Care,2899.0,75,63.6,-11.400001525878906
2025-11-17,PROD_17,Whey Isolate Protein Powder 1kg,STORE_04,Health & Care,2783.04,54,51.0,-3.0
2025-11-18,PROD_17,Whey Isolate Protein Powder 1kg,STORE_04,Health & Care,2899.0,49,50.1,1.0999984741210938
2025-11-19,PROD_17,Whey Isolate Protein Powder 1kg,STORE_04,Health & Care,2783.04,49,51.0,2.0
2025-11-20,PROD_17,Whey Isolate Protein Powder 1kg,STORE_04,Health & Care,2899.0,58,50.3,-7.700000762939453
2025-11-21,PROD_17,Whey Isolate Protein Powder 1kg,STORE_04,Health & Care,2754.05,76,80.1,4.099998474121094
2025-11-22,PROD_17,Whey Isolate Protein Powder 1kg,STORE_04,Health & Care,2899.0,57,66.5,9.5
2025-11-23,PROD_17,Whey Isolate Protein Powder 1kg,STORE_04,Health & Care,2609.1,105,92.7,-12.300003051757812
2025-11-24,PROD_17,Whey Isolate Protein Powder 1kg,STORE_04,Health & Care,2841.02,61,51.0,-10.0
2025-11-25,PROD_17,Whey Isolate Protein Powder 1kg,STORE_04,Health & Care,2899.0,46,49.5,3.5
2025-11-26,PROD_17,Whey Isolate Protein Powder 1kg,STORE_04,Health & Care,2899.0,46,48.4,2.4000015258789062
2025-11-27,PROD_17,Whey Isolate Protein Powder 1kg,STORE_04,Health & Care,2783.04,43,50.5,7.5
2025-11-28,PROD_17,Whey Isolate Protein Powder 1kg,STORE_04,Health & Care,2899.0,54,53.4,-0.5999984741210938
2025-11-29,PROD_17,Whey Isolate Protein Powder 1kg,STORE_04,Health & Care,2754.05,95,82.1,-12.900001525878906
2025-11-30,PROD_17,Whey Isolate Protein Powder 1kg,STORE_04,Health & Care,2899.0,57,64.0,7.0
2025-12-01,PROD_17,Whey Isolate Protein Powder 1kg,STORE_04,Health & Care,2841.02,53,50.8,-2.200000762939453
2025-12-02,PROD_17,Whey Isolate Protein Powder 1kg,STORE_04,Health & Care,2899.0,50,48.1,-1.9000015258789062
2025-12-03,PROD_17,Whey Isolate Protein Powder 1kg,STORE_04,Health & Care,2899.0,54,48.4,-5.599998474121094
2025-12-04,PROD_17,Whey Isolate Protein Powder 1kg,STORE_04,Health & Care,2899.0,54,49.2,-4.799999237060547
2025-12-05,PROD_17,Whey Isolate Protein Powder 1kg,STORE_04,Health & Care,2899.0,68,58.3,-9.700000762939453
2025-12-06,PROD_17,Whey Isolate Protein Powder 1kg,STORE_04,Health & Care,2609.1,111,93.8,-17.199996948242188
2025-12-07,PROD_17,Whey Isolate Protein Powder 1kg,STORE_04,Health & Care,2609.1,103,91.6,-11.400001525878906
2025-12-08,PROD_17,Whey Isolate Protein Powder 1kg,STORE_04,Health & Care,2899.0,63,51.3,-11.700000762939453
2025-12-09,PROD_17,Whey Isolate Protein Powder 1kg,STORE_04,Health & Care,2899.0,53,52.1,-0.9000015258789062
2025-12-10,PROD_17,Whey Isolate Protein Powder 1kg,STORE_04,Health & Care,2899.0,56,50.9,-5.099998474121094
2025-12-11,PROD_17,Whey Isolate Protein Powder 1kg,STORE_04,Health & Care,2899.0,49,52.0,3.0
2025-12-12,PROD_17,Whey Isolate Protein Powder 1kg,STORE_04,Health & Care,2319.2,100,96.5,-3.5
2025-12-13,PROD_17,Whey Isolate Protein Powder 1kg,STORE_04,Health & Care,2841.02,70,67.0,-3.0
2025-12-14,PROD_17,Whey Isolate Protein Powder 1kg,STORE_04,Health & Care,2899.0,55,67.2,12.199996948242188
2025-12-15,PROD_17,Whey Isolate Protein Powder 1kg,STORE_04,Health & Care,2609.1,93,74.9,-18.099998474121094
2025-12-16,PROD_17,Whey Isolate Protein Powder 1kg,STORE_04,Health & Care,2899.0,39,53.1,14.099998474121094
2025-12-17,PROD_17,Whey Isolate Protein Powder 1kg,STORE_04,Health & Care,2899.0,61,51.0,-10.0
2025-12-18,PROD_17,Whey Isolate Protein Powder 1kg,STORE_04,Health & Care,2899.0,50,53.1,3.0999984741210938
2025-12-19,PROD_17,Whey Isolate Protein Powder 1kg,STORE_04,Health & Care,2899.0,64,61.1,-2.9000015258789062
2025-12-20,PROD_17,Whey Isolate Protein Powder 1kg,STORE_04,Health & Care,2841.02,58,65.9,7.900001525878906
2025-12-21,PROD_17,Whey Isolate Protein Powder 1kg,STORE_04,Health & Care,2754.05,82,89.3,7.3000030517578125
2025-12-22,PROD_17,Whey Isolate Protein Powder 1kg,STORE_04,Health & Care,2319.2,66,78.9,12.900001525878906
2025-12-23,PROD_17,Whey Isolate Protein Powder 1kg,STORE_04,Health & Care,2174.25,105,90.2,-14.800003051757812
2025-12-24,PROD_17,Whey Isolate Protein Powder 1kg,STORE_04,Health & Care,2899.0,46,54.2,8.200000762939453
2025-12-25,PROD_17,Whey Isolate Protein Powder 1kg,STORE_04,Health & Care,2754.05,71,71.6,0.5999984741210938
2025-12-26,PROD_17,Whey Isolate Protein Powder 1kg,STORE_04,Health & Care,2609.1,102,87.9,-14.099998474121094
2025-12-27,PROD_17,Whey Isolate Protein Powder 1kg,STORE_04,Health & Care,2899.0,54,71.2,17.199996948242188
2025-12-28,PROD_17,Whey Isolate Protein Powder 1kg,STORE_04,Health & Care,2899.0,54,65.4,11.400001525878906
2025-12-29,PROD_17,Whey Isolate Protein Powder 1kg,STORE_04,Health & Care,2899.0,44,53.1,9.099998474121094
2025-12-30,PROD_17,Whey Isolate Protein Powder 1kg,STORE_04,Health & Care,2174.25,65,90.4,25.400001525878906
2025-12-31,PROD_17,Whey Isolate Protein Powder 1kg,STORE_04,Health & Care,2319.2,91,83.2,-7.8000030517578125
2025-09-17,PROD_18,Daily Multivitamin & Mineral 60s,STORE_01,Health & Care,489.02,127,105.8,-21.199996948242188
2025-09-18,PROD_18,Daily Multivitamin & Mineral 60s,STORE_01,Health & Care,424.15,134,156.2,22.199996948242188
2025-09-19,PROD_18,Daily Multivitamin & Mineral 60s,STORE_01,Health & Care,489.02,127,133.3,6.3000030517578125
2025-09-20,PROD_18,Daily Multivitamin & Mineral 60s,STORE_01,Health & Care,499.0,154,142.9,-11.100006103515625
2025-09-21,PROD_18,Daily Multivitamin & Mineral 60s,STORE_01,Health & Care,499.0,168,144.2,-23.800003051757812
2025-09-22,PROD_18,Daily Multivitamin & Mineral 60s,STORE_01,Health & Care,489.02,128,109.8,-18.199996948242188
2025-09-23,PROD_18,Daily Multivitamin & Mineral 60s,STORE_01,Health & Care,499.0,121,111.9,-9.099998474121094
2025-09-24,PROD_18,Daily Multivitamin & Mineral 60s,STORE_01,Health & Care,499.0,110,114.5,4.5
2025-09-25,PROD_18,Daily Multivitamin & Mineral 60s,STORE_01,Health & Care,499.0,113,113.4,0.40000152587890625
2025-09-26,PROD_18,Daily Multivitamin & Mineral 60s,STORE_01,Health & Care,449.1,184,178.3,-5.6999969482421875
2025-09-27,PROD_18,Daily Multivitamin & Mineral 60s,STORE_01,Health & Care,499.0,142,147.9,5.899993896484375
2025-09-28,PROD_18,Daily Multivitamin & Mineral 60s,STORE_01,Health & Care,479.04,194,151.3,-42.69999694824219
2025-09-29,PROD_18,Daily Multivitamin & Mineral 60s,STORE_01,Health & Care,499.0,121,111.2,-9.800003051757812
2025-09-30,PROD_18,Daily Multivitamin & Mineral 60s,STORE_01,Health & Care,499.0,99,113.6,14.599998474121094
2025-10-01,PROD_18,Daily Multivitamin & Mineral 60s,STORE_01,Health & Care,499.0,169,131.7,-37.30000305175781
2025-10-02,PROD_18,Daily Multivitamin & Mineral 60s,STORE_01,Health & Care,499.0,160,139.4,-20.600006103515625
2025-10-03,PROD_18,Daily Multivitamin & Mineral 60s,STORE_01,Health & Care,499.0,183,162.7,-20.300003051757812
2025-10-04,PROD_18,Daily Multivitamin & Mineral 60s,STORE_01,Health & Care,499.0,198,180.2,-17.800003051757812
2025-10-05,PROD_18,Daily Multivitamin & Mineral 60s,STORE_01,Health & Care,499.0,187,184.8,-2.1999969482421875
2025-10-06,PROD_18,Daily Multivitamin & Mineral 60s,STORE_01,Health & Care,489.02,162,141.9,-20.100006103515625
2025-10-07,PROD_18,Daily Multivitamin & Mineral 60s,STORE_01,Health & Care,499.0,165,146.3,-18.699996948242188
2025-10-08,PROD_18,Daily Multivitamin & Mineral 60s,STORE_01,Health & Care,479.04,178,151.8,-26.199996948242188
2025-10-09,PROD_18,Daily Multivitamin & Mineral 60s,STORE_01,Health & Care,479.04,156,146.0,-10.0
2025-10-10,PROD_18,Daily Multivitamin & Mineral 60s,STORE_01,Health & Care,499.0,196,166.9,-29.100006103515625
2025-10-11,PROD_18,Daily Multivitamin & Mineral 60s,STORE_01,Health & Care,499.0,191,192.7,1.6999969482421875
2025-10-12,PROD_18,Daily Multivitamin & Mineral 60s,STORE_01,Health & Care,474.05,272,247.7,-24.300003051757812
2025-10-13,PROD_18,Daily Multivitamin & Mineral 60s,STORE_01,Health & Care,499.0,155,149.7,-5.3000030517578125
2025-10-14,PROD_18,Daily Multivitamin & Mineral 60s,STORE_01,Health & Care,499.0,118,143.3,25.300003051757812
2025-10-15,PROD_18,Daily Multivitamin & Mineral 60s,STORE_01,Health & Care,449.1,214,194.5,-19.5
2025-10-16,PROD_18,Daily Multivitamin & Mineral 60s,STORE_01,Health & Care,499.0,162,149.0,-13.0
2025-10-17,PROD_18,Daily Multivitamin & Mineral 60s,STORE_01,Health & Care,489.02,168,176.8,8.800003051757812
2025-10-18,PROD_18,Daily Multivitamin & Mineral 60s,STORE_01,Health & Care,499.0,143,193.0,50.0
2025-10-19,PROD_18,Daily Multivitamin & Mineral 60s,STORE_01,Health & Care,499.0,230,189.9,-40.100006103515625
2025-10-20,PROD_18,Daily Multivitamin & Mineral 60s,STORE_01,Health & Care,399.2,196,236.4,40.399993896484375
2025-10-21,PROD_18,Daily Multivitamin & Mineral 60s,STORE_01,Health & Care,499.0,148,157.1,9.100006103515625
2025-10-22,PROD_18,Daily Multivitamin & Mineral 60s,STORE_01,Health & Care,499.0,182,150.5,-31.5
2025-10-23,PROD_18,Daily Multivitamin & Mineral 60s,STORE_01,Health & Care,499.0,142,152.7,10.699996948242188
2025-10-24,PROD_18,Daily Multivitamin & Mineral 60s,STORE_01,Health & Care,499.0,154,167.5,13.5
2025-10-25,PROD_18,Daily Multivitamin & Mineral 60s,STORE_01,Health & Care,399.2,331,293.8,-37.20001220703125
2025-10-26,PROD_18,Daily Multivitamin & Mineral 60s,STORE_01,Health & Care,424.15,320,298.1,-21.899993896484375
2025-10-27,PROD_18,Daily Multivitamin & Mineral 60s,STORE_01,Health & Care,499.0,134,151.1,17.100006103515625
2025-10-28,PROD_18,Daily Multivitamin & Mineral 60s,STORE_01,Health & Care,499.0,146,147.0,1.0
2025-10-29,PROD_18,Daily Multivitamin & Mineral 60s,STORE_01,Health & Care,499.0,142,151.5,9.5
2025-10-30,PROD_18,Daily Multivitamin & Mineral 60s,STORE_01,Health & Care,499.0,159,151.1,-7.899993896484375
2025-10-31,PROD_18,Daily Multivitamin & Mineral 60s,STORE_01,Health & Care,499.0,171,174.9,3.899993896484375
2025-11-01,PROD_18,Daily Multivitamin & Mineral 60s,STORE_01,Health & Care,489.02,191,195.6,4.600006103515625
2025-11-02,PROD_18,Daily Multivitamin & Mineral 60s,STORE_01,Health & Care,499.0,198,192.9,-5.100006103515625
2025-11-03,PROD_18,Daily Multivitamin & Mineral 60s,STORE_01,Health & Care,499.0,146,155.7,9.699996948242188
2025-11-04,PROD_18,Daily Multivitamin & Mineral 60s,STORE_01,Health & Care,499.0,183,160.7,-22.300003051757812
2025-11-05,PROD_18,Daily Multivitamin & Mineral 60s,STORE_01,Health & Care,499.0,145,161.9,16.899993896484375
2025-11-06,PROD_18,Daily Multivitamin & Mineral 60s,STORE_01,Health & Care,499.0,138,165.4,27.399993896484375
2025-11-07,PROD_18,Daily Multivitamin & Mineral 60s,STORE_01,Health & Care,499.0,179,178.5,-0.5
2025-11-08,PROD_18,Daily Multivitamin & Mineral 60s,STORE_01,Health & Care,479.04,235,194.9,-40.100006103515625
2025-11-09,PROD_18,Daily Multivitamin & Mineral 60s,STORE_01,Health & Care,489.02,196,198.0,2.0
2025-11-10,PROD_18,Daily Multivitamin & Mineral 60s,STORE_01,Health & Care,499.0,193,150.1,-42.899993896484375
2025-11-11,PROD_18,Daily Multivitamin & Mineral 60s,STORE_01,Health & Care,449.1,238,202.6,-35.399993896484375
2025-11-12,PROD_18,Daily Multivitamin & Mineral 60s,STORE_01,Health & Care,489.02,166,152.9,-13.100006103515625
2025-11-13,PROD_18,Daily Multivitamin & Mineral 60s,STORE_01,Health & Care,474.05,220,200.4,-19.600006103515625
2025-11-14,PROD_18,Daily Multivitamin & Mineral 60s,STORE_01,Health & Care,424.15,249,249.0,0.0
2025-11-15,PROD_18,Daily Multivitamin & Mineral 60s,STORE_01,Health & Care,424.15,264,295.5,31.5
2025-11-16,PROD_18,Daily Multivitamin & Mineral 60s,STORE_01,Health & Care,424.15,282,326.4,44.399993896484375
2025-11-17,PROD_18,Daily Multivitamin & Mineral 60s,STORE_01,Health & Care,499.0,191,156.3,-34.69999694824219
2025-11-18,PROD_18,Daily Multivitamin & Mineral 60s,STORE_01,Health & Care,499.0,186,161.1,-24.899993896484375
2025-11-19,PROD_18,Daily Multivitamin & Mineral 60s,STORE_01,Health & Care,499.0,170,158.4,-11.600006103515625
2025-11-20,PROD_18,Daily Multivitamin & Mineral 60s,STORE_01,Health & Care,474.05,191,206.3,15.300003051757812
2025-11-21,PROD_18,Daily Multivitamin & Mineral 60s,STORE_01,Health & Care,474.05,213,258.5,45.5
2025-11-22,PROD_18,Daily Multivitamin & Mineral 60s,STORE_01,Health & Care,499.0,219,209.0,-10.0
2025-11-23,PROD_18,Daily Multivitamin & Mineral 60s,STORE_01,Health & Care,499.0,204,212.2,8.199996948242188
2025-11-24,PROD_18,Daily Multivitamin & Mineral 60s,STORE_01,Health & Care,374.25,243,224.9,-18.100006103515625
2025-11-25,PROD_18,Daily Multivitamin & Mineral 60s,STORE_01,Health & Care,474.05,223,214.7,-8.300003051757812
2025-11-26,PROD_18,Daily Multivitamin & Mineral 60s,STORE_01,Health & Care,499.0,136,168.3,32.30000305175781
2025-11-27,PROD_18,Daily Multivitamin & Mineral 60s,STORE_01,Health & Care,499.0,163,169.7,6.6999969482421875
2025-11-28,PROD_18,Daily Multivitamin & Mineral 60s,STORE_01,Health & Care,499.0,199,182.5,-16.5
2025-11-29,PROD_18,Daily Multivitamin & Mineral 60s,STORE_01,Health & Care,499.0,206,207.2,1.1999969482421875
2025-11-30,PROD_18,Daily Multivitamin & Mineral 60s,STORE_01,Health & Care,449.1,314,318.3,4.29998779296875
2025-12-01,PROD_18,Daily Multivitamin & Mineral 60s,STORE_01,Health & Care,479.04,137,163.1,26.100006103515625
2025-12-02,PROD_18,Daily Multivitamin & Mineral 60s,STORE_01,Health & Care,499.0,193,158.8,-34.19999694824219
2025-12-03,PROD_18,Daily Multivitamin & Mineral 60s,STORE_01,Health & Care,499.0,185,154.8,-30.199996948242188
2025-12-04,PROD_18,Daily Multivitamin & Mineral 60s,STORE_01,Health & Care,499.0,185,156.0,-29.0
2025-12-05,PROD_18,Daily Multivitamin & Mineral 60s,STORE_01,Health & Care,499.0,147,172.0,25.0
2025-12-06,PROD_18,Daily Multivitamin & Mineral 60s,STORE_01,Health & Care,489.02,182,187.4,5.399993896484375
2025-12-07,PROD_18,Daily Multivitamin & Mineral 60s,STORE_01,Health & Care,479.04,208,205.1,-2.899993896484375
2025-12-08,PROD_18,Daily Multivitamin & Mineral 60s,STORE_01,Health & Care,499.0,128,153.7,25.699996948242188
2025-12-09,PROD_18,Daily Multivitamin & Mineral 60s,STORE_01,Health & Care,499.0,142,160.4,18.399993896484375
2025-12-10,PROD_18,Daily Multivitamin & Mineral 60s,STORE_01,Health & Care,499.0,157,158.0,1.0
2025-12-11,PROD_18,Daily Multivitamin & Mineral 60s,STORE_01,Health & Care,499.0,183,164.3,-18.699996948242188
2025-12-12,PROD_18,Daily Multivitamin & Mineral 60s,STORE_01,Health & Care,499.0,140,186.1,46.100006103515625
2025-12-13,PROD_18,Daily Multivitamin & Mineral 60s,STORE_01,Health & Care,499.0,177,191.1,14.100006103515625
2025-12-14,PROD_18,Daily Multivitamin & Mineral 60s,STORE_01,Health & Care,499.0,258,200.1,-57.899993896484375
2025-12-15,PROD_18,Daily Multivitamin & Mineral 60s,STORE_01,Health & Care,499.0,142,146.2,4.1999969482421875
2025-12-16,PROD_18,Daily Multivitamin & Mineral 60s,STORE_01,Health & Care,499.0,169,158.3,-10.699996948242188
2025-12-17,PROD_18,Daily Multivitamin & Mineral 60s,STORE_01,Health & Care,499.0,148,153.6,5.600006103515625
2025-12-18,PROD_18,Daily Multivitamin & Mineral 60s,STORE_01,Health & Care,499.0,174,154.7,-19.300003051757812
2025-12-19,PROD_18,Daily Multivitamin & Mineral 60s,STORE_01,Health & Care,499.0,177,168.4,-8.600006103515625
2025-12-20,PROD_18,Daily Multivitamin & Mineral 60s,STORE_01,Health & Care,449.1,269,266.9,-2.100006103515625
2025-12-21,PROD_18,Daily Multivitamin & Mineral 60s,STORE_01,Health & Care,479.04,219,204.8,-14.199996948242188
2025-12-22,PROD_18,Daily Multivitamin & Mineral 60s,STORE_01,Health & Care,499.0,151,147.1,-3.899993896484375
2025-12-23,PROD_18,Daily Multivitamin & Mineral 60s,STORE_01,Health & Care,499.0,127,149.8,22.800003051757812
2025-12-24,PROD_18,Daily Multivitamin & Mineral 60s,STORE_01,Health & Care,449.1,241,201.7,-39.30000305175781
2025-12-25,PROD_18,Daily Multivitamin & Mineral 60s,STORE_01,Health & Care,499.0,149,156.5,7.5
2025-12-26,PROD_18,Daily Multivitamin & Mineral 60s,STORE_01,Health & Care,499.0,157,173.1,16.100006103515625
2025-12-27,PROD_18,Daily Multivitamin & Mineral 60s,STORE_01,Health & Care,474.05,292,281.6,-10.399993896484375
2025-12-28,PROD_18,Daily Multivitamin & Mineral 60s,STORE_01,Health & Care,474.05,273,292.3,19.29998779296875
2025-12-29,PROD_18,Daily Multivitamin & Mineral 60s,STORE_01,Health & Care,499.0,208,153.7,-54.30000305175781
2025-12-30,PROD_18,Daily Multivitamin & Mineral 60s,STORE_01,Health & Care,499.0,184,157.1,-26.899993896484375
2025-12-31,PROD_18,Daily Multivitamin & Mineral 60s,STORE_01,Health & Care,499.0,180,154.8,-25.199996948242188
2025-09-17,PROD_18,Daily Multivitamin & Mineral 60s,STORE_02,Health & Care,499.0,120,105.6,-14.400001525878906
2025-09-18,PROD_18,Daily Multivitamin & Mineral 60s,STORE_02,Health & Care,499.0,101,105.5,4.5
2025-09-19,PROD_18,Daily Multivitamin & Mineral 60s,STORE_02,Health & Care,499.0,117,120.9,3.9000015258789062
2025-09-20,PROD_18,Daily Multivitamin & Mineral 60s,STORE_02,Health & Care,499.0,123,138.0,15.0
2025-09-21,PROD_18,Daily Multivitamin & Mineral 60s,STORE_02,Health & Care,474.05,190,177.5,-12.5
2025-09-22,PROD_18,Daily Multivitamin & Mineral 60s,STORE_02,Health & Care,499.0,108,105.9,-2.0999984741210938
2025-09-23,PROD_18,Daily Multivitamin & Mineral 60s,STORE_02,Health & Care,499.0,117,106.8,-10.199996948242188
2025-09-24,PROD_18,Daily Multivitamin & Mineral 60s,STORE_02,Health & Care,499.0,104,108.8,4.8000030517578125
2025-09-25,PROD_18,Daily Multivitamin & Mineral 60s,STORE_02,Health & Care,499.0,88,105.7,17.699996948242188
2025-09-26,PROD_18,Daily Multivitamin & Mineral 60s,STORE_02,Health & Care,499.0,140,117.4,-22.599998474121094
2025-09-27,PROD_18,Daily Multivitamin & Mineral 60s,STORE_02,Health & Care,479.04,157,142.5,-14.5
2025-09-28,PROD_18,Daily Multivitamin & Mineral 60s,STORE_02,Health & Care,479.04,130,140.8,10.800003051757812
2025-09-29,PROD_18,Daily Multivitamin & Mineral 60s,STORE_02,Health & Care,499.0,109,103.5,-5.5
2025-09-30,PROD_18,Daily Multivitamin & Mineral 60s,STORE_02,Health & Care,499.0,120,103.3,-16.699996948242188
2025-10-01,PROD_18,Daily Multivitamin & Mineral 60s,STORE_02,Health & Care,499.0,188,131.0,-57.0
2025-10-02,PROD_18,Daily Multivitamin & Mineral 60s,STORE_02,Health & Care,479.04,127,135.1,8.100006103515625
2025-10-03,PROD_18,Daily Multivitamin & Mineral 60s,STORE_02,Health & Care,479.04,181,167.0,-14.0
2025-10-04,PROD_18,Daily Multivitamin & Mineral 60s,STORE_02,Health & Care,499.0,217,173.6,-43.399993896484375
2025-10-05,PROD_18,Daily Multivitamin & Mineral 60s,STORE_02,Health & Care,499.0,182,174.2,-7.8000030517578125
2025-10-06,PROD_18,Daily Multivitamin & Mineral 60s,STORE_02,Health & Care,499.0,140,141.1,1.100006103515625
2025-10-07,PROD_18,Daily Multivitamin & Mineral 60s,STORE_02,Health & Care,499.0,152,137.4,-14.600006103515625
2025-10-08,PROD_18,Daily Multivitamin & Mineral 60s,STORE_02,Health & Care,449.1,171,190.2,19.199996948242188
2025-10-09,PROD_18,Daily Multivitamin & Mineral 60s,STORE_02,Health & Care,499.0,132,145.6,13.600006103515625
2025-10-10,PROD_18,Daily Multivitamin & Mineral 60s,STORE_02,Health & Care,489.02,169,169.9,0.899993896484375
2025-10-11,PROD_18,Daily Multivitamin & Mineral 60s,STORE_02,Health & Care,449.1,303,246.9,-56.100006103515625
2025-10-12,PROD_18,Daily Multivitamin & Mineral 60s,STORE_02,Health & Care,499.0,184,179.4,-4.600006103515625
2025-10-13,PROD_18,Daily Multivitamin & Mineral 60s,STORE_02,Health & Care,479.04,144,133.7,-10.300003051757812
2025-10-14,PROD_18,Daily Multivitamin & Mineral 60s,STORE_02,Health & Care,499.0,169,141.5,-27.5
2025-10-15,PROD_18,Daily Multivitamin & Mineral 60s,STORE_02,Health & Care,424.15,209,196.3,-12.699996948242188
2025-10-16,PROD_18,Daily Multivitamin & Mineral 60s,STORE_02,Health & Care,499.0,135,141.9,6.899993896484375
2025-10-17,PROD_18,Daily Multivitamin & Mineral 60s,STORE_02,Health & Care,489.02,157,160.5,3.5
2025-10-18,PROD_18,Daily Multivitamin & Mineral 60s,STORE_02,Health & Care,499.0,229,183.8,-45.19999694824219
2025-10-19,PROD_18,Daily Multivitamin & Mineral 60s,STORE_02,Health & Care,499.0,199,206.1,7.100006103515625
2025-10-20,PROD_18,Daily Multivitamin & Mineral 60s,STORE_02,Health & Care,449.1,195,199.5,4.5
2025-10-21,PROD_18,Daily Multivitamin & Mineral 60s,STORE_02,Health & Care,499.0,181,156.3,-24.699996948242188
2025-10-22,PROD_18,Daily Multivitamin & Mineral 60s,STORE_02,Health & Care,449.1,178,204.9,26.899993896484375
2025-10-23,PROD_18,Daily Multivitamin & Mineral 60s,STORE_02,Health & Care,499.0,158,160.1,2.100006103515625
2025-10-24,PROD_18,Daily Multivitamin & Mineral 60s,STORE_02,Health & Care,374.25,258,287.0,29.0
2025-10-25,PROD_18,Daily Multivitamin & Mineral 60s,STORE_02,Health & Care,424.15,216,308.0,92.0
2025-10-26,PROD_18,Daily Multivitamin & Mineral 60s,STORE_02,Health & Care,399.2,281,331.8,50.79998779296875
2025-10-27,PROD_18,Daily Multivitamin & Mineral 60s,STORE_02,Health & Care,499.0,132,155.3,23.300003051757812
2025-10-28,PROD_18,Daily Multivitamin & Mineral 60s,STORE_02,Health & Care,499.0,134,152.9,18.899993896484375
2025-10-29,PROD_18,Daily Multivitamin & Mineral 60s,STORE_02,Health & Care,499.0,120,156.6,36.600006103515625
2025-10-30,PROD_18,Daily Multivitamin & Mineral 60s,STORE_02,Health & Care,499.0,110,157.6,47.600006103515625
2025-10-31,PROD_18,Daily Multivitamin & Mineral 60s,STORE_02,Health & Care,489.02,144,167.7,23.699996948242188
2025-11-01,PROD_18,Daily Multivitamin & Mineral 60s,STORE_02,Health & Care,479.04,223,181.9,-41.100006103515625
2025-11-02,PROD_18,Daily Multivitamin & Mineral 60s,STORE_02,Health & Care,489.02,159,191.1,32.100006103515625
2025-11-03,PROD_18,Daily Multivitamin & Mineral 60s,STORE_02,Health & Care,499.0,161,140.8,-20.199996948242188
2025-11-04,PROD_18,Daily Multivitamin & Mineral 60s,STORE_02,Health & Care,449.1,200,198.7,-1.3000030517578125
2025-11-05,PROD_18,Daily Multivitamin & Mineral 60s,STORE_02,Health & Care,499.0,133,148.7,15.699996948242188
2025-11-06,PROD_18,Daily Multivitamin & Mineral 60s,STORE_02,Health & Care,399.2,198,224.2,26.199996948242188
2025-11-07,PROD_18,Daily Multivitamin & Mineral 60s,STORE_02,Health & Care,499.0,172,174.1,2.100006103515625
2025-11-08,PROD_18,Daily Multivitamin & Mineral 60s,STORE_02,Health & Care,499.0,173,200.1,27.100006103515625
2025-11-09,PROD_18,Daily Multivitamin & Mineral 60s,STORE_02,Health & Care,499.0,196,187.2,-8.800003051757812
2025-11-10,PROD_18,Daily Multivitamin & Mineral 60s,STORE_02,Health & Care,489.02,174,148.6,-25.399993896484375
2025-11-11,PROD_18,Daily Multivitamin & Mineral 60s,STORE_02,Health & Care,499.0,159,146.6,-12.399993896484375
2025-11-12,PROD_18,Daily Multivitamin & Mineral 60s,STORE_02,Health & Care,499.0,165,144.6,-20.399993896484375
2025-11-13,PROD_18,Daily Multivitamin & Mineral 60s,STORE_02,Health & Care,489.02,135,146.7,11.699996948242188
2025-11-14,PROD_18,Daily Multivitamin & Mineral 60s,STORE_02,Health & Care,424.15,227,234.0,7.0
2025-11-15,PROD_18,Daily Multivitamin & Mineral 60s,STORE_02,Health & Care,499.0,172,195.0,23.0
2025-11-16,PROD_18,Daily Multivitamin & Mineral 60s,STORE_02,Health & Care,474.05,262,258.5,-3.5
2025-11-17,PROD_18,Daily Multivitamin & Mineral 60s,STORE_02,Health & Care,499.0,177,141.7,-35.30000305175781
2025-11-18,PROD_18,Daily Multivitamin & Mineral 60s,STORE_02,Health & Care,499.0,133,153.6,20.600006103515625
2025-11-19,PROD_18,Daily Multivitamin & Mineral 60s,STORE_02,Health & Care,474.05,239,194.7,-44.30000305175781
2025-11-20,PROD_18,Daily Multivitamin & Mineral 60s,STORE_02,Health & Care,499.0,178,154.1,-23.899993896484375
2025-11-21,PROD_18,Daily Multivitamin & Mineral 60s,STORE_02,Health & Care,474.05,226,238.5,12.5
2025-11-22,PROD_18,Daily Multivitamin & Mineral 60s,STORE_02,Health & Care,499.0,195,191.8,-3.1999969482421875
2025-11-23,PROD_18,Daily Multivitamin & Mineral 60s,STORE_02,Health & Care,499.0,164,196.8,32.80000305175781
2025-11-24,PROD_18,Daily Multivitamin & Mineral 60s,STORE_02,Health & Care,449.1,222,200.4,-21.600006103515625
2025-11-25,PROD_18,Daily Multivitamin & Mineral 60s,STORE_02,Health & Care,474.05,177,198.4,21.399993896484375
2025-11-26,PROD_18,Daily Multivitamin & Mineral 60s,STORE_02,Health & Care,499.0,129,149.1,20.100006103515625
2025-11-27,PROD_18,Daily Multivitamin & Mineral 60s,STORE_02,Health & Care,499.0,108,153.9,45.899993896484375
2025-11-28,PROD_18,Daily Multivitamin & Mineral 60s,STORE_02,Health & Care,499.0,204,164.5,-39.5
2025-11-29,PROD_18,Daily Multivitamin & Mineral 60s,STORE_02,Health & Care,499.0,173,195.1,22.100006103515625
2025-11-30,PROD_18,Daily Multivitamin & Mineral 60s,STORE_02,Health & Care,499.0,191,190.1,-0.899993896484375
2025-12-01,PROD_18,Daily Multivitamin & Mineral 60s,STORE_02,Health & Care,499.0,135,148.6,13.600006103515625
2025-12-02,PROD_18,Daily Multivitamin & Mineral 60s,STORE_02,Health & Care,499.0,187,149.0,-38.0
2025-12-03,PROD_18,Daily Multivitamin & Mineral 60s,STORE_02,Health & Care,424.15,169,203.1,34.100006103515625
2025-12-04,PROD_18,Daily Multivitamin & Mineral 60s,STORE_02,Health & Care,499.0,115,148.2,33.19999694824219
2025-12-05,PROD_18,Daily Multivitamin & Mineral 60s,STORE_02,Health & Care,499.0,135,165.4,30.399993896484375
2025-12-06,PROD_18,Daily Multivitamin & Mineral 60s,STORE_02,Health & Care,499.0,182,179.5,-2.5
2025-12-07,PROD_18,Daily Multivitamin & Mineral 60s,STORE_02,Health & Care,499.0,179,183.0,4.0
2025-12-08,PROD_18,Daily Multivitamin & Mineral 60s,STORE_02,Health & Care,489.02,159,143.2,-15.800003051757812
2025-12-09,PROD_18,Daily Multivitamin & Mineral 60s,STORE_02,Health & Care,479.04,130,147.3,17.300003051757812
2025-12-10,PROD_18,Daily Multivitamin & Mineral 60s,STORE_02,Health & Care,499.0,142,139.4,-2.600006103515625
2025-12-11,PROD_18,Daily Multivitamin & Mineral 60s,STORE_02,Health & Care,489.02,130,137.9,7.899993896484375
2025-12-12,PROD_18,Daily Multivitamin & Mineral 60s,STORE_02,Health & Care,499.0,195,158.2,-36.80000305175781
2025-12-13,PROD_18,Daily Multivitamin & Mineral 60s,STORE_02,Health & Care,499.0,199,182.6,-16.399993896484375
2025-12-14,PROD_18,Daily Multivitamin & Mineral 60s,STORE_02,Health & Care,474.05,205,246.7,41.69999694824219
2025-12-15,PROD_18,Daily Multivitamin & Mineral 60s,STORE_02,Health & Care,499.0,141,143.9,2.899993896484375
2025-12-16,PROD_18,Daily Multivitamin & Mineral 60s,STORE_02,Health & Care,499.0,169,145.3,-23.699996948242188
2025-12-17,PROD_18,Daily Multivitamin & Mineral 60s,STORE_02,Health & Care,479.04,143,144.7,1.6999969482421875
2025-12-18,PROD_18,Daily Multivitamin & Mineral 60s,STORE_02,Health & Care,499.0,163,143.8,-19.199996948242188
2025-12-19,PROD_18,Daily Multivitamin & Mineral 60s,STORE_02,Health & Care,499.0,182,159.8,-22.199996948242188
2025-12-20,PROD_18,Daily Multivitamin & Mineral 60s,STORE_02,Health & Care,499.0,148,187.7,39.69999694824219
2025-12-21,PROD_18,Daily Multivitamin & Mineral 60s,STORE_02,Health & Care,499.0,178,184.4,6.399993896484375
2025-12-22,PROD_18,Daily Multivitamin & Mineral 60s,STORE_02,Health & Care,499.0,140,143.8,3.8000030517578125
2025-12-23,PROD_18,Daily Multivitamin & Mineral 60s,STORE_02,Health & Care,499.0,149,141.5,-7.5
2025-12-24,PROD_18,Daily Multivitamin & Mineral 60s,STORE_02,Health & Care,474.05,213,178.9,-34.100006103515625
2025-12-25,PROD_18,Daily Multivitamin & Mineral 60s,STORE_02,Health & Care,489.02,116,140.2,24.199996948242188
2025-12-26,PROD_18,Daily Multivitamin & Mineral 60s,STORE_02,Health & Care,499.0,210,159.0,-51.0
2025-12-27,PROD_18,Daily Multivitamin & Mineral 60s,STORE_02,Health & Care,499.0,188,187.1,-0.899993896484375
2025-12-28,PROD_18,Daily Multivitamin & Mineral 60s,STORE_02,Health & Care,424.15,298,255.3,-42.69999694824219
2025-12-29,PROD_18,Daily Multivitamin & Mineral 60s,STORE_02,Health & Care,499.0,152,136.1,-15.899993896484375
2025-12-30,PROD_18,Daily Multivitamin & Mineral 60s,STORE_02,Health & Care,449.1,165,186.0,21.0
2025-12-31,PROD_18,Daily Multivitamin & Mineral 60s,STORE_02,Health & Care,424.15,242,189.2,-52.80000305175781
2025-09-17,PROD_18,Daily Multivitamin & Mineral 60s,STORE_03,Health & Care,499.0,85,118.4,33.400001525878906
2025-09-18,PROD_18,Daily Multivitamin & Mineral 60s,STORE_03,Health & Care,499.0,123,115.6,-7.400001525878906
2025-09-19,PROD_18,Daily Multivitamin & Mineral 60s,STORE_03,Health & Care,499.0,128,138.9,10.899993896484375
2025-09-20,PROD_18,Daily Multivitamin & Mineral 60s,STORE_03,Health & Care,499.0,159,147.9,-11.100006103515625
2025-09-21,PROD_18,Daily Multivitamin & Mineral 60s,STORE_03,Health & Care,499.0,183,155.7,-27.300003051757812
2025-09-22,PROD_18,Daily Multivitamin & Mineral 60s,STORE_03,Health & Care,499.0,130,113.5,-16.5
2025-09-23,PROD_18,Daily Multivitamin & Mineral 60s,STORE_03,Health & Care,499.0,125,110.4,-14.599998474121094
2025-09-24,PROD_18,Daily Multivitamin & Mineral 60s,STORE_03,Health & Care,499.0,126,116.2,-9.800003051757812
2025-09-25,PROD_18,Daily Multivitamin & Mineral 60s,STORE_03,Health & Care,499.0,102,119.9,17.900001525878906
2025-09-26,PROD_18,Daily Multivitamin & Mineral 60s,STORE_03,Health & Care,499.0,128,125.5,-2.5
2025-09-27,PROD_18,Daily Multivitamin & Mineral 60s,STORE_03,Health & Care,499.0,163,149.6,-13.399993896484375
2025-09-28,PROD_18,Daily Multivitamin & Mineral 60s,STORE_03,Health & Care,499.0,169,151.9,-17.100006103515625
2025-09-29,PROD_18,Daily Multivitamin & Mineral 60s,STORE_03,Health & Care,479.04,142,116.6,-25.400001525878906
2025-09-30,PROD_18,Daily Multivitamin & Mineral 60s,STORE_03,Health & Care,479.04,115,120.8,5.8000030517578125
2025-10-01,PROD_18,Daily Multivitamin & Mineral 60s,STORE_03,Health & Care,489.02,158,149.4,-8.600006103515625
2025-10-02,PROD_18,Daily Multivitamin & Mineral 60s,STORE_03,Health & Care,499.0,148,146.6,-1.399993896484375
2025-10-03,PROD_18,Daily Multivitamin & Mineral 60s,STORE_03,Health & Care,499.0,205,171.8,-33.19999694824219
2025-10-04,PROD_18,Daily Multivitamin & Mineral 60s,STORE_03,Health & Care,499.0,254,192.4,-61.600006103515625
2025-10-05,PROD_18,Daily Multivitamin & Mineral 60s,STORE_03,Health & Care,489.02,226,195.0,-31.0
2025-10-06,PROD_18,Daily Multivitamin & Mineral 60s,STORE_03,Health & Care,499.0,211,141.0,-70.0
2025-10-07,PROD_18,Daily Multivitamin & Mineral 60s,STORE_03,Health & Care,499.0,161,144.5,-16.5
2025-10-08,PROD_18,Daily Multivitamin & Mineral 60s,STORE_03,Health & Care,399.2,239,209.6,-29.399993896484375
2025-10-09,PROD_18,Daily Multivitamin & Mineral 60s,STORE_03,Health & Care,489.02,159,160.4,1.399993896484375
2025-10-10,PROD_18,Daily Multivitamin & Mineral 60s,STORE_03,Health & Care,499.0,188,179.0,-9.0
2025-10-11,PROD_18,Daily Multivitamin & Mineral 60s,STORE_03,Health & Care,399.2,241,313.9,72.89999389648438
2025-10-12,PROD_18,Daily Multivitamin & Mineral 60s,STORE_03,Health & Care,489.02,239,212.9,-26.100006103515625
2025-10-13,PROD_18,Daily Multivitamin & Mineral 60s,STORE_03,Health & Care,449.1,174,200.4,26.399993896484375
2025-10-14,PROD_18,Daily Multivitamin & Mineral 60s,STORE_03,Health & Care,499.0,168,166.8,-1.1999969482421875
2025-10-15,PROD_18,Daily Multivitamin & Mineral 60s,STORE_03,Health & Care,474.05,236,184.1,-51.899993896484375
2025-10-16,PROD_18,Daily Multivitamin & Mineral 60s,STORE_03,Health & Care,474.05,238,215.8,-22.199996948242188
2025-10-17,PROD_18,Daily Multivitamin & Mineral 60s,STORE_03,Health & Care,499.0,191,197.8,6.8000030517578125
2025-10-18,PROD_18,Daily Multivitamin & Mineral 60s,STORE_03,Health & Care,479.04,169,228.6,59.600006103515625
2025-10-19,PROD_18,Daily Multivitamin & Mineral 60s,STORE_03,Health & Care,479.04,207,214.6,7.600006103515625
2025-10-20,PROD_18,Daily Multivitamin & Mineral 60s,STORE_03,Health & Care,489.02,145,179.1,34.100006103515625
2025-10-21,PROD_18,Daily Multivitamin & Mineral 60s,STORE_03,Health & Care,449.1,190,215.8,25.800003051757812
2025-10-22,PROD_18,Daily Multivitamin & Mineral 60s,STORE_03,Health & Care,499.0,150,166.5,16.5
2025-10-23,PROD_18,Daily Multivitamin & Mineral 60s,STORE_03,Health & Care,499.0,151,157.9,6.899993896484375
2025-10-24,PROD_18,Daily Multivitamin & Mineral 60s,STORE_03,Health & Care,374.25,285,302.2,17.20001220703125
2025-10-25,PROD_18,Daily Multivitamin & Mineral 60s,STORE_03,Health & Care,399.2,323,328.6,5.600006103515625
2025-10-26,PROD_18,Daily Multivitamin & Mineral 60s,STORE_03,Health & Care,489.02,215,213.6,-1.399993896484375
2025-10-27,PROD_18,Daily Multivitamin & Mineral 60s,STORE_03,Health & Care,499.0,182,175.3,-6.6999969482421875
2025-10-28,PROD_18,Daily Multivitamin & Mineral 60s,STORE_03,Health & Care,499.0,169,161.7,-7.3000030517578125
2025-10-29,PROD_18,Daily Multivitamin & Mineral 60s,STORE_03,Health & Care,499.0,141,164.7,23.699996948242188
2025-10-30,PROD_18,Daily Multivitamin & Mineral 60s,STORE_03,Health & Care,499.0,137,162.8,25.800003051757812
2025-10-31,PROD_18,Daily Multivitamin & Mineral 60s,STORE_03,Health & Care,499.0,266,161.0,-105.0
2025-11-01,PROD_18,Daily Multivitamin & Mineral 60s,STORE_03,Health & Care,499.0,294,191.6,-102.39999389648438
2025-11-02,PROD_18,Daily Multivitamin & Mineral 60s,STORE_03,Health & Care,499.0,165,194.4,29.399993896484375
2025-11-03,PROD_18,Daily Multivitamin & Mineral 60s,STORE_03,Health & Care,499.0,136,155.1,19.100006103515625
2025-11-04,PROD_18,Daily Multivitamin & Mineral 60s,STORE_03,Health & Care,499.0,163,168.3,5.3000030517578125
2025-11-05,PROD_18,Daily Multivitamin & Mineral 60s,STORE_03,Health & Care,499.0,130,159.5,29.5
2025-11-06,PROD_18,Daily Multivitamin & Mineral 60s,STORE_03,Health & Care,499.0,176,166.0,-10.0
2025-11-07,PROD_18,Daily Multivitamin & Mineral 60s,STORE_03,Health & Care,499.0,167,186.0,19.0
2025-11-08,PROD_18,Daily Multivitamin & Mineral 60s,STORE_03,Health & Care,489.02,225,189.2,-35.80000305175781
2025-11-09,PROD_18,Daily Multivitamin & Mineral 60s,STORE_03,Health & Care,499.0,203,202.2,-0.8000030517578125
2025-11-10,PROD_18,Daily Multivitamin & Mineral 60s,STORE_03,Health & Care,499.0,205,166.3,-38.69999694824219
2025-11-11,PROD_18,Daily Multivitamin & Mineral 60s,STORE_03,Health & Care,424.15,207,216.6,9.600006103515625
2025-11-12,PROD_18,Daily Multivitamin & Mineral 60s,STORE_03,Health & Care,449.1,259,213.3,-45.69999694824219
2025-11-13,PROD_18,Daily Multivitamin & Mineral 60s,STORE_03,Health & Care,499.0,193,157.1,-35.899993896484375
2025-11-14,PROD_18,Daily Multivitamin & Mineral 60s,STORE_03,Health & Care,499.0,183,184.7,1.6999969482421875
2025-11-15,PROD_18,Daily Multivitamin & Mineral 60s,STORE_03,Health & Care,474.05,269,283.6,14.600006103515625
2025-11-16,PROD_18,Daily Multivitamin & Mineral 60s,STORE_03,Health & Care,499.0,181,206.1,25.100006103515625
2025-11-17,PROD_18,Daily Multivitamin & Mineral 60s,STORE_03,Health & Care,499.0,131,155.2,24.199996948242188
2025-11-18,PROD_18,Daily Multivitamin & Mineral 60s,STORE_03,Health & Care,499.0,146,161.9,15.899993896484375
2025-11-19,PROD_18,Daily Multivitamin & Mineral 60s,STORE_03,Health & Care,374.25,275,236.7,-38.30000305175781
2025-11-20,PROD_18,Daily Multivitamin & Mineral 60s,STORE_03,Health & Care,499.0,148,150.6,2.600006103515625
2025-11-21,PROD_18,Daily Multivitamin & Mineral 60s,STORE_03,Health & Care,489.02,190,174.7,-15.300003051757812
2025-11-22,PROD_18,Daily Multivitamin & Mineral 60s,STORE_03,Health & Care,499.0,209,199.1,-9.899993896484375
2025-11-23,PROD_18,Daily Multivitamin & Mineral 60s,STORE_03,Health & Care,449.1,316,324.6,8.600006103515625
2025-11-24,PROD_18,Daily Multivitamin & Mineral 60s,STORE_03,Health & Care,474.05,211,213.7,2.6999969482421875
2025-11-25,PROD_18,Daily Multivitamin & Mineral 60s,STORE_03,Health & Care,424.15,244,219.3,-24.699996948242188
2025-11-26,PROD_18,Daily Multivitamin & Mineral 60s,STORE_03,Health & Care,499.0,121,156.1,35.100006103515625
2025-11-27,PROD_18,Daily Multivitamin & Mineral 60s,STORE_03,Health & Care,499.0,170,163.1,-6.899993896484375
2025-11-28,PROD_18,Daily Multivitamin & Mineral 60s,STORE_03,Health & Care,489.02,171,179.6,8.600006103515625
2025-11-29,PROD_18,Daily Multivitamin & Mineral 60s,STORE_03,Health & Care,499.0,238,196.5,-41.5
2025-11-30,PROD_18,Daily Multivitamin & Mineral 60s,STORE_03,Health & Care,499.0,251,198.1,-52.899993896484375
2025-12-01,PROD_18,Daily Multivitamin & Mineral 60s,STORE_03,Health & Care,499.0,167,154.7,-12.300003051757812
2025-12-02,PROD_18,Daily Multivitamin & Mineral 60s,STORE_03,Health & Care,499.0,163,159.1,-3.899993896484375
2025-12-03,PROD_18,Daily Multivitamin & Mineral 60s,STORE_03,Health & Care,499.0,186,168.6,-17.399993896484375
2025-12-04,PROD_18,Daily Multivitamin & Mineral 60s,STORE_03,Health & Care,499.0,184,160.1,-23.899993896484375
2025-12-05,PROD_18,Daily Multivitamin & Mineral 60s,STORE_03,Health & Care,499.0,222,176.4,-45.600006103515625
2025-12-06,PROD_18,Daily Multivitamin & Mineral 60s,STORE_03,Health & Care,499.0,209,197.3,-11.699996948242188
2025-12-07,PROD_18,Daily Multivitamin & Mineral 60s,STORE_03,Health & Care,499.0,172,194.0,22.0
2025-12-08,PROD_18,Daily Multivitamin & Mineral 60s,STORE_03,Health & Care,499.0,182,161.1,-20.899993896484375
2025-12-09,PROD_18,Daily Multivitamin & Mineral 60s,STORE_03,Health & Care,499.0,135,158.2,23.199996948242188
2025-12-10,PROD_18,Daily Multivitamin & Mineral 60s,STORE_03,Health & Care,499.0,130,168.9,38.899993896484375
2025-12-11,PROD_18,Daily Multivitamin & Mineral 60s,STORE_03,Health & Care,489.02,152,164.4,12.399993896484375
2025-12-12,PROD_18,Daily Multivitamin & Mineral 60s,STORE_03,Health & Care,499.0,196,178.8,-17.199996948242188
2025-12-13,PROD_18,Daily Multivitamin & Mineral 60s,STORE_03,Health & Care,499.0,251,199.5,-51.5
2025-12-14,PROD_18,Daily Multivitamin & Mineral 60s,STORE_03,Health & Care,499.0,234,193.6,-40.399993896484375
2025-12-15,PROD_18,Daily Multivitamin & Mineral 60s,STORE_03,Health & Care,474.05,210,207.4,-2.600006103515625
2025-12-16,PROD_18,Daily Multivitamin & Mineral 60s,STORE_03,Health & Care,499.0,138,156.9,18.899993896484375
2025-12-17,PROD_18,Daily Multivitamin & Mineral 60s,STORE_03,Health & Care,499.0,152,167.7,15.699996948242188
2025-12-18,PROD_18,Daily Multivitamin & Mineral 60s,STORE_03,Health & Care,499.0,188,161.9,-26.100006103515625
2025-12-19,PROD_18,Daily Multivitamin & Mineral 60s,STORE_03,Health & Care,499.0,188,176.4,-11.600006103515625
2025-12-20,PROD_18,Daily Multivitamin & Mineral 60s,STORE_03,Health & Care,499.0,209,190.4,-18.600006103515625
2025-12-21,PROD_18,Daily Multivitamin & Mineral 60s,STORE_03,Health & Care,499.0,227,195.5,-31.5
2025-12-22,PROD_18,Daily Multivitamin & Mineral 60s,STORE_03,Health & Care,499.0,189,159.5,-29.5
2025-12-23,PROD_18,Daily Multivitamin & Mineral 60s,STORE_03,Health & Care,489.02,162,162.1,0.100006103515625
2025-12-24,PROD_18,Daily Multivitamin & Mineral 60s,STORE_03,Health & Care,499.0,144,156.6,12.600006103515625
2025-12-25,PROD_18,Daily Multivitamin & Mineral 60s,STORE_03,Health & Care,499.0,172,165.5,-6.5
2025-12-26,PROD_18,Daily Multivitamin & Mineral 60s,STORE_03,Health & Care,499.0,156,181.3,25.300003051757812
2025-12-27,PROD_18,Daily Multivitamin & Mineral 60s,STORE_03,Health & Care,449.1,271,288.2,17.20001220703125
2025-12-28,PROD_18,Daily Multivitamin & Mineral 60s,STORE_03,Health & Care,499.0,210,196.6,-13.399993896484375
2025-12-29,PROD_18,Daily Multivitamin & Mineral 60s,STORE_03,Health & Care,489.02,169,158.6,-10.399993896484375
2025-12-30,PROD_18,Daily Multivitamin & Mineral 60s,STORE_03,Health & Care,449.1,193,209.2,16.199996948242188
2025-12-31,PROD_18,Daily Multivitamin & Mineral 60s,STORE_03,Health & Care,499.0,146,159.6,13.600006103515625
2025-09-17,PROD_18,Daily Multivitamin & Mineral 60s,STORE_04,Health & Care,499.0,94,84.9,-9.099998474121094
2025-09-18,PROD_18,Daily Multivitamin & Mineral 60s,STORE_04,Health & Care,499.0,94,88.6,-5.400001525878906
2025-09-19,PROD_18,Daily Multivitamin & Mineral 60s,STORE_04,Health & Care,499.0,88,102.6,14.599998474121094
2025-09-20,PROD_18,Daily Multivitamin & Mineral 60s,STORE_04,Health & Care,499.0,120,111.2,-8.800003051757812
2025-09-21,PROD_18,Daily Multivitamin & Mineral 60s,STORE_04,Health & Care,499.0,103,112.6,9.599998474121094
2025-09-22,PROD_18,Daily Multivitamin & Mineral 60s,STORE_04,Health & Care,489.02,91,86.2,-4.8000030517578125
2025-09-23,PROD_18,Daily Multivitamin & Mineral 60s,STORE_04,Health & Care,499.0,84,87.4,3.4000015258789062
2025-09-24,PROD_18,Daily Multivitamin & Mineral 60s,STORE_04,Health & Care,499.0,85,87.5,2.5
2025-09-25,PROD_18,Daily Multivitamin & Mineral 60s,STORE_04,Health & Care,499.0,88,85.6,-2.4000015258789062
2025-09-26,PROD_18,Daily Multivitamin & Mineral 60s,STORE_04,Health & Care,479.04,112,98.7,-13.300003051757812
2025-09-27,PROD_18,Daily Multivitamin & Mineral 60s,STORE_04,Health & Care,499.0,90,112.5,22.5
2025-09-28,PROD_18,Daily Multivitamin & Mineral 60s,STORE_04,Health & Care,499.0,102,108.5,6.5
2025-09-29,PROD_18,Daily Multivitamin & Mineral 60s,STORE_04,Health & Care,499.0,83,86.3,3.3000030517578125
2025-09-30,PROD_18,Daily Multivitamin & Mineral 60s,STORE_04,Health & Care,499.0,83,85.5,2.5
2025-10-01,PROD_18,Daily Multivitamin & Mineral 60s,STORE_04,Health & Care,489.02,108,94.9,-13.099998474121094
2025-10-02,PROD_18,Daily Multivitamin & Mineral 60s,STORE_04,Health & Care,474.05,148,129.1,-18.899993896484375
2025-10-03,PROD_18,Daily Multivitamin & Mineral 60s,STORE_04,Health & Care,499.0,136,117.4,-18.599998474121094
2025-10-04,PROD_18,Daily Multivitamin & Mineral 60s,STORE_04,Health & Care,474.05,213,172.9,-40.100006103515625
2025-10-05,PROD_18,Daily Multivitamin & Mineral 60s,STORE_04,Health & Care,489.02,159,150.2,-8.800003051757812
2025-10-06,PROD_18,Daily Multivitamin & Mineral 60s,STORE_04,Health & Care,479.04,116,106.8,-9.199996948242188
2025-10-07,PROD_18,Daily Multivitamin & Mineral 60s,STORE_04,Health & Care,479.04,95,112.3,17.300003051757812
2025-10-08,PROD_18,Daily Multivitamin & Mineral 60s,STORE_04,Health & Care,499.0,132,113.0,-19.0
2025-10-09,PROD_18,Daily Multivitamin & Mineral 60s,STORE_04,Health & Care,499.0,126,111.7,-14.300003051757812
2025-10-10,PROD_18,Daily Multivitamin & Mineral 60s,STORE_04,Health & Care,499.0,119,129.0,10.0
2025-10-11,PROD_18,Daily Multivitamin & Mineral 60s,STORE_04,Health & Care,499.0,155,150.3,-4.6999969482421875
2025-10-12,PROD_18,Daily Multivitamin & Mineral 60s,STORE_04,Health & Care,399.2,210,206.7,-3.3000030517578125
2025-10-13,PROD_18,Daily Multivitamin & Mineral 60s,STORE_04,Health & Care,499.0,119,115.8,-3.1999969482421875
2025-10-14,PROD_18,Daily Multivitamin & Mineral 60s,STORE_04,Health & Care,499.0,101,123.4,22.400001525878906
2025-10-15,PROD_18,Daily Multivitamin & Mineral 60s,STORE_04,Health & Care,424.15,158,161.2,3.1999969482421875
2025-10-16,PROD_18,Daily Multivitamin & Mineral 60s,STORE_04,Health & Care,499.0,101,118.0,17.0
2025-10-17,PROD_18,Daily Multivitamin & Mineral 60s,STORE_04,Health & Care,479.04,108,130.9,22.899993896484375
2025-10-18,PROD_18,Daily Multivitamin & Mineral 60s,STORE_04,Health & Care,489.02,143,139.1,-3.899993896484375
2025-10-19,PROD_18,Daily Multivitamin & Mineral 60s,STORE_04,Health & Care,499.0,148,146.8,-1.1999969482421875
2025-10-20,PROD_18,Daily Multivitamin & Mineral 60s,STORE_04,Health & Care,499.0,106,121.3,15.300003051757812
2025-10-21,PROD_18,Daily Multivitamin & Mineral 60s,STORE_04,Health & Care,424.15,132,156.3,24.300003051757812
2025-10-22,PROD_18,Daily Multivitamin & Mineral 60s,STORE_04,Health & Care,499.0,123,119.8,-3.1999969482421875
2025-10-23,PROD_18,Daily Multivitamin & Mineral 60s,STORE_04,Health & Care,499.0,81,120.6,39.599998474121094
2025-10-24,PROD_18,Daily Multivitamin & Mineral 60s,STORE_04,Health & Care,499.0,115,130.3,15.300003051757812
2025-10-25,PROD_18,Daily Multivitamin & Mineral 60s,STORE_04,Health & Care,499.0,143,145.1,2.100006103515625
2025-10-26,PROD_18,Daily Multivitamin & Mineral 60s,STORE_04,Health & Care,499.0,159,140.1,-18.899993896484375
2025-10-27,PROD_18,Daily Multivitamin & Mineral 60s,STORE_04,Health & Care,499.0,128,118.7,-9.300003051757812
2025-10-28,PROD_18,Daily Multivitamin & Mineral 60s,STORE_04,Health & Care,499.0,117,118.8,1.8000030517578125
2025-10-29,PROD_18,Daily Multivitamin & Mineral 60s,STORE_04,Health & Care,479.04,92,121.9,29.900001525878906
2025-10-30,PROD_18,Daily Multivitamin & Mineral 60s,STORE_04,Health & Care,499.0,85,114.6,29.599998474121094
2025-10-31,PROD_18,Daily Multivitamin & Mineral 60s,STORE_04,Health & Care,499.0,115,126.6,11.599998474121094
2025-11-01,PROD_18,Daily Multivitamin & Mineral 60s,STORE_04,Health & Care,499.0,143,135.3,-7.6999969482421875
2025-11-02,PROD_18,Daily Multivitamin & Mineral 60s,STORE_04,Health & Care,499.0,117,137.3,20.300003051757812
2025-11-03,PROD_18,Daily Multivitamin & Mineral 60s,STORE_04,Health & Care,499.0,93,104.9,11.900001525878906
2025-11-04,PROD_18,Daily Multivitamin & Mineral 60s,STORE_04,Health & Care,489.02,142,104.7,-37.30000305175781
2025-11-05,PROD_18,Daily Multivitamin & Mineral 60s,STORE_04,Health & Care,499.0,117,105.5,-11.5
2025-11-06,PROD_18,Daily Multivitamin & Mineral 60s,STORE_04,Health & Care,499.0,92,104.7,12.699996948242188
2025-11-07,PROD_18,Daily Multivitamin & Mineral 60s,STORE_04,Health & Care,499.0,115,119.5,4.5
2025-11-08,PROD_18,Daily Multivitamin & Mineral 60s,STORE_04,Health & Care,499.0,151,137.7,-13.300003051757812
2025-11-09,PROD_18,Daily Multivitamin & Mineral 60s,STORE_04,Health & Care,499.0,116,137.5,21.5
2025-11-10,PROD_18,Daily Multivitamin & Mineral 60s,STORE_04,Health & Care,499.0,99,103.4,4.400001525878906
2025-11-11,PROD_18,Daily Multivitamin & Mineral 60s,STORE_04,Health & Care,479.04,100,102.0,2.0
2025-11-12,PROD_18,Daily Multivitamin & Mineral 60s,STORE_04,Health & Care,474.05,151,130.8,-20.199996948242188
2025-11-13,PROD_18,Daily Multivitamin & Mineral 60s,STORE_04,Health & Care,499.0,114,103.5,-10.5
2025-11-14,PROD_18,Daily Multivitamin & Mineral 60s,STORE_04,Health & Care,449.1,186,157.1,-28.899993896484375
2025-11-15,PROD_18,Daily Multivitamin & Mineral 60s,STORE_04,Health & Care,499.0,156,137.7,-18.300003051757812
2025-11-16,PROD_18,Daily Multivitamin & Mineral 60s,STORE_04,Health & Care,499.0,177,137.7,-39.30000305175781
2025-11-17,PROD_18,Daily Multivitamin & Mineral 60s,STORE_04,Health & Care,499.0,118,109.4,-8.599998474121094
2025-11-18,PROD_18,Daily Multivitamin & Mineral 60s,STORE_04,Health & Care,499.0,84,112.4,28.400001525878906
2025-11-19,PROD_18,Daily Multivitamin & Mineral 60s,STORE_04,Health & Care,479.04,121,107.7,-13.300003051757812
2025-11-20,PROD_18,Daily Multivitamin & Mineral 60s,STORE_04,Health & Care,499.0,95,111.0,16.0
2025-11-21,PROD_18,Daily Multivitamin & Mineral 60s,STORE_04,Health & Care,499.0,129,119.3,-9.699996948242188
2025-11-22,PROD_18,Daily Multivitamin & Mineral 60s,STORE_04,Health & Care,424.15,213,191.5,-21.5
2025-11-23,PROD_18,Daily Multivitamin & Mineral 60s,STORE_04,Health & Care,499.0,132,142.6,10.600006103515625
2025-11-24,PROD_18,Daily Multivitamin & Mineral 60s,STORE_04,Health & Care,499.0,118,104.6,-13.400001525878906
2025-11-25,PROD_18,Daily Multivitamin & Mineral 60s,STORE_04,Health & Care,489.02,119,104.6,-14.400001525878906
2025-11-26,PROD_18,Daily Multivitamin & Mineral 60s,STORE_04,Health & Care,499.0,126,105.6,-20.400001525878906
2025-11-27,PROD_18,Daily Multivitamin & Mineral 60s,STORE_04,Health & Care,424.15,181,153.8,-27.199996948242188
2025-11-28,PROD_18,Daily Multivitamin & Mineral 60s,STORE_04,Health & Care,499.0,120,129.6,9.600006103515625
2025-11-29,PROD_18,Daily Multivitamin & Mineral 60s,STORE_04,Health & Care,499.0,147,141.6,-5.399993896484375
2025-11-30,PROD_18,Daily Multivitamin & Mineral 60s,STORE_04,Health & Care,499.0,151,140.5,-10.5
2025-12-01,PROD_18,Daily Multivitamin & Mineral 60s,STORE_04,Health & Care,499.0,106,113.2,7.1999969482421875
2025-12-02,PROD_18,Daily Multivitamin & Mineral 60s,STORE_04,Health & Care,499.0,97,112.0,15.0
2025-12-03,PROD_18,Daily Multivitamin & Mineral 60s,STORE_04,Health & Care,499.0,93,107.0,14.0
2025-12-04,PROD_18,Daily Multivitamin & Mineral 60s,STORE_04,Health & Care,499.0,129,108.5,-20.5
2025-12-05,PROD_18,Daily Multivitamin & Mineral 60s,STORE_04,Health & Care,489.02,152,129.9,-22.100006103515625
2025-12-06,PROD_18,Daily Multivitamin & Mineral 60s,STORE_04,Health & Care,499.0,139,140.0,1.0
2025-12-07,PROD_18,Daily Multivitamin & Mineral 60s,STORE_04,Health & Care,449.1,215,184.5,-30.5
2025-12-08,PROD_18,Daily Multivitamin & Mineral 60s,STORE_04,Health & Care,489.02,134,108.2,-25.800003051757812
2025-12-09,PROD_18,Daily Multivitamin & Mineral 60s,STORE_04,Health & Care,499.0,106,114.1,8.099998474121094
2025-12-10,PROD_18,Daily Multivitamin & Mineral 60s,STORE_04,Health & Care,499.0,102,114.7,12.699996948242188
2025-12-11,PROD_18,Daily Multivitamin & Mineral 60s,STORE_04,Health & Care,499.0,117,109.5,-7.5
2025-12-12,PROD_18,Daily Multivitamin & Mineral 60s,STORE_04,Health & Care,499.0,113,135.1,22.100006103515625
2025-12-13,PROD_18,Daily Multivitamin & Mineral 60s,STORE_04,Health & Care,474.05,200,182.3,-17.699996948242188
2025-12-14,PROD_18,Daily Multivitamin & Mineral 60s,STORE_04,Health & Care,499.0,160,140.6,-19.399993896484375
2025-12-15,PROD_18,Daily Multivitamin & Mineral 60s,STORE_04,Health & Care,489.02,127,111.5,-15.5
2025-12-16,PROD_18,Daily Multivitamin & Mineral 60s,STORE_04,Health & Care,479.04,126,110.6,-15.400001525878906
2025-12-17,PROD_18,Daily Multivitamin & Mineral 60s,STORE_04,Health & Care,499.0,127,114.1,-12.900001525878906
2025-12-18,PROD_18,Daily Multivitamin & Mineral 60s,STORE_04,Health & Care,479.04,143,117.5,-25.5
2025-12-19,PROD_18,Daily Multivitamin & Mineral 60s,STORE_04,Health & Care,489.02,135,137.2,2.1999969482421875
2025-12-20,PROD_18,Daily Multivitamin & Mineral 60s,STORE_04,Health & Care,499.0,156,153.4,-2.600006103515625
2025-12-21,PROD_18,Daily Multivitamin & Mineral 60s,STORE_04,Health & Care,474.05,167,200.2,33.19999694824219
2025-12-22,PROD_18,Daily Multivitamin & Mineral 60s,STORE_04,Health & Care,499.0,117,117.3,0.3000030517578125
2025-12-23,PROD_18,Daily Multivitamin & Mineral 60s,STORE_04,Health & Care,499.0,117,117.1,0.09999847412109375
2025-12-24,PROD_18,Daily Multivitamin & Mineral 60s,STORE_04,Health & Care,399.2,154,172.5,18.5
2025-12-25,PROD_18,Daily Multivitamin & Mineral 60s,STORE_04,Health & Care,499.0,149,118.1,-30.900001525878906
2025-12-26,PROD_18,Daily Multivitamin & Mineral 60s,STORE_04,Health & Care,449.1,162,185.3,23.300003051757812
2025-12-27,PROD_18,Daily Multivitamin & Mineral 60s,STORE_04,Health & Care,499.0,134,155.3,21.300003051757812
2025-12-28,PROD_18,Daily Multivitamin & Mineral 60s,STORE_04,Health & Care,499.0,143,154.2,11.199996948242188
2025-12-29,PROD_18,Daily Multivitamin & Mineral 60s,STORE_04,Health & Care,479.04,106,119.3,13.300003051757812
2025-12-30,PROD_18,Daily Multivitamin & Mineral 60s,STORE_04,Health & Care,499.0,111,116.3,5.3000030517578125
2025-12-31,PROD_18,Daily Multivitamin & Mineral 60s,STORE_04,Health & Care,489.02,123,115.6,-7.400001525878906
2025-09-17,PROD_19,Vitamin C Radiance Face Serum 30ml,STORE_01,Health & Care,649.0,81,76.2,-4.8000030517578125
2025-09-18,PROD_19,Vitamin C Radiance Face Serum 30ml,STORE_01,Health & Care,623.04,90,80.7,-9.300003051757812
2025-09-19,PROD_19,Vitamin C Radiance Face Serum 30ml,STORE_01,Health & Care,649.0,100,91.9,-8.099998474121094
2025-09-20,PROD_19,Vitamin C Radiance Face Serum 30ml,STORE_01,Health & Care,649.0,115,103.5,-11.5
2025-09-21,PROD_19,Vitamin C Radiance Face Serum 30ml,STORE_01,Health & Care,649.0,105,103.8,-1.1999969482421875
2025-09-22,PROD_19,Vitamin C Radiance Face Serum 30ml,STORE_01,Health & Care,649.0,68,79.3,11.300003051757812
2025-09-23,PROD_19,Vitamin C Radiance Face Serum 30ml,STORE_01,Health & Care,649.0,75,78.6,3.5999984741210938
2025-09-24,PROD_19,Vitamin C Radiance Face Serum 30ml,STORE_01,Health & Care,649.0,63,79.3,16.300003051757812
2025-09-25,PROD_19,Vitamin C Radiance Face Serum 30ml,STORE_01,Health & Care,649.0,74,77.0,3.0
2025-09-26,PROD_19,Vitamin C Radiance Face Serum 30ml,STORE_01,Health & Care,649.0,75,86.0,11.0
2025-09-27,PROD_19,Vitamin C Radiance Face Serum 30ml,STORE_01,Health & Care,649.0,87,92.5,5.5
2025-09-28,PROD_19,Vitamin C Radiance Face Serum 30ml,STORE_01,Health & Care,649.0,94,94.2,0.1999969482421875
2025-09-29,PROD_19,Vitamin C Radiance Face Serum 30ml,STORE_01,Health & Care,649.0,75,71.9,-3.0999984741210938
2025-09-30,PROD_19,Vitamin C Radiance Face Serum 30ml,STORE_01,Health & Care,519.2,112,109.4,-2.5999984741210938
2025-10-01,PROD_19,Vitamin C Radiance Face Serum 30ml,STORE_01,Health & Care,649.0,87,91.2,4.1999969482421875
2025-10-02,PROD_19,Vitamin C Radiance Face Serum 30ml,STORE_01,Health & Care,623.04,86,96.2,10.199996948242188
2025-10-03,PROD_19,Vitamin C Radiance Face Serum 30ml,STORE_01,Health & Care,649.0,95,105.5,10.5
2025-10-04,PROD_19,Vitamin C Radiance Face Serum 30ml,STORE_01,Health & Care,649.0,122,116.2,-5.8000030517578125
2025-10-05,PROD_19,Vitamin C Radiance Face Serum 30ml,STORE_01,Health & Care,584.1,242,163.6,-78.39999389648438
2025-10-06,PROD_19,Vitamin C Radiance Face Serum 30ml,STORE_01,Health & Care,636.02,105,97.3,-7.6999969482421875
2025-10-07,PROD_19,Vitamin C Radiance Face Serum 30ml,STORE_01,Health & Care,649.0,96,93.3,-2.6999969482421875
2025-10-08,PROD_19,Vitamin C Radiance Face Serum 30ml,STORE_01,Health & Care,649.0,87,98.7,11.699996948242188
2025-10-09,PROD_19,Vitamin C Radiance Face Serum 30ml,STORE_01,Health & Care,649.0,102,93.7,-8.300003051757812
2025-10-10,PROD_19,Vitamin C Radiance Face Serum 30ml,STORE_01,Health & Care,519.2,179,172.6,-6.399993896484375
2025-10-11,PROD_19,Vitamin C Radiance Face Serum 30ml,STORE_01,Health & Care,649.0,118,141.5,23.5
2025-10-12,PROD_19,Vitamin C Radiance Face Serum 30ml,STORE_01,Health & Care,616.55,196,179.6,-16.399993896484375
2025-10-13,PROD_19,Vitamin C Radiance Face Serum 30ml,STORE_01,Health & Care,649.0,112,100.2,-11.800003051757812
2025-10-14,PROD_19,Vitamin C Radiance Face Serum 30ml,STORE_01,Health & Care,616.55,131,132.1,1.100006103515625
2025-10-15,PROD_19,Vitamin C Radiance Face Serum 30ml,STORE_01,Health & Care,636.02,100,110.4,10.400001525878906
2025-10-16,PROD_19,Vitamin C Radiance Face Serum 30ml,STORE_01,Health & Care,649.0,112,110.2,-1.8000030517578125
2025-10-17,PROD_19,Vitamin C Radiance Face Serum 30ml,STORE_01,Health & Care,623.04,126,133.9,7.899993896484375
2025-10-18,PROD_19,Vitamin C Radiance Face Serum 30ml,STORE_01,Health & Care,649.0,121,144.6,23.600006103515625
2025-10-19,PROD_19,Vitamin C Radiance Face Serum 30ml,STORE_01,Health & Care,584.1,205,185.5,-19.5
2025-10-20,PROD_19,Vitamin C Radiance Face Serum 30ml,STORE_01,Health & Care,584.1,139,147.0,8.0
2025-10-21,PROD_19,Vitamin C Radiance Face Serum 30ml,STORE_01,Health & Care,649.0,108,107.5,-0.5
2025-10-22,PROD_19,Vitamin C Radiance Face Serum 30ml,STORE_01,Health & Care,649.0,90,108.5,18.5
2025-10-23,PROD_19,Vitamin C Radiance Face Serum 30ml,STORE_01,Health & Care,486.75,154,177.2,23.199996948242188
2025-10-24,PROD_19,Vitamin C Radiance Face Serum 30ml,STORE_01,Health & Care,551.65,178,180.1,2.100006103515625
2025-10-25,PROD_19,Vitamin C Radiance Face Serum 30ml,STORE_01,Health & Care,649.0,142,145.8,3.8000030517578125
2025-10-26,PROD_19,Vitamin C Radiance Face Serum 30ml,STORE_01,Health & Care,649.0,149,145.2,-3.8000030517578125
2025-10-27,PROD_19,Vitamin C Radiance Face Serum 30ml,STORE_01,Health & Care,649.0,93,110.8,17.800003051757812
2025-10-28,PROD_19,Vitamin C Radiance Face Serum 30ml,STORE_01,Health & Care,636.02,116,111.6,-4.400001525878906
2025-10-29,PROD_19,Vitamin C Radiance Face Serum 30ml,STORE_01,Health & Care,649.0,96,109.3,13.300003051757812
2025-10-30,PROD_19,Vitamin C Radiance Face Serum 30ml,STORE_01,Health & Care,636.02,91,113.4,22.400001525878906
2025-10-31,PROD_19,Vitamin C Radiance Face Serum 30ml,STORE_01,Health & Care,649.0,114,123.2,9.199996948242188
2025-11-01,PROD_19,Vitamin C Radiance Face Serum 30ml,STORE_01,Health & Care,649.0,137,137.0,0.0
2025-11-02,PROD_19,Vitamin C Radiance Face Serum 30ml,STORE_01,Health & Care,649.0,125,137.4,12.399993896484375
2025-11-03,PROD_19,Vitamin C Radiance Face Serum 30ml,STORE_01,Health & Care,649.0,127,100.8,-26.199996948242188
2025-11-04,PROD_19,Vitamin C Radiance Face Serum 30ml,STORE_01,Health & Care,649.0,115,101.5,-13.5
2025-11-05,PROD_19,Vitamin C Radiance Face Serum 30ml,STORE_01,Health & Care,623.04,101,101.3,0.3000030517578125
2025-11-06,PROD_19,Vitamin C Radiance Face Serum 30ml,STORE_01,Health & Care,649.0,88,100.0,12.0
2025-11-07,PROD_19,Vitamin C Radiance Face Serum 30ml,STORE_01,Health & Care,649.0,131,119.8,-11.199996948242188
2025-11-08,PROD_19,Vitamin C Radiance Face Serum 30ml,STORE_01,Health & Care,649.0,191,136.5,-54.5
2025-11-09,PROD_19,Vitamin C Radiance Face Serum 30ml,STORE_01,Health & Care,616.55,169,184.1,15.100006103515625
2025-11-10,PROD_19,Vitamin C Radiance Face Serum 30ml,STORE_01,Health & Care,616.55,139,131.1,-7.899993896484375
2025-11-11,PROD_19,Vitamin C Radiance Face Serum 30ml,STORE_01,Health & Care,649.0,118,107.7,-10.300003051757812
2025-11-12,PROD_19,Vitamin C Radiance Face Serum 30ml,STORE_01,Health & Care,649.0,104,104.6,0.5999984741210938
2025-11-13,PROD_19,Vitamin C Radiance Face Serum 30ml,STORE_01,Health & Care,649.0,120,102.8,-17.199996948242188
2025-11-14,PROD_19,Vitamin C Radiance Face Serum 30ml,STORE_01,Health & Care,584.1,148,177.5,29.5
2025-11-15,PROD_19,Vitamin C Radiance Face Serum 30ml,STORE_01,Health & Care,486.75,233,234.2,1.1999969482421875
2025-11-16,PROD_19,Vitamin C Radiance Face Serum 30ml,STORE_01,Health & Care,551.65,209,224.0,15.0
2025-11-17,PROD_19,Vitamin C Radiance Face Serum 30ml,STORE_01,Health & Care,649.0,107,111.9,4.900001525878906
2025-11-18,PROD_19,Vitamin C Radiance Face Serum 30ml,STORE_01,Health & Care,649.0,95,109.9,14.900001525878906
2025-11-19,PROD_19,Vitamin C Radiance Face Serum 30ml,STORE_01,Health & Care,649.0,90,101.4,11.400001525878906
2025-11-20,PROD_19,Vitamin C Radiance Face Serum 30ml,STORE_01,Health & Care,649.0,92,104.3,12.300003051757812
2025-11-21,PROD_19,Vitamin C Radiance Face Serum 30ml,STORE_01,Health & Care,584.1,176,186.6,10.600006103515625
2025-11-22,PROD_19,Vitamin C Radiance Face Serum 30ml,STORE_01,Health & Care,584.1,185,209.8,24.800003051757812
2025-11-23,PROD_19,Vitamin C Radiance Face Serum 30ml,STORE_01,Health & Care,649.0,124,143.7,19.699996948242188
2025-11-24,PROD_19,Vitamin C Radiance Face Serum 30ml,STORE_01,Health & Care,649.0,107,107.4,0.40000152587890625
2025-11-25,PROD_19,Vitamin C Radiance Face Serum 30ml,STORE_01,Health & Care,616.55,136,137.8,1.8000030517578125
2025-11-26,PROD_19,Vitamin C Radiance Face Serum 30ml,STORE_01,Health & Care,623.04,126,109.7,-16.300003051757812
2025-11-27,PROD_19,Vitamin C Radiance Face Serum 30ml,STORE_01,Health & Care,649.0,116,110.5,-5.5
2025-11-28,PROD_19,Vitamin C Radiance Face Serum 30ml,STORE_01,Health & Care,649.0,119,131.8,12.800003051757812
2025-11-29,PROD_19,Vitamin C Radiance Face Serum 30ml,STORE_01,Health & Care,584.1,185,205.3,20.300003051757812
2025-11-30,PROD_19,Vitamin C Radiance Face Serum 30ml,STORE_01,Health & Care,623.04,144,143.9,-0.100006103515625
2025-12-01,PROD_19,Vitamin C Radiance Face Serum 30ml,STORE_01,Health & Care,649.0,105,112.0,7.0
2025-12-02,PROD_19,Vitamin C Radiance Face Serum 30ml,STORE_01,Health & Care,649.0,108,110.3,2.3000030517578125
2025-12-03,PROD_19,Vitamin C Radiance Face Serum 30ml,STORE_01,Health & Care,649.0,90,110.6,20.599998474121094
2025-12-04,PROD_19,Vitamin C Radiance Face Serum 30ml,STORE_01,Health & Care,649.0,115,104.8,-10.199996948242188
2025-12-05,PROD_19,Vitamin C Radiance Face Serum 30ml,STORE_01,Health & Care,649.0,100,130.2,30.199996948242188
2025-12-06,PROD_19,Vitamin C Radiance Face Serum 30ml,STORE_01,Health & Care,649.0,146,134.3,-11.699996948242188
2025-12-07,PROD_19,Vitamin C Radiance Face Serum 30ml,STORE_01,Health & Care,649.0,152,141.0,-11.0
2025-12-08,PROD_19,Vitamin C Radiance Face Serum 30ml,STORE_01,Health & Care,649.0,106,103.8,-2.1999969482421875
2025-12-09,PROD_19,Vitamin C Radiance Face Serum 30ml,STORE_01,Health & Care,623.04,96,104.7,8.699996948242188
2025-12-10,PROD_19,Vitamin C Radiance Face Serum 30ml,STORE_01,Health & Care,649.0,95,100.1,5.099998474121094
2025-12-11,PROD_19,Vitamin C Radiance Face Serum 30ml,STORE_01,Health & Care,649.0,97,100.3,3.3000030517578125
2025-12-12,PROD_19,Vitamin C Radiance Face Serum 30ml,STORE_01,Health & Care,649.0,117,118.4,1.4000015258789062
2025-12-13,PROD_19,Vitamin C Radiance Face Serum 30ml,STORE_01,Health & Care,649.0,146,137.6,-8.399993896484375
2025-12-14,PROD_19,Vitamin C Radiance Face Serum 30ml,STORE_01,Health & Care,623.04,113,144.0,31.0
2025-12-15,PROD_19,Vitamin C Radiance Face Serum 30ml,STORE_01,Health & Care,636.02,108,99.5,-8.5
2025-12-16,PROD_19,Vitamin C Radiance Face Serum 30ml,STORE_01,Health & Care,649.0,102,99.1,-2.9000015258789062
2025-12-17,PROD_19,Vitamin C Radiance Face Serum 30ml,STORE_01,Health & Care,649.0,106,98.5,-7.5
2025-12-18,PROD_19,Vitamin C Radiance Face Serum 30ml,STORE_01,Health & Care,649.0,122,97.7,-24.300003051757812
2025-12-19,PROD_19,Vitamin C Radiance Face Serum 30ml,STORE_01,Health & Care,649.0,111,120.5,9.5
2025-12-20,PROD_19,Vitamin C Radiance Face Serum 30ml,STORE_01,Health & Care,649.0,158,136.9,-21.100006103515625
2025-12-21,PROD_19,Vitamin C Radiance Face Serum 30ml,STORE_01,Health & Care,649.0,135,133.9,-1.100006103515625
2025-12-22,PROD_19,Vitamin C Radiance Face Serum 30ml,STORE_01,Health & Care,649.0,126,98.7,-27.300003051757812
2025-12-23,PROD_19,Vitamin C Radiance Face Serum 30ml,STORE_01,Health & Care,649.0,104,103.1,-0.9000015258789062
2025-12-24,PROD_19,Vitamin C Radiance Face Serum 30ml,STORE_01,Health & Care,649.0,93,102.6,9.599998474121094
2025-12-25,PROD_19,Vitamin C Radiance Face Serum 30ml,STORE_01,Health & Care,616.55,173,128.5,-44.5
2025-12-26,PROD_19,Vitamin C Radiance Face Serum 30ml,STORE_01,Health & Care,623.04,115,123.6,8.599998474121094
2025-12-27,PROD_19,Vitamin C Radiance Face Serum 30ml,STORE_01,Health & Care,616.55,184,187.3,3.3000030517578125
2025-12-28,PROD_19,Vitamin C Radiance Face Serum 30ml,STORE_01,Health & Care,649.0,117,137.1,20.100006103515625
2025-12-29,PROD_19,Vitamin C Radiance Face Serum 30ml,STORE_01,Health & Care,636.02,103,104.6,1.5999984741210938
2025-12-30,PROD_19,Vitamin C Radiance Face Serum 30ml,STORE_01,Health & Care,649.0,84,101.4,17.400001525878906
2025-12-31,PROD_19,Vitamin C Radiance Face Serum 30ml,STORE_01,Health & Care,649.0,99,99.1,0.09999847412109375
2025-09-17,PROD_19,Vitamin C Radiance Face Serum 30ml,STORE_02,Health & Care,649.0,65,67.1,2.0999984741210938
2025-09-18,PROD_19,Vitamin C Radiance Face Serum 30ml,STORE_02,Health & Care,649.0,54,67.1,13.099998474121094
2025-09-19,PROD_19,Vitamin C Radiance Face Serum 30ml,STORE_02,Health & Care,649.0,87,72.3,-14.699996948242188
2025-09-20,PROD_19,Vitamin C Radiance Face Serum 30ml,STORE_02,Health & Care,649.0,72,88.3,16.300003051757812
2025-09-21,PROD_19,Vitamin C Radiance Face Serum 30ml,STORE_02,Health & Care,649.0,92,83.1,-8.900001525878906
2025-09-22,PROD_19,Vitamin C Radiance Face Serum 30ml,STORE_02,Health & Care,636.02,65,68.4,3.4000015258789062
2025-09-23,PROD_19,Vitamin C Radiance Face Serum 30ml,STORE_02,Health & Care,616.55,83,87.9,4.900001525878906
2025-09-24,PROD_19,Vitamin C Radiance Face Serum 30ml,STORE_02,Health & Care,649.0,62,67.4,5.400001525878906
2025-09-25,PROD_19,Vitamin C Radiance Face Serum 30ml,STORE_02,Health & Care,649.0,75,65.2,-9.800003051757812
2025-09-26,PROD_19,Vitamin C Radiance Face Serum 30ml,STORE_02,Health & Care,649.0,87,78.4,-8.599998474121094
2025-09-27,PROD_19,Vitamin C Radiance Face Serum 30ml,STORE_02,Health & Care,623.04,91,92.0,1.0
2025-09-28,PROD_19,Vitamin C Radiance Face Serum 30ml,STORE_02,Health & Care,649.0,74,86.3,12.300003051757812
2025-09-29,PROD_19,Vitamin C Radiance Face Serum 30ml,STORE_02,Health & Care,649.0,62,66.8,4.8000030517578125
2025-09-30,PROD_19,Vitamin C Radiance Face Serum 30ml,STORE_02,Health & Care,649.0,60,65.5,5.5
2025-10-01,PROD_19,Vitamin C Radiance Face Serum 30ml,STORE_02,Health & Care,649.0,86,80.3,-5.6999969482421875
2025-10-02,PROD_19,Vitamin C Radiance Face Serum 30ml,STORE_02,Health & Care,623.04,83,86.1,3.0999984741210938
2025-10-03,PROD_19,Vitamin C Radiance Face Serum 30ml,STORE_02,Health & Care,636.02,109,96.8,-12.199996948242188
2025-10-04,PROD_19,Vitamin C Radiance Face Serum 30ml,STORE_02,Health & Care,649.0,119,110.3,-8.699996948242188
2025-10-05,PROD_19,Vitamin C Radiance Face Serum 30ml,STORE_02,Health & Care,649.0,133,104.3,-28.699996948242188
2025-10-06,PROD_19,Vitamin C Radiance Face Serum 30ml,STORE_02,Health & Care,649.0,103,84.4,-18.599998474121094
2025-10-07,PROD_19,Vitamin C Radiance Face Serum 30ml,STORE_02,Health & Care,649.0,98,92.2,-5.8000030517578125
2025-10-08,PROD_19,Vitamin C Radiance Face Serum 30ml,STORE_02,Health & Care,649.0,103,95.5,-7.5
2025-10-09,PROD_19,Vitamin C Radiance Face Serum 30ml,STORE_02,Health & Care,649.0,70,100.9,30.900001525878906
2025-10-10,PROD_19,Vitamin C Radiance Face Serum 30ml,STORE_02,Health & Care,649.0,83,104.2,21.199996948242188
2025-10-11,PROD_19,Vitamin C Radiance Face Serum 30ml,STORE_02,Health & Care,649.0,113,115.2,2.1999969482421875
2025-10-12,PROD_19,Vitamin C Radiance Face Serum 30ml,STORE_02,Health & Care,649.0,113,120.5,7.5
2025-10-13,PROD_19,Vitamin C Radiance Face Serum 30ml,STORE_02,Health & Care,649.0,97,93.8,-3.1999969482421875
2025-10-14,PROD_19,Vitamin C Radiance Face Serum 30ml,STORE_02,Health & Care,649.0,92,97.1,5.099998474121094
2025-10-15,PROD_19,Vitamin C Radiance Face Serum 30ml,STORE_02,Health & Care,616.55,131,126.0,-5.0
2025-10-16,PROD_19,Vitamin C Radiance Face Serum 30ml,STORE_02,Health & Care,649.0,94,96.9,2.9000015258789062
2025-10-17,PROD_19,Vitamin C Radiance Face Serum 30ml,STORE_02,Health & Care,636.02,100,121.0,21.0
2025-10-18,PROD_19,Vitamin C Radiance Face Serum 30ml,STORE_02,Health & Care,649.0,155,126.9,-28.099998474121094
2025-10-19,PROD_19,Vitamin C Radiance Face Serum 30ml,STORE_02,Health & Care,649.0,144,129.4,-14.600006103515625
2025-10-20,PROD_19,Vitamin C Radiance Face Serum 30ml,STORE_02,Health & Care,584.1,128,131.4,3.399993896484375
2025-10-21,PROD_19,Vitamin C Radiance Face Serum 30ml,STORE_02,Health & Care,616.55,142,132.4,-9.600006103515625
2025-10-22,PROD_19,Vitamin C Radiance Face Serum 30ml,STORE_02,Health & Care,649.0,93,102.5,9.5
2025-10-23,PROD_19,Vitamin C Radiance Face Serum 30ml,STORE_02,Health & Care,551.65,156,145.3,-10.699996948242188
2025-10-24,PROD_19,Vitamin C Radiance Face Serum 30ml,STORE_02,Health & Care,649.0,91,129.2,38.19999694824219
2025-10-25,PROD_19,Vitamin C Radiance Face Serum 30ml,STORE_02,Health & Care,649.0,163,133.6,-29.399993896484375
2025-10-26,PROD_19,Vitamin C Radiance Face Serum 30ml,STORE_02,Health & Care,636.02,118,139.2,21.199996948242188
2025-10-27,PROD_19,Vitamin C Radiance Face Serum 30ml,STORE_02,Health & Care,649.0,78,104.3,26.300003051757812
2025-10-28,PROD_19,Vitamin C Radiance Face Serum 30ml,STORE_02,Health & Care,649.0,109,91.8,-17.199996948242188
2025-10-29,PROD_19,Vitamin C Radiance Face Serum 30ml,STORE_02,Health & Care,649.0,98,99.7,1.6999969482421875
2025-10-30,PROD_19,Vitamin C Radiance Face Serum 30ml,STORE_02,Health & Care,649.0,92,97.3,5.3000030517578125
2025-10-31,PROD_19,Vitamin C Radiance Face Serum 30ml,STORE_02,Health & Care,649.0,108,120.6,12.599998474121094
2025-11-01,PROD_19,Vitamin C Radiance Face Serum 30ml,STORE_02,Health & Care,616.55,154,164.2,10.199996948242188
2025-11-02,PROD_19,Vitamin C Radiance Face Serum 30ml,STORE_02,Health & Care,649.0,139,126.5,-12.5
2025-11-03,PROD_19,Vitamin C Radiance Face Serum 30ml,STORE_02,Health & Care,649.0,97,96.8,-0.1999969482421875
2025-11-04,PROD_19,Vitamin C Radiance Face Serum 30ml,STORE_02,Health & Care,649.0,88,95.6,7.599998474121094
2025-11-05,PROD_19,Vitamin C Radiance Face Serum 30ml,STORE_02,Health & Care,649.0,101,96.4,-4.599998474121094
2025-11-06,PROD_19,Vitamin C Radiance Face Serum 30ml,STORE_02,Health & Care,623.04,95,96.2,1.1999969482421875
2025-11-07,PROD_19,Vitamin C Radiance Face Serum 30ml,STORE_02,Health & Care,623.04,113,111.7,-1.3000030517578125
2025-11-08,PROD_19,Vitamin C Radiance Face Serum 30ml,STORE_02,Health & Care,649.0,105,125.2,20.199996948242188
2025-11-09,PROD_19,Vitamin C Radiance Face Serum 30ml,STORE_02,Health & Care,649.0,102,123.4,21.400001525878906
2025-11-10,PROD_19,Vitamin C Radiance Face Serum 30ml,STORE_02,Health & Care,649.0,111,92.8,-18.199996948242188
2025-11-11,PROD_19,Vitamin C Radiance Face Serum 30ml,STORE_02,Health & Care,584.1,146,137.1,-8.899993896484375
2025-11-12,PROD_19,Vitamin C Radiance Face Serum 30ml,STORE_02,Health & Care,649.0,105,98.0,-7.0
2025-11-13,PROD_19,Vitamin C Radiance Face Serum 30ml,STORE_02,Health & Care,649.0,97,97.0,0.0
2025-11-14,PROD_19,Vitamin C Radiance Face Serum 30ml,STORE_02,Health & Care,616.55,169,151.1,-17.899993896484375
2025-11-15,PROD_19,Vitamin C Radiance Face Serum 30ml,STORE_02,Health & Care,649.0,112,128.9,16.899993896484375
2025-11-16,PROD_19,Vitamin C Radiance Face Serum 30ml,STORE_02,Health & Care,649.0,129,126.7,-2.3000030517578125
2025-11-17,PROD_19,Vitamin C Radiance Face Serum 30ml,STORE_02,Health & Care,636.02,124,102.2,-21.800003051757812
2025-11-18,PROD_19,Vitamin C Radiance Face Serum 30ml,STORE_02,Health & Care,649.0,90,99.9,9.900001525878906
2025-11-19,PROD_19,Vitamin C Radiance Face Serum 30ml,STORE_02,Health & Care,649.0,96,96.1,0.09999847412109375
2025-11-20,PROD_19,Vitamin C Radiance Face Serum 30ml,STORE_02,Health & Care,649.0,88,96.8,8.800003051757812
2025-11-21,PROD_19,Vitamin C Radiance Face Serum 30ml,STORE_02,Health & Care,616.55,191,145.3,-45.69999694824219
2025-11-22,PROD_19,Vitamin C Radiance Face Serum 30ml,STORE_02,Health & Care,551.65,201,189.7,-11.300003051757812
2025-11-23,PROD_19,Vitamin C Radiance Face Serum 30ml,STORE_02,Health & Care,584.1,178,184.4,6.399993896484375
2025-11-24,PROD_19,Vitamin C Radiance Face Serum 30ml,STORE_02,Health & Care,616.55,112,132.9,20.899993896484375
2025-11-25,PROD_19,Vitamin C Radiance Face Serum 30ml,STORE_02,Health & Care,649.0,97,101.8,4.8000030517578125
2025-11-26,PROD_19,Vitamin C Radiance Face Serum 30ml,STORE_02,Health & Care,649.0,88,98.0,10.0
2025-11-27,PROD_19,Vitamin C Radiance Face Serum 30ml,STORE_02,Health & Care,649.0,90,96.9,6.900001525878906
2025-11-28,PROD_19,Vitamin C Radiance Face Serum 30ml,STORE_02,Health & Care,623.04,125,115.4,-9.599998474121094
2025-11-29,PROD_19,Vitamin C Radiance Face Serum 30ml,STORE_02,Health & Care,649.0,141,134.6,-6.399993896484375
2025-11-30,PROD_19,Vitamin C Radiance Face Serum 30ml,STORE_02,Health & Care,551.65,173,192.0,19.0
2025-12-01,PROD_19,Vitamin C Radiance Face Serum 30ml,STORE_02,Health & Care,649.0,87,100.8,13.800003051757812
2025-12-02,PROD_19,Vitamin C Radiance Face Serum 30ml,STORE_02,Health & Care,649.0,85,94.4,9.400001525878906
2025-12-03,PROD_19,Vitamin C Radiance Face Serum 30ml,STORE_02,Health & Care,636.02,79,97.4,18.400001525878906
2025-12-04,PROD_19,Vitamin C Radiance Face Serum 30ml,STORE_02,Health & Care,649.0,90,94.9,4.900001525878906
2025-12-05,PROD_19,Vitamin C Radiance Face Serum 30ml,STORE_02,Health & Care,636.02,103,114.4,11.400001525878906
2025-12-06,PROD_19,Vitamin C Radiance Face Serum 30ml,STORE_02,Health & Care,649.0,129,120.9,-8.099998474121094
2025-12-07,PROD_19,Vitamin C Radiance Face Serum 30ml,STORE_02,Health & Care,649.0,121,121.6,0.5999984741210938
2025-12-08,PROD_19,Vitamin C Radiance Face Serum 30ml,STORE_02,Health & Care,649.0,101,94.2,-6.8000030517578125
2025-12-09,PROD_19,Vitamin C Radiance Face Serum 30ml,STORE_02,Health & Care,519.2,167,159.5,-7.5
2025-12-10,PROD_19,Vitamin C Radiance Face Serum 30ml,STORE_02,Health & Care,649.0,97,96.0,-1.0
2025-12-11,PROD_19,Vitamin C Radiance Face Serum 30ml,STORE_02,Health & Care,616.55,139,126.9,-12.099998474121094
2025-12-12,PROD_19,Vitamin C Radiance Face Serum 30ml,STORE_02,Health & Care,649.0,112,122.7,10.699996948242188
2025-12-13,PROD_19,Vitamin C Radiance Face Serum 30ml,STORE_02,Health & Care,649.0,125,133.3,8.300003051757812
2025-12-14,PROD_19,Vitamin C Radiance Face Serum 30ml,STORE_02,Health & Care,623.04,125,137.2,12.199996948242188
2025-12-15,PROD_19,Vitamin C Radiance Face Serum 30ml,STORE_02,Health & Care,649.0,100,99.8,-0.1999969482421875
2025-12-16,PROD_19,Vitamin C Radiance Face Serum 30ml,STORE_02,Health & Care,649.0,82,98.3,16.300003051757812
2025-12-17,PROD_19,Vitamin C Radiance Face Serum 30ml,STORE_02,Health & Care,649.0,106,96.7,-9.300003051757812
2025-12-18,PROD_19,Vitamin C Radiance Face Serum 30ml,STORE_02,Health & Care,649.0,88,96.5,8.5
2025-12-19,PROD_19,Vitamin C Radiance Face Serum 30ml,STORE_02,Health & Care,649.0,117,112.9,-4.099998474121094
2025-12-20,PROD_19,Vitamin C Radiance Face Serum 30ml,STORE_02,Health & Care,486.75,261,223.7,-37.30000305175781
2025-12-21,PROD_19,Vitamin C Radiance Face Serum 30ml,STORE_02,Health & Care,616.55,158,181.2,23.199996948242188
2025-12-22,PROD_19,Vitamin C Radiance Face Serum 30ml,STORE_02,Health & Care,623.04,107,100.2,-6.8000030517578125
2025-12-23,PROD_19,Vitamin C Radiance Face Serum 30ml,STORE_02,Health & Care,636.02,100,98.7,-1.3000030517578125
2025-12-24,PROD_19,Vitamin C Radiance Face Serum 30ml,STORE_02,Health & Care,649.0,111,93.8,-17.199996948242188
2025-12-25,PROD_19,Vitamin C Radiance Face Serum 30ml,STORE_02,Health & Care,636.02,87,97.3,10.300003051757812
2025-12-26,PROD_19,Vitamin C Radiance Face Serum 30ml,STORE_02,Health & Care,616.55,123,148.6,25.600006103515625
2025-12-27,PROD_19,Vitamin C Radiance Face Serum 30ml,STORE_02,Health & Care,649.0,169,134.3,-34.69999694824219
2025-12-28,PROD_19,Vitamin C Radiance Face Serum 30ml,STORE_02,Health & Care,616.55,156,177.7,21.699996948242188
2025-12-29,PROD_19,Vitamin C Radiance Face Serum 30ml,STORE_02,Health & Care,616.55,117,128.7,11.699996948242188
2025-12-30,PROD_19,Vitamin C Radiance Face Serum 30ml,STORE_02,Health & Care,649.0,102,102.0,0.0
2025-12-31,PROD_19,Vitamin C Radiance Face Serum 30ml,STORE_02,Health & Care,616.55,112,135.0,23.0
2025-09-17,PROD_19,Vitamin C Radiance Face Serum 30ml,STORE_03,Health & Care,584.1,113,106.7,-6.3000030517578125
2025-09-18,PROD_19,Vitamin C Radiance Face Serum 30ml,STORE_03,Health & Care,649.0,78,75.3,-2.6999969482421875
2025-09-19,PROD_19,Vitamin C Radiance Face Serum 30ml,STORE_03,Health & Care,649.0,77,89.7,12.699996948242188
2025-09-20,PROD_19,Vitamin C Radiance Face Serum 30ml,STORE_03,Health & Care,636.02,118,97.7,-20.300003051757812
2025-09-21,PROD_19,Vitamin C Radiance Face Serum 30ml,STORE_03,Health & Care,623.04,109,107.0,-2.0
2025-09-22,PROD_19,Vitamin C Radiance Face Serum 30ml,STORE_03,Health & Care,649.0,67,77.1,10.099998474121094
2025-09-23,PROD_19,Vitamin C Radiance Face Serum 30ml,STORE_03,Health & Care,649.0,75,77.3,2.3000030517578125
2025-09-24,PROD_19,Vitamin C Radiance Face Serum 30ml,STORE_03,Health & Care,636.02,72,76.2,4.1999969482421875
2025-09-25,PROD_19,Vitamin C Radiance Face Serum 30ml,STORE_03,Health & Care,649.0,77,77.2,0.1999969482421875
2025-09-26,PROD_19,Vitamin C Radiance Face Serum 30ml,STORE_03,Health & Care,649.0,96,86.8,-9.199996948242188
2025-09-27,PROD_19,Vitamin C Radiance Face Serum 30ml,STORE_03,Health & Care,649.0,120,102.7,-17.300003051757812
2025-09-28,PROD_19,Vitamin C Radiance Face Serum 30ml,STORE_03,Health & Care,649.0,100,98.4,-1.5999984741210938
2025-09-29,PROD_19,Vitamin C Radiance Face Serum 30ml,STORE_03,Health & Care,649.0,81,74.7,-6.3000030517578125
2025-09-30,PROD_19,Vitamin C Radiance Face Serum 30ml,STORE_03,Health & Care,649.0,87,76.8,-10.199996948242188
2025-10-01,PROD_19,Vitamin C Radiance Face Serum 30ml,STORE_03,Health & Care,649.0,125,96.1,-28.900001525878906
2025-10-02,PROD_19,Vitamin C Radiance Face Serum 30ml,STORE_03,Health & Care,649.0,107,97.2,-9.800003051757812
2025-10-03,PROD_19,Vitamin C Radiance Face Serum 30ml,STORE_03,Health & Care,636.02,117,115.9,-1.0999984741210938
2025-10-04,PROD_19,Vitamin C Radiance Face Serum 30ml,STORE_03,Health & Care,623.04,125,136.3,11.300003051757812
2025-10-05,PROD_19,Vitamin C Radiance Face Serum 30ml,STORE_03,Health & Care,616.55,150,168.8,18.800003051757812
2025-10-06,PROD_19,Vitamin C Radiance Face Serum 30ml,STORE_03,Health & Care,649.0,104,98.3,-5.6999969482421875
2025-10-07,PROD_19,Vitamin C Radiance Face Serum 30ml,STORE_03,Health & Care,636.02,116,104.2,-11.800003051757812
2025-10-08,PROD_19,Vitamin C Radiance Face Serum 30ml,STORE_03,Health & Care,636.02,103,103.1,0.09999847412109375
2025-10-09,PROD_19,Vitamin C Radiance Face Serum 30ml,STORE_03,Health & Care,616.55,146,136.3,-9.699996948242188
2025-10-10,PROD_19,Vitamin C Radiance Face Serum 30ml,STORE_03,Health & Care,623.04,153,131.7,-21.300003051757812
2025-10-11,PROD_19,Vitamin C Radiance Face Serum 30ml,STORE_03,Health & Care,649.0,115,148.9,33.899993896484375
2025-10-12,PROD_19,Vitamin C Radiance Face Serum 30ml,STORE_03,Health & Care,636.02,135,144.4,9.399993896484375
2025-10-13,PROD_19,Vitamin C Radiance Face Serum 30ml,STORE_03,Health & Care,519.2,157,166.2,9.199996948242188
2025-10-14,PROD_19,Vitamin C Radiance Face Serum 30ml,STORE_03,Health & Care,649.0,88,111.0,23.0
2025-10-15,PROD_19,Vitamin C Radiance Face Serum 30ml,STORE_03,Health & Care,649.0,103,109.7,6.6999969482421875
2025-10-16,PROD_19,Vitamin C Radiance Face Serum 30ml,STORE_03,Health & Care,649.0,95,108.4,13.400001525878906
2025-10-17,PROD_19,Vitamin C Radiance Face Serum 30ml,STORE_03,Health & Care,649.0,108,122.5,14.5
2025-10-18,PROD_19,Vitamin C Radiance Face Serum 30ml,STORE_03,Health & Care,623.04,132,144.2,12.199996948242188
2025-10-19,PROD_19,Vitamin C Radiance Face Serum 30ml,STORE_03,Health & Care,649.0,127,144.0,17.0
2025-10-20,PROD_19,Vitamin C Radiance Face Serum 30ml,STORE_03,Health & Care,649.0,108,103.0,-5.0
2025-10-21,PROD_19,Vitamin C Radiance Face Serum 30ml,STORE_03,Health & Care,649.0,95,104.2,9.199996948242188
2025-10-22,PROD_19,Vitamin C Radiance Face Serum 30ml,STORE_03,Health & Care,584.1,130,146.6,16.600006103515625
2025-10-23,PROD_19,Vitamin C Radiance Face Serum 30ml,STORE_03,Health & Care,551.65,159,156.1,-2.899993896484375
2025-10-24,PROD_19,Vitamin C Radiance Face Serum 30ml,STORE_03,Health & Care,649.0,111,129.9,18.899993896484375
2025-10-25,PROD_19,Vitamin C Radiance Face Serum 30ml,STORE_03,Health & Care,649.0,125,145.6,20.600006103515625
2025-10-26,PROD_19,Vitamin C Radiance Face Serum 30ml,STORE_03,Health & Care,649.0,125,142.5,17.5
2025-10-27,PROD_19,Vitamin C Radiance Face Serum 30ml,STORE_03,Health & Care,649.0,95,108.2,13.199996948242188
2025-10-28,PROD_19,Vitamin C Radiance Face Serum 30ml,STORE_03,Health & Care,551.65,154,157.6,3.600006103515625
2025-10-29,PROD_19,Vitamin C Radiance Face Serum 30ml,STORE_03,Health & Care,623.04,118,117.5,-0.5
2025-10-30,PROD_19,Vitamin C Radiance Face Serum 30ml,STORE_03,Health & Care,636.02,109,112.8,3.8000030517578125
2025-10-31,PROD_19,Vitamin C Radiance Face Serum 30ml,STORE_03,Health & Care,623.04,130,135.1,5.100006103515625
2025-11-01,PROD_19,Vitamin C Radiance Face Serum 30ml,STORE_03,Health & Care,551.65,213,194.8,-18.199996948242188
2025-11-02,PROD_19,Vitamin C Radiance Face Serum 30ml,STORE_03,Health & Care,649.0,117,140.3,23.300003051757812
2025-11-03,PROD_19,Vitamin C Radiance Face Serum 30ml,STORE_03,Health & Care,649.0,111,103.8,-7.1999969482421875
2025-11-04,PROD_19,Vitamin C Radiance Face Serum 30ml,STORE_03,Health & Care,649.0,96,103.1,7.099998474121094
2025-11-05,PROD_19,Vitamin C Radiance Face Serum 30ml,STORE_03,Health & Care,649.0,103,101.5,-1.5
2025-11-06,PROD_19,Vitamin C Radiance Face Serum 30ml,STORE_03,Health & Care,636.02,108,106.7,-1.3000030517578125
2025-11-07,PROD_19,Vitamin C Radiance Face Serum 30ml,STORE_03,Health & Care,649.0,124,117.8,-6.1999969482421875
2025-11-08,PROD_19,Vitamin C Radiance Face Serum 30ml,STORE_03,Health & Care,623.04,152,138.1,-13.899993896484375
2025-11-09,PROD_19,Vitamin C Radiance Face Serum 30ml,STORE_03,Health & Care,616.55,179,177.8,-1.1999969482421875
2025-11-10,PROD_19,Vitamin C Radiance Face Serum 30ml,STORE_03,Health & Care,584.1,140,148.2,8.199996948242188
2025-11-11,PROD_19,Vitamin C Radiance Face Serum 30ml,STORE_03,Health & Care,649.0,102,104.8,2.8000030517578125
2025-11-12,PROD_19,Vitamin C Radiance Face Serum 30ml,STORE_03,Health & Care,623.04,95,105.7,10.699996948242188
2025-11-13,PROD_19,Vitamin C Radiance Face Serum 30ml,STORE_03,Health & Care,649.0,106,102.9,-3.0999984741210938
2025-11-14,PROD_19,Vitamin C Radiance Face Serum 30ml,STORE_03,Health & Care,616.55,151,161.1,10.100006103515625
2025-11-15,PROD_19,Vitamin C Radiance Face Serum 30ml,STORE_03,Health & Care,616.55,196,186.7,-9.300003051757812
2025-11-16,PROD_19,Vitamin C Radiance Face Serum 30ml,STORE_03,Health & Care,584.1,221,194.0,-27.0
2025-11-17,PROD_19,Vitamin C Radiance Face Serum 30ml,STORE_03,Health & Care,636.02,127,103.1,-23.900001525878906
2025-11-18,PROD_19,Vitamin C Radiance Face Serum 30ml,STORE_03,Health & Care,649.0,104,104.0,0.0
2025-11-19,PROD_19,Vitamin C Radiance Face Serum 30ml,STORE_03,Health & Care,649.0,111,105.3,-5.6999969482421875
2025-11-20,PROD_19,Vitamin C Radiance Face Serum 30ml,STORE_03,Health & Care,584.1,136,159.3,23.300003051757812
2025-11-21,PROD_19,Vitamin C Radiance Face Serum 30ml,STORE_03,Health & Care,649.0,107,126.8,19.800003051757812
2025-11-22,PROD_19,Vitamin C Radiance Face Serum 30ml,STORE_03,Health & Care,649.0,124,133.3,9.300003051757812
2025-11-23,PROD_19,Vitamin C Radiance Face Serum 30ml,STORE_03,Health & Care,649.0,123,138.9,15.899993896484375
2025-11-24,PROD_19,Vitamin C Radiance Face Serum 30ml,STORE_03,Health & Care,649.0,108,104.4,-3.5999984741210938
2025-11-25,PROD_19,Vitamin C Radiance Face Serum 30ml,STORE_03,Health & Care,649.0,116,106.4,-9.599998474121094
2025-11-26,PROD_19,Vitamin C Radiance Face Serum 30ml,STORE_03,Health & Care,649.0,111,105.7,-5.3000030517578125
2025-11-27,PROD_19,Vitamin C Radiance Face Serum 30ml,STORE_03,Health & Care,649.0,113,105.7,-7.3000030517578125
2025-11-28,PROD_19,Vitamin C Radiance Face Serum 30ml,STORE_03,Health & Care,649.0,125,128.5,3.5
2025-11-29,PROD_19,Vitamin C Radiance Face Serum 30ml,STORE_03,Health & Care,649.0,150,143.5,-6.5
2025-11-30,PROD_19,Vitamin C Radiance Face Serum 30ml,STORE_03,Health & Care,649.0,208,135.1,-72.89999389648438
2025-12-01,PROD_19,Vitamin C Radiance Face Serum 30ml,STORE_03,Health & Care,616.55,133,140.3,7.3000030517578125
2025-12-02,PROD_19,Vitamin C Radiance Face Serum 30ml,STORE_03,Health & Care,649.0,92,106.9,14.900001525878906
2025-12-03,PROD_19,Vitamin C Radiance Face Serum 30ml,STORE_03,Health & Care,649.0,86,104.7,18.699996948242188
2025-12-04,PROD_19,Vitamin C Radiance Face Serum 30ml,STORE_03,Health & Care,649.0,111,103.6,-7.400001525878906
2025-12-05,PROD_19,Vitamin C Radiance Face Serum 30ml,STORE_03,Health & Care,649.0,111,123.7,12.699996948242188
2025-12-06,PROD_19,Vitamin C Radiance Face Serum 30ml,STORE_03,Health & Care,636.02,155,137.2,-17.800003051757812
2025-12-07,PROD_19,Vitamin C Radiance Face Serum 30ml,STORE_03,Health & Care,649.0,129,137.8,8.800003051757812
2025-12-08,PROD_19,Vitamin C Radiance Face Serum 30ml,STORE_03,Health & Care,584.1,182,145.1,-36.899993896484375
2025-12-09,PROD_19,Vitamin C Radiance Face Serum 30ml,STORE_03,Health & Care,649.0,109,105.6,-3.4000015258789062
2025-12-10,PROD_19,Vitamin C Radiance Face Serum 30ml,STORE_03,Health & Care,649.0,105,108.1,3.0999984741210938
2025-12-11,PROD_19,Vitamin C Radiance Face Serum 30ml,STORE_03,Health & Care,649.0,95,108.9,13.900001525878906
2025-12-12,PROD_19,Vitamin C Radiance Face Serum 30ml,STORE_03,Health & Care,649.0,126,123.4,-2.5999984741210938
2025-12-13,PROD_19,Vitamin C Radiance Face Serum 30ml,STORE_03,Health & Care,649.0,192,142.1,-49.899993896484375
2025-12-14,PROD_19,Vitamin C Radiance Face Serum 30ml,STORE_03,Health & Care,649.0,157,139.9,-17.100006103515625
2025-12-15,PROD_19,Vitamin C Radiance Face Serum 30ml,STORE_03,Health & Care,636.02,105,111.2,6.1999969482421875
2025-12-16,PROD_19,Vitamin C Radiance Face Serum 30ml,STORE_03,Health & Care,649.0,108,103.7,-4.3000030517578125
2025-12-17,PROD_19,Vitamin C Radiance Face Serum 30ml,STORE_03,Health & Care,649.0,91,105.7,14.699996948242188
2025-12-18,PROD_19,Vitamin C Radiance Face Serum 30ml,STORE_03,Health & Care,649.0,114,105.4,-8.599998474121094
2025-12-19,PROD_19,Vitamin C Radiance Face Serum 30ml,STORE_03,Health & Care,649.0,127,124.2,-2.8000030517578125
2025-12-20,PROD_19,Vitamin C Radiance Face Serum 30ml,STORE_03,Health & Care,616.55,187,182.9,-4.100006103515625
2025-12-21,PROD_19,Vitamin C Radiance Face Serum 30ml,STORE_03,Health & Care,636.02,151,135.2,-15.800003051757812
2025-12-22,PROD_19,Vitamin C Radiance Face Serum 30ml,STORE_03,Health & Care,636.02,115,108.4,-6.599998474121094
2025-12-23,PROD_19,Vitamin C Radiance Face Serum 30ml,STORE_03,Health & Care,616.55,150,136.8,-13.199996948242188
2025-12-24,PROD_19,Vitamin C Radiance Face Serum 30ml,STORE_03,Health & Care,649.0,87,107.7,20.699996948242188
2025-12-25,PROD_19,Vitamin C Radiance Face Serum 30ml,STORE_03,Health & Care,649.0,106,106.7,0.6999969482421875
2025-12-26,PROD_19,Vitamin C Radiance Face Serum 30ml,STORE_03,Health & Care,649.0,127,121.9,-5.099998474121094
2025-12-27,PROD_19,Vitamin C Radiance Face Serum 30ml,STORE_03,Health & Care,649.0,141,143.5,2.5
2025-12-28,PROD_19,Vitamin C Radiance Face Serum 30ml,STORE_03,Health & Care,551.65,208,214.5,6.5
2025-12-29,PROD_19,Vitamin C Radiance Face Serum 30ml,STORE_03,Health & Care,551.65,170,161.3,-8.699996948242188
2025-12-30,PROD_19,Vitamin C Radiance Face Serum 30ml,STORE_03,Health & Care,649.0,112,107.2,-4.8000030517578125
2025-12-31,PROD_19,Vitamin C Radiance Face Serum 30ml,STORE_03,Health & Care,551.65,152,157.6,5.600006103515625
2025-09-17,PROD_19,Vitamin C Radiance Face Serum 30ml,STORE_04,Health & Care,649.0,49,56.2,7.200000762939453
2025-09-18,PROD_19,Vitamin C Radiance Face Serum 30ml,STORE_04,Health & Care,584.1,92,79.0,-13.0
2025-09-19,PROD_19,Vitamin C Radiance Face Serum 30ml,STORE_04,Health & Care,649.0,58,67.8,9.800003051757812
2025-09-20,PROD_19,Vitamin C Radiance Face Serum 30ml,STORE_04,Health & Care,584.1,99,104.4,5.400001525878906
2025-09-21,PROD_19,Vitamin C Radiance Face Serum 30ml,STORE_04,Health & Care,649.0,73,73.1,0.09999847412109375
2025-09-22,PROD_19,Vitamin C Radiance Face Serum 30ml,STORE_04,Health & Care,649.0,44,58.2,14.200000762939453
2025-09-23,PROD_19,Vitamin C Radiance Face Serum 30ml,STORE_04,Health & Care,649.0,59,55.8,-3.200000762939453
2025-09-24,PROD_19,Vitamin C Radiance Face Serum 30ml,STORE_04,Health & Care,649.0,42,55.8,13.799999237060547
2025-09-25,PROD_19,Vitamin C Radiance Face Serum 30ml,STORE_04,Health & Care,623.04,52,55.8,3.799999237060547
2025-09-26,PROD_19,Vitamin C Radiance Face Serum 30ml,STORE_04,Health & Care,623.04,55,65.7,10.699996948242188
2025-09-27,PROD_19,Vitamin C Radiance Face Serum 30ml,STORE_04,Health & Care,616.55,79,92.7,13.699996948242188
2025-09-28,PROD_19,Vitamin C Radiance Face Serum 30ml,STORE_04,Health & Care,649.0,67,68.5,1.5
2025-09-29,PROD_19,Vitamin C Radiance Face Serum 30ml,STORE_04,Health & Care,584.1,75,74.1,-0.9000015258789062
2025-09-30,PROD_19,Vitamin C Radiance Face Serum 30ml,STORE_04,Health & Care,584.1,72,79.2,7.1999969482421875
2025-10-01,PROD_19,Vitamin C Radiance Face Serum 30ml,STORE_04,Health & Care,649.0,56,65.1,9.099998474121094
2025-10-02,PROD_19,Vitamin C Radiance Face Serum 30ml,STORE_04,Health & Care,584.1,114,88.8,-25.199996948242188
2025-10-03,PROD_19,Vitamin C Radiance Face Serum 30ml,STORE_04,Health & Care,649.0,84,82.6,-1.4000015258789062
2025-10-04,PROD_19,Vitamin C Radiance Face Serum 30ml,STORE_04,Health & Care,649.0,90,86.1,-3.9000015258789062
2025-10-05,PROD_19,Vitamin C Radiance Face Serum 30ml,STORE_04,Health & Care,623.04,103,89.4,-13.599998474121094
2025-10-06,PROD_19,Vitamin C Radiance Face Serum 30ml,STORE_04,Health & Care,649.0,67,76.0,9.0
2025-10-07,PROD_19,Vitamin C Radiance Face Serum 30ml,STORE_04,Health & Care,649.0,67,72.3,5.3000030517578125
2025-10-08,PROD_19,Vitamin C Radiance Face Serum 30ml,STORE_04,Health & Care,649.0,68,70.8,2.8000030517578125
2025-10-09,PROD_19,Vitamin C Radiance Face Serum 30ml,STORE_04,Health & Care,649.0,49,72.8,23.800003051757812
2025-10-10,PROD_19,Vitamin C Radiance Face Serum 30ml,STORE_04,Health & Care,649.0,82,80.5,-1.5
2025-10-11,PROD_19,Vitamin C Radiance Face Serum 30ml,STORE_04,Health & Care,584.1,120,133.8,13.800003051757812
2025-10-12,PROD_19,Vitamin C Radiance Face Serum 30ml,STORE_04,Health & Care,649.0,82,90.4,8.400001525878906
2025-10-13,PROD_19,Vitamin C Radiance Face Serum 30ml,STORE_04,Health & Care,649.0,77,74.1,-2.9000015258789062
2025-10-14,PROD_19,Vitamin C Radiance Face Serum 30ml,STORE_04,Health & Care,649.0,66,73.9,7.900001525878906
2025-10-15,PROD_19,Vitamin C Radiance Face Serum 30ml,STORE_04,Health & Care,519.2,102,112.1,10.099998474121094
2025-10-16,PROD_19,Vitamin C Radiance Face Serum 30ml,STORE_04,Health & Care,649.0,67,76.1,9.099998474121094
2025-10-17,PROD_19,Vitamin C Radiance Face Serum 30ml,STORE_04,Health & Care,649.0,89,82.9,-6.099998474121094
2025-10-18,PROD_19,Vitamin C Radiance Face Serum 30ml,STORE_04,Health & Care,649.0,112,100.6,-11.400001525878906
2025-10-19,PROD_19,Vitamin C Radiance Face Serum 30ml,STORE_04,Health & Care,649.0,75,97.2,22.199996948242188
2025-10-20,PROD_19,Vitamin C Radiance Face Serum 30ml,STORE_04,Health & Care,649.0,58,74.3,16.300003051757812
2025-10-21,PROD_19,Vitamin C Radiance Face Serum 30ml,STORE_04,Health & Care,649.0,83,73.5,-9.5
2025-10-22,PROD_19,Vitamin C Radiance Face Serum 30ml,STORE_04,Health & Care,649.0,52,74.4,22.400001525878906
2025-10-23,PROD_19,Vitamin C Radiance Face Serum 30ml,STORE_04,Health & Care,649.0,63,73.0,10.0
2025-10-24,PROD_19,Vitamin C Radiance Face Serum 30ml,STORE_04,Health & Care,649.0,77,81.5,4.5
2025-10-25,PROD_19,Vitamin C Radiance Face Serum 30ml,STORE_04,Health & Care,649.0,111,92.9,-18.099998474121094
2025-10-26,PROD_19,Vitamin C Radiance Face Serum 30ml,STORE_04,Health & Care,649.0,92,93.8,1.8000030517578125
2025-10-27,PROD_19,Vitamin C Radiance Face Serum 30ml,STORE_04,Health & Care,486.75,118,120.6,2.5999984741210938
2025-10-28,PROD_19,Vitamin C Radiance Face Serum 30ml,STORE_04,Health & Care,649.0,84,79.3,-4.6999969482421875
2025-10-29,PROD_19,Vitamin C Radiance Face Serum 30ml,STORE_04,Health & Care,649.0,64,76.4,12.400001525878906
2025-10-30,PROD_19,Vitamin C Radiance Face Serum 30ml,STORE_04,Health & Care,649.0,87,82.7,-4.3000030517578125
2025-10-31,PROD_19,Vitamin C Radiance Face Serum 30ml,STORE_04,Health & Care,649.0,86,93.3,7.3000030517578125
2025-11-01,PROD_19,Vitamin C Radiance Face Serum 30ml,STORE_04,Health & Care,649.0,88,96.0,8.0
2025-11-02,PROD_19,Vitamin C Radiance Face Serum 30ml,STORE_04,Health & Care,649.0,99,96.5,-2.5
2025-11-03,PROD_19,Vitamin C Radiance Face Serum 30ml,STORE_04,Health & Care,649.0,60,73.3,13.300003051757812
2025-11-04,PROD_19,Vitamin C Radiance Face Serum 30ml,STORE_04,Health & Care,636.02,85,71.2,-13.800003051757812
2025-11-05,PROD_19,Vitamin C Radiance Face Serum 30ml,STORE_04,Health & Care,551.65,137,104.3,-32.69999694824219
2025-11-06,PROD_19,Vitamin C Radiance Face Serum 30ml,STORE_04,Health & Care,636.02,57,75.5,18.5
2025-11-07,PROD_19,Vitamin C Radiance Face Serum 30ml,STORE_04,Health & Care,623.04,81,80.6,-0.40000152587890625
2025-11-08,PROD_19,Vitamin C Radiance Face Serum 30ml,STORE_04,Health & Care,616.55,107,122.3,15.300003051757812
2025-11-09,PROD_19,Vitamin C Radiance Face Serum 30ml,STORE_04,Health & Care,623.04,111,95.1,-15.900001525878906
2025-11-10,PROD_19,Vitamin C Radiance Face Serum 30ml,STORE_04,Health & Care,616.55,81,97.3,16.300003051757812
2025-11-11,PROD_19,Vitamin C Radiance Face Serum 30ml,STORE_04,Health & Care,649.0,73,75.4,2.4000015258789062
2025-11-12,PROD_19,Vitamin C Radiance Face Serum 30ml,STORE_04,Health & Care,649.0,70,75.7,5.6999969482421875
2025-11-13,PROD_19,Vitamin C Radiance Face Serum 30ml,STORE_04,Health & Care,649.0,60,72.6,12.599998474121094
2025-11-14,PROD_19,Vitamin C Radiance Face Serum 30ml,STORE_04,Health & Care,616.55,140,109.5,-30.5
2025-11-15,PROD_19,Vitamin C Radiance Face Serum 30ml,STORE_04,Health & Care,584.1,125,129.4,4.399993896484375
2025-11-16,PROD_19,Vitamin C Radiance Face Serum 30ml,STORE_04,Health & Care,649.0,89,93.3,4.3000030517578125
2025-11-17,PROD_19,Vitamin C Radiance Face Serum 30ml,STORE_04,Health & Care,649.0,108,73.9,-34.099998474121094
2025-11-18,PROD_19,Vitamin C Radiance Face Serum 30ml,STORE_04,Health & Care,486.75,131,130.1,-0.899993896484375
2025-11-19,PROD_19,Vitamin C Radiance Face Serum 30ml,STORE_04,Health & Care,649.0,57,80.1,23.099998474121094
2025-11-20,PROD_19,Vitamin C Radiance Face Serum 30ml,STORE_04,Health & Care,649.0,71,73.5,2.5
2025-11-21,PROD_19,Vitamin C Radiance Face Serum 30ml,STORE_04,Health & Care,649.0,81,84.2,3.1999969482421875
2025-11-22,PROD_19,Vitamin C Radiance Face Serum 30ml,STORE_04,Health & Care,649.0,100,98.0,-2.0
2025-11-23,PROD_19,Vitamin C Radiance Face Serum 30ml,STORE_04,Health & Care,519.2,149,159.0,10.0
2025-11-24,PROD_19,Vitamin C Radiance Face Serum 30ml,STORE_04,Health & Care,623.04,73,79.3,6.3000030517578125
2025-11-25,PROD_19,Vitamin C Radiance Face Serum 30ml,STORE_04,Health & Care,649.0,72,75.7,3.6999969482421875
2025-11-26,PROD_19,Vitamin C Radiance Face Serum 30ml,STORE_04,Health & Care,584.1,101,102.4,1.4000015258789062
2025-11-27,PROD_19,Vitamin C Radiance Face Serum 30ml,STORE_04,Health & Care,649.0,74,77.8,3.8000030517578125
2025-11-28,PROD_19,Vitamin C Radiance Face Serum 30ml,STORE_04,Health & Care,649.0,83,89.3,6.3000030517578125
2025-11-29,PROD_19,Vitamin C Radiance Face Serum 30ml,STORE_04,Health & Care,636.02,103,99.0,-4.0
2025-11-30,PROD_19,Vitamin C Radiance Face Serum 30ml,STORE_04,Health & Care,649.0,87,98.2,11.199996948242188
2025-12-01,PROD_19,Vitamin C Radiance Face Serum 30ml,STORE_04,Health & Care,649.0,83,76.7,-6.3000030517578125
2025-12-02,PROD_19,Vitamin C Radiance Face Serum 30ml,STORE_04,Health & Care,649.0,70,78.5,8.5
2025-12-03,PROD_19,Vitamin C Radiance Face Serum 30ml,STORE_04,Health & Care,623.04,81,80.9,-0.09999847412109375
2025-12-04,PROD_19,Vitamin C Radiance Face Serum 30ml,STORE_04,Health & Care,636.02,56,75.5,19.5
2025-12-05,PROD_19,Vitamin C Radiance Face Serum 30ml,STORE_04,Health & Care,649.0,88,80.2,-7.8000030517578125
2025-12-06,PROD_19,Vitamin C Radiance Face Serum 30ml,STORE_04,Health & Care,649.0,115,97.0,-18.0
2025-12-07,PROD_19,Vitamin C Radiance Face Serum 30ml,STORE_04,Health & Care,649.0,103,95.1,-7.900001525878906
2025-12-08,PROD_19,Vitamin C Radiance Face Serum 30ml,STORE_04,Health & Care,649.0,71,76.4,5.400001525878906
2025-12-09,PROD_19,Vitamin C Radiance Face Serum 30ml,STORE_04,Health & Care,636.02,66,75.7,9.699996948242188
2025-12-10,PROD_19,Vitamin C Radiance Face Serum 30ml,STORE_04,Health & Care,649.0,71,74.0,3.0
2025-12-11,PROD_19,Vitamin C Radiance Face Serum 30ml,STORE_04,Health & Care,649.0,74,70.3,-3.6999969482421875
2025-12-12,PROD_19,Vitamin C Radiance Face Serum 30ml,STORE_04,Health & Care,649.0,79,86.7,7.6999969482421875
2025-12-13,PROD_19,Vitamin C Radiance Face Serum 30ml,STORE_04,Health & Care,649.0,88,94.7,6.6999969482421875
2025-12-14,PROD_19,Vitamin C Radiance Face Serum 30ml,STORE_04,Health & Care,649.0,106,94.5,-11.5
2025-12-15,PROD_19,Vitamin C Radiance Face Serum 30ml,STORE_04,Health & Care,636.02,76,74.7,-1.3000030517578125
2025-12-16,PROD_19,Vitamin C Radiance Face Serum 30ml,STORE_04,Health & Care,649.0,69,74.4,5.400001525878906
2025-12-17,PROD_19,Vitamin C Radiance Face Serum 30ml,STORE_04,Health & Care,649.0,68,72.2,4.1999969482421875
2025-12-18,PROD_19,Vitamin C Radiance Face Serum 30ml,STORE_04,Health & Care,649.0,73,73.6,0.5999984741210938
2025-12-19,PROD_19,Vitamin C Radiance Face Serum 30ml,STORE_04,Health & Care,649.0,94,84.7,-9.300003051757812
2025-12-20,PROD_19,Vitamin C Radiance Face Serum 30ml,STORE_04,Health & Care,649.0,116,95.6,-20.400001525878906
2025-12-21,PROD_19,Vitamin C Radiance Face Serum 30ml,STORE_04,Health & Care,649.0,96,94.2,-1.8000030517578125
2025-12-22,PROD_19,Vitamin C Radiance Face Serum 30ml,STORE_04,Health & Care,519.2,108,114.6,6.599998474121094
2025-12-23,PROD_19,Vitamin C Radiance Face Serum 30ml,STORE_04,Health & Care,519.2,127,113.5,-13.5
2025-12-24,PROD_19,Vitamin C Radiance Face Serum 30ml,STORE_04,Health & Care,616.55,110,102.2,-7.8000030517578125
2025-12-25,PROD_19,Vitamin C Radiance Face Serum 30ml,STORE_04,Health & Care,584.1,104,105.6,1.5999984741210938
2025-12-26,PROD_19,Vitamin C Radiance Face Serum 30ml,STORE_04,Health & Care,649.0,109,95.7,-13.300003051757812
2025-12-27,PROD_19,Vitamin C Radiance Face Serum 30ml,STORE_04,Health & Care,649.0,99,112.0,13.0
2025-12-28,PROD_19,Vitamin C Radiance Face Serum 30ml,STORE_04,Health & Care,649.0,118,112.1,-5.900001525878906
2025-12-29,PROD_19,Vitamin C Radiance Face Serum 30ml,STORE_04,Health & Care,551.65,106,119.5,13.5
2025-12-30,PROD_19,Vitamin C Radiance Face Serum 30ml,STORE_04,Health & Care,616.55,88,112.4,24.400001525878906
2025-12-31,PROD_19,Vitamin C Radiance Face Serum 30ml,STORE_04,Health & Care,584.1,111,116.4,5.400001525878906
2025-09-17,PROD_20,Broad-Spectrum Sunscreen Gel SPF50,STORE_01,Health & Care,420.0,84,95.6,11.599998474121094
2025-09-18,PROD_20,Broad-Spectrum Sunscreen Gel SPF50,STORE_01,Health & Care,403.2,88,98.1,10.099998474121094
2025-09-19,PROD_20,Broad-Spectrum Sunscreen Gel SPF50,STORE_01,Health & Care,357.0,147,156.5,9.5
2025-09-20,PROD_20,Broad-Spectrum Sunscreen Gel SPF50,STORE_01,Health & Care,420.0,141,123.2,-17.800003051757812
2025-09-21,PROD_20,Broad-Spectrum Sunscreen Gel SPF50,STORE_01,Health & Care,420.0,162,128.2,-33.80000305175781
2025-09-22,PROD_20,Broad-Spectrum Sunscreen Gel SPF50,STORE_01,Health & Care,420.0,95,94.0,-1.0
2025-09-23,PROD_20,Broad-Spectrum Sunscreen Gel SPF50,STORE_01,Health & Care,420.0,87,94.1,7.099998474121094
2025-09-24,PROD_20,Broad-Spectrum Sunscreen Gel SPF50,STORE_01,Health & Care,411.6,93,96.9,3.9000015258789062
2025-09-25,PROD_20,Broad-Spectrum Sunscreen Gel SPF50,STORE_01,Health & Care,420.0,90,96.1,6.099998474121094
2025-09-26,PROD_20,Broad-Spectrum Sunscreen Gel SPF50,STORE_01,Health & Care,411.6,125,106.3,-18.699996948242188
2025-09-27,PROD_20,Broad-Spectrum Sunscreen Gel SPF50,STORE_01,Health & Care,420.0,129,127.4,-1.5999984741210938
2025-09-28,PROD_20,Broad-Spectrum Sunscreen Gel SPF50,STORE_01,Health & Care,378.0,173,175.0,2.0
2025-09-29,PROD_20,Broad-Spectrum Sunscreen Gel SPF50,STORE_01,Health & Care,420.0,82,94.8,12.800003051757812
2025-09-30,PROD_20,Broad-Spectrum Sunscreen Gel SPF50,STORE_01,Health & Care,420.0,99,96.7,-2.3000030517578125
2025-10-01,PROD_20,Broad-Spectrum Sunscreen Gel SPF50,STORE_01,Health & Care,420.0,134,113.8,-20.199996948242188
2025-10-02,PROD_20,Broad-Spectrum Sunscreen Gel SPF50,STORE_01,Health & Care,420.0,159,116.5,-42.5
2025-10-03,PROD_20,Broad-Spectrum Sunscreen Gel SPF50,STORE_01,Health & Care,420.0,168,146.6,-21.399993896484375
2025-10-04,PROD_20,Broad-Spectrum Sunscreen Gel SPF50,STORE_01,Health & Care,420.0,196,157.7,-38.30000305175781
2025-10-05,PROD_20,Broad-Spectrum Sunscreen Gel SPF50,STORE_01,Health & Care,420.0,174,162.1,-11.899993896484375
2025-10-06,PROD_20,Broad-Spectrum Sunscreen Gel SPF50,STORE_01,Health & Care,420.0,123,120.6,-2.4000015258789062
2025-10-07,PROD_20,Broad-Spectrum Sunscreen Gel SPF50,STORE_01,Health & Care,420.0,143,126.3,-16.699996948242188
2025-10-08,PROD_20,Broad-Spectrum Sunscreen Gel SPF50,STORE_01,Health & Care,420.0,119,125.1,6.099998474121094
2025-10-09,PROD_20,Broad-Spectrum Sunscreen Gel SPF50,STORE_01,Health & Care,420.0,122,124.9,2.9000015258789062
2025-10-10,PROD_20,Broad-Spectrum Sunscreen Gel SPF50,STORE_01,Health & Care,420.0,131,149.6,18.600006103515625
2025-10-11,PROD_20,Broad-Spectrum Sunscreen Gel SPF50,STORE_01,Health & Care,411.6,190,164.9,-25.100006103515625
2025-10-12,PROD_20,Broad-Spectrum Sunscreen Gel SPF50,STORE_01,Health & Care,420.0,178,171.0,-7.0
2025-10-13,PROD_20,Broad-Spectrum Sunscreen Gel SPF50,STORE_01,Health & Care,378.0,209,170.3,-38.69999694824219
2025-10-14,PROD_20,Broad-Spectrum Sunscreen Gel SPF50,STORE_01,Health & Care,420.0,146,126.7,-19.300003051757812
2025-10-15,PROD_20,Broad-Spectrum Sunscreen Gel SPF50,STORE_01,Health & Care,420.0,146,127.6,-18.400001525878906
2025-10-16,PROD_20,Broad-Spectrum Sunscreen Gel SPF50,STORE_01,Health & Care,420.0,133,132.8,-0.1999969482421875
2025-10-17,PROD_20,Broad-Spectrum Sunscreen Gel SPF50,STORE_01,Health & Care,378.0,199,220.8,21.800003051757812
2025-10-18,PROD_20,Broad-Spectrum Sunscreen Gel SPF50,STORE_01,Health & Care,420.0,220,179.4,-40.600006103515625
2025-10-19,PROD_20,Broad-Spectrum Sunscreen Gel SPF50,STORE_01,Health & Care,420.0,159,183.4,24.399993896484375
2025-10-20,PROD_20,Broad-Spectrum Sunscreen Gel SPF50,STORE_01,Health & Care,403.2,137,134.6,-2.399993896484375
2025-10-21,PROD_20,Broad-Spectrum Sunscreen Gel SPF50,STORE_01,Health & Care,420.0,114,131.2,17.199996948242188
2025-10-22,PROD_20,Broad-Spectrum Sunscreen Gel SPF50,STORE_01,Health & Care,420.0,120,131.3,11.300003051757812
2025-10-23,PROD_20,Broad-Spectrum Sunscreen Gel SPF50,STORE_01,Health & Care,420.0,135,134.8,-0.1999969482421875
2025-10-24,PROD_20,Broad-Spectrum Sunscreen Gel SPF50,STORE_01,Health & Care,357.0,186,224.5,38.5
2025-10-25,PROD_20,Broad-Spectrum Sunscreen Gel SPF50,STORE_01,Health & Care,420.0,175,171.9,-3.100006103515625
2025-10-26,PROD_20,Broad-Spectrum Sunscreen Gel SPF50,STORE_01,Health & Care,420.0,146,178.9,32.899993896484375
2025-10-27,PROD_20,Broad-Spectrum Sunscreen Gel SPF50,STORE_01,Health & Care,411.6,114,138.4,24.399993896484375
2025-10-28,PROD_20,Broad-Spectrum Sunscreen Gel SPF50,STORE_01,Health & Care,420.0,145,134.3,-10.699996948242188
2025-10-29,PROD_20,Broad-Spectrum Sunscreen Gel SPF50,STORE_01,Health & Care,403.2,131,145.1,14.100006103515625
2025-10-30,PROD_20,Broad-Spectrum Sunscreen Gel SPF50,STORE_01,Health & Care,420.0,120,141.0,21.0
2025-10-31,PROD_20,Broad-Spectrum Sunscreen Gel SPF50,STORE_01,Health & Care,411.6,141,158.4,17.399993896484375
2025-11-01,PROD_20,Broad-Spectrum Sunscreen Gel SPF50,STORE_01,Health & Care,420.0,173,165.4,-7.600006103515625
2025-11-02,PROD_20,Broad-Spectrum Sunscreen Gel SPF50,STORE_01,Health & Care,420.0,154,163.6,9.600006103515625
2025-11-03,PROD_20,Broad-Spectrum Sunscreen Gel SPF50,STORE_01,Health & Care,420.0,147,126.0,-21.0
2025-11-04,PROD_20,Broad-Spectrum Sunscreen Gel SPF50,STORE_01,Health & Care,399.0,176,177.1,1.100006103515625
2025-11-05,PROD_20,Broad-Spectrum Sunscreen Gel SPF50,STORE_01,Health & Care,420.0,146,128.2,-17.800003051757812
2025-11-06,PROD_20,Broad-Spectrum Sunscreen Gel SPF50,STORE_01,Health & Care,420.0,122,128.8,6.8000030517578125
2025-11-07,PROD_20,Broad-Spectrum Sunscreen Gel SPF50,STORE_01,Health & Care,399.0,225,211.5,-13.5
2025-11-08,PROD_20,Broad-Spectrum Sunscreen Gel SPF50,STORE_01,Health & Care,420.0,175,177.7,2.6999969482421875
2025-11-09,PROD_20,Broad-Spectrum Sunscreen Gel SPF50,STORE_01,Health & Care,420.0,159,179.2,20.199996948242188
2025-11-10,PROD_20,Broad-Spectrum Sunscreen Gel SPF50,STORE_01,Health & Care,378.0,151,187.3,36.30000305175781
2025-11-11,PROD_20,Broad-Spectrum Sunscreen Gel SPF50,STORE_01,Health & Care,399.0,191,181.4,-9.600006103515625
2025-11-12,PROD_20,Broad-Spectrum Sunscreen Gel SPF50,STORE_01,Health & Care,411.6,147,136.5,-10.5
2025-11-13,PROD_20,Broad-Spectrum Sunscreen Gel SPF50,STORE_01,Health & Care,357.0,201,190.8,-10.199996948242188
2025-11-14,PROD_20,Broad-Spectrum Sunscreen Gel SPF50,STORE_01,Health & Care,420.0,158,157.5,-0.5
2025-11-15,PROD_20,Broad-Spectrum Sunscreen Gel SPF50,STORE_01,Health & Care,399.0,225,241.6,16.600006103515625
2025-11-16,PROD_20,Broad-Spectrum Sunscreen Gel SPF50,STORE_01,Health & Care,420.0,158,189.5,31.5
2025-11-17,PROD_20,Broad-Spectrum Sunscreen Gel SPF50,STORE_01,Health & Care,420.0,148,138.9,-9.100006103515625
2025-11-18,PROD_20,Broad-Spectrum Sunscreen Gel SPF50,STORE_01,Health & Care,420.0,117,136.5,19.5
2025-11-19,PROD_20,Broad-Spectrum Sunscreen Gel SPF50,STORE_01,Health & Care,420.0,120,136.4,16.399993896484375
2025-11-20,PROD_20,Broad-Spectrum Sunscreen Gel SPF50,STORE_01,Health & Care,399.0,151,183.4,32.399993896484375
2025-11-21,PROD_20,Broad-Spectrum Sunscreen Gel SPF50,STORE_01,Health & Care,420.0,144,151.7,7.6999969482421875
2025-11-22,PROD_20,Broad-Spectrum Sunscreen Gel SPF50,STORE_01,Health & Care,378.0,243,249.4,6.399993896484375
2025-11-23,PROD_20,Broad-Spectrum Sunscreen Gel SPF50,STORE_01,Health & Care,420.0,166,170.9,4.899993896484375
2025-11-24,PROD_20,Broad-Spectrum Sunscreen Gel SPF50,STORE_01,Health & Care,357.0,201,188.4,-12.600006103515625
2025-11-25,PROD_20,Broad-Spectrum Sunscreen Gel SPF50,STORE_01,Health & Care,420.0,122,137.4,15.399993896484375
2025-11-26,PROD_20,Broad-Spectrum Sunscreen Gel SPF50,STORE_01,Health & Care,420.0,125,136.2,11.199996948242188
2025-11-27,PROD_20,Broad-Spectrum Sunscreen Gel SPF50,STORE_01,Health & Care,420.0,150,133.7,-16.300003051757812
2025-11-28,PROD_20,Broad-Spectrum Sunscreen Gel SPF50,STORE_01,Health & Care,357.0,213,227.1,14.100006103515625
2025-11-29,PROD_20,Broad-Spectrum Sunscreen Gel SPF50,STORE_01,Health & Care,411.6,161,187.0,26.0
2025-11-30,PROD_20,Broad-Spectrum Sunscreen Gel SPF50,STORE_01,Health & Care,315.0,379,286.9,-92.10000610351562
2025-12-01,PROD_20,Broad-Spectrum Sunscreen Gel SPF50,STORE_01,Health & Care,420.0,141,137.7,-3.3000030517578125
2025-12-02,PROD_20,Broad-Spectrum Sunscreen Gel SPF50,STORE_01,Health & Care,378.0,196,195.4,-0.600006103515625
2025-12-03,PROD_20,Broad-Spectrum Sunscreen Gel SPF50,STORE_01,Health & Care,420.0,110,138.1,28.100006103515625
2025-12-04,PROD_20,Broad-Spectrum Sunscreen Gel SPF50,STORE_01,Health & Care,420.0,164,137.7,-26.300003051757812
2025-12-05,PROD_20,Broad-Spectrum Sunscreen Gel SPF50,STORE_01,Health & Care,399.0,189,239.3,50.30000305175781
2025-12-06,PROD_20,Broad-Spectrum Sunscreen Gel SPF50,STORE_01,Health & Care,420.0,162,186.7,24.699996948242188
2025-12-07,PROD_20,Broad-Spectrum Sunscreen Gel SPF50,STORE_01,Health & Care,420.0,149,183.7,34.69999694824219
2025-12-08,PROD_20,Broad-Spectrum Sunscreen Gel SPF50,STORE_01,Health & Care,420.0,159,141.0,-18.0
2025-12-09,PROD_20,Broad-Spectrum Sunscreen Gel SPF50,STORE_01,Health & Care,420.0,136,140.3,4.3000030517578125
2025-12-10,PROD_20,Broad-Spectrum Sunscreen Gel SPF50,STORE_01,Health & Care,420.0,124,139.1,15.100006103515625
2025-12-11,PROD_20,Broad-Spectrum Sunscreen Gel SPF50,STORE_01,Health & Care,420.0,128,144.9,16.899993896484375
2025-12-12,PROD_20,Broad-Spectrum Sunscreen Gel SPF50,STORE_01,Health & Care,411.6,169,160.2,-8.800003051757812
2025-12-13,PROD_20,Broad-Spectrum Sunscreen Gel SPF50,STORE_01,Health & Care,411.6,178,192.1,14.100006103515625
2025-12-14,PROD_20,Broad-Spectrum Sunscreen Gel SPF50,STORE_01,Health & Care,420.0,165,182.2,17.199996948242188
2025-12-15,PROD_20,Broad-Spectrum Sunscreen Gel SPF50,STORE_01,Health & Care,420.0,152,131.7,-20.300003051757812
2025-12-16,PROD_20,Broad-Spectrum Sunscreen Gel SPF50,STORE_01,Health & Care,420.0,143,130.9,-12.100006103515625
2025-12-17,PROD_20,Broad-Spectrum Sunscreen Gel SPF50,STORE_01,Health & Care,420.0,127,131.3,4.3000030517578125
2025-12-18,PROD_20,Broad-Spectrum Sunscreen Gel SPF50,STORE_01,Health & Care,420.0,116,136.6,20.600006103515625
2025-12-19,PROD_20,Broad-Spectrum Sunscreen Gel SPF50,STORE_01,Health & Care,420.0,167,155.5,-11.5
2025-12-20,PROD_20,Broad-Spectrum Sunscreen Gel SPF50,STORE_01,Health & Care,399.0,190,245.5,55.5
2025-12-21,PROD_20,Broad-Spectrum Sunscreen Gel SPF50,STORE_01,Health & Care,420.0,159,175.0,16.0
2025-12-22,PROD_20,Broad-Spectrum Sunscreen Gel SPF50,STORE_01,Health & Care,403.2,204,139.6,-64.39999389648438
2025-12-23,PROD_20,Broad-Spectrum Sunscreen Gel SPF50,STORE_01,Health & Care,420.0,136,129.6,-6.399993896484375
2025-12-24,PROD_20,Broad-Spectrum Sunscreen Gel SPF50,STORE_01,Health & Care,420.0,154,132.1,-21.899993896484375
2025-12-25,PROD_20,Broad-Spectrum Sunscreen Gel SPF50,STORE_01,Health & Care,411.6,124,138.6,14.600006103515625
2025-12-26,PROD_20,Broad-Spectrum Sunscreen Gel SPF50,STORE_01,Health & Care,357.0,199,232.5,33.5
2025-12-27,PROD_20,Broad-Spectrum Sunscreen Gel SPF50,STORE_01,Health & Care,420.0,157,182.3,25.300003051757812
2025-12-28,PROD_20,Broad-Spectrum Sunscreen Gel SPF50,STORE_01,Health & Care,357.0,230,258.5,28.5
2025-12-29,PROD_20,Broad-Spectrum Sunscreen Gel SPF50,STORE_01,Health & Care,411.6,135,145.3,10.300003051757812
2025-12-30,PROD_20,Broad-Spectrum Sunscreen Gel SPF50,STORE_01,Health & Care,399.0,187,185.1,-1.899993896484375
2025-12-31,PROD_20,Broad-Spectrum Sunscreen Gel SPF50,STORE_01,Health & Care,420.0,106,132.8,26.800003051757812
2025-09-17,PROD_20,Broad-Spectrum Sunscreen Gel SPF50,STORE_02,Health & Care,420.0,93,89.5,-3.5
2025-09-18,PROD_20,Broad-Spectrum Sunscreen Gel SPF50,STORE_02,Health & Care,420.0,98,87.4,-10.599998474121094
2025-09-19,PROD_20,Broad-Spectrum Sunscreen Gel SPF50,STORE_02,Health & Care,420.0,106,106.2,0.1999969482421875
2025-09-20,PROD_20,Broad-Spectrum Sunscreen Gel SPF50,STORE_02,Health & Care,420.0,155,118.0,-37.0
2025-09-21,PROD_20,Broad-Spectrum Sunscreen Gel SPF50,STORE_02,Health & Care,420.0,112,119.7,7.6999969482421875
2025-09-22,PROD_20,Broad-Spectrum Sunscreen Gel SPF50,STORE_02,Health & Care,411.6,114,92.1,-21.900001525878906
2025-09-23,PROD_20,Broad-Spectrum Sunscreen Gel SPF50,STORE_02,Health & Care,411.6,103,93.0,-10.0
2025-09-24,PROD_20,Broad-Spectrum Sunscreen Gel SPF50,STORE_02,Health & Care,420.0,71,91.0,20.0
2025-09-25,PROD_20,Broad-Spectrum Sunscreen Gel SPF50,STORE_02,Health & Care,420.0,104,91.5,-12.5
2025-09-26,PROD_20,Broad-Spectrum Sunscreen Gel SPF50,STORE_02,Health & Care,420.0,91,107.8,16.800003051757812
2025-09-27,PROD_20,Broad-Spectrum Sunscreen Gel SPF50,STORE_02,Health & Care,420.0,117,114.7,-2.3000030517578125
2025-09-28,PROD_20,Broad-Spectrum Sunscreen Gel SPF50,STORE_02,Health & Care,420.0,125,118.9,-6.099998474121094
2025-09-29,PROD_20,Broad-Spectrum Sunscreen Gel SPF50,STORE_02,Health & Care,420.0,91,90.4,-0.5999984741210938
2025-09-30,PROD_20,Broad-Spectrum Sunscreen Gel SPF50,STORE_02,Health & Care,399.0,129,120.4,-8.599998474121094
2025-10-01,PROD_20,Broad-Spectrum Sunscreen Gel SPF50,STORE_02,Health & Care,411.6,122,113.5,-8.5
2025-10-02,PROD_20,Broad-Spectrum Sunscreen Gel SPF50,STORE_02,Health & Care,420.0,137,115.9,-21.099998474121094
2025-10-03,PROD_20,Broad-Spectrum Sunscreen Gel SPF50,STORE_02,Health & Care,411.6,132,135.0,3.0
2025-10-04,PROD_20,Broad-Spectrum Sunscreen Gel SPF50,STORE_02,Health & Care,399.0,175,194.4,19.399993896484375
2025-10-05,PROD_20,Broad-Spectrum Sunscreen Gel SPF50,STORE_02,Health & Care,420.0,126,155.1,29.100006103515625
2025-10-06,PROD_20,Broad-Spectrum Sunscreen Gel SPF50,STORE_02,Health & Care,411.6,157,117.9,-39.099998474121094
2025-10-07,PROD_20,Broad-Spectrum Sunscreen Gel SPF50,STORE_02,Health & Care,357.0,173,168.8,-4.1999969482421875
2025-10-08,PROD_20,Broad-Spectrum Sunscreen Gel SPF50,STORE_02,Health & Care,420.0,97,122.2,25.199996948242188
2025-10-09,PROD_20,Broad-Spectrum Sunscreen Gel SPF50,STORE_02,Health & Care,420.0,106,121.0,15.0
2025-10-10,PROD_20,Broad-Spectrum Sunscreen Gel SPF50,STORE_02,Health & Care,411.6,144,138.2,-5.8000030517578125
2025-10-11,PROD_20,Broad-Spectrum Sunscreen Gel SPF50,STORE_02,Health & Care,411.6,197,156.3,-40.69999694824219
2025-10-12,PROD_20,Broad-Spectrum Sunscreen Gel SPF50,STORE_02,Health & Care,420.0,180,159.8,-20.199996948242188
2025-10-13,PROD_20,Broad-Spectrum Sunscreen Gel SPF50,STORE_02,Health & Care,378.0,185,177.2,-7.8000030517578125
2025-10-14,PROD_20,Broad-Spectrum Sunscreen Gel SPF50,STORE_02,Health & Care,357.0,226,178.3,-47.69999694824219
2025-10-15,PROD_20,Broad-Spectrum Sunscreen Gel SPF50,STORE_02,Health & Care,420.0,114,130.5,16.5
2025-10-16,PROD_20,Broad-Spectrum Sunscreen Gel SPF50,STORE_02,Health & Care,420.0,100,131.6,31.600006103515625
2025-10-17,PROD_20,Broad-Spectrum Sunscreen Gel SPF50,STORE_02,Health & Care,420.0,158,140.8,-17.199996948242188
2025-10-18,PROD_20,Broad-Spectrum Sunscreen Gel SPF50,STORE_02,Health & Care,420.0,136,172.3,36.30000305175781
2025-10-19,PROD_20,Broad-Spectrum Sunscreen Gel SPF50,STORE_02,Health & Care,420.0,145,160.1,15.100006103515625
2025-10-20,PROD_20,Broad-Spectrum Sunscreen Gel SPF50,STORE_02,Health & Care,357.0,161,184.2,23.199996948242188
2025-10-21,PROD_20,Broad-Spectrum Sunscreen Gel SPF50,STORE_02,Health & Care,399.0,190,162.8,-27.199996948242188
2025-10-22,PROD_20,Broad-Spectrum Sunscreen Gel SPF50,STORE_02,Health & Care,336.0,173,186.6,13.600006103515625
2025-10-23,PROD_20,Broad-Spectrum Sunscreen Gel SPF50,STORE_02,Health & Care,420.0,139,133.8,-5.1999969482421875
2025-10-24,PROD_20,Broad-Spectrum Sunscreen Gel SPF50,STORE_02,Health & Care,378.0,219,225.0,6.0
2025-10-25,PROD_20,Broad-Spectrum Sunscreen Gel SPF50,STORE_02,Health & Care,378.0,266,253.4,-12.600006103515625
2025-10-26,PROD_20,Broad-Spectrum Sunscreen Gel SPF50,STORE_02,Health & Care,420.0,170,195.6,25.600006103515625
2025-10-27,PROD_20,Broad-Spectrum Sunscreen Gel SPF50,STORE_02,Health & Care,420.0,148,135.6,-12.399993896484375
2025-10-28,PROD_20,Broad-Spectrum Sunscreen Gel SPF50,STORE_02,Health & Care,411.6,101,144.3,43.30000305175781
2025-10-29,PROD_20,Broad-Spectrum Sunscreen Gel SPF50,STORE_02,Health & Care,411.6,111,137.3,26.300003051757812
2025-10-30,PROD_20,Broad-Spectrum Sunscreen Gel SPF50,STORE_02,Health & Care,420.0,119,137.9,18.899993896484375
2025-10-31,PROD_20,Broad-Spectrum Sunscreen Gel SPF50,STORE_02,Health & Care,420.0,111,153.9,42.899993896484375
2025-11-01,PROD_20,Broad-Spectrum Sunscreen Gel SPF50,STORE_02,Health & Care,420.0,189,163.3,-25.699996948242188
2025-11-02,PROD_20,Broad-Spectrum Sunscreen Gel SPF50,STORE_02,Health & Care,420.0,173,166.2,-6.8000030517578125
2025-11-03,PROD_20,Broad-Spectrum Sunscreen Gel SPF50,STORE_02,Health & Care,420.0,150,125.4,-24.599998474121094
2025-11-04,PROD_20,Broad-Spectrum Sunscreen Gel SPF50,STORE_02,Health & Care,411.6,118,132.0,14.0
2025-11-05,PROD_20,Broad-Spectrum Sunscreen Gel SPF50,STORE_02,Health & Care,420.0,112,126.8,14.800003051757812
2025-11-06,PROD_20,Broad-Spectrum Sunscreen Gel SPF50,STORE_02,Health & Care,420.0,134,129.5,-4.5
2025-11-07,PROD_20,Broad-Spectrum Sunscreen Gel SPF50,STORE_02,Health & Care,411.6,120,147.3,27.300003051757812
2025-11-08,PROD_20,Broad-Spectrum Sunscreen Gel SPF50,STORE_02,Health & Care,420.0,158,164.6,6.600006103515625
2025-11-09,PROD_20,Broad-Spectrum Sunscreen Gel SPF50,STORE_02,Health & Care,420.0,147,158.7,11.699996948242188
2025-11-10,PROD_20,Broad-Spectrum Sunscreen Gel SPF50,STORE_02,Health & Care,420.0,119,122.9,3.9000015258789062
2025-11-11,PROD_20,Broad-Spectrum Sunscreen Gel SPF50,STORE_02,Health & Care,420.0,128,123.3,-4.6999969482421875
2025-11-12,PROD_20,Broad-Spectrum Sunscreen Gel SPF50,STORE_02,Health & Care,420.0,120,118.6,-1.4000015258789062
2025-11-13,PROD_20,Broad-Spectrum Sunscreen Gel SPF50,STORE_02,Health & Care,420.0,139,120.9,-18.099998474121094
2025-11-14,PROD_20,Broad-Spectrum Sunscreen Gel SPF50,STORE_02,Health & Care,403.2,133,145.6,12.600006103515625
2025-11-15,PROD_20,Broad-Spectrum Sunscreen Gel SPF50,STORE_02,Health & Care,420.0,134,157.7,23.699996948242188
2025-11-16,PROD_20,Broad-Spectrum Sunscreen Gel SPF50,STORE_02,Health & Care,420.0,152,154.2,2.1999969482421875
2025-11-17,PROD_20,Broad-Spectrum Sunscreen Gel SPF50,STORE_02,Health & Care,420.0,144,120.1,-23.900001525878906
2025-11-18,PROD_20,Broad-Spectrum Sunscreen Gel SPF50,STORE_02,Health & Care,420.0,125,120.8,-4.1999969482421875
2025-11-19,PROD_20,Broad-Spectrum Sunscreen Gel SPF50,STORE_02,Health & Care,420.0,127,123.0,-4.0
2025-11-20,PROD_20,Broad-Spectrum Sunscreen Gel SPF50,STORE_02,Health & Care,378.0,145,166.1,21.100006103515625
2025-11-21,PROD_20,Broad-Spectrum Sunscreen Gel SPF50,STORE_02,Health & Care,336.0,186,209.7,23.699996948242188
2025-11-22,PROD_20,Broad-Spectrum Sunscreen Gel SPF50,STORE_02,Health & Care,420.0,191,156.6,-34.399993896484375
2025-11-23,PROD_20,Broad-Spectrum Sunscreen Gel SPF50,STORE_02,Health & Care,420.0,204,158.4,-45.600006103515625
2025-11-24,PROD_20,Broad-Spectrum Sunscreen Gel SPF50,STORE_02,Health & Care,378.0,152,175.5,23.5
2025-11-25,PROD_20,Broad-Spectrum Sunscreen Gel SPF50,STORE_02,Health & Care,420.0,116,123.8,7.8000030517578125
2025-11-26,PROD_20,Broad-Spectrum Sunscreen Gel SPF50,STORE_02,Health & Care,420.0,109,125.5,16.5
2025-11-27,PROD_20,Broad-Spectrum Sunscreen Gel SPF50,STORE_02,Health & Care,420.0,127,125.7,-1.3000030517578125
2025-11-28,PROD_20,Broad-Spectrum Sunscreen Gel SPF50,STORE_02,Health & Care,420.0,135,141.3,6.3000030517578125
2025-11-29,PROD_20,Broad-Spectrum Sunscreen Gel SPF50,STORE_02,Health & Care,399.0,219,219.8,0.8000030517578125
2025-11-30,PROD_20,Broad-Spectrum Sunscreen Gel SPF50,STORE_02,Health & Care,420.0,142,158.0,16.0
2025-12-01,PROD_20,Broad-Spectrum Sunscreen Gel SPF50,STORE_02,Health & Care,420.0,127,122.9,-4.099998474121094
2025-12-02,PROD_20,Broad-Spectrum Sunscreen Gel SPF50,STORE_02,Health & Care,420.0,120,119.4,-0.5999984741210938
2025-12-03,PROD_20,Broad-Spectrum Sunscreen Gel SPF50,STORE_02,Health & Care,420.0,88,120.9,32.900001525878906
2025-12-04,PROD_20,Broad-Spectrum Sunscreen Gel SPF50,STORE_02,Health & Care,420.0,122,121.2,-0.8000030517578125
2025-12-05,PROD_20,Broad-Spectrum Sunscreen Gel SPF50,STORE_02,Health & Care,357.0,213,189.6,-23.399993896484375
2025-12-06,PROD_20,Broad-Spectrum Sunscreen Gel SPF50,STORE_02,Health & Care,420.0,179,158.4,-20.600006103515625
2025-12-07,PROD_20,Broad-Spectrum Sunscreen Gel SPF50,STORE_02,Health & Care,411.6,174,161.9,-12.100006103515625
2025-12-08,PROD_20,Broad-Spectrum Sunscreen Gel SPF50,STORE_02,Health & Care,420.0,104,115.9,11.900001525878906
2025-12-09,PROD_20,Broad-Spectrum Sunscreen Gel SPF50,STORE_02,Health & Care,420.0,118,114.0,-4.0
2025-12-10,PROD_20,Broad-Spectrum Sunscreen Gel SPF50,STORE_02,Health & Care,411.6,111,118.7,7.6999969482421875
2025-12-11,PROD_20,Broad-Spectrum Sunscreen Gel SPF50,STORE_02,Health & Care,420.0,125,121.0,-4.0
2025-12-12,PROD_20,Broad-Spectrum Sunscreen Gel SPF50,STORE_02,Health & Care,420.0,132,135.6,3.600006103515625
2025-12-13,PROD_20,Broad-Spectrum Sunscreen Gel SPF50,STORE_02,Health & Care,420.0,143,157.8,14.800003051757812
2025-12-14,PROD_20,Broad-Spectrum Sunscreen Gel SPF50,STORE_02,Health & Care,420.0,164,154.5,-9.5
2025-12-15,PROD_20,Broad-Spectrum Sunscreen Gel SPF50,STORE_02,Health & Care,420.0,129,121.7,-7.3000030517578125
2025-12-16,PROD_20,Broad-Spectrum Sunscreen Gel SPF50,STORE_02,Health & Care,420.0,118,122.3,4.3000030517578125
2025-12-17,PROD_20,Broad-Spectrum Sunscreen Gel SPF50,STORE_02,Health & Care,420.0,94,121.5,27.5
2025-12-18,PROD_20,Broad-Spectrum Sunscreen Gel SPF50,STORE_02,Health & Care,420.0,132,119.0,-13.0
2025-12-19,PROD_20,Broad-Spectrum Sunscreen Gel SPF50,STORE_02,Health & Care,420.0,117,136.6,19.600006103515625
2025-12-20,PROD_20,Broad-Spectrum Sunscreen Gel SPF50,STORE_02,Health & Care,357.0,250,211.3,-38.69999694824219
2025-12-21,PROD_20,Broad-Spectrum Sunscreen Gel SPF50,STORE_02,Health & Care,420.0,136,148.0,12.0
2025-12-22,PROD_20,Broad-Spectrum Sunscreen Gel SPF50,STORE_02,Health & Care,378.0,161,160.3,-0.6999969482421875
2025-12-23,PROD_20,Broad-Spectrum Sunscreen Gel SPF50,STORE_02,Health & Care,411.6,106,113.6,7.599998474121094
2025-12-24,PROD_20,Broad-Spectrum Sunscreen Gel SPF50,STORE_02,Health & Care,420.0,94,108.9,14.900001525878906
2025-12-25,PROD_20,Broad-Spectrum Sunscreen Gel SPF50,STORE_02,Health & Care,420.0,127,109.6,-17.400001525878906
2025-12-26,PROD_20,Broad-Spectrum Sunscreen Gel SPF50,STORE_02,Health & Care,378.0,161,187.2,26.199996948242188
2025-12-27,PROD_20,Broad-Spectrum Sunscreen Gel SPF50,STORE_02,Health & Care,420.0,165,150.3,-14.699996948242188
2025-12-28,PROD_20,Broad-Spectrum Sunscreen Gel SPF50,STORE_02,Health & Care,420.0,169,155.7,-13.300003051757812
2025-12-29,PROD_20,Broad-Spectrum Sunscreen Gel SPF50,STORE_02,Health & Care,420.0,132,116.4,-15.599998474121094
2025-12-30,PROD_20,Broad-Spectrum Sunscreen Gel SPF50,STORE_02,Health & Care,420.0,98,118.3,20.300003051757812
2025-12-31,PROD_20,Broad-Spectrum Sunscreen Gel SPF50,STORE_02,Health & Care,411.6,114,114.7,0.6999969482421875
2025-09-17,PROD_20,Broad-Spectrum Sunscreen Gel SPF50,STORE_03,Health & Care,403.2,100,102.3,2.3000030517578125
2025-09-18,PROD_20,Broad-Spectrum Sunscreen Gel SPF50,STORE_03,Health & Care,378.0,145,135.7,-9.300003051757812
2025-09-19,PROD_20,Broad-Spectrum Sunscreen Gel SPF50,STORE_03,Health & Care,420.0,113,126.7,13.699996948242188
2025-09-20,PROD_20,Broad-Spectrum Sunscreen Gel SPF50,STORE_03,Health & Care,420.0,151,138.6,-12.399993896484375
2025-09-21,PROD_20,Broad-Spectrum Sunscreen Gel SPF50,STORE_03,Health & Care,403.2,136,141.3,5.3000030517578125
2025-09-22,PROD_20,Broad-Spectrum Sunscreen Gel SPF50,STORE_03,Health & Care,411.6,118,107.7,-10.300003051757812
2025-09-23,PROD_20,Broad-Spectrum Sunscreen Gel SPF50,STORE_03,Health & Care,420.0,104,106.3,2.3000030517578125
2025-09-24,PROD_20,Broad-Spectrum Sunscreen Gel SPF50,STORE_03,Health & Care,378.0,146,137.8,-8.199996948242188
2025-09-25,PROD_20,Broad-Spectrum Sunscreen Gel SPF50,STORE_03,Health & Care,420.0,92,106.7,14.699996948242188
2025-09-26,PROD_20,Broad-Spectrum Sunscreen Gel SPF50,STORE_03,Health & Care,420.0,130,122.3,-7.6999969482421875
2025-09-27,PROD_20,Broad-Spectrum Sunscreen Gel SPF50,STORE_03,Health & Care,420.0,158,140.7,-17.300003051757812
2025-09-28,PROD_20,Broad-Spectrum Sunscreen Gel SPF50,STORE_03,Health & Care,420.0,120,139.7,19.699996948242188
2025-09-29,PROD_20,Broad-Spectrum Sunscreen Gel SPF50,STORE_03,Health & Care,420.0,96,107.1,11.099998474121094
2025-09-30,PROD_20,Broad-Spectrum Sunscreen Gel SPF50,STORE_03,Health & Care,411.6,94,103.8,9.800003051757812
2025-10-01,PROD_20,Broad-Spectrum Sunscreen Gel SPF50,STORE_03,Health & Care,420.0,177,122.2,-54.80000305175781
2025-10-02,PROD_20,Broad-Spectrum Sunscreen Gel SPF50,STORE_03,Health & Care,420.0,143,129.5,-13.5
2025-10-03,PROD_20,Broad-Spectrum Sunscreen Gel SPF50,STORE_03,Health & Care,420.0,161,158.7,-2.3000030517578125
2025-10-04,PROD_20,Broad-Spectrum Sunscreen Gel SPF50,STORE_03,Health & Care,357.0,288,237.5,-50.5
2025-10-05,PROD_20,Broad-Spectrum Sunscreen Gel SPF50,STORE_03,Health & Care,420.0,191,171.5,-19.5
2025-10-06,PROD_20,Broad-Spectrum Sunscreen Gel SPF50,STORE_03,Health & Care,420.0,134,138.3,4.3000030517578125
2025-10-07,PROD_20,Broad-Spectrum Sunscreen Gel SPF50,STORE_03,Health & Care,420.0,142,134.4,-7.600006103515625
2025-10-08,PROD_20,Broad-Spectrum Sunscreen Gel SPF50,STORE_03,Health & Care,403.2,119,127.3,8.300003051757812
2025-10-09,PROD_20,Broad-Spectrum Sunscreen Gel SPF50,STORE_03,Health & Care,403.2,180,130.9,-49.100006103515625
2025-10-10,PROD_20,Broad-Spectrum Sunscreen Gel SPF50,STORE_03,Health & Care,399.0,205,201.9,-3.100006103515625
2025-10-11,PROD_20,Broad-Spectrum Sunscreen Gel SPF50,STORE_03,Health & Care,420.0,121,176.6,55.600006103515625
2025-10-12,PROD_20,Broad-Spectrum Sunscreen Gel SPF50,STORE_03,Health & Care,399.0,201,239.2,38.19999694824219
2025-10-13,PROD_20,Broad-Spectrum Sunscreen Gel SPF50,STORE_03,Health & Care,420.0,137,138.1,1.100006103515625
2025-10-14,PROD_20,Broad-Spectrum Sunscreen Gel SPF50,STORE_03,Health & Care,420.0,103,142.3,39.30000305175781
2025-10-15,PROD_20,Broad-Spectrum Sunscreen Gel SPF50,STORE_03,Health & Care,399.0,187,164.9,-22.100006103515625
2025-10-16,PROD_20,Broad-Spectrum Sunscreen Gel SPF50,STORE_03,Health & Care,420.0,150,142.9,-7.100006103515625
2025-10-17,PROD_20,Broad-Spectrum Sunscreen Gel SPF50,STORE_03,Health & Care,411.6,141,161.8,20.800003051757812
2025-10-18,PROD_20,Broad-Spectrum Sunscreen Gel SPF50,STORE_03,Health & Care,399.0,221,226.7,5.6999969482421875
2025-10-19,PROD_20,Broad-Spectrum Sunscreen Gel SPF50,STORE_03,Health & Care,420.0,198,179.3,-18.699996948242188
2025-10-20,PROD_20,Broad-Spectrum Sunscreen Gel SPF50,STORE_03,Health & Care,336.0,219,219.6,0.600006103515625
2025-10-21,PROD_20,Broad-Spectrum Sunscreen Gel SPF50,STORE_03,Health & Care,420.0,131,143.9,12.899993896484375
2025-10-22,PROD_20,Broad-Spectrum Sunscreen Gel SPF50,STORE_03,Health & Care,420.0,166,140.9,-25.100006103515625
2025-10-23,PROD_20,Broad-Spectrum Sunscreen Gel SPF50,STORE_03,Health & Care,399.0,196,180.5,-15.5
2025-10-24,PROD_20,Broad-Spectrum Sunscreen Gel SPF50,STORE_03,Health & Care,420.0,211,180.7,-30.300003051757812
2025-10-25,PROD_20,Broad-Spectrum Sunscreen Gel SPF50,STORE_03,Health & Care,420.0,188,199.4,11.399993896484375
2025-10-26,PROD_20,Broad-Spectrum Sunscreen Gel SPF50,STORE_03,Health & Care,420.0,175,195.0,20.0
2025-10-27,PROD_20,Broad-Spectrum Sunscreen Gel SPF50,STORE_03,Health & Care,420.0,145,140.7,-4.3000030517578125
2025-10-28,PROD_20,Broad-Spectrum Sunscreen Gel SPF50,STORE_03,Health & Care,420.0,123,138.5,15.5
2025-10-29,PROD_20,Broad-Spectrum Sunscreen Gel SPF50,STORE_03,Health & Care,420.0,128,144.5,16.5
2025-10-30,PROD_20,Broad-Spectrum Sunscreen Gel SPF50,STORE_03,Health & Care,420.0,113,148.0,35.0
2025-10-31,PROD_20,Broad-Spectrum Sunscreen Gel SPF50,STORE_03,Health & Care,420.0,157,160.1,3.100006103515625
2025-11-01,PROD_20,Broad-Spectrum Sunscreen Gel SPF50,STORE_03,Health & Care,420.0,191,180.2,-10.800003051757812
2025-11-02,PROD_20,Broad-Spectrum Sunscreen Gel SPF50,STORE_03,Health & Care,420.0,169,172.1,3.100006103515625
2025-11-03,PROD_20,Broad-Spectrum Sunscreen Gel SPF50,STORE_03,Health & Care,378.0,199,184.3,-14.699996948242188
2025-11-04,PROD_20,Broad-Spectrum Sunscreen Gel SPF50,STORE_03,Health & Care,420.0,135,136.9,1.899993896484375
2025-11-05,PROD_20,Broad-Spectrum Sunscreen Gel SPF50,STORE_03,Health & Care,420.0,147,132.3,-14.699996948242188
2025-11-06,PROD_20,Broad-Spectrum Sunscreen Gel SPF50,STORE_03,Health & Care,403.2,149,142.9,-6.100006103515625
2025-11-07,PROD_20,Broad-Spectrum Sunscreen Gel SPF50,STORE_03,Health & Care,420.0,156,155.8,-0.1999969482421875
2025-11-08,PROD_20,Broad-Spectrum Sunscreen Gel SPF50,STORE_03,Health & Care,420.0,187,176.5,-10.5
2025-11-09,PROD_20,Broad-Spectrum Sunscreen Gel SPF50,STORE_03,Health & Care,378.0,218,249.3,31.300003051757812
2025-11-10,PROD_20,Broad-Spectrum Sunscreen Gel SPF50,STORE_03,Health & Care,411.6,109,137.9,28.899993896484375
2025-11-11,PROD_20,Broad-Spectrum Sunscreen Gel SPF50,STORE_03,Health & Care,399.0,207,172.6,-34.399993896484375
2025-11-12,PROD_20,Broad-Spectrum Sunscreen Gel SPF50,STORE_03,Health & Care,411.6,122,139.0,17.0
2025-11-13,PROD_20,Broad-Spectrum Sunscreen Gel SPF50,STORE_03,Health & Care,403.2,133,143.6,10.600006103515625
2025-11-14,PROD_20,Broad-Spectrum Sunscreen Gel SPF50,STORE_03,Health & Care,420.0,163,153.7,-9.300003051757812
2025-11-15,PROD_20,Broad-Spectrum Sunscreen Gel SPF50,STORE_03,Health & Care,378.0,282,241.9,-40.100006103515625
2025-11-16,PROD_20,Broad-Spectrum Sunscreen Gel SPF50,STORE_03,Health & Care,411.6,203,190.0,-13.0
2025-11-17,PROD_20,Broad-Spectrum Sunscreen Gel SPF50,STORE_03,Health & Care,420.0,118,134.0,16.0
2025-11-18,PROD_20,Broad-Spectrum Sunscreen Gel SPF50,STORE_03,Health & Care,420.0,155,131.7,-23.300003051757812
2025-11-19,PROD_20,Broad-Spectrum Sunscreen Gel SPF50,STORE_03,Health & Care,420.0,144,142.1,-1.899993896484375
2025-11-20,PROD_20,Broad-Spectrum Sunscreen Gel SPF50,STORE_03,Health & Care,420.0,133,137.3,4.3000030517578125
2025-11-21,PROD_20,Broad-Spectrum Sunscreen Gel SPF50,STORE_03,Health & Care,420.0,185,150.8,-34.19999694824219
2025-11-22,PROD_20,Broad-Spectrum Sunscreen Gel SPF50,STORE_03,Health & Care,420.0,163,171.3,8.300003051757812
2025-11-23,PROD_20,Broad-Spectrum Sunscreen Gel SPF50,STORE_03,Health & Care,411.6,211,180.5,-30.5
2025-11-24,PROD_20,Broad-Spectrum Sunscreen Gel SPF50,STORE_03,Health & Care,420.0,127,132.2,5.1999969482421875
2025-11-25,PROD_20,Broad-Spectrum Sunscreen Gel SPF50,STORE_03,Health & Care,420.0,112,139.8,27.800003051757812
2025-11-26,PROD_20,Broad-Spectrum Sunscreen Gel SPF50,STORE_03,Health & Care,336.0,199,200.9,1.899993896484375
2025-11-27,PROD_20,Broad-Spectrum Sunscreen Gel SPF50,STORE_03,Health & Care,420.0,121,134.2,13.199996948242188
2025-11-28,PROD_20,Broad-Spectrum Sunscreen Gel SPF50,STORE_03,Health & Care,420.0,138,153.5,15.5
2025-11-29,PROD_20,Broad-Spectrum Sunscreen Gel SPF50,STORE_03,Health & Care,420.0,181,161.4,-19.600006103515625
2025-11-30,PROD_20,Broad-Spectrum Sunscreen Gel SPF50,STORE_03,Health & Care,420.0,170,165.9,-4.100006103515625
2025-12-01,PROD_20,Broad-Spectrum Sunscreen Gel SPF50,STORE_03,Health & Care,411.6,129,135.6,6.600006103515625
2025-12-02,PROD_20,Broad-Spectrum Sunscreen Gel SPF50,STORE_03,Health & Care,420.0,158,130.9,-27.100006103515625
2025-12-03,PROD_20,Broad-Spectrum Sunscreen Gel SPF50,STORE_03,Health & Care,420.0,116,135.5,19.5
2025-12-04,PROD_20,Broad-Spectrum Sunscreen Gel SPF50,STORE_03,Health & Care,420.0,123,132.4,9.399993896484375
2025-12-05,PROD_20,Broad-Spectrum Sunscreen Gel SPF50,STORE_03,Health & Care,420.0,130,151.2,21.199996948242188
2025-12-06,PROD_20,Broad-Spectrum Sunscreen Gel SPF50,STORE_03,Health & Care,399.0,226,232.5,6.5
2025-12-07,PROD_20,Broad-Spectrum Sunscreen Gel SPF50,STORE_03,Health & Care,420.0,172,165.5,-6.5
2025-12-08,PROD_20,Broad-Spectrum Sunscreen Gel SPF50,STORE_03,Health & Care,420.0,113,129.4,16.399993896484375
2025-12-09,PROD_20,Broad-Spectrum Sunscreen Gel SPF50,STORE_03,Health & Care,420.0,111,130.3,19.300003051757812
2025-12-10,PROD_20,Broad-Spectrum Sunscreen Gel SPF50,STORE_03,Health & Care,336.0,190,197.5,7.5
2025-12-11,PROD_20,Broad-Spectrum Sunscreen Gel SPF50,STORE_03,Health & Care,420.0,140,126.5,-13.5
2025-12-12,PROD_20,Broad-Spectrum Sunscreen Gel SPF50,STORE_03,Health & Care,378.0,209,229.1,20.100006103515625
2025-12-13,PROD_20,Broad-Spectrum Sunscreen Gel SPF50,STORE_03,Health & Care,420.0,174,174.2,0.1999969482421875
2025-12-14,PROD_20,Broad-Spectrum Sunscreen Gel SPF50,STORE_03,Health & Care,315.0,270,295.4,25.399993896484375
2025-12-15,PROD_20,Broad-Spectrum Sunscreen Gel SPF50,STORE_03,Health & Care,420.0,135,128.1,-6.899993896484375
2025-12-16,PROD_20,Broad-Spectrum Sunscreen Gel SPF50,STORE_03,Health & Care,420.0,138,133.8,-4.1999969482421875
2025-12-17,PROD_20,Broad-Spectrum Sunscreen Gel SPF50,STORE_03,Health & Care,420.0,132,138.5,6.5
2025-12-18,PROD_20,Broad-Spectrum Sunscreen Gel SPF50,STORE_03,Health & Care,420.0,145,137.9,-7.100006103515625
2025-12-19,PROD_20,Broad-Spectrum Sunscreen Gel SPF50,STORE_03,Health & Care,420.0,170,152.5,-17.5
2025-12-20,PROD_20,Broad-Spectrum Sunscreen Gel SPF50,STORE_03,Health & Care,420.0,196,170.8,-25.199996948242188
2025-12-21,PROD_20,Broad-Spectrum Sunscreen Gel SPF50,STORE_03,Health & Care,411.6,191,175.7,-15.300003051757812
2025-12-22,PROD_20,Broad-Spectrum Sunscreen Gel SPF50,STORE_03,Health & Care,411.6,131,130.8,-0.1999969482421875
2025-12-23,PROD_20,Broad-Spectrum Sunscreen Gel SPF50,STORE_03,Health & Care,420.0,148,131.8,-16.199996948242188
2025-12-24,PROD_20,Broad-Spectrum Sunscreen Gel SPF50,STORE_03,Health & Care,420.0,119,144.8,25.800003051757812
2025-12-25,PROD_20,Broad-Spectrum Sunscreen Gel SPF50,STORE_03,Health & Care,411.6,116,140.6,24.600006103515625
2025-12-26,PROD_20,Broad-Spectrum Sunscreen Gel SPF50,STORE_03,Health & Care,420.0,147,152.0,5.0
2025-12-27,PROD_20,Broad-Spectrum Sunscreen Gel SPF50,STORE_03,Health & Care,420.0,154,174.2,20.199996948242188
2025-12-28,PROD_20,Broad-Spectrum Sunscreen Gel SPF50,STORE_03,Health & Care,399.0,209,220.8,11.800003051757812
2025-12-29,PROD_20,Broad-Spectrum Sunscreen Gel SPF50,STORE_03,Health & Care,420.0,165,129.9,-35.100006103515625
2025-12-30,PROD_20,Broad-Spectrum Sunscreen Gel SPF50,STORE_03,Health & Care,420.0,145,135.0,-10.0
2025-12-31,PROD_20,Broad-Spectrum Sunscreen Gel SPF50,STORE_03,Health & Care,420.0,144,132.8,-11.199996948242188
2025-09-17,PROD_20,Broad-Spectrum Sunscreen Gel SPF50,STORE_04,Health & Care,420.0,92,68.2,-23.800003051757812
2025-09-18,PROD_20,Broad-Spectrum Sunscreen Gel SPF50,STORE_04,Health & Care,420.0,71,69.0,-2.0
2025-09-19,PROD_20,Broad-Spectrum Sunscreen Gel SPF50,STORE_04,Health & Care,420.0,100,80.5,-19.5
2025-09-20,PROD_20,Broad-Spectrum Sunscreen Gel SPF50,STORE_04,Health & Care,411.6,90,94.5,4.5
2025-09-21,PROD_20,Broad-Spectrum Sunscreen Gel SPF50,STORE_04,Health & Care,420.0,90,90.2,0.1999969482421875
2025-09-22,PROD_20,Broad-Spectrum Sunscreen Gel SPF50,STORE_04,Health & Care,420.0,62,71.3,9.300003051757812
2025-09-23,PROD_20,Broad-Spectrum Sunscreen Gel SPF50,STORE_04,Health & Care,411.6,61,71.2,10.199996948242188
2025-09-24,PROD_20,Broad-Spectrum Sunscreen Gel SPF50,STORE_04,Health & Care,403.2,72,69.5,-2.5
2025-09-25,PROD_20,Broad-Spectrum Sunscreen Gel SPF50,STORE_04,Health & Care,315.0,114,114.3,0.3000030517578125
2025-09-26,PROD_20,Broad-Spectrum Sunscreen Gel SPF50,STORE_04,Health & Care,420.0,85,82.8,-2.1999969482421875
2025-09-27,PROD_20,Broad-Spectrum Sunscreen Gel SPF50,STORE_04,Health & Care,420.0,83,92.2,9.199996948242188
2025-09-28,PROD_20,Broad-Spectrum Sunscreen Gel SPF50,STORE_04,Health & Care,403.2,105,95.3,-9.699996948242188
2025-09-29,PROD_20,Broad-Spectrum Sunscreen Gel SPF50,STORE_04,Health & Care,420.0,88,70.0,-18.0
2025-09-30,PROD_20,Broad-Spectrum Sunscreen Gel SPF50,STORE_04,Health & Care,411.6,72,73.6,1.5999984741210938
2025-10-01,PROD_20,Broad-Spectrum Sunscreen Gel SPF50,STORE_04,Health & Care,420.0,82,89.9,7.900001525878906
2025-10-02,PROD_20,Broad-Spectrum Sunscreen Gel SPF50,STORE_04,Health & Care,420.0,87,84.9,-2.0999984741210938
2025-10-03,PROD_20,Broad-Spectrum Sunscreen Gel SPF50,STORE_04,Health & Care,420.0,101,100.0,-1.0
2025-10-04,PROD_20,Broad-Spectrum Sunscreen Gel SPF50,STORE_04,Health & Care,411.6,137,114.6,-22.400001525878906
2025-10-05,PROD_20,Broad-Spectrum Sunscreen Gel SPF50,STORE_04,Health & Care,420.0,126,110.2,-15.800003051757812
2025-10-06,PROD_20,Broad-Spectrum Sunscreen Gel SPF50,STORE_04,Health & Care,411.6,100,87.9,-12.099998474121094
2025-10-07,PROD_20,Broad-Spectrum Sunscreen Gel SPF50,STORE_04,Health & Care,420.0,100,86.1,-13.900001525878906
2025-10-08,PROD_20,Broad-Spectrum Sunscreen Gel SPF50,STORE_04,Health & Care,357.0,131,123.4,-7.599998474121094
2025-10-09,PROD_20,Broad-Spectrum Sunscreen Gel SPF50,STORE_04,Health & Care,411.6,132,94.9,-37.099998474121094
2025-10-10,PROD_20,Broad-Spectrum Sunscreen Gel SPF50,STORE_04,Health & Care,420.0,117,115.5,-1.5
2025-10-11,PROD_20,Broad-Spectrum Sunscreen Gel SPF50,STORE_04,Health & Care,420.0,131,130.2,-0.8000030517578125
2025-10-12,PROD_20,Broad-Spectrum Sunscreen Gel SPF50,STORE_04,Health & Care,403.2,157,132.6,-24.399993896484375
2025-10-13,PROD_20,Broad-Spectrum Sunscreen Gel SPF50,STORE_04,Health & Care,420.0,88,99.6,11.599998474121094
2025-10-14,PROD_20,Broad-Spectrum Sunscreen Gel SPF50,STORE_04,Health & Care,420.0,85,100.5,15.5
2025-10-15,PROD_20,Broad-Spectrum Sunscreen Gel SPF50,STORE_04,Health & Care,399.0,113,125.7,12.699996948242188
2025-10-16,PROD_20,Broad-Spectrum Sunscreen Gel SPF50,STORE_04,Health & Care,420.0,77,99.3,22.300003051757812
2025-10-17,PROD_20,Broad-Spectrum Sunscreen Gel SPF50,STORE_04,Health & Care,420.0,86,111.7,25.699996948242188
2025-10-18,PROD_20,Broad-Spectrum Sunscreen Gel SPF50,STORE_04,Health & Care,357.0,156,173.6,17.600006103515625
2025-10-19,PROD_20,Broad-Spectrum Sunscreen Gel SPF50,STORE_04,Health & Care,420.0,122,121.9,-0.09999847412109375
2025-10-20,PROD_20,Broad-Spectrum Sunscreen Gel SPF50,STORE_04,Health & Care,420.0,82,100.1,18.099998474121094
2025-10-21,PROD_20,Broad-Spectrum Sunscreen Gel SPF50,STORE_04,Health & Care,420.0,73,97.5,24.5
2025-10-22,PROD_20,Broad-Spectrum Sunscreen Gel SPF50,STORE_04,Health & Care,403.2,91,96.7,5.6999969482421875
2025-10-23,PROD_20,Broad-Spectrum Sunscreen Gel SPF50,STORE_04,Health & Care,411.6,94,98.8,4.8000030517578125
2025-10-24,PROD_20,Broad-Spectrum Sunscreen Gel SPF50,STORE_04,Health & Care,378.0,188,151.6,-36.399993896484375
2025-10-25,PROD_20,Broad-Spectrum Sunscreen Gel SPF50,STORE_04,Health & Care,420.0,156,126.3,-29.699996948242188
2025-10-26,PROD_20,Broad-Spectrum Sunscreen Gel SPF50,STORE_04,Health & Care,420.0,112,128.7,16.699996948242188
2025-10-27,PROD_20,Broad-Spectrum Sunscreen Gel SPF50,STORE_04,Health & Care,403.2,88,98.3,10.300003051757812
2025-10-28,PROD_20,Broad-Spectrum Sunscreen Gel SPF50,STORE_04,Health & Care,399.0,126,124.3,-1.6999969482421875
2025-10-29,PROD_20,Broad-Spectrum Sunscreen Gel SPF50,STORE_04,Health & Care,420.0,98,103.7,5.6999969482421875
2025-10-30,PROD_20,Broad-Spectrum Sunscreen Gel SPF50,STORE_04,Health & Care,420.0,104,105.8,1.8000030517578125
2025-10-31,PROD_20,Broad-Spectrum Sunscreen Gel SPF50,STORE_04,Health & Care,420.0,130,120.0,-10.0
2025-11-01,PROD_20,Broad-Spectrum Sunscreen Gel SPF50,STORE_04,Health & Care,357.0,163,183.9,20.899993896484375
2025-11-02,PROD_20,Broad-Spectrum Sunscreen Gel SPF50,STORE_04,Health & Care,336.0,191,182.3,-8.699996948242188
2025-11-03,PROD_20,Broad-Spectrum Sunscreen Gel SPF50,STORE_04,Health & Care,420.0,95,97.8,2.8000030517578125
2025-11-04,PROD_20,Broad-Spectrum Sunscreen Gel SPF50,STORE_04,Health & Care,411.6,95,100.3,5.3000030517578125
2025-11-05,PROD_20,Broad-Spectrum Sunscreen Gel SPF50,STORE_04,Health & Care,420.0,102,99.6,-2.4000015258789062
2025-11-06,PROD_20,Broad-Spectrum Sunscreen Gel SPF50,STORE_04,Health & Care,411.6,90,103.7,13.699996948242188
2025-11-07,PROD_20,Broad-Spectrum Sunscreen Gel SPF50,STORE_04,Health & Care,420.0,112,111.5,-0.5
2025-11-08,PROD_20,Broad-Spectrum Sunscreen Gel SPF50,STORE_04,Health & Care,420.0,160,126.6,-33.400001525878906
2025-11-09,PROD_20,Broad-Spectrum Sunscreen Gel SPF50,STORE_04,Health & Care,420.0,150,125.3,-24.699996948242188
2025-11-10,PROD_20,Broad-Spectrum Sunscreen Gel SPF50,STORE_04,Health & Care,399.0,185,123.0,-62.0
2025-11-11,PROD_20,Broad-Spectrum Sunscreen Gel SPF50,STORE_04,Health & Care,357.0,122,142.0,20.0
2025-11-12,PROD_20,Broad-Spectrum Sunscreen Gel SPF50,STORE_04,Health & Care,420.0,93,103.0,10.0
2025-11-13,PROD_20,Broad-Spectrum Sunscreen Gel SPF50,STORE_04,Health & Care,420.0,85,99.1,14.099998474121094
2025-11-14,PROD_20,Broad-Spectrum Sunscreen Gel SPF50,STORE_04,Health & Care,420.0,103,115.1,12.099998474121094
2025-11-15,PROD_20,Broad-Spectrum Sunscreen Gel SPF50,STORE_04,Health & Care,411.6,118,128.4,10.399993896484375
2025-11-16,PROD_20,Broad-Spectrum Sunscreen Gel SPF50,STORE_04,Health & Care,403.2,143,130.2,-12.800003051757812
2025-11-17,PROD_20,Broad-Spectrum Sunscreen Gel SPF50,STORE_04,Health & Care,420.0,80,91.2,11.199996948242188
2025-11-18,PROD_20,Broad-Spectrum Sunscreen Gel SPF50,STORE_04,Health & Care,420.0,80,99.1,19.099998474121094
2025-11-19,PROD_20,Broad-Spectrum Sunscreen Gel SPF50,STORE_04,Health & Care,420.0,86,98.4,12.400001525878906
2025-11-20,PROD_20,Broad-Spectrum Sunscreen Gel SPF50,STORE_04,Health & Care,357.0,114,141.2,27.199996948242188
2025-11-21,PROD_20,Broad-Spectrum Sunscreen Gel SPF50,STORE_04,Health & Care,420.0,99,121.1,22.099998474121094
2025-11-22,PROD_20,Broad-Spectrum Sunscreen Gel SPF50,STORE_04,Health & Care,411.6,103,126.6,23.599998474121094
2025-11-23,PROD_20,Broad-Spectrum Sunscreen Gel SPF50,STORE_04,Health & Care,420.0,112,117.0,5.0
2025-11-24,PROD_20,Broad-Spectrum Sunscreen Gel SPF50,STORE_04,Health & Care,315.0,120,153.4,33.399993896484375
2025-11-25,PROD_20,Broad-Spectrum Sunscreen Gel SPF50,STORE_04,Health & Care,411.6,92,98.5,6.5
2025-11-26,PROD_20,Broad-Spectrum Sunscreen Gel SPF50,STORE_04,Health & Care,420.0,110,96.4,-13.599998474121094
2025-11-27,PROD_20,Broad-Spectrum Sunscreen Gel SPF50,STORE_04,Health & Care,411.6,83,99.6,16.599998474121094
2025-11-28,PROD_20,Broad-Spectrum Sunscreen Gel SPF50,STORE_04,Health & Care,420.0,108,105.6,-2.4000015258789062
2025-11-29,PROD_20,Broad-Spectrum Sunscreen Gel SPF50,STORE_04,Health & Care,420.0,107,122.3,15.300003051757812
2025-11-30,PROD_20,Broad-Spectrum Sunscreen Gel SPF50,STORE_04,Health & Care,420.0,121,123.2,2.1999969482421875
2025-12-01,PROD_20,Broad-Spectrum Sunscreen Gel SPF50,STORE_04,Health & Care,411.6,96,93.4,-2.5999984741210938
2025-12-02,PROD_20,Broad-Spectrum Sunscreen Gel SPF50,STORE_04,Health & Care,378.0,122,127.5,5.5
2025-12-03,PROD_20,Broad-Spectrum Sunscreen Gel SPF50,STORE_04,Health & Care,420.0,87,94.4,7.400001525878906
2025-12-04,PROD_20,Broad-Spectrum Sunscreen Gel SPF50,STORE_04,Health & Care,420.0,103,92.8,-10.199996948242188
2025-12-05,PROD_20,Broad-Spectrum Sunscreen Gel SPF50,STORE_04,Health & Care,399.0,153,142.3,-10.699996948242188
2025-12-06,PROD_20,Broad-Spectrum Sunscreen Gel SPF50,STORE_04,Health & Care,420.0,106,124.2,18.199996948242188
2025-12-07,PROD_20,Broad-Spectrum Sunscreen Gel SPF50,STORE_04,Health & Care,420.0,113,124.8,11.800003051757812
2025-12-08,PROD_20,Broad-Spectrum Sunscreen Gel SPF50,STORE_04,Health & Care,420.0,95,96.5,1.5
2025-12-09,PROD_20,Broad-Spectrum Sunscreen Gel SPF50,STORE_04,Health & Care,420.0,86,93.9,7.900001525878906
2025-12-10,PROD_20,Broad-Spectrum Sunscreen Gel SPF50,STORE_04,Health & Care,420.0,104,93.0,-11.0
2025-12-11,PROD_20,Broad-Spectrum Sunscreen Gel SPF50,STORE_04,Health & Care,420.0,105,92.5,-12.5
2025-12-12,PROD_20,Broad-Spectrum Sunscreen Gel SPF50,STORE_04,Health & Care,420.0,91,109.7,18.699996948242188
2025-12-13,PROD_20,Broad-Spectrum Sunscreen Gel SPF50,STORE_04,Health & Care,403.2,128,119.6,-8.400001525878906
2025-12-14,PROD_20,Broad-Spectrum Sunscreen Gel SPF50,STORE_04,Health & Care,420.0,119,125.3,6.3000030517578125
2025-12-15,PROD_20,Broad-Spectrum Sunscreen Gel SPF50,STORE_04,Health & Care,420.0,89,92.1,3.0999984741210938
2025-12-16,PROD_20,Broad-Spectrum Sunscreen Gel SPF50,STORE_04,Health & Care,420.0,87,91.7,4.6999969482421875
2025-12-17,PROD_20,Broad-Spectrum Sunscreen Gel SPF50,STORE_04,Health & Care,420.0,115,90.9,-24.099998474121094
2025-12-18,PROD_20,Broad-Spectrum Sunscreen Gel SPF50,STORE_04,Health & Care,411.6,100,95.5,-4.5
2025-12-19,PROD_20,Broad-Spectrum Sunscreen Gel SPF50,STORE_04,Health & Care,420.0,102,108.2,6.1999969482421875
2025-12-20,PROD_20,Broad-Spectrum Sunscreen Gel SPF50,STORE_04,Health & Care,411.6,127,120.3,-6.6999969482421875
2025-12-21,PROD_20,Broad-Spectrum Sunscreen Gel SPF50,STORE_04,Health & Care,411.6,115,122.6,7.599998474121094
2025-12-22,PROD_20,Broad-Spectrum Sunscreen Gel SPF50,STORE_04,Health & Care,420.0,93,94.7,1.6999969482421875
2025-12-23,PROD_20,Broad-Spectrum Sunscreen Gel SPF50,STORE_04,Health & Care,378.0,128,128.0,0.0
2025-12-24,PROD_20,Broad-Spectrum Sunscreen Gel SPF50,STORE_04,Health & Care,420.0,108,95.4,-12.599998474121094
2025-12-25,PROD_20,Broad-Spectrum Sunscreen Gel SPF50,STORE_04,Health & Care,420.0,100,94.1,-5.900001525878906
2025-12-26,PROD_20,Broad-Spectrum Sunscreen Gel SPF50,STORE_04,Health & Care,420.0,117,110.6,-6.400001525878906
2025-12-27,PROD_20,Broad-Spectrum Sunscreen Gel SPF50,STORE_04,Health & Care,399.0,177,163.6,-13.399993896484375
2025-12-28,PROD_20,Broad-Spectrum Sunscreen Gel SPF50,STORE_04,Health & Care,420.0,101,122.6,21.599998474121094
2025-12-29,PROD_20,Broad-Spectrum Sunscreen Gel SPF50,STORE_04,Health & Care,357.0,134,142.5,8.5
2025-12-30,PROD_20,Broad-Spectrum Sunscreen Gel SPF50,STORE_04,Health & Care,378.0,121,128.2,7.1999969482421875
2025-12-31,PROD_20,Broad-Spectrum Sunscreen Gel SPF50,STORE_04,Health & Care,420.0,102,98.6,-3.4000015258789062
